pagamento_id,pedido_id,metodo,valor,processado_em,status
PAG00000001,PED00000001,CARTAO_DEBITO,69.21,2025-09-01T11:43:10,APROVADO
PAG00000003,PED00000003,CARTAO_CREDITO,32.66,2025-09-01T11:38:32,PENDENTE
PAG00000004,PED00000004,CARTAO_CREDITO,113.11,2025-09-01T12:15:38,APROVADO
PAG00000005,PED00000005,PIX,46.8,2025-09-01T17:08:47,APROVADO
PAG00000006,PED00000006,PIX,162.96,2025-09-01T15:05:24,APROVADO
PAG00000007,PED00000007,CARTAO_CREDITO,53.85,2025-09-01T14:19:27,APROVADO
PAG00000008,PED00000008,CARTAO_CREDITO,67.49,2025-09-01T12:33:19,APROVADO
PAG00000009,PED00000009,PIX,168.16,2025-09-01T10:24:52,APROVADO
PAG00000010,PED00000010,PIX,26.16,2025-09-01T16:06:23,PENDENTE
PAG00000012,PED00000012,PIX,29.44,2025-09-01T13:06:06,APROVADO
PAG00000013,PED00000013,CARTAO_CREDITO,50.02,2025-09-01T15:25:55,APROVADO
PAG00000014,PED00000014,PIX,213.22,2025-09-01T19:54:27,APROVADO
PAG00000015,PED00000015,PIX,46.02,2025-09-01T12:26:48,APROVADO
PAG00000016,PED00000016,CARTAO_DEBITO,14.4,2025-09-01T21:13:16,APROVADO
PAG00000017,PED00000017,PIX,33.87,2025-09-01T15:39:21,APROVADO
PAG00000018,PED00000018,DINHEIRO,14.38,2025-09-01T11:29:54,APROVADO
PAG00000019,PED00000019,PIX,33.68,2025-09-01T16:46:28,APROVADO
PAG00000020,PED00000020,PIX,49.79,2025-09-01T11:10:42,APROVADO
PAG00000021,PED00000021,CARTAO_CREDITO,84.25,2025-09-01T20:19:09,APROVADO
PAG00000022,PED00000022,PIX,267.79,2025-09-01T20:07:10,APROVADO
PAG00000023,PED00000023,DINHEIRO,85.5,2025-09-01T18:54:37,APROVADO
PAG00000024,PED00000024,PIX,146.85,2025-09-01T14:23:10,APROVADO
PAG00000025,PED00000025,CARTAO_DEBITO,83.72,2025-09-01T19:55:15,APROVADO
PAG00000027,PED00000027,PIX,69.32,2025-09-01T16:47:49,APROVADO
PAG00000028,PED00000028,CARTAO_CREDITO,51.38,2025-09-01T23:01:12,APROVADO
PAG00000029,PED00000029,CARTAO_CREDITO,37.99,2025-09-01T14:30:20,APROVADO
PAG00000030,PED00000030,PIX,37.56,2025-09-01T23:58:06,APROVADO
PAG00000031,PED00000031,CARTAO_CREDITO,21.27,2025-09-01T10:36:09,APROVADO
PAG00000032,PED00000032,CARTAO_CREDITO,57.97,2025-09-01T23:27:48,APROVADO
PAG00000033,PED00000033,CARTAO_CREDITO,209.26,2025-09-01T11:31:32,APROVADO
PAG00000034,PED00000034,CARTAO_CREDITO,70.33,2025-09-01T16:46:37,APROVADO
PAG00000036,PED00000036,CARTAO_DEBITO,96.9,2025-09-01T21:05:52,APROVADO
PAG00000037,PED00000037,PIX,78.43,2025-09-01T19:41:13,APROVADO
PAG00000038,PED00000038,PIX,45.41,2025-09-01T17:29:34,PENDENTE
PAG00000039,PED00000039,PIX,36.01,2025-09-01T16:28:04,APROVADO
PAG00000040,PED00000040,CARTAO_CREDITO,23.74,2025-09-01T13:24:10,APROVADO
PAG00000041,PED00000041,PIX,57.37,2025-09-01T20:09:13,PENDENTE
PAG00000042,PED00000042,PIX,160.71,2025-09-01T12:15:27,APROVADO
PAG00000043,PED00000043,PIX,74.41,2025-09-01T18:18:47,APROVADO
PAG00000044,PED00000044,PIX,35.18,2025-09-01T19:14:47,APROVADO
PAG00000046,PED00000046,PIX,22.3,2025-09-01T21:09:25,APROVADO
PAG00000047,PED00000047,PIX,68.98,2025-09-01T11:00:28,APROVADO
PAG00000048,PED00000048,DINHEIRO,44.65,2025-09-01T16:28:42,APROVADO
PAG00000049,PED00000049,CARTAO_CREDITO,79.95,2025-09-02T19:39:40,APROVADO
PAG00000050,PED00000050,CARTAO_DEBITO,107.38,2025-09-02T17:11:25,APROVADO
PAG00000051,PED00000051,CARTAO_CREDITO,121.16,2025-09-02T21:47:36,APROVADO
PAG00000052,PED00000052,CARTAO_CREDITO,139.79,2025-09-02T23:18:12,APROVADO
PAG00000053,PED00000053,CARTAO_CREDITO,87.76,2025-09-02T17:28:24,PENDENTE
PAG00000054,PED00000054,CARTAO_CREDITO,112.58,2025-09-02T15:58:55,APROVADO
PAG00000055,PED00000055,CARTAO_DEBITO,84.59,2025-09-02T10:59:46,APROVADO
PAG00000056,PED00000056,CARTAO_DEBITO,28.22,2025-09-02T17:51:21,PENDENTE
PAG00000057,PED00000057,CARTAO_CREDITO,247.65,2025-09-02T23:04:08,APROVADO
PAG00000058,PED00000058,CARTAO_CREDITO,104.78,2025-09-02T14:32:46,APROVADO
PAG00000059,PED00000059,CARTAO_DEBITO,97.76,2025-09-02T21:26:20,APROVADO
PAG00000060,PED00000060,DINHEIRO,22.88,2025-09-02T23:39:04,APROVADO
PAG00000061,PED00000061,CARTAO_CREDITO,86.25,2025-09-02T21:54:51,APROVADO
PAG00000062,PED00000062,CARTAO_CREDITO,285.88,2025-09-02T14:52:45,APROVADO
PAG00000063,PED00000063,CARTAO_CREDITO,253.15,2025-09-02T20:52:41,APROVADO
PAG00000064,PED00000064,PIX,44.85,2025-09-02T14:45:09,APROVADO
PAG00000065,PED00000065,PIX,106.33,2025-09-02T22:51:44,APROVADO
PAG00000066,PED00000066,PIX,366.1,2025-09-02T20:49:14,APROVADO
PAG00000067,PED00000067,CARTAO_CREDITO,75.56,2025-09-02T12:51:17,APROVADO
PAG00000068,PED00000068,CARTAO_DEBITO,13.23,2025-09-02T12:06:23,APROVADO
PAG00000069,PED00000069,CARTAO_CREDITO,25.72,2025-09-02T17:41:41,APROVADO
PAG00000070,PED00000070,PIX,61.07,2025-09-02T16:09:20,APROVADO
PAG00000071,PED00000071,PIX,85.25,2025-09-02T12:28:57,APROVADO
PAG00000072,PED00000072,CARTAO_CREDITO,16.86,2025-09-02T12:24:31,APROVADO
PAG00000073,PED00000073,CARTAO_CREDITO,293.92,2025-09-02T20:09:59,APROVADO
PAG00000074,PED00000074,PIX,31.87,2025-09-02T12:42:45,APROVADO
PAG00000075,PED00000075,PIX,23.22,2025-09-02T17:30:10,APROVADO
PAG00000076,PED00000076,CARTAO_CREDITO,141.39,2025-09-02T10:59:59,APROVADO
PAG00000077,PED00000077,PIX,69.1,2025-09-02T18:35:04,APROVADO
PAG00000078,PED00000078,CARTAO_DEBITO,28.79,2025-09-02T17:23:19,APROVADO
PAG00000079,PED00000079,PIX,126.15,2025-09-02T15:11:03,PENDENTE
PAG00000080,PED00000080,CARTAO_CREDITO,92.38,2025-09-02T15:55:26,APROVADO
PAG00000081,PED00000081,CARTAO_CREDITO,137.71,2025-09-02T16:54:08,APROVADO
PAG00000082,PED00000082,CARTAO_CREDITO,16.42,2025-09-02T11:02:56,APROVADO
PAG00000083,PED00000083,PIX,46.34,2025-09-02T13:35:35,PENDENTE
PAG00000084,PED00000084,CARTAO_CREDITO,118.42,2025-09-02T11:01:43,APROVADO
PAG00000085,PED00000085,CARTAO_CREDITO,139.71,2025-09-02T20:32:01,APROVADO
PAG00000086,PED00000086,CARTAO_CREDITO,57.55,2025-09-02T14:44:49,APROVADO
PAG00000087,PED00000087,CARTAO_CREDITO,40.55,2025-09-02T11:19:27,APROVADO
PAG00000088,PED00000088,CARTAO_CREDITO,156.63,2025-09-02T15:36:58,APROVADO
PAG00000089,PED00000089,PIX,26.69,2025-09-02T20:01:59,APROVADO
PAG00000090,PED00000090,PIX,84.71,2025-09-02T16:48:53,APROVADO
PAG00000091,PED00000091,PIX,48.83,2025-09-02T13:39:55,APROVADO
PAG00000092,PED00000092,PIX,145.85,2025-09-02T12:00:24,APROVADO
PAG00000094,PED00000094,PIX,69.87,2025-09-02T17:13:36,APROVADO
PAG00000095,PED00000095,PIX,72.81,2025-09-02T12:32:39,APROVADO
PAG00000096,PED00000096,PIX,328.16,2025-09-02T20:46:48,APROVADO
PAG00000097,PED00000097,CARTAO_CREDITO,53.21,2025-09-02T12:09:26,APROVADO
PAG00000098,PED00000098,PIX,37.83,2025-09-02T10:49:34,APROVADO
PAG00000099,PED00000099,CARTAO_CREDITO,88.78,2025-09-02T17:34:13,APROVADO
PAG00000100,PED00000100,CARTAO_CREDITO,38.03,2025-09-02T22:53:02,APROVADO
PAG00000101,PED00000101,CARTAO_DEBITO,22.75,2025-09-02T14:18:43,APROVADO
PAG00000102,PED00000102,DINHEIRO,43.48,2025-09-02T15:21:44,APROVADO
PAG00000103,PED00000103,PIX,222.99,2025-09-02T20:39:55,APROVADO
PAG00000104,PED00000104,CARTAO_CREDITO,49.64,2025-09-02T11:19:44,APROVADO
PAG00000105,PED00000105,PIX,34.64,2025-09-03T16:17:27,APROVADO
PAG00000106,PED00000106,CARTAO_CREDITO,27.96,2025-09-03T12:01:52,APROVADO
PAG00000107,PED00000107,CARTAO_CREDITO,21.75,2025-09-03T14:23:58,APROVADO
PAG00000108,PED00000108,CARTAO_CREDITO,114.76,2025-09-03T18:30:09,PENDENTE
PAG00000109,PED00000109,CARTAO_CREDITO,130.96,2025-09-03T15:35:09,APROVADO
PAG00000110,PED00000110,CARTAO_CREDITO,47.47,2025-09-03T14:07:58,APROVADO
PAG00000111,PED00000111,PIX,78.2,2025-09-03T13:17:45,APROVADO
PAG00000112,PED00000112,PIX,46.55,2025-09-03T14:10:18,APROVADO
PAG00000113,PED00000113,CARTAO_CREDITO,18.35,2025-09-03T21:01:16,APROVADO
PAG00000114,PED00000114,CARTAO_CREDITO,68.7,2025-09-03T23:56:12,APROVADO
PAG00000115,PED00000115,CARTAO_DEBITO,207.23,2025-09-03T10:15:41,APROVADO
PAG00000116,PED00000116,PIX,66.2,2025-09-03T10:50:24,APROVADO
PAG00000117,PED00000117,PIX,31.25,2025-09-03T16:22:01,APROVADO
PAG00000118,PED00000118,CARTAO_CREDITO,123.78,2025-09-03T17:06:34,APROVADO
PAG00000119,PED00000119,CARTAO_CREDITO,33.19,2025-09-03T15:55:54,APROVADO
PAG00000120,PED00000120,CARTAO_CREDITO,69.47,2025-09-03T21:30:06,APROVADO
PAG00000121,PED00000121,PIX,125.48,2025-09-03T22:44:34,APROVADO
PAG00000122,PED00000122,CARTAO_CREDITO,63.58,2025-09-03T20:24:59,APROVADO
PAG00000123,PED00000123,PIX,69.35,2025-09-03T13:39:56,APROVADO
PAG00000125,PED00000125,CARTAO_DEBITO,66.37,2025-09-03T11:18:22,APROVADO
PAG00000126,PED00000126,PIX,49.01,2025-09-03T16:53:51,APROVADO
PAG00000127,PED00000127,CARTAO_DEBITO,119.14,2025-09-03T10:42:21,PENDENTE
PAG00000128,PED00000128,CARTAO_CREDITO,17.74,2025-09-03T19:13:18,APROVADO
PAG00000129,PED00000129,PIX,33.12,2025-09-03T21:22:17,APROVADO
PAG00000130,PED00000130,CARTAO_CREDITO,202.31,2025-09-03T16:01:08,APROVADO
PAG00000131,PED00000131,PIX,68.89,2025-09-03T20:53:43,PENDENTE
PAG00000132,PED00000132,PIX,41.3,2025-09-03T22:51:58,APROVADO
PAG00000133,PED00000133,CARTAO_DEBITO,37.84,2025-09-03T19:13:09,APROVADO
PAG00000134,PED00000134,PIX,15.73,2025-09-03T17:06:00,APROVADO
PAG00000135,PED00000135,CARTAO_CREDITO,48.59,2025-09-03T10:24:38,APROVADO
PAG00000136,PED00000136,PIX,49.24,2025-09-03T20:08:02,APROVADO
PAG00000137,PED00000137,PIX,42.21,2025-09-03T10:27:13,APROVADO
PAG00000139,PED00000139,DINHEIRO,365.43,2025-09-03T20:23:03,APROVADO
PAG00000140,PED00000140,CARTAO_CREDITO,52.24,2025-09-03T12:16:52,APROVADO
PAG00000141,PED00000141,CARTAO_CREDITO,73.35,2025-09-03T18:39:56,APROVADO
PAG00000142,PED00000142,CARTAO_CREDITO,130.11,2025-09-03T11:11:28,APROVADO
PAG00000143,PED00000143,PIX,155.57,2025-09-03T10:28:00,PENDENTE
PAG00000144,PED00000144,CARTAO_CREDITO,156.68,2025-09-03T23:32:01,APROVADO
PAG00000145,PED00000145,PIX,183.66,2025-09-03T18:34:22,APROVADO
PAG00000146,PED00000146,CARTAO_CREDITO,48.19,2025-09-03T16:23:04,APROVADO
PAG00000147,PED00000147,CARTAO_DEBITO,136.52,2025-09-03T21:31:43,APROVADO
PAG00000148,PED00000148,CARTAO_CREDITO,64.39,2025-09-03T12:54:34,APROVADO
PAG00000149,PED00000149,PIX,23.03,2025-09-03T17:56:22,APROVADO
PAG00000150,PED00000150,PIX,135.02,2025-09-03T10:17:55,APROVADO
PAG00000151,PED00000151,PIX,94.57,2025-09-03T16:18:08,APROVADO
PAG00000152,PED00000152,PIX,33.66,2025-09-03T22:37:24,APROVADO
PAG00000154,PED00000154,PIX,15.49,2025-09-03T11:05:36,APROVADO
PAG00000155,PED00000155,PIX,21.74,2025-09-03T13:51:33,APROVADO
PAG00000156,PED00000156,CARTAO_CREDITO,125.18,2025-09-03T19:11:32,APROVADO
PAG00000157,PED00000157,PIX,58.6,2025-09-03T17:53:54,APROVADO
PAG00000158,PED00000158,CARTAO_CREDITO,41.13,2025-09-03T15:30:32,APROVADO
PAG00000159,PED00000159,CARTAO_DEBITO,140.78,2025-09-03T14:34:09,APROVADO
PAG00000160,PED00000160,PIX,21.49,2025-09-03T22:33:07,APROVADO
PAG00000161,PED00000161,PIX,129.77,2025-09-03T20:09:30,APROVADO
PAG00000162,PED00000162,PIX,69.6,2025-09-03T22:43:32,APROVADO
PAG00000163,PED00000163,CARTAO_DEBITO,26.46,2025-09-03T18:41:49,APROVADO
PAG00000165,PED00000165,CARTAO_CREDITO,67.6,2025-09-03T21:02:00,APROVADO
PAG00000166,PED00000166,PIX,68.56,2025-09-03T20:51:51,APROVADO
PAG00000167,PED00000167,CARTAO_CREDITO,45.36,2025-09-03T10:10:33,APROVADO
PAG00000168,PED00000168,CARTAO_CREDITO,65.02,2025-09-03T11:58:14,APROVADO
PAG00000169,PED00000169,PIX,117.68,2025-09-04T18:46:36,APROVADO
PAG00000170,PED00000170,PIX,37.41,2025-09-04T23:00:31,APROVADO
PAG00000171,PED00000171,CARTAO_DEBITO,74.6,2025-09-04T20:57:53,APROVADO
PAG00000172,PED00000172,CARTAO_DEBITO,98.47,2025-09-04T10:03:52,APROVADO
PAG00000173,PED00000173,PIX,84.35,2025-09-04T12:15:35,APROVADO
PAG00000175,PED00000175,CARTAO_CREDITO,27.62,2025-09-04T14:32:15,APROVADO
PAG00000176,PED00000176,PIX,73.49,2025-09-04T11:40:17,APROVADO
PAG00000178,PED00000178,PIX,58.64,2025-09-04T20:32:25,APROVADO
PAG00000179,PED00000179,PIX,112.84,2025-09-04T14:10:35,APROVADO
PAG00000180,PED00000180,PIX,101.54,2025-09-04T20:04:52,APROVADO
PAG00000181,PED00000181,CARTAO_CREDITO,98.86,2025-09-04T10:18:24,APROVADO
PAG00000182,PED00000182,CARTAO_CREDITO,312.51,2025-09-04T22:32:13,APROVADO
PAG00000183,PED00000183,CARTAO_CREDITO,42.78,2025-09-04T20:50:40,APROVADO
PAG00000184,PED00000184,PIX,70.3,2025-09-04T14:19:51,APROVADO
PAG00000185,PED00000185,PIX,93.88,2025-09-04T21:12:49,APROVADO
PAG00000186,PED00000186,CARTAO_CREDITO,51.19,2025-09-04T15:11:07,PENDENTE
PAG00000187,PED00000187,CARTAO_CREDITO,39.3,2025-09-04T20:08:06,APROVADO
PAG00000188,PED00000188,CARTAO_CREDITO,61.1,2025-09-04T14:10:17,APROVADO
PAG00000189,PED00000189,CARTAO_DEBITO,35.72,2025-09-04T23:55:48,APROVADO
PAG00000190,PED00000190,CARTAO_DEBITO,86.34,2025-09-04T22:55:55,APROVADO
PAG00000191,PED00000191,CARTAO_CREDITO,28.1,2025-09-04T20:34:32,APROVADO
PAG00000192,PED00000192,PIX,15.48,2025-09-05T00:00:53,PENDENTE
PAG00000193,PED00000193,PIX,93.31,2025-09-04T23:56:55,APROVADO
PAG00000194,PED00000194,CARTAO_CREDITO,21.17,2025-09-04T23:54:21,APROVADO
PAG00000195,PED00000195,PIX,59.39,2025-09-04T16:24:45,APROVADO
PAG00000196,PED00000196,CARTAO_DEBITO,89.87,2025-09-04T12:46:15,APROVADO
PAG00000197,PED00000197,CARTAO_CREDITO,57.82,2025-09-04T13:00:13,APROVADO
PAG00000198,PED00000198,CARTAO_CREDITO,282.63,2025-09-04T21:40:04,PENDENTE
PAG00000199,PED00000199,PIX,20.25,2025-09-04T20:14:31,APROVADO
PAG00000200,PED00000200,CARTAO_CREDITO,84.46,2025-09-04T15:20:41,APROVADO
PAG00000201,PED00000201,CARTAO_DEBITO,52.34,2025-09-04T21:35:31,APROVADO
PAG00000202,PED00000202,PIX,40.92,2025-09-04T11:33:00,APROVADO
PAG00000203,PED00000203,CARTAO_DEBITO,241.32,2025-09-04T17:28:08,APROVADO
PAG00000204,PED00000204,PIX,62.98,2025-09-04T18:03:44,APROVADO
PAG00000205,PED00000205,CARTAO_CREDITO,135.86,2025-09-04T10:33:15,APROVADO
PAG00000206,PED00000206,CARTAO_CREDITO,46.35,2025-09-04T18:01:25,APROVADO
PAG00000207,PED00000207,CARTAO_CREDITO,27.84,2025-09-04T21:49:45,APROVADO
PAG00000208,PED00000208,CARTAO_CREDITO,46.41,2025-09-04T22:49:49,APROVADO
PAG00000209,PED00000209,CARTAO_CREDITO,56.9,2025-09-04T20:41:43,APROVADO
PAG00000210,PED00000210,CARTAO_CREDITO,30.61,2025-09-04T18:53:02,APROVADO
PAG00000211,PED00000211,PIX,205.13,2025-09-04T17:43:22,APROVADO
PAG00000212,PED00000212,CARTAO_DEBITO,47.94,2025-09-04T10:27:48,PENDENTE
PAG00000213,PED00000213,PIX,75.01,2025-09-04T16:44:11,APROVADO
PAG00000214,PED00000214,CARTAO_DEBITO,42.73,2025-09-04T22:57:10,APROVADO
PAG00000215,PED00000215,CARTAO_CREDITO,36.43,2025-09-04T11:05:36,APROVADO
PAG00000216,PED00000216,CARTAO_CREDITO,39.5,2025-09-04T12:03:33,APROVADO
PAG00000217,PED00000217,CARTAO_DEBITO,69.96,2025-09-04T22:44:48,APROVADO
PAG00000218,PED00000218,PIX,103.38,2025-09-04T15:09:33,APROVADO
PAG00000219,PED00000219,CARTAO_DEBITO,87.38,2025-09-04T18:05:57,APROVADO
PAG00000220,PED00000220,PIX,111.94,2025-09-04T17:53:06,APROVADO
PAG00000221,PED00000221,PIX,52.53,2025-09-04T15:13:51,PENDENTE
PAG00000222,PED00000222,PIX,60.89,2025-09-04T23:41:59,APROVADO
PAG00000223,PED00000223,CARTAO_CREDITO,31.8,2025-09-04T22:26:08,PENDENTE
PAG00000224,PED00000224,CARTAO_DEBITO,26.29,2025-09-04T23:13:57,APROVADO
PAG00000226,PED00000226,PIX,34.7,2025-09-04T14:52:30,APROVADO
PAG00000227,PED00000227,CARTAO_CREDITO,104.14,2025-09-04T12:08:39,APROVADO
PAG00000228,PED00000228,CARTAO_CREDITO,20.48,2025-09-04T11:14:12,APROVADO
PAG00000229,PED00000229,CARTAO_CREDITO,36.66,2025-09-04T14:04:11,APROVADO
PAG00000230,PED00000230,CARTAO_DEBITO,24.94,2025-09-04T22:32:02,APROVADO
PAG00000231,PED00000231,PIX,21.79,2025-09-04T20:03:47,APROVADO
PAG00000232,PED00000232,DINHEIRO,159.8,2025-09-04T14:39:33,APROVADO
PAG00000233,PED00000233,PIX,50.19,2025-09-04T18:57:07,APROVADO
PAG00000234,PED00000234,PIX,52.48,2025-09-04T17:56:11,APROVADO
PAG00000236,PED00000236,CARTAO_CREDITO,110.6,2025-09-04T16:49:46,PENDENTE
PAG00000237,PED00000237,CARTAO_CREDITO,95.1,2025-09-04T16:25:36,APROVADO
PAG00000238,PED00000238,DINHEIRO,73.52,2025-09-04T19:07:50,APROVADO
PAG00000239,PED00000239,PIX,36.06,2025-09-04T16:35:28,APROVADO
PAG00000240,PED00000240,PIX,84.59,2025-09-04T19:44:29,APROVADO
PAG00000241,PED00000241,CARTAO_CREDITO,58.07,2025-09-05T12:55:19,APROVADO
PAG00000242,PED00000242,CARTAO_CREDITO,30.86,2025-09-05T12:03:00,APROVADO
PAG00000243,PED00000243,CARTAO_CREDITO,58.68,2025-09-05T21:36:54,APROVADO
PAG00000244,PED00000244,CARTAO_CREDITO,58.0,2025-09-05T14:25:34,APROVADO
PAG00000245,PED00000245,PIX,23.33,2025-09-05T14:12:10,APROVADO
PAG00000246,PED00000246,CARTAO_DEBITO,24.17,2025-09-05T19:37:33,APROVADO
PAG00000247,PED00000247,CARTAO_CREDITO,103.41,2025-09-05T18:59:11,APROVADO
PAG00000248,PED00000248,PIX,39.31,2025-09-05T20:11:23,APROVADO
PAG00000249,PED00000249,CARTAO_DEBITO,160.22,2025-09-05T14:10:03,APROVADO
PAG00000250,PED00000250,PIX,125.77,2025-09-05T23:15:24,APROVADO
PAG00000251,PED00000251,PIX,11.57,2025-09-05T21:25:35,APROVADO
PAG00000252,PED00000252,CARTAO_CREDITO,90.91,2025-09-05T11:21:59,APROVADO
PAG00000253,PED00000253,PIX,79.82,2025-09-05T13:21:06,APROVADO
PAG00000255,PED00000255,CARTAO_CREDITO,33.1,2025-09-05T23:10:30,APROVADO
PAG00000256,PED00000256,CARTAO_CREDITO,22.39,2025-09-05T22:48:38,APROVADO
PAG00000257,PED00000257,CARTAO_DEBITO,47.13,2025-09-05T17:35:14,APROVADO
PAG00000258,PED00000258,PIX,52.48,2025-09-05T18:49:53,APROVADO
PAG00000259,PED00000259,PIX,54.18,2025-09-05T17:11:15,APROVADO
PAG00000260,PED00000260,CARTAO_CREDITO,52.08,2025-09-05T23:27:05,APROVADO
PAG00000261,PED00000261,CARTAO_DEBITO,73.61,2025-09-05T17:10:11,APROVADO
PAG00000262,PED00000262,CARTAO_DEBITO,31.51,2025-09-05T18:42:09,APROVADO
PAG00000263,PED00000263,CARTAO_CREDITO,89.8,2025-09-05T21:41:17,APROVADO
PAG00000265,PED00000265,PIX,27.35,2025-09-05T10:18:44,APROVADO
PAG00000266,PED00000266,PIX,45.9,2025-09-05T17:30:05,APROVADO
PAG00000267,PED00000267,PIX,74.83,2025-09-05T12:28:51,APROVADO
PAG00000268,PED00000268,CARTAO_DEBITO,78.18,2025-09-05T20:33:11,APROVADO
PAG00000269,PED00000269,PIX,14.14,2025-09-05T22:48:36,APROVADO
PAG00000270,PED00000270,CARTAO_DEBITO,64.74,2025-09-05T23:15:54,APROVADO
PAG00000271,PED00000271,PIX,54.72,2025-09-05T12:01:09,APROVADO
PAG00000272,PED00000272,DINHEIRO,107.01,2025-09-05T18:27:06,APROVADO
PAG00000273,PED00000273,CARTAO_CREDITO,62.33,2025-09-05T18:28:04,APROVADO
PAG00000274,PED00000274,PIX,68.06,2025-09-05T20:34:06,APROVADO
PAG00000275,PED00000275,CARTAO_CREDITO,40.88,2025-09-05T11:34:13,APROVADO
PAG00000276,PED00000276,CARTAO_DEBITO,8.76,2025-09-05T21:47:29,APROVADO
PAG00000277,PED00000277,DINHEIRO,59.57,2025-09-05T12:49:47,APROVADO
PAG00000278,PED00000278,CARTAO_CREDITO,242.01,2025-09-05T19:24:01,APROVADO
PAG00000279,PED00000279,PIX,29.62,2025-09-05T10:40:57,APROVADO
PAG00000280,PED00000280,PIX,92.22,2025-09-05T14:51:42,APROVADO
PAG00000282,PED00000282,CARTAO_CREDITO,78.37,2025-09-05T17:13:08,APROVADO
PAG00000283,PED00000283,CARTAO_CREDITO,80.76,2025-09-05T22:05:12,APROVADO
PAG00000284,PED00000284,PIX,74.89,2025-09-05T22:46:21,APROVADO
PAG00000285,PED00000285,CARTAO_CREDITO,35.77,2025-09-05T12:01:46,APROVADO
PAG00000286,PED00000286,CARTAO_CREDITO,103.37,2025-09-05T20:21:49,APROVADO
PAG00000287,PED00000287,CARTAO_CREDITO,57.11,2025-09-05T17:19:11,APROVADO
PAG00000288,PED00000288,PIX,100.12,2025-09-05T16:35:43,APROVADO
PAG00000289,PED00000289,CARTAO_CREDITO,94.29,2025-09-05T20:38:07,APROVADO
PAG00000290,PED00000290,PIX,42.66,2025-09-05T12:10:10,APROVADO
PAG00000292,PED00000292,CARTAO_CREDITO,84.03,2025-09-05T23:42:01,APROVADO
PAG00000293,PED00000293,CARTAO_CREDITO,87.37,2025-09-05T17:14:09,APROVADO
PAG00000294,PED00000294,CARTAO_CREDITO,88.33,2025-09-05T21:30:02,APROVADO
PAG00000295,PED00000295,PIX,39.8,2025-09-05T15:59:05,APROVADO
PAG00000296,PED00000296,CARTAO_CREDITO,125.05,2025-09-05T12:59:13,APROVADO
PAG00000297,PED00000297,CARTAO_CREDITO,90.65,2025-09-05T23:45:14,APROVADO
PAG00000298,PED00000298,CARTAO_CREDITO,77.91,2025-09-05T15:35:26,PENDENTE
PAG00000299,PED00000299,PIX,68.52,2025-09-05T18:13:41,APROVADO
PAG00000300,PED00000300,PIX,34.89,2025-09-05T12:33:28,APROVADO
PAG00000301,PED00000301,CARTAO_CREDITO,141.88,2025-09-05T10:48:14,APROVADO
PAG00000302,PED00000302,CARTAO_CREDITO,36.31,2025-09-05T16:11:59,APROVADO
PAG00000303,PED00000303,CARTAO_CREDITO,166.24,2025-09-05T20:57:51,APROVADO
PAG00000304,PED00000304,CARTAO_CREDITO,221.19,2025-09-05T17:03:41,APROVADO
PAG00000305,PED00000305,CARTAO_CREDITO,396.19,2025-09-05T16:48:48,APROVADO
PAG00000306,PED00000306,PIX,44.6,2025-09-05T15:22:19,PENDENTE
PAG00000307,PED00000307,DINHEIRO,75.18,2025-09-05T18:08:27,APROVADO
PAG00000308,PED00000308,CARTAO_CREDITO,32.37,2025-09-05T13:32:16,APROVADO
PAG00000309,PED00000309,CARTAO_CREDITO,61.92,2025-09-05T15:05:46,APROVADO
PAG00000310,PED00000310,CARTAO_DEBITO,170.27,2025-09-05T12:48:27,APROVADO
PAG00000311,PED00000311,PIX,134.18,2025-09-05T16:56:19,APROVADO
PAG00000312,PED00000312,CARTAO_DEBITO,43.8,2025-09-05T22:06:33,APROVADO
PAG00000313,PED00000313,PIX,156.86,2025-09-05T17:18:01,APROVADO
PAG00000314,PED00000314,PIX,26.71,2025-09-05T10:27:09,APROVADO
PAG00000315,PED00000315,CARTAO_CREDITO,36.92,2025-09-05T22:46:26,APROVADO
PAG00000316,PED00000316,PIX,105.91,2025-09-05T10:44:34,APROVADO
PAG00000317,PED00000317,CARTAO_CREDITO,101.78,2025-09-05T18:43:13,APROVADO
PAG00000319,PED00000319,CARTAO_DEBITO,63.79,2025-09-05T12:07:05,APROVADO
PAG00000320,PED00000320,DINHEIRO,29.42,2025-09-05T11:25:54,APROVADO
PAG00000321,PED00000321,CARTAO_DEBITO,19.67,2025-09-05T12:15:47,APROVADO
PAG00000322,PED00000322,CARTAO_CREDITO,14.46,2025-09-05T12:34:10,APROVADO
PAG00000323,PED00000323,PIX,15.42,2025-09-05T17:04:34,APROVADO
PAG00000324,PED00000324,CARTAO_CREDITO,92.6,2025-09-05T10:52:00,APROVADO
PAG00000325,PED00000325,PIX,70.55,2025-09-05T23:04:01,APROVADO
PAG00000326,PED00000326,PIX,96.79,2025-09-05T20:04:09,APROVADO
PAG00000327,PED00000327,PIX,101.12,2025-09-05T14:30:20,APROVADO
PAG00000328,PED00000328,CARTAO_DEBITO,29.4,2025-09-05T14:58:43,APROVADO
PAG00000329,PED00000329,CARTAO_CREDITO,149.72,2025-09-05T19:18:08,APROVADO
PAG00000330,PED00000330,CARTAO_CREDITO,109.13,2025-09-05T23:32:51,APROVADO
PAG00000331,PED00000331,CARTAO_DEBITO,12.9,2025-09-05T18:00:52,APROVADO
PAG00000332,PED00000332,CARTAO_DEBITO,123.49,2025-09-05T16:50:58,APROVADO
PAG00000333,PED00000333,PIX,36.09,2025-09-05T16:13:24,APROVADO
PAG00000334,PED00000334,PIX,33.06,2025-09-05T13:07:21,PENDENTE
PAG00000335,PED00000335,PIX,105.14,2025-09-05T16:38:05,APROVADO
PAG00000336,PED00000336,CARTAO_CREDITO,72.7,2025-09-05T18:29:08,APROVADO
PAG00000337,PED00000337,CARTAO_CREDITO,75.61,2025-09-05T16:16:49,APROVADO
PAG00000339,PED00000339,PIX,58.41,2025-09-05T14:17:21,APROVADO
PAG00000340,PED00000340,CARTAO_CREDITO,54.9,2025-09-05T10:24:05,APROVADO
PAG00000341,PED00000341,CARTAO_CREDITO,140.05,2025-09-05T23:25:55,APROVADO
PAG00000342,PED00000342,CARTAO_DEBITO,146.61,2025-09-05T23:44:45,APROVADO
PAG00000343,PED00000343,PIX,22.94,2025-09-05T16:04:21,APROVADO
PAG00000344,PED00000344,PIX,112.06,2025-09-05T18:14:00,APROVADO
PAG00000345,PED00000345,PIX,47.74,2025-09-05T13:06:49,APROVADO
PAG00000346,PED00000346,DINHEIRO,151.86,2025-09-05T20:48:52,APROVADO
PAG00000347,PED00000347,CARTAO_CREDITO,32.27,2025-09-05T23:05:11,APROVADO
PAG00000348,PED00000348,CARTAO_DEBITO,94.92,2025-09-05T12:22:04,APROVADO
PAG00000349,PED00000349,DINHEIRO,40.5,2025-09-05T21:50:13,APROVADO
PAG00000350,PED00000350,CARTAO_DEBITO,68.88,2025-09-05T12:46:17,APROVADO
PAG00000351,PED00000351,CARTAO_DEBITO,146.03,2025-09-05T16:29:47,APROVADO
PAG00000352,PED00000352,PIX,56.09,2025-09-05T12:39:30,APROVADO
PAG00000353,PED00000353,PIX,46.92,2025-09-06T23:33:55,APROVADO
PAG00000354,PED00000354,CARTAO_CREDITO,76.37,2025-09-06T17:04:14,APROVADO
PAG00000355,PED00000355,PIX,56.51,2025-09-06T23:28:23,APROVADO
PAG00000356,PED00000356,PIX,203.73,2025-09-06T20:58:49,APROVADO
PAG00000357,PED00000357,PIX,91.87,2025-09-06T21:02:09,APROVADO
PAG00000358,PED00000358,CARTAO_CREDITO,66.56,2025-09-06T23:35:07,APROVADO
PAG00000359,PED00000359,CARTAO_DEBITO,52.54,2025-09-06T10:50:31,APROVADO
PAG00000360,PED00000360,CARTAO_CREDITO,35.56,2025-09-06T11:25:19,APROVADO
PAG00000361,PED00000361,DINHEIRO,29.3,2025-09-06T18:54:35,APROVADO
PAG00000362,PED00000362,CARTAO_CREDITO,220.77,2025-09-06T20:34:00,APROVADO
PAG00000363,PED00000363,DINHEIRO,98.44,2025-09-06T20:14:12,PENDENTE
PAG00000364,PED00000364,CARTAO_CREDITO,287.74,2025-09-06T14:47:55,APROVADO
PAG00000367,PED00000367,CARTAO_CREDITO,33.31,2025-09-06T21:27:21,APROVADO
PAG00000368,PED00000368,CARTAO_CREDITO,27.65,2025-09-06T16:39:26,APROVADO
PAG00000369,PED00000369,CARTAO_CREDITO,26.07,2025-09-06T19:45:30,APROVADO
PAG00000370,PED00000370,DINHEIRO,283.06,2025-09-06T14:15:58,APROVADO
PAG00000372,PED00000372,PIX,102.69,2025-09-06T10:36:50,APROVADO
PAG00000373,PED00000373,PIX,31.22,2025-09-06T14:30:20,APROVADO
PAG00000374,PED00000374,PIX,156.2,2025-09-06T23:38:37,APROVADO
PAG00000375,PED00000375,PIX,34.83,2025-09-06T17:28:08,APROVADO
PAG00000376,PED00000376,DINHEIRO,58.75,2025-09-06T16:26:21,APROVADO
PAG00000377,PED00000377,PIX,63.49,2025-09-06T21:07:40,APROVADO
PAG00000378,PED00000378,CARTAO_DEBITO,151.79,2025-09-06T23:38:25,APROVADO
PAG00000379,PED00000379,DINHEIRO,59.5,2025-09-06T21:11:30,APROVADO
PAG00000380,PED00000380,CARTAO_DEBITO,79.19,2025-09-06T10:38:29,APROVADO
PAG00000381,PED00000381,CARTAO_CREDITO,182.1,2025-09-06T12:21:36,APROVADO
PAG00000382,PED00000382,PIX,184.7,2025-09-06T14:45:50,APROVADO
PAG00000383,PED00000383,PIX,23.93,2025-09-06T11:47:52,APROVADO
PAG00000384,PED00000384,PIX,39.11,2025-09-06T23:06:15,APROVADO
PAG00000385,PED00000385,CARTAO_CREDITO,111.29,2025-09-06T22:50:39,PENDENTE
PAG00000388,PED00000388,DINHEIRO,324.03,2025-09-06T11:20:11,APROVADO
PAG00000389,PED00000389,DINHEIRO,284.25,2025-09-06T16:10:05,APROVADO
PAG00000390,PED00000390,CARTAO_DEBITO,139.46,2025-09-06T12:06:53,APROVADO
PAG00000391,PED00000391,PIX,131.26,2025-09-06T17:18:52,APROVADO
PAG00000392,PED00000392,PIX,28.58,2025-09-06T15:28:11,APROVADO
PAG00000393,PED00000393,PIX,140.47,2025-09-06T22:48:48,APROVADO
PAG00000394,PED00000394,CARTAO_DEBITO,15.56,2025-09-06T10:26:10,APROVADO
PAG00000395,PED00000395,CARTAO_DEBITO,96.25,2025-09-06T17:49:25,APROVADO
PAG00000396,PED00000396,PIX,126.47,2025-09-06T11:55:27,APROVADO
PAG00000397,PED00000397,DINHEIRO,25.27,2025-09-06T11:53:10,APROVADO
PAG00000398,PED00000398,CARTAO_CREDITO,34.99,2025-09-06T13:33:47,APROVADO
PAG00000399,PED00000399,PIX,13.33,2025-09-06T12:34:29,APROVADO
PAG00000400,PED00000400,PIX,49.59,2025-09-06T20:15:32,APROVADO
PAG00000401,PED00000401,PIX,40.13,2025-09-06T10:04:25,APROVADO
PAG00000402,PED00000402,CARTAO_CREDITO,81.1,2025-09-06T22:57:41,APROVADO
PAG00000403,PED00000403,CARTAO_CREDITO,24.42,2025-09-06T20:53:26,APROVADO
PAG00000404,PED00000404,PIX,164.14,2025-09-06T16:40:55,APROVADO
PAG00000405,PED00000405,CARTAO_CREDITO,106.88,2025-09-06T14:03:15,APROVADO
PAG00000406,PED00000406,PIX,35.74,2025-09-06T17:35:46,APROVADO
PAG00000407,PED00000407,PIX,283.47,2025-09-06T12:20:41,APROVADO
PAG00000408,PED00000408,CARTAO_CREDITO,16.6,2025-09-06T14:22:21,APROVADO
PAG00000409,PED00000409,CARTAO_CREDITO,146.0,2025-09-06T21:32:35,APROVADO
PAG00000410,PED00000410,CARTAO_CREDITO,19.15,2025-09-06T17:06:22,APROVADO
PAG00000411,PED00000411,PIX,15.06,2025-09-06T13:01:54,APROVADO
PAG00000412,PED00000412,PIX,34.39,2025-09-06T22:51:43,APROVADO
PAG00000413,PED00000413,CARTAO_CREDITO,39.29,2025-09-06T22:11:13,APROVADO
PAG00000414,PED00000414,PIX,14.95,2025-09-06T21:21:59,APROVADO
PAG00000415,PED00000415,PIX,70.89,2025-09-06T16:29:27,APROVADO
PAG00000416,PED00000416,PIX,101.06,2025-09-06T19:30:08,APROVADO
PAG00000417,PED00000417,PIX,51.3,2025-09-06T14:59:07,APROVADO
PAG00000418,PED00000418,PIX,157.0,2025-09-06T22:57:34,APROVADO
PAG00000419,PED00000419,CARTAO_CREDITO,138.21,2025-09-06T17:37:05,APROVADO
PAG00000420,PED00000420,PIX,51.67,2025-09-06T16:14:12,APROVADO
PAG00000421,PED00000421,CARTAO_CREDITO,95.1,2025-09-06T11:10:54,APROVADO
PAG00000422,PED00000422,PIX,26.49,2025-09-06T21:30:17,APROVADO
PAG00000423,PED00000423,PIX,44.33,2025-09-06T11:01:19,APROVADO
PAG00000424,PED00000424,PIX,73.38,2025-09-06T12:08:18,APROVADO
PAG00000425,PED00000425,CARTAO_CREDITO,146.88,2025-09-06T14:09:22,APROVADO
PAG00000426,PED00000426,CARTAO_CREDITO,103.35,2025-09-06T11:13:08,APROVADO
PAG00000427,PED00000427,CARTAO_CREDITO,144.19,2025-09-06T15:11:28,APROVADO
PAG00000428,PED00000428,PIX,55.68,2025-09-06T18:09:37,APROVADO
PAG00000429,PED00000429,PIX,68.31,2025-09-06T11:59:24,APROVADO
PAG00000431,PED00000431,CARTAO_CREDITO,15.57,2025-09-06T12:44:55,PENDENTE
PAG00000432,PED00000432,CARTAO_CREDITO,29.93,2025-09-06T14:12:57,APROVADO
PAG00000433,PED00000433,PIX,97.61,2025-09-06T19:38:35,APROVADO
PAG00000434,PED00000434,PIX,26.88,2025-09-06T14:59:13,PENDENTE
PAG00000435,PED00000435,PIX,63.05,2025-09-06T12:38:45,APROVADO
PAG00000436,PED00000436,PIX,128.56,2025-09-06T22:35:27,APROVADO
PAG00000437,PED00000437,PIX,126.61,2025-09-06T12:34:15,APROVADO
PAG00000438,PED00000438,CARTAO_DEBITO,34.22,2025-09-06T22:45:31,APROVADO
PAG00000439,PED00000439,CARTAO_CREDITO,44.48,2025-09-06T15:48:59,APROVADO
PAG00000440,PED00000440,CARTAO_DEBITO,89.04,2025-09-06T13:07:12,APROVADO
PAG00000441,PED00000441,CARTAO_CREDITO,300.47,2025-09-06T16:17:17,APROVADO
PAG00000442,PED00000442,PIX,84.63,2025-09-06T10:23:13,APROVADO
PAG00000443,PED00000443,CARTAO_DEBITO,90.19,2025-09-06T16:21:10,APROVADO
PAG00000444,PED00000444,DINHEIRO,115.38,2025-09-06T22:46:28,APROVADO
PAG00000445,PED00000445,CARTAO_CREDITO,55.8,2025-09-06T16:59:26,APROVADO
PAG00000446,PED00000446,CARTAO_CREDITO,37.66,2025-09-06T10:07:11,APROVADO
PAG00000447,PED00000447,CARTAO_DEBITO,125.67,2025-09-06T20:30:49,APROVADO
PAG00000448,PED00000448,CARTAO_CREDITO,24.87,2025-09-06T12:22:03,APROVADO
PAG00000449,PED00000449,CARTAO_CREDITO,153.69,2025-09-06T10:54:43,APROVADO
PAG00000450,PED00000450,CARTAO_DEBITO,25.37,2025-09-06T20:05:52,APROVADO
PAG00000451,PED00000451,CARTAO_CREDITO,23.25,2025-09-06T14:24:30,APROVADO
PAG00000452,PED00000452,CARTAO_CREDITO,39.41,2025-09-06T20:05:15,APROVADO
PAG00000453,PED00000453,CARTAO_CREDITO,68.6,2025-09-06T15:39:59,APROVADO
PAG00000454,PED00000454,PIX,87.6,2025-09-06T14:05:17,APROVADO
PAG00000455,PED00000455,PIX,107.06,2025-09-06T17:53:40,APROVADO
PAG00000456,PED00000456,CARTAO_DEBITO,33.16,2025-09-06T21:33:02,APROVADO
PAG00000457,PED00000457,PIX,91.22,2025-09-06T10:35:56,APROVADO
PAG00000458,PED00000458,PIX,14.8,2025-09-06T11:19:41,APROVADO
PAG00000459,PED00000459,CARTAO_DEBITO,109.57,2025-09-06T18:12:05,APROVADO
PAG00000460,PED00000460,CARTAO_CREDITO,47.6,2025-09-06T15:58:24,APROVADO
PAG00000461,PED00000461,CARTAO_CREDITO,55.44,2025-09-06T13:37:42,APROVADO
PAG00000462,PED00000462,DINHEIRO,29.21,2025-09-07T00:00:21,APROVADO
PAG00000464,PED00000464,CARTAO_DEBITO,51.47,2025-09-06T21:28:37,APROVADO
PAG00000465,PED00000465,PIX,63.85,2025-09-06T11:06:20,APROVADO
PAG00000466,PED00000466,CARTAO_CREDITO,111.04,2025-09-07T00:03:57,APROVADO
PAG00000467,PED00000467,CARTAO_CREDITO,86.47,2025-09-06T20:51:03,APROVADO
PAG00000468,PED00000468,DINHEIRO,30.58,2025-09-06T22:29:00,APROVADO
PAG00000469,PED00000469,CARTAO_CREDITO,145.32,2025-09-06T13:12:30,APROVADO
PAG00000470,PED00000470,PIX,22.9,2025-09-06T12:07:17,APROVADO
PAG00000471,PED00000471,CARTAO_DEBITO,63.25,2025-09-06T13:30:13,APROVADO
PAG00000472,PED00000472,PIX,71.02,2025-09-06T18:11:41,APROVADO
PAG00000474,PED00000474,CARTAO_DEBITO,27.0,2025-09-06T16:29:34,APROVADO
PAG00000475,PED00000475,CARTAO_CREDITO,36.84,2025-09-06T23:08:05,APROVADO
PAG00000476,PED00000476,CARTAO_DEBITO,18.36,2025-09-06T20:40:01,APROVADO
PAG00000477,PED00000477,PIX,84.62,2025-09-06T20:41:37,APROVADO
PAG00000479,PED00000479,PIX,89.95,2025-09-06T20:23:34,APROVADO
PAG00000480,PED00000480,PIX,94.43,2025-09-06T12:36:11,APROVADO
PAG00000481,PED00000481,PIX,183.54,2025-09-07T23:01:37,APROVADO
PAG00000483,PED00000483,CARTAO_CREDITO,51.36,2025-09-07T14:45:28,APROVADO
PAG00000484,PED00000484,CARTAO_CREDITO,122.63,2025-09-07T17:33:38,APROVADO
PAG00000485,PED00000485,CARTAO_CREDITO,215.62,2025-09-07T20:09:42,APROVADO
PAG00000486,PED00000486,CARTAO_CREDITO,153.93,2025-09-07T10:46:40,APROVADO
PAG00000487,PED00000487,PIX,16.06,2025-09-07T12:41:30,APROVADO
PAG00000488,PED00000488,CARTAO_CREDITO,115.11,2025-09-07T17:20:29,APROVADO
PAG00000489,PED00000489,PIX,35.09,2025-09-07T14:44:39,PENDENTE
PAG00000490,PED00000490,CARTAO_CREDITO,92.65,2025-09-07T10:46:24,APROVADO
PAG00000491,PED00000491,CARTAO_DEBITO,15.15,2025-09-07T21:36:17,APROVADO
PAG00000492,PED00000492,CARTAO_CREDITO,134.95,2025-09-07T15:06:48,APROVADO
PAG00000493,PED00000493,DINHEIRO,15.82,2025-09-07T10:59:18,APROVADO
PAG00000494,PED00000494,CARTAO_CREDITO,51.77,2025-09-07T21:58:24,APROVADO
PAG00000495,PED00000495,CARTAO_CREDITO,38.78,2025-09-07T15:11:04,APROVADO
PAG00000496,PED00000496,CARTAO_DEBITO,54.58,2025-09-07T12:34:10,APROVADO
PAG00000497,PED00000497,CARTAO_DEBITO,56.93,2025-09-07T22:06:45,APROVADO
PAG00000498,PED00000498,CARTAO_CREDITO,25.75,2025-09-07T16:55:57,APROVADO
PAG00000499,PED00000499,CARTAO_DEBITO,16.08,2025-09-07T23:25:26,APROVADO
PAG00000500,PED00000500,PIX,128.47,2025-09-07T19:08:31,APROVADO
PAG00000501,PED00000501,CARTAO_DEBITO,216.33,2025-09-07T22:05:00,APROVADO
PAG00000502,PED00000502,CARTAO_CREDITO,46.39,2025-09-07T17:12:40,APROVADO
PAG00000503,PED00000503,PIX,38.06,2025-09-07T10:57:37,APROVADO
PAG00000504,PED00000504,CARTAO_DEBITO,134.76,2025-09-07T11:29:55,APROVADO
PAG00000505,PED00000505,PIX,121.17,2025-09-07T17:21:04,APROVADO
PAG00000506,PED00000506,CARTAO_CREDITO,96.81,2025-09-07T21:56:39,APROVADO
PAG00000507,PED00000507,CARTAO_CREDITO,60.57,2025-09-07T14:06:22,APROVADO
PAG00000508,PED00000508,PIX,28.54,2025-09-07T10:33:08,APROVADO
PAG00000509,PED00000509,CARTAO_CREDITO,20.28,2025-09-07T16:17:56,APROVADO
PAG00000510,PED00000510,CARTAO_DEBITO,78.92,2025-09-07T22:50:05,APROVADO
PAG00000512,PED00000512,CARTAO_DEBITO,57.17,2025-09-07T12:58:42,APROVADO
PAG00000513,PED00000513,PIX,176.14,2025-09-07T19:43:55,APROVADO
PAG00000514,PED00000514,PIX,163.01,2025-09-07T14:54:45,APROVADO
PAG00000515,PED00000515,PIX,24.34,2025-09-07T10:50:44,APROVADO
PAG00000516,PED00000516,CARTAO_CREDITO,137.83,2025-09-07T16:07:55,APROVADO
PAG00000518,PED00000518,CARTAO_CREDITO,160.03,2025-09-07T21:29:51,APROVADO
PAG00000519,PED00000519,CARTAO_DEBITO,64.04,2025-09-07T12:00:26,APROVADO
PAG00000520,PED00000520,PIX,43.13,2025-09-07T15:24:58,APROVADO
PAG00000521,PED00000521,CARTAO_CREDITO,58.43,2025-09-07T20:36:57,APROVADO
PAG00000522,PED00000522,PIX,69.55,2025-09-07T11:28:59,APROVADO
PAG00000524,PED00000524,CARTAO_CREDITO,114.78,2025-09-07T16:51:08,APROVADO
PAG00000525,PED00000525,PIX,43.24,2025-09-07T16:41:05,APROVADO
PAG00000526,PED00000526,CARTAO_CREDITO,25.74,2025-09-07T15:53:08,APROVADO
PAG00000527,PED00000527,CARTAO_CREDITO,67.35,2025-09-08T00:05:18,APROVADO
PAG00000528,PED00000528,CARTAO_CREDITO,59.11,2025-09-07T14:13:01,APROVADO
PAG00000529,PED00000529,PIX,15.94,2025-09-07T18:54:28,APROVADO
PAG00000530,PED00000530,CARTAO_CREDITO,60.67,2025-09-07T14:38:25,APROVADO
PAG00000531,PED00000531,CARTAO_CREDITO,23.38,2025-09-07T14:48:27,APROVADO
PAG00000532,PED00000532,CARTAO_DEBITO,45.94,2025-09-07T15:59:05,APROVADO
PAG00000533,PED00000533,PIX,38.98,2025-09-07T20:02:15,APROVADO
PAG00000534,PED00000534,CARTAO_CREDITO,49.86,2025-09-07T23:53:14,APROVADO
PAG00000535,PED00000535,PIX,66.38,2025-09-07T20:17:20,APROVADO
PAG00000536,PED00000536,CARTAO_CREDITO,37.04,2025-09-07T15:24:27,APROVADO
PAG00000537,PED00000537,PIX,40.68,2025-09-07T19:34:45,APROVADO
PAG00000538,PED00000538,CARTAO_CREDITO,80.0,2025-09-07T15:00:45,APROVADO
PAG00000539,PED00000539,CARTAO_CREDITO,22.08,2025-09-07T10:55:22,APROVADO
PAG00000540,PED00000540,CARTAO_DEBITO,34.81,2025-09-07T18:13:16,APROVADO
PAG00000541,PED00000541,PIX,47.27,2025-09-07T22:38:12,APROVADO
PAG00000542,PED00000542,CARTAO_CREDITO,105.19,2025-09-07T11:12:17,APROVADO
PAG00000543,PED00000543,DINHEIRO,40.6,2025-09-07T10:24:32,APROVADO
PAG00000544,PED00000544,PIX,69.6,2025-09-07T21:38:51,APROVADO
PAG00000545,PED00000545,CARTAO_DEBITO,52.66,2025-09-07T16:58:05,APROVADO
PAG00000546,PED00000546,CARTAO_DEBITO,99.46,2025-09-07T11:10:32,APROVADO
PAG00000547,PED00000547,CARTAO_CREDITO,72.68,2025-09-07T19:47:42,APROVADO
PAG00000548,PED00000548,PIX,190.2,2025-09-07T21:15:25,APROVADO
PAG00000549,PED00000549,PIX,19.68,2025-09-07T22:01:35,APROVADO
PAG00000550,PED00000550,CARTAO_DEBITO,77.09,2025-09-07T19:43:58,APROVADO
PAG00000551,PED00000551,CARTAO_CREDITO,24.13,2025-09-07T21:55:36,APROVADO
PAG00000552,PED00000552,CARTAO_CREDITO,62.63,2025-09-07T17:43:00,APROVADO
PAG00000553,PED00000553,CARTAO_CREDITO,20.47,2025-09-07T20:49:14,APROVADO
PAG00000554,PED00000554,PIX,335.69,2025-09-07T23:02:37,APROVADO
PAG00000555,PED00000555,PIX,50.83,2025-09-07T17:29:43,APROVADO
PAG00000556,PED00000556,PIX,285.59,2025-09-07T12:04:22,APROVADO
PAG00000558,PED00000558,DINHEIRO,16.66,2025-09-07T16:03:05,APROVADO
PAG00000559,PED00000559,CARTAO_CREDITO,305.46,2025-09-07T10:39:58,APROVADO
PAG00000560,PED00000560,CARTAO_CREDITO,27.69,2025-09-07T12:56:41,APROVADO
PAG00000561,PED00000561,PIX,49.2,2025-09-07T23:58:52,APROVADO
PAG00000562,PED00000562,PIX,40.36,2025-09-07T23:55:01,APROVADO
PAG00000563,PED00000563,PIX,79.47,2025-09-07T17:43:46,APROVADO
PAG00000564,PED00000564,PIX,74.39,2025-09-07T21:19:01,APROVADO
PAG00000565,PED00000565,PIX,79.24,2025-09-07T12:25:20,APROVADO
PAG00000566,PED00000566,PIX,236.24,2025-09-07T19:18:41,APROVADO
PAG00000567,PED00000567,PIX,24.61,2025-09-07T18:44:57,APROVADO
PAG00000568,PED00000568,PIX,50.67,2025-09-08T00:05:17,APROVADO
PAG00000569,PED00000569,DINHEIRO,171.58,2025-09-08T21:35:06,APROVADO
PAG00000571,PED00000571,CARTAO_CREDITO,52.52,2025-09-08T17:07:55,APROVADO
PAG00000572,PED00000572,CARTAO_CREDITO,113.65,2025-09-08T17:52:00,APROVADO
PAG00000573,PED00000573,CARTAO_CREDITO,28.83,2025-09-08T17:43:18,PENDENTE
PAG00000574,PED00000574,PIX,37.36,2025-09-08T22:33:04,APROVADO
PAG00000575,PED00000575,CARTAO_DEBITO,132.87,2025-09-08T10:17:08,APROVADO
PAG00000576,PED00000576,PIX,102.42,2025-09-08T12:44:43,APROVADO
PAG00000577,PED00000577,PIX,44.8,2025-09-08T22:35:39,APROVADO
PAG00000578,PED00000578,PIX,63.48,2025-09-08T23:46:01,APROVADO
PAG00000579,PED00000579,CARTAO_CREDITO,26.77,2025-09-08T22:58:36,APROVADO
PAG00000580,PED00000580,PIX,12.5,2025-09-08T18:55:44,APROVADO
PAG00000582,PED00000582,DINHEIRO,23.26,2025-09-08T21:23:13,APROVADO
PAG00000583,PED00000583,PIX,88.12,2025-09-08T14:46:50,APROVADO
PAG00000584,PED00000584,PIX,47.92,2025-09-08T20:19:05,APROVADO
PAG00000585,PED00000585,PIX,50.43,2025-09-08T13:13:39,APROVADO
PAG00000586,PED00000586,DINHEIRO,143.81,2025-09-08T21:17:31,APROVADO
PAG00000587,PED00000587,DINHEIRO,39.12,2025-09-08T22:21:21,APROVADO
PAG00000588,PED00000588,CARTAO_CREDITO,34.01,2025-09-08T18:51:03,PENDENTE
PAG00000589,PED00000589,PIX,73.61,2025-09-08T22:59:25,PENDENTE
PAG00000590,PED00000590,CARTAO_CREDITO,59.53,2025-09-08T13:57:51,APROVADO
PAG00000591,PED00000591,CARTAO_CREDITO,40.94,2025-09-08T16:38:34,APROVADO
PAG00000592,PED00000592,CARTAO_DEBITO,58.88,2025-09-08T13:14:05,APROVADO
PAG00000593,PED00000593,PIX,102.51,2025-09-08T13:21:49,APROVADO
PAG00000594,PED00000594,CARTAO_CREDITO,278.02,2025-09-08T10:53:19,APROVADO
PAG00000595,PED00000595,PIX,101.0,2025-09-08T17:33:29,APROVADO
PAG00000596,PED00000596,PIX,58.21,2025-09-08T23:25:41,APROVADO
PAG00000597,PED00000597,PIX,44.75,2025-09-08T22:23:10,APROVADO
PAG00000599,PED00000599,CARTAO_CREDITO,38.93,2025-09-08T12:18:57,APROVADO
PAG00000600,PED00000600,PIX,131.15,2025-09-08T19:58:46,PENDENTE
PAG00000601,PED00000601,CARTAO_DEBITO,169.47,2025-09-08T14:17:11,APROVADO
PAG00000602,PED00000602,PIX,39.52,2025-09-08T10:35:05,APROVADO
PAG00000603,PED00000603,CARTAO_CREDITO,79.79,2025-09-08T14:53:19,APROVADO
PAG00000604,PED00000604,CARTAO_CREDITO,151.56,2025-09-08T13:40:00,APROVADO
PAG00000605,PED00000605,PIX,85.6,2025-09-08T13:46:48,APROVADO
PAG00000606,PED00000606,PIX,53.5,2025-09-08T22:30:14,APROVADO
PAG00000607,PED00000607,PIX,18.48,2025-09-08T16:07:13,APROVADO
PAG00000608,PED00000608,CARTAO_CREDITO,48.22,2025-09-08T13:55:07,APROVADO
PAG00000609,PED00000609,CARTAO_CREDITO,29.12,2025-09-08T22:33:26,APROVADO
PAG00000610,PED00000610,DINHEIRO,105.93,2025-09-08T14:21:31,APROVADO
PAG00000611,PED00000611,CARTAO_CREDITO,69.95,2025-09-08T17:57:17,APROVADO
PAG00000612,PED00000612,PIX,76.26,2025-09-08T11:06:28,APROVADO
PAG00000613,PED00000613,PIX,113.4,2025-09-08T15:27:23,APROVADO
PAG00000614,PED00000614,PIX,70.03,2025-09-08T14:44:02,APROVADO
PAG00000615,PED00000615,CARTAO_DEBITO,120.9,2025-09-08T15:30:26,APROVADO
PAG00000616,PED00000616,CARTAO_CREDITO,71.85,2025-09-08T19:35:31,PENDENTE
PAG00000617,PED00000617,PIX,35.63,2025-09-09T13:57:34,APROVADO
PAG00000618,PED00000618,CARTAO_CREDITO,21.21,2025-09-09T21:58:31,APROVADO
PAG00000619,PED00000619,CARTAO_CREDITO,92.3,2025-09-09T20:51:55,APROVADO
PAG00000621,PED00000621,CARTAO_CREDITO,37.03,2025-09-09T10:31:29,APROVADO
PAG00000622,PED00000622,CARTAO_DEBITO,54.52,2025-09-09T11:39:06,APROVADO
PAG00000623,PED00000623,PIX,41.69,2025-09-09T15:28:30,APROVADO
PAG00000624,PED00000624,PIX,16.15,2025-09-09T15:06:13,APROVADO
PAG00000625,PED00000625,PIX,51.17,2025-09-09T20:23:24,APROVADO
PAG00000626,PED00000626,PIX,84.78,2025-09-09T10:58:38,APROVADO
PAG00000627,PED00000627,PIX,223.37,2025-09-10T00:01:48,APROVADO
PAG00000628,PED00000628,CARTAO_CREDITO,75.73,2025-09-09T22:18:33,APROVADO
PAG00000629,PED00000629,DINHEIRO,37.43,2025-09-09T22:57:52,APROVADO
PAG00000630,PED00000630,CARTAO_CREDITO,35.05,2025-09-09T10:57:59,APROVADO
PAG00000631,PED00000631,CARTAO_CREDITO,39.34,2025-09-09T14:36:36,APROVADO
PAG00000632,PED00000632,CARTAO_CREDITO,26.53,2025-09-09T22:35:55,APROVADO
PAG00000633,PED00000633,CARTAO_CREDITO,161.05,2025-09-09T14:38:00,APROVADO
PAG00000634,PED00000634,CARTAO_DEBITO,61.49,2025-09-09T22:42:07,APROVADO
PAG00000635,PED00000635,PIX,110.4,2025-09-09T14:10:55,APROVADO
PAG00000636,PED00000636,CARTAO_DEBITO,73.36,2025-09-09T17:55:15,APROVADO
PAG00000637,PED00000637,CARTAO_CREDITO,18.82,2025-09-09T12:51:15,APROVADO
PAG00000638,PED00000638,PIX,71.26,2025-09-09T18:52:30,APROVADO
PAG00000639,PED00000639,CARTAO_CREDITO,81.82,2025-09-09T17:35:29,APROVADO
PAG00000640,PED00000640,CARTAO_CREDITO,151.26,2025-09-09T20:11:57,APROVADO
PAG00000641,PED00000641,CARTAO_CREDITO,151.64,2025-09-09T17:38:08,APROVADO
PAG00000642,PED00000642,CARTAO_CREDITO,94.36,2025-09-09T15:45:35,APROVADO
PAG00000643,PED00000643,PIX,165.58,2025-09-09T13:41:10,APROVADO
PAG00000644,PED00000644,PIX,45.37,2025-09-09T13:41:32,APROVADO
PAG00000645,PED00000645,CARTAO_CREDITO,43.86,2025-09-09T11:43:47,APROVADO
PAG00000646,PED00000646,PIX,59.52,2025-09-09T11:20:01,APROVADO
PAG00000647,PED00000647,DINHEIRO,95.51,2025-09-09T12:51:22,APROVADO
PAG00000648,PED00000648,PIX,169.74,2025-09-09T23:03:06,APROVADO
PAG00000649,PED00000649,CARTAO_DEBITO,102.5,2025-09-09T17:58:27,APROVADO
PAG00000651,PED00000651,PIX,82.97,2025-09-09T12:00:14,PENDENTE
PAG00000652,PED00000652,CARTAO_CREDITO,72.35,2025-09-09T17:34:23,APROVADO
PAG00000653,PED00000653,PIX,377.26,2025-09-09T20:34:55,APROVADO
PAG00000654,PED00000654,CARTAO_CREDITO,68.85,2025-09-09T22:13:35,APROVADO
PAG00000656,PED00000656,DINHEIRO,70.51,2025-09-09T12:17:55,APROVADO
PAG00000657,PED00000657,PIX,83.2,2025-09-09T11:19:00,PENDENTE
PAG00000658,PED00000658,CARTAO_DEBITO,122.32,2025-09-09T13:27:55,APROVADO
PAG00000659,PED00000659,CARTAO_CREDITO,65.77,2025-09-09T11:29:51,APROVADO
PAG00000660,PED00000660,CARTAO_DEBITO,31.94,2025-09-09T11:44:46,APROVADO
PAG00000661,PED00000661,CARTAO_CREDITO,73.19,2025-09-09T11:48:10,APROVADO
PAG00000662,PED00000662,CARTAO_CREDITO,59.31,2025-09-09T16:26:53,APROVADO
PAG00000663,PED00000663,CARTAO_DEBITO,67.07,2025-09-09T13:14:29,APROVADO
PAG00000664,PED00000664,PIX,68.71,2025-09-09T18:29:10,APROVADO
PAG00000665,PED00000665,CARTAO_CREDITO,226.92,2025-09-09T20:58:07,APROVADO
PAG00000666,PED00000666,CARTAO_CREDITO,40.68,2025-09-09T10:29:33,APROVADO
PAG00000667,PED00000667,PIX,28.4,2025-09-09T13:11:57,APROVADO
PAG00000668,PED00000668,CARTAO_CREDITO,15.13,2025-09-09T14:27:53,APROVADO
PAG00000669,PED00000669,PIX,48.11,2025-09-09T18:09:19,APROVADO
PAG00000670,PED00000670,PIX,130.49,2025-09-09T12:32:33,APROVADO
PAG00000671,PED00000671,CARTAO_DEBITO,44.87,2025-09-09T10:34:55,APROVADO
PAG00000672,PED00000672,PIX,21.65,2025-09-09T12:15:34,PENDENTE
PAG00000673,PED00000673,CARTAO_DEBITO,23.79,2025-09-10T12:58:12,APROVADO
PAG00000674,PED00000674,CARTAO_CREDITO,81.41,2025-09-10T11:08:04,APROVADO
PAG00000675,PED00000675,PIX,34.14,2025-09-10T17:59:48,APROVADO
PAG00000676,PED00000676,PIX,87.98,2025-09-10T12:09:47,APROVADO
PAG00000677,PED00000677,CARTAO_DEBITO,58.98,2025-09-10T18:23:06,APROVADO
PAG00000678,PED00000678,PIX,19.69,2025-09-10T15:45:13,APROVADO
PAG00000679,PED00000679,PIX,83.06,2025-09-10T19:02:04,APROVADO
PAG00000680,PED00000680,PIX,130.12,2025-09-10T23:47:46,APROVADO
PAG00000681,PED00000681,CARTAO_DEBITO,127.87,2025-09-10T15:57:18,APROVADO
PAG00000682,PED00000682,PIX,171.46,2025-09-10T12:27:17,APROVADO
PAG00000683,PED00000683,PIX,148.92,2025-09-10T17:25:20,APROVADO
PAG00000684,PED00000684,DINHEIRO,81.0,2025-09-10T20:45:18,APROVADO
PAG00000685,PED00000685,PIX,32.88,2025-09-10T19:31:53,APROVADO
PAG00000686,PED00000686,PIX,125.49,2025-09-10T16:27:47,APROVADO
PAG00000687,PED00000687,PIX,56.12,2025-09-10T23:56:23,APROVADO
PAG00000688,PED00000688,CARTAO_DEBITO,44.25,2025-09-10T11:03:33,APROVADO
PAG00000689,PED00000689,PIX,39.77,2025-09-10T20:57:32,APROVADO
PAG00000690,PED00000690,CARTAO_CREDITO,190.64,2025-09-10T22:44:46,APROVADO
PAG00000691,PED00000691,CARTAO_CREDITO,29.3,2025-09-10T18:01:52,APROVADO
PAG00000692,PED00000692,PIX,104.88,2025-09-10T23:28:34,PENDENTE
PAG00000693,PED00000693,PIX,68.62,2025-09-10T21:17:33,APROVADO
PAG00000694,PED00000694,PIX,347.99,2025-09-10T23:02:42,APROVADO
PAG00000695,PED00000695,CARTAO_CREDITO,54.46,2025-09-10T12:09:48,APROVADO
PAG00000696,PED00000696,PIX,79.56,2025-09-10T23:18:42,APROVADO
PAG00000697,PED00000697,CARTAO_CREDITO,32.01,2025-09-10T13:37:04,APROVADO
PAG00000698,PED00000698,CARTAO_CREDITO,56.26,2025-09-10T18:38:10,APROVADO
PAG00000699,PED00000699,CARTAO_CREDITO,51.8,2025-09-10T22:54:53,APROVADO
PAG00000700,PED00000700,CARTAO_CREDITO,41.29,2025-09-10T22:26:16,APROVADO
PAG00000701,PED00000701,PIX,30.25,2025-09-10T17:44:40,APROVADO
PAG00000702,PED00000702,PIX,36.22,2025-09-10T22:54:26,APROVADO
PAG00000703,PED00000703,CARTAO_CREDITO,83.41,2025-09-10T17:29:44,APROVADO
PAG00000704,PED00000704,CARTAO_CREDITO,117.67,2025-09-10T22:30:18,APROVADO
PAG00000705,PED00000705,PIX,23.08,2025-09-10T17:24:06,APROVADO
PAG00000706,PED00000706,CARTAO_CREDITO,92.22,2025-09-10T20:28:51,APROVADO
PAG00000707,PED00000707,DINHEIRO,32.63,2025-09-10T10:53:01,APROVADO
PAG00000708,PED00000708,PIX,63.93,2025-09-10T15:53:01,APROVADO
PAG00000709,PED00000709,CARTAO_DEBITO,27.75,2025-09-10T10:44:33,APROVADO
PAG00000710,PED00000710,CARTAO_CREDITO,114.21,2025-09-10T15:28:51,APROVADO
PAG00000711,PED00000711,CARTAO_CREDITO,61.21,2025-09-10T17:03:35,APROVADO
PAG00000712,PED00000712,CARTAO_CREDITO,45.92,2025-09-10T22:42:15,APROVADO
PAG00000713,PED00000713,PIX,95.7,2025-09-10T10:25:45,APROVADO
PAG00000714,PED00000714,CARTAO_CREDITO,69.23,2025-09-10T13:57:55,APROVADO
PAG00000715,PED00000715,PIX,192.93,2025-09-10T12:03:43,APROVADO
PAG00000716,PED00000716,PIX,67.84,2025-09-10T11:18:27,APROVADO
PAG00000717,PED00000717,CARTAO_CREDITO,62.91,2025-09-10T12:04:17,APROVADO
PAG00000718,PED00000718,CARTAO_CREDITO,142.11,2025-09-10T20:32:41,APROVADO
PAG00000719,PED00000719,CARTAO_DEBITO,32.16,2025-09-10T10:50:12,PENDENTE
PAG00000720,PED00000720,PIX,169.26,2025-09-10T17:56:39,APROVADO
PAG00000721,PED00000721,PIX,30.03,2025-09-10T19:30:12,APROVADO
PAG00000722,PED00000722,CARTAO_CREDITO,134.04,2025-09-10T16:09:05,APROVADO
PAG00000723,PED00000723,CARTAO_CREDITO,203.86,2025-09-10T13:00:54,APROVADO
PAG00000724,PED00000724,CARTAO_CREDITO,172.45,2025-09-10T19:08:22,APROVADO
PAG00000725,PED00000725,PIX,29.37,2025-09-10T21:20:58,APROVADO
PAG00000727,PED00000727,CARTAO_DEBITO,180.43,2025-09-10T10:40:12,APROVADO
PAG00000729,PED00000729,PIX,185.98,2025-09-10T19:33:37,APROVADO
PAG00000730,PED00000730,PIX,43.18,2025-09-10T21:42:33,APROVADO
PAG00000731,PED00000731,PIX,47.4,2025-09-10T20:16:11,APROVADO
PAG00000732,PED00000732,PIX,84.18,2025-09-10T20:03:29,APROVADO
PAG00000733,PED00000733,PIX,62.78,2025-09-10T16:09:05,APROVADO
PAG00000734,PED00000734,CARTAO_CREDITO,115.88,2025-09-10T12:11:28,APROVADO
PAG00000735,PED00000735,CARTAO_CREDITO,21.04,2025-09-10T14:09:26,APROVADO
PAG00000736,PED00000736,CARTAO_CREDITO,95.35,2025-09-10T15:59:59,APROVADO
PAG00000737,PED00000737,PIX,100.79,2025-09-11T13:45:08,APROVADO
PAG00000738,PED00000738,PIX,57.05,2025-09-11T17:41:27,APROVADO
PAG00000739,PED00000739,CARTAO_CREDITO,175.79,2025-09-11T22:04:54,APROVADO
PAG00000741,PED00000741,CARTAO_CREDITO,25.25,2025-09-11T23:23:53,APROVADO
PAG00000742,PED00000742,CARTAO_CREDITO,53.81,2025-09-11T16:45:12,APROVADO
PAG00000743,PED00000743,PIX,96.4,2025-09-11T14:41:58,APROVADO
PAG00000744,PED00000744,CARTAO_CREDITO,54.71,2025-09-11T16:57:48,PENDENTE
PAG00000745,PED00000745,PIX,56.01,2025-09-11T16:13:58,APROVADO
PAG00000746,PED00000746,PIX,45.89,2025-09-11T18:36:41,APROVADO
PAG00000747,PED00000747,CARTAO_CREDITO,66.16,2025-09-11T21:21:33,APROVADO
PAG00000748,PED00000748,PIX,53.73,2025-09-11T13:39:21,APROVADO
PAG00000749,PED00000749,PIX,61.04,2025-09-11T13:22:32,APROVADO
PAG00000750,PED00000750,PIX,42.61,2025-09-11T22:32:03,APROVADO
PAG00000751,PED00000751,CARTAO_DEBITO,78.17,2025-09-11T15:14:24,APROVADO
PAG00000752,PED00000752,PIX,64.76,2025-09-11T11:33:50,APROVADO
PAG00000753,PED00000753,CARTAO_CREDITO,78.55,2025-09-11T17:20:06,APROVADO
PAG00000754,PED00000754,PIX,33.71,2025-09-11T11:37:19,APROVADO
PAG00000755,PED00000755,CARTAO_CREDITO,132.15,2025-09-11T13:56:53,APROVADO
PAG00000756,PED00000756,CARTAO_DEBITO,43.55,2025-09-11T14:57:31,APROVADO
PAG00000757,PED00000757,PIX,31.92,2025-09-11T16:00:56,APROVADO
PAG00000758,PED00000758,PIX,13.28,2025-09-11T17:20:53,APROVADO
PAG00000759,PED00000759,CARTAO_CREDITO,160.06,2025-09-11T22:39:10,APROVADO
PAG00000760,PED00000760,PIX,205.03,2025-09-11T23:39:56,APROVADO
PAG00000761,PED00000761,PIX,21.37,2025-09-11T13:30:44,APROVADO
PAG00000762,PED00000762,PIX,240.87,2025-09-11T17:23:36,APROVADO
PAG00000763,PED00000763,CARTAO_DEBITO,88.34,2025-09-11T23:30:23,APROVADO
PAG00000764,PED00000764,PIX,25.11,2025-09-11T12:56:06,APROVADO
PAG00000765,PED00000765,CARTAO_CREDITO,73.21,2025-09-11T15:27:31,APROVADO
PAG00000766,PED00000766,PIX,104.86,2025-09-11T23:25:36,APROVADO
PAG00000767,PED00000767,PIX,65.19,2025-09-11T12:13:34,APROVADO
PAG00000768,PED00000768,CARTAO_DEBITO,91.62,2025-09-11T17:56:12,APROVADO
PAG00000769,PED00000769,PIX,150.22,2025-09-11T15:38:46,APROVADO
PAG00000770,PED00000770,CARTAO_CREDITO,123.21,2025-09-11T11:53:46,APROVADO
PAG00000771,PED00000771,PIX,230.62,2025-09-11T10:36:18,APROVADO
PAG00000772,PED00000772,PIX,41.55,2025-09-11T19:14:03,APROVADO
PAG00000773,PED00000773,PIX,127.53,2025-09-11T16:33:06,APROVADO
PAG00000774,PED00000774,CARTAO_CREDITO,31.97,2025-09-11T10:48:28,APROVADO
PAG00000775,PED00000775,PIX,53.22,2025-09-11T14:15:24,APROVADO
PAG00000776,PED00000776,PIX,28.64,2025-09-11T22:56:04,APROVADO
PAG00000777,PED00000777,CARTAO_DEBITO,57.94,2025-09-11T21:21:41,APROVADO
PAG00000778,PED00000778,CARTAO_CREDITO,55.19,2025-09-11T16:19:39,APROVADO
PAG00000779,PED00000779,DINHEIRO,51.11,2025-09-11T23:28:03,APROVADO
PAG00000780,PED00000780,PIX,63.05,2025-09-11T15:15:23,APROVADO
PAG00000781,PED00000781,CARTAO_CREDITO,98.25,2025-09-11T15:24:51,APROVADO
PAG00000782,PED00000782,CARTAO_DEBITO,77.94,2025-09-11T22:06:55,PENDENTE
PAG00000783,PED00000783,PIX,205.57,2025-09-11T23:41:31,APROVADO
PAG00000784,PED00000784,CARTAO_CREDITO,287.31,2025-09-11T13:30:24,APROVADO
PAG00000785,PED00000785,CARTAO_CREDITO,50.9,2025-09-11T23:19:22,PENDENTE
PAG00000786,PED00000786,PIX,28.5,2025-09-11T20:19:35,APROVADO
PAG00000787,PED00000787,CARTAO_CREDITO,45.91,2025-09-12T00:05:15,PENDENTE
PAG00000788,PED00000788,CARTAO_CREDITO,69.73,2025-09-11T22:58:35,APROVADO
PAG00000789,PED00000789,PIX,130.61,2025-09-11T20:00:35,APROVADO
PAG00000790,PED00000790,PIX,95.17,2025-09-11T21:50:37,PENDENTE
PAG00000791,PED00000791,CARTAO_CREDITO,123.29,2025-09-11T15:42:24,APROVADO
PAG00000792,PED00000792,DINHEIRO,73.9,2025-09-11T15:20:36,APROVADO
PAG00000793,PED00000793,CARTAO_CREDITO,35.96,2025-09-11T11:35:35,APROVADO
PAG00000794,PED00000794,CARTAO_DEBITO,86.37,2025-09-11T11:26:38,APROVADO
PAG00000795,PED00000795,PIX,36.91,2025-09-11T20:27:44,APROVADO
PAG00000796,PED00000796,CARTAO_CREDITO,110.11,2025-09-11T22:25:41,APROVADO
PAG00000797,PED00000797,CARTAO_CREDITO,56.97,2025-09-11T17:18:55,APROVADO
PAG00000798,PED00000798,PIX,65.49,2025-09-11T22:58:36,APROVADO
PAG00000799,PED00000799,CARTAO_CREDITO,61.94,2025-09-11T19:57:28,APROVADO
PAG00000800,PED00000800,CARTAO_CREDITO,63.12,2025-09-11T13:11:21,APROVADO
PAG00000801,PED00000801,CARTAO_DEBITO,92.68,2025-09-11T15:34:21,APROVADO
PAG00000802,PED00000802,CARTAO_CREDITO,31.93,2025-09-11T10:37:01,APROVADO
PAG00000803,PED00000803,PIX,94.76,2025-09-11T17:26:49,APROVADO
PAG00000804,PED00000804,CARTAO_DEBITO,85.62,2025-09-11T16:19:23,APROVADO
PAG00000805,PED00000805,PIX,155.89,2025-09-11T22:49:18,APROVADO
PAG00000806,PED00000806,CARTAO_CREDITO,126.13,2025-09-11T13:14:56,APROVADO
PAG00000807,PED00000807,CARTAO_DEBITO,168.63,2025-09-11T15:07:20,APROVADO
PAG00000808,PED00000808,PIX,82.7,2025-09-11T13:34:43,APROVADO
PAG00000809,PED00000809,CARTAO_DEBITO,75.71,2025-09-12T18:06:04,APROVADO
PAG00000810,PED00000810,PIX,20.01,2025-09-12T22:33:31,APROVADO
PAG00000811,PED00000811,PIX,39.9,2025-09-12T18:45:26,APROVADO
PAG00000812,PED00000812,CARTAO_CREDITO,32.92,2025-09-12T13:57:49,APROVADO
PAG00000813,PED00000813,CARTAO_CREDITO,72.46,2025-09-12T16:13:04,APROVADO
PAG00000814,PED00000814,CARTAO_CREDITO,64.79,2025-09-12T18:49:45,APROVADO
PAG00000815,PED00000815,PIX,52.89,2025-09-12T16:21:17,APROVADO
PAG00000816,PED00000816,CARTAO_CREDITO,18.28,2025-09-12T23:44:21,APROVADO
PAG00000817,PED00000817,CARTAO_CREDITO,13.28,2025-09-12T19:55:33,APROVADO
PAG00000818,PED00000818,PIX,34.32,2025-09-12T13:38:50,APROVADO
PAG00000819,PED00000819,PIX,44.52,2025-09-12T11:38:21,APROVADO
PAG00000820,PED00000820,PIX,61.36,2025-09-12T10:04:41,APROVADO
PAG00000821,PED00000821,CARTAO_CREDITO,126.46,2025-09-12T13:39:57,APROVADO
PAG00000822,PED00000822,PIX,40.81,2025-09-12T22:23:41,APROVADO
PAG00000823,PED00000823,PIX,29.96,2025-09-12T22:07:01,APROVADO
PAG00000824,PED00000824,DINHEIRO,30.6,2025-09-12T20:27:53,APROVADO
PAG00000825,PED00000825,PIX,70.12,2025-09-12T15:20:39,APROVADO
PAG00000828,PED00000828,CARTAO_CREDITO,71.18,2025-09-12T18:46:48,APROVADO
PAG00000829,PED00000829,PIX,62.14,2025-09-12T12:08:24,APROVADO
PAG00000830,PED00000830,PIX,73.84,2025-09-12T22:29:04,APROVADO
PAG00000831,PED00000831,PIX,88.79,2025-09-12T18:43:10,APROVADO
PAG00000832,PED00000832,PIX,118.1,2025-09-12T20:42:38,PENDENTE
PAG00000833,PED00000833,CARTAO_CREDITO,33.91,2025-09-12T13:55:02,APROVADO
PAG00000834,PED00000834,CARTAO_DEBITO,91.07,2025-09-12T11:49:50,APROVADO
PAG00000835,PED00000835,PIX,100.22,2025-09-12T16:15:55,PENDENTE
PAG00000836,PED00000836,PIX,123.84,2025-09-12T13:50:48,APROVADO
PAG00000837,PED00000837,PIX,65.91,2025-09-12T11:26:54,APROVADO
PAG00000838,PED00000838,PIX,62.66,2025-09-12T15:55:05,APROVADO
PAG00000839,PED00000839,PIX,51.59,2025-09-12T21:54:09,APROVADO
PAG00000840,PED00000840,PIX,111.12,2025-09-12T16:34:44,PENDENTE
PAG00000841,PED00000841,CARTAO_DEBITO,55.22,2025-09-12T11:59:29,APROVADO
PAG00000842,PED00000842,CARTAO_CREDITO,107.18,2025-09-12T18:44:38,APROVADO
PAG00000843,PED00000843,CARTAO_DEBITO,82.43,2025-09-12T14:56:33,APROVADO
PAG00000844,PED00000844,PIX,74.59,2025-09-12T10:18:40,APROVADO
PAG00000845,PED00000845,CARTAO_CREDITO,49.99,2025-09-12T13:05:55,APROVADO
PAG00000846,PED00000846,DINHEIRO,69.71,2025-09-12T14:58:19,APROVADO
PAG00000847,PED00000847,CARTAO_DEBITO,31.09,2025-09-12T19:10:36,APROVADO
PAG00000848,PED00000848,CARTAO_CREDITO,91.77,2025-09-12T22:31:40,APROVADO
PAG00000849,PED00000849,CARTAO_DEBITO,38.93,2025-09-12T20:46:25,APROVADO
PAG00000850,PED00000850,CARTAO_CREDITO,49.93,2025-09-12T11:16:58,APROVADO
PAG00000851,PED00000851,CARTAO_DEBITO,68.98,2025-09-12T15:31:43,APROVADO
PAG00000852,PED00000852,PIX,36.88,2025-09-12T12:24:53,APROVADO
PAG00000853,PED00000853,PIX,152.09,2025-09-12T17:00:40,APROVADO
PAG00000854,PED00000854,PIX,45.88,2025-09-12T15:06:26,APROVADO
PAG00000855,PED00000855,CARTAO_CREDITO,45.91,2025-09-12T15:22:49,APROVADO
PAG00000856,PED00000856,DINHEIRO,68.79,2025-09-12T21:27:26,APROVADO
PAG00000857,PED00000857,PIX,80.29,2025-09-12T10:29:24,APROVADO
PAG00000858,PED00000858,PIX,18.17,2025-09-12T16:09:46,APROVADO
PAG00000859,PED00000859,CARTAO_CREDITO,86.94,2025-09-12T11:18:10,APROVADO
PAG00000860,PED00000860,PIX,91.12,2025-09-12T15:05:23,APROVADO
PAG00000861,PED00000861,CARTAO_DEBITO,34.52,2025-09-12T18:16:38,APROVADO
PAG00000862,PED00000862,CARTAO_DEBITO,220.65,2025-09-12T11:49:29,APROVADO
PAG00000863,PED00000863,PIX,89.55,2025-09-12T20:22:57,APROVADO
PAG00000864,PED00000864,CARTAO_CREDITO,46.24,2025-09-12T21:05:21,APROVADO
PAG00000865,PED00000865,CARTAO_CREDITO,344.27,2025-09-12T12:16:24,APROVADO
PAG00000866,PED00000866,CARTAO_CREDITO,78.52,2025-09-12T23:04:36,APROVADO
PAG00000867,PED00000867,PIX,121.72,2025-09-12T23:07:25,APROVADO
PAG00000868,PED00000868,PIX,62.29,2025-09-12T19:42:22,APROVADO
PAG00000869,PED00000869,CARTAO_CREDITO,108.87,2025-09-12T16:33:19,APROVADO
PAG00000870,PED00000870,PIX,104.14,2025-09-12T15:39:45,APROVADO
PAG00000871,PED00000871,PIX,21.58,2025-09-12T19:05:37,APROVADO
PAG00000872,PED00000872,DINHEIRO,53.54,2025-09-12T16:39:12,APROVADO
PAG00000873,PED00000873,CARTAO_CREDITO,165.12,2025-09-12T23:26:34,APROVADO
PAG00000874,PED00000874,DINHEIRO,139.2,2025-09-12T16:19:27,APROVADO
PAG00000875,PED00000875,CARTAO_DEBITO,63.58,2025-09-12T16:56:21,APROVADO
PAG00000876,PED00000876,PIX,29.56,2025-09-12T17:45:12,APROVADO
PAG00000877,PED00000877,CARTAO_CREDITO,17.31,2025-09-12T14:09:29,APROVADO
PAG00000878,PED00000878,PIX,27.89,2025-09-12T17:49:57,PENDENTE
PAG00000879,PED00000879,CARTAO_CREDITO,80.86,2025-09-12T22:09:02,PENDENTE
PAG00000880,PED00000880,CARTAO_CREDITO,102.02,2025-09-12T10:25:33,APROVADO
PAG00000881,PED00000881,PIX,48.93,2025-09-12T14:26:37,APROVADO
PAG00000882,PED00000882,CARTAO_DEBITO,9.67,2025-09-12T22:53:41,APROVADO
PAG00000883,PED00000883,CARTAO_DEBITO,29.12,2025-09-12T13:01:38,APROVADO
PAG00000884,PED00000884,CARTAO_CREDITO,96.46,2025-09-12T12:49:01,APROVADO
PAG00000885,PED00000885,PIX,100.67,2025-09-12T21:37:56,APROVADO
PAG00000886,PED00000886,PIX,120.63,2025-09-12T11:36:09,APROVADO
PAG00000887,PED00000887,CARTAO_CREDITO,18.12,2025-09-12T10:44:17,APROVADO
PAG00000888,PED00000888,CARTAO_CREDITO,72.71,2025-09-12T17:27:03,APROVADO
PAG00000889,PED00000889,CARTAO_CREDITO,21.84,2025-09-12T16:16:56,APROVADO
PAG00000890,PED00000890,PIX,13.3,2025-09-12T18:24:04,APROVADO
PAG00000891,PED00000891,DINHEIRO,97.22,2025-09-12T13:32:59,APROVADO
PAG00000892,PED00000892,CARTAO_CREDITO,41.73,2025-09-12T12:11:26,APROVADO
PAG00000893,PED00000893,CARTAO_DEBITO,65.81,2025-09-13T00:03:44,APROVADO
PAG00000894,PED00000894,PIX,61.33,2025-09-12T20:00:18,APROVADO
PAG00000895,PED00000895,PIX,141.38,2025-09-12T17:52:50,APROVADO
PAG00000896,PED00000896,CARTAO_DEBITO,46.96,2025-09-12T22:55:21,APROVADO
PAG00000897,PED00000897,PIX,94.59,2025-09-12T19:00:50,APROVADO
PAG00000898,PED00000898,PIX,165.43,2025-09-12T16:47:31,APROVADO
PAG00000899,PED00000899,PIX,188.02,2025-09-12T11:21:39,APROVADO
PAG00000900,PED00000900,PIX,13.77,2025-09-12T10:43:01,APROVADO
PAG00000901,PED00000901,CARTAO_CREDITO,31.1,2025-09-12T19:50:49,APROVADO
PAG00000902,PED00000902,PIX,160.45,2025-09-12T21:27:57,APROVADO
PAG00000903,PED00000903,CARTAO_DEBITO,92.5,2025-09-12T10:48:15,APROVADO
PAG00000904,PED00000904,PIX,119.48,2025-09-12T19:27:22,APROVADO
PAG00000905,PED00000905,PIX,17.72,2025-09-12T22:11:58,PENDENTE
PAG00000906,PED00000906,PIX,45.94,2025-09-12T14:00:41,APROVADO
PAG00000907,PED00000907,PIX,54.5,2025-09-12T17:15:27,APROVADO
PAG00000908,PED00000908,PIX,72.65,2025-09-12T12:10:25,APROVADO
PAG00000910,PED00000910,CARTAO_DEBITO,21.9,2025-09-12T13:01:23,APROVADO
PAG00000911,PED00000911,CARTAO_CREDITO,87.18,2025-09-12T11:36:49,APROVADO
PAG00000912,PED00000912,CARTAO_CREDITO,105.71,2025-09-12T18:06:20,APROVADO
PAG00000913,PED00000913,PIX,21.64,2025-09-12T12:15:34,APROVADO
PAG00000914,PED00000914,PIX,108.12,2025-09-12T17:09:13,APROVADO
PAG00000915,PED00000915,CARTAO_CREDITO,98.48,2025-09-12T23:28:51,APROVADO
PAG00000916,PED00000916,PIX,44.12,2025-09-12T22:12:09,APROVADO
PAG00000917,PED00000917,CARTAO_DEBITO,19.89,2025-09-12T15:21:16,PENDENTE
PAG00000919,PED00000919,PIX,24.92,2025-09-12T11:31:26,APROVADO
PAG00000920,PED00000920,PIX,127.25,2025-09-12T22:28:18,APROVADO
PAG00000921,PED00000921,CARTAO_CREDITO,56.67,2025-09-13T12:06:08,APROVADO
PAG00000922,PED00000922,CARTAO_CREDITO,132.04,2025-09-13T22:14:55,APROVADO
PAG00000923,PED00000923,PIX,58.62,2025-09-13T19:21:50,APROVADO
PAG00000924,PED00000924,CARTAO_DEBITO,57.52,2025-09-13T18:01:51,APROVADO
PAG00000925,PED00000925,CARTAO_CREDITO,16.21,2025-09-13T16:32:23,APROVADO
PAG00000926,PED00000926,CARTAO_CREDITO,150.48,2025-09-13T20:07:20,APROVADO
PAG00000927,PED00000927,PIX,30.31,2025-09-13T19:31:03,APROVADO
PAG00000928,PED00000928,PIX,75.29,2025-09-13T22:50:04,APROVADO
PAG00000929,PED00000929,CARTAO_CREDITO,47.15,2025-09-13T20:02:31,APROVADO
PAG00000930,PED00000930,PIX,62.91,2025-09-13T10:18:39,APROVADO
PAG00000931,PED00000931,DINHEIRO,46.31,2025-09-13T22:58:43,APROVADO
PAG00000932,PED00000932,CARTAO_CREDITO,77.91,2025-09-13T19:06:47,APROVADO
PAG00000933,PED00000933,PIX,57.57,2025-09-13T17:49:45,APROVADO
PAG00000934,PED00000934,PIX,19.64,2025-09-13T22:20:29,APROVADO
PAG00000935,PED00000935,CARTAO_CREDITO,156.37,2025-09-13T16:26:26,APROVADO
PAG00000936,PED00000936,CARTAO_CREDITO,41.32,2025-09-13T17:58:36,APROVADO
PAG00000937,PED00000937,CARTAO_DEBITO,259.41,2025-09-13T19:43:54,APROVADO
PAG00000938,PED00000938,CARTAO_DEBITO,29.98,2025-09-13T19:10:01,APROVADO
PAG00000939,PED00000939,PIX,91.9,2025-09-13T11:35:01,APROVADO
PAG00000940,PED00000940,CARTAO_CREDITO,55.67,2025-09-13T19:08:10,APROVADO
PAG00000941,PED00000941,CARTAO_DEBITO,105.5,2025-09-13T15:04:12,PENDENTE
PAG00000942,PED00000942,CARTAO_DEBITO,39.91,2025-09-13T23:24:30,APROVADO
PAG00000943,PED00000943,CARTAO_CREDITO,50.52,2025-09-13T13:59:14,APROVADO
PAG00000944,PED00000944,PIX,9.94,2025-09-13T10:53:38,APROVADO
PAG00000945,PED00000945,CARTAO_DEBITO,17.7,2025-09-13T17:24:12,APROVADO
PAG00000946,PED00000946,PIX,495.3,2025-09-13T20:24:46,APROVADO
PAG00000947,PED00000947,PIX,28.56,2025-09-13T17:17:25,APROVADO
PAG00000948,PED00000948,CARTAO_DEBITO,149.71,2025-09-13T16:26:13,APROVADO
PAG00000949,PED00000949,PIX,191.57,2025-09-13T11:49:21,APROVADO
PAG00000950,PED00000950,DINHEIRO,13.0,2025-09-13T17:27:09,APROVADO
PAG00000951,PED00000951,CARTAO_CREDITO,96.04,2025-09-13T19:52:07,APROVADO
PAG00000952,PED00000952,CARTAO_CREDITO,60.56,2025-09-13T10:20:01,APROVADO
PAG00000953,PED00000953,CARTAO_DEBITO,35.78,2025-09-13T23:02:58,APROVADO
PAG00000954,PED00000954,CARTAO_DEBITO,21.97,2025-09-13T22:47:10,APROVADO
PAG00000955,PED00000955,CARTAO_CREDITO,76.57,2025-09-13T14:21:10,APROVADO
PAG00000956,PED00000956,CARTAO_DEBITO,93.41,2025-09-13T22:42:11,APROVADO
PAG00000957,PED00000957,CARTAO_CREDITO,46.56,2025-09-13T19:40:13,PENDENTE
PAG00000958,PED00000958,CARTAO_CREDITO,24.33,2025-09-13T11:24:53,APROVADO
PAG00000960,PED00000960,PIX,47.78,2025-09-13T13:14:00,APROVADO
PAG00000961,PED00000961,PIX,82.17,2025-09-13T18:59:36,APROVADO
PAG00000962,PED00000962,CARTAO_CREDITO,29.8,2025-09-13T20:09:26,APROVADO
PAG00000963,PED00000963,CARTAO_DEBITO,163.01,2025-09-13T17:02:35,APROVADO
PAG00000964,PED00000964,PIX,32.66,2025-09-13T15:03:55,APROVADO
PAG00000965,PED00000965,PIX,29.92,2025-09-13T22:02:27,PENDENTE
PAG00000966,PED00000966,CARTAO_CREDITO,82.24,2025-09-13T19:09:53,APROVADO
PAG00000967,PED00000967,PIX,77.14,2025-09-13T16:37:24,APROVADO
PAG00000968,PED00000968,CARTAO_CREDITO,14.71,2025-09-13T16:11:08,APROVADO
PAG00000969,PED00000969,PIX,33.97,2025-09-14T00:04:23,APROVADO
PAG00000970,PED00000970,PIX,20.87,2025-09-13T17:41:23,APROVADO
PAG00000971,PED00000971,PIX,195.81,2025-09-13T11:41:30,APROVADO
PAG00000972,PED00000972,PIX,52.14,2025-09-13T15:50:36,APROVADO
PAG00000973,PED00000973,CARTAO_CREDITO,67.01,2025-09-13T15:31:33,PENDENTE
PAG00000974,PED00000974,PIX,187.1,2025-09-13T11:38:02,APROVADO
PAG00000976,PED00000976,PIX,130.34,2025-09-13T23:43:19,APROVADO
PAG00000977,PED00000977,CARTAO_CREDITO,171.72,2025-09-13T11:55:49,APROVADO
PAG00000978,PED00000978,CARTAO_CREDITO,61.22,2025-09-13T12:59:09,APROVADO
PAG00000979,PED00000979,PIX,91.96,2025-09-13T11:43:27,APROVADO
PAG00000980,PED00000980,PIX,45.48,2025-09-13T14:21:45,APROVADO
PAG00000981,PED00000981,PIX,172.35,2025-09-13T19:43:18,PENDENTE
PAG00000982,PED00000982,PIX,32.75,2025-09-13T21:12:20,APROVADO
PAG00000983,PED00000983,CARTAO_DEBITO,34.28,2025-09-13T14:54:06,APROVADO
PAG00000984,PED00000984,CARTAO_DEBITO,77.11,2025-09-13T10:46:32,APROVADO
PAG00000986,PED00000986,CARTAO_CREDITO,85.98,2025-09-13T23:56:52,APROVADO
PAG00000987,PED00000987,PIX,126.5,2025-09-13T21:50:08,APROVADO
PAG00000988,PED00000988,DINHEIRO,80.45,2025-09-13T15:14:16,APROVADO
PAG00000989,PED00000989,PIX,73.4,2025-09-13T20:04:38,PENDENTE
PAG00000990,PED00000990,PIX,110.57,2025-09-13T19:40:37,APROVADO
PAG00000991,PED00000991,PIX,125.51,2025-09-13T14:45:21,APROVADO
PAG00000992,PED00000992,CARTAO_CREDITO,33.57,2025-09-13T20:26:34,APROVADO
PAG00000993,PED00000993,CARTAO_DEBITO,102.29,2025-09-13T21:50:26,APROVADO
PAG00000994,PED00000994,PIX,78.1,2025-09-13T10:47:00,PENDENTE
PAG00000995,PED00000995,PIX,78.26,2025-09-13T15:53:32,PENDENTE
PAG00000996,PED00000996,CARTAO_DEBITO,136.31,2025-09-13T23:00:32,APROVADO
PAG00000997,PED00000997,CARTAO_CREDITO,171.07,2025-09-13T10:15:18,APROVADO
PAG00000998,PED00000998,CARTAO_DEBITO,68.96,2025-09-13T15:44:15,APROVADO
PAG00000999,PED00000999,PIX,219.6,2025-09-13T20:04:07,APROVADO
PAG00001000,PED00001000,PIX,265.79,2025-09-13T14:40:46,APROVADO
PAG00001001,PED00001001,PIX,57.1,2025-09-13T21:15:46,APROVADO
PAG00001002,PED00001002,PIX,91.09,2025-09-13T12:46:56,APROVADO
PAG00001004,PED00001004,CARTAO_DEBITO,278.1,2025-09-13T12:47:49,APROVADO
PAG00001005,PED00001005,PIX,30.28,2025-09-13T11:40:51,APROVADO
PAG00001006,PED00001006,PIX,65.25,2025-09-13T19:05:37,PENDENTE
PAG00001007,PED00001007,PIX,56.82,2025-09-13T15:26:46,APROVADO
PAG00001008,PED00001008,PIX,71.21,2025-09-13T19:33:52,APROVADO
PAG00001010,PED00001010,PIX,48.05,2025-09-13T19:10:42,APROVADO
PAG00001011,PED00001011,CARTAO_DEBITO,192.69,2025-09-13T22:25:27,APROVADO
PAG00001012,PED00001012,PIX,132.52,2025-09-13T10:27:40,APROVADO
PAG00001013,PED00001013,CARTAO_CREDITO,69.27,2025-09-13T16:24:14,APROVADO
PAG00001015,PED00001015,DINHEIRO,54.4,2025-09-13T15:04:15,APROVADO
PAG00001016,PED00001016,PIX,21.05,2025-09-13T13:59:15,APROVADO
PAG00001017,PED00001017,CARTAO_DEBITO,42.57,2025-09-13T21:07:01,APROVADO
PAG00001018,PED00001018,PIX,146.19,2025-09-13T12:17:11,APROVADO
PAG00001019,PED00001019,PIX,49.36,2025-09-13T23:50:04,APROVADO
PAG00001020,PED00001020,CARTAO_CREDITO,64.58,2025-09-13T12:39:33,APROVADO
PAG00001022,PED00001022,CARTAO_DEBITO,37.79,2025-09-13T11:21:09,APROVADO
PAG00001023,PED00001023,CARTAO_CREDITO,97.39,2025-09-13T10:18:29,APROVADO
PAG00001024,PED00001024,PIX,89.34,2025-09-13T15:47:57,APROVADO
PAG00001025,PED00001025,PIX,64.84,2025-09-14T00:01:31,APROVADO
PAG00001026,PED00001026,CARTAO_CREDITO,160.84,2025-09-13T17:53:44,APROVADO
PAG00001027,PED00001027,DINHEIRO,41.66,2025-09-13T23:35:53,APROVADO
PAG00001028,PED00001028,CARTAO_CREDITO,24.32,2025-09-13T12:14:05,APROVADO
PAG00001029,PED00001029,CARTAO_DEBITO,88.13,2025-09-13T20:49:35,APROVADO
PAG00001030,PED00001030,PIX,44.4,2025-09-13T12:00:33,APROVADO
PAG00001031,PED00001031,CARTAO_CREDITO,64.31,2025-09-13T14:53:31,APROVADO
PAG00001032,PED00001032,CARTAO_CREDITO,40.04,2025-09-13T17:49:10,APROVADO
PAG00001033,PED00001033,CARTAO_CREDITO,81.19,2025-09-13T21:26:02,APROVADO
PAG00001034,PED00001034,CARTAO_CREDITO,18.57,2025-09-13T10:39:49,APROVADO
PAG00001035,PED00001035,PIX,24.21,2025-09-13T21:51:39,APROVADO
PAG00001036,PED00001036,PIX,30.27,2025-09-13T17:32:10,APROVADO
PAG00001037,PED00001037,CARTAO_CREDITO,46.43,2025-09-13T17:27:30,APROVADO
PAG00001038,PED00001038,PIX,50.37,2025-09-13T19:08:52,APROVADO
PAG00001039,PED00001039,CARTAO_CREDITO,75.91,2025-09-13T11:23:24,APROVADO
PAG00001040,PED00001040,PIX,58.4,2025-09-13T18:33:21,APROVADO
PAG00001041,PED00001041,DINHEIRO,33.47,2025-09-13T16:51:48,APROVADO
PAG00001042,PED00001042,PIX,74.53,2025-09-13T17:31:20,APROVADO
PAG00001043,PED00001043,CARTAO_CREDITO,50.65,2025-09-13T17:33:10,APROVADO
PAG00001044,PED00001044,CARTAO_DEBITO,136.55,2025-09-13T16:47:21,APROVADO
PAG00001045,PED00001045,PIX,120.11,2025-09-13T17:24:20,APROVADO
PAG00001046,PED00001046,PIX,180.75,2025-09-13T12:42:13,APROVADO
PAG00001047,PED00001047,CARTAO_CREDITO,179.87,2025-09-13T22:08:11,APROVADO
PAG00001048,PED00001048,CARTAO_CREDITO,14.14,2025-09-13T12:50:37,APROVADO
PAG00001049,PED00001049,CARTAO_DEBITO,71.76,2025-09-14T15:56:15,APROVADO
PAG00001050,PED00001050,CARTAO_CREDITO,39.96,2025-09-14T19:14:23,APROVADO
PAG00001051,PED00001051,PIX,34.36,2025-09-14T14:58:31,APROVADO
PAG00001052,PED00001052,CARTAO_CREDITO,80.83,2025-09-14T13:48:19,APROVADO
PAG00001053,PED00001053,PIX,135.2,2025-09-14T12:42:51,APROVADO
PAG00001054,PED00001054,CARTAO_CREDITO,102.77,2025-09-14T13:38:03,APROVADO
PAG00001055,PED00001055,PIX,188.59,2025-09-14T12:37:01,APROVADO
PAG00001056,PED00001056,PIX,25.27,2025-09-14T17:35:51,APROVADO
PAG00001057,PED00001057,CARTAO_DEBITO,63.14,2025-09-14T19:49:21,APROVADO
PAG00001058,PED00001058,CARTAO_DEBITO,85.34,2025-09-14T23:31:56,APROVADO
PAG00001059,PED00001059,PIX,47.98,2025-09-14T21:15:05,APROVADO
PAG00001060,PED00001060,CARTAO_CREDITO,176.84,2025-09-14T17:56:28,PENDENTE
PAG00001061,PED00001061,PIX,120.29,2025-09-14T12:57:04,APROVADO
PAG00001062,PED00001062,CARTAO_CREDITO,113.92,2025-09-14T22:43:33,APROVADO
PAG00001063,PED00001063,PIX,161.11,2025-09-14T21:25:00,APROVADO
PAG00001064,PED00001064,CARTAO_CREDITO,112.01,2025-09-14T19:20:20,APROVADO
PAG00001065,PED00001065,CARTAO_DEBITO,18.14,2025-09-14T16:01:19,APROVADO
PAG00001066,PED00001066,CARTAO_DEBITO,30.55,2025-09-14T13:56:48,APROVADO
PAG00001067,PED00001067,CARTAO_CREDITO,66.97,2025-09-14T20:05:11,APROVADO
PAG00001068,PED00001068,CARTAO_DEBITO,192.24,2025-09-14T17:34:23,APROVADO
PAG00001069,PED00001069,CARTAO_DEBITO,38.74,2025-09-14T11:59:29,APROVADO
PAG00001071,PED00001071,PIX,71.93,2025-09-14T10:37:01,APROVADO
PAG00001072,PED00001072,PIX,52.33,2025-09-14T21:57:17,APROVADO
PAG00001073,PED00001073,PIX,24.04,2025-09-14T18:32:16,APROVADO
PAG00001074,PED00001074,DINHEIRO,47.43,2025-09-15T00:01:04,APROVADO
PAG00001075,PED00001075,PIX,34.16,2025-09-14T21:21:24,APROVADO
PAG00001076,PED00001076,PIX,154.34,2025-09-14T12:46:42,APROVADO
PAG00001077,PED00001077,PIX,35.37,2025-09-14T19:40:08,APROVADO
PAG00001078,PED00001078,PIX,14.03,2025-09-14T21:12:53,APROVADO
PAG00001079,PED00001079,CARTAO_DEBITO,34.98,2025-09-14T20:05:45,APROVADO
PAG00001080,PED00001080,DINHEIRO,52.4,2025-09-14T22:43:04,APROVADO
PAG00001081,PED00001081,PIX,178.09,2025-09-14T19:59:41,APROVADO
PAG00001082,PED00001082,CARTAO_CREDITO,110.84,2025-09-14T18:25:52,APROVADO
PAG00001083,PED00001083,CARTAO_CREDITO,53.66,2025-09-14T21:11:06,PENDENTE
PAG00001084,PED00001084,CARTAO_CREDITO,48.89,2025-09-14T23:51:36,APROVADO
PAG00001085,PED00001085,CARTAO_CREDITO,116.25,2025-09-14T15:44:37,APROVADO
PAG00001086,PED00001086,CARTAO_CREDITO,166.59,2025-09-14T17:14:12,APROVADO
PAG00001087,PED00001087,PIX,205.75,2025-09-14T20:38:27,APROVADO
PAG00001088,PED00001088,PIX,162.01,2025-09-14T20:39:35,APROVADO
PAG00001089,PED00001089,CARTAO_CREDITO,47.46,2025-09-14T15:16:45,APROVADO
PAG00001090,PED00001090,PIX,18.43,2025-09-14T19:01:21,APROVADO
PAG00001091,PED00001091,CARTAO_DEBITO,33.54,2025-09-14T10:54:46,APROVADO
PAG00001092,PED00001092,PIX,72.68,2025-09-14T14:50:59,APROVADO
PAG00001093,PED00001093,PIX,73.24,2025-09-14T10:05:09,APROVADO
PAG00001094,PED00001094,CARTAO_CREDITO,183.29,2025-09-14T22:40:10,APROVADO
PAG00001095,PED00001095,PIX,134.42,2025-09-14T21:08:12,APROVADO
PAG00001096,PED00001096,CARTAO_CREDITO,57.51,2025-09-14T22:54:39,APROVADO
PAG00001097,PED00001097,CARTAO_DEBITO,47.75,2025-09-14T14:35:46,APROVADO
PAG00001098,PED00001098,PIX,76.0,2025-09-14T15:03:27,APROVADO
PAG00001099,PED00001099,PIX,89.53,2025-09-14T17:16:09,APROVADO
PAG00001100,PED00001100,CARTAO_DEBITO,54.6,2025-09-14T23:31:39,APROVADO
PAG00001101,PED00001101,PIX,50.44,2025-09-14T10:32:50,APROVADO
PAG00001102,PED00001102,PIX,108.35,2025-09-14T23:55:08,APROVADO
PAG00001103,PED00001103,PIX,43.55,2025-09-14T10:15:20,APROVADO
PAG00001104,PED00001104,PIX,84.6,2025-09-14T18:39:03,APROVADO
PAG00001105,PED00001105,CARTAO_CREDITO,31.77,2025-09-14T21:21:27,APROVADO
PAG00001106,PED00001106,CARTAO_CREDITO,14.73,2025-09-14T19:58:20,APROVADO
PAG00001107,PED00001107,CARTAO_DEBITO,78.46,2025-09-14T15:03:39,APROVADO
PAG00001108,PED00001108,CARTAO_CREDITO,135.47,2025-09-14T21:13:52,APROVADO
PAG00001110,PED00001110,CARTAO_DEBITO,33.61,2025-09-14T23:38:48,APROVADO
PAG00001111,PED00001111,CARTAO_CREDITO,86.66,2025-09-14T14:37:35,APROVADO
PAG00001112,PED00001112,CARTAO_DEBITO,50.8,2025-09-14T22:57:36,APROVADO
PAG00001113,PED00001113,CARTAO_CREDITO,46.52,2025-09-14T19:18:59,PENDENTE
PAG00001114,PED00001114,CARTAO_DEBITO,147.47,2025-09-14T17:35:26,APROVADO
PAG00001115,PED00001115,PIX,27.51,2025-09-14T18:52:37,APROVADO
PAG00001116,PED00001116,PIX,32.0,2025-09-14T11:01:45,PENDENTE
PAG00001117,PED00001117,PIX,90.97,2025-09-14T15:59:55,APROVADO
PAG00001118,PED00001118,PIX,79.13,2025-09-14T11:19:12,APROVADO
PAG00001119,PED00001119,PIX,26.51,2025-09-14T13:12:53,APROVADO
PAG00001120,PED00001120,PIX,62.42,2025-09-14T19:03:16,APROVADO
PAG00001121,PED00001121,CARTAO_DEBITO,237.77,2025-09-14T14:19:02,APROVADO
PAG00001122,PED00001122,PIX,50.93,2025-09-14T10:28:02,APROVADO
PAG00001123,PED00001123,PIX,69.59,2025-09-14T17:08:06,APROVADO
PAG00001124,PED00001124,PIX,44.22,2025-09-14T12:38:40,APROVADO
PAG00001125,PED00001125,CARTAO_CREDITO,99.86,2025-09-14T17:14:01,APROVADO
PAG00001126,PED00001126,PIX,103.96,2025-09-14T22:57:49,APROVADO
PAG00001127,PED00001127,CARTAO_CREDITO,81.84,2025-09-14T21:04:02,APROVADO
PAG00001128,PED00001128,CARTAO_CREDITO,36.41,2025-09-14T11:44:10,APROVADO
PAG00001129,PED00001129,CARTAO_CREDITO,103.05,2025-09-14T13:18:43,APROVADO
PAG00001130,PED00001130,PIX,182.21,2025-09-14T21:51:44,APROVADO
PAG00001131,PED00001131,PIX,13.61,2025-09-14T11:15:10,APROVADO
PAG00001132,PED00001132,CARTAO_CREDITO,47.78,2025-09-14T18:30:00,APROVADO
PAG00001133,PED00001133,PIX,46.1,2025-09-14T21:09:35,APROVADO
PAG00001134,PED00001134,PIX,52.31,2025-09-14T13:15:20,PENDENTE
PAG00001135,PED00001135,DINHEIRO,110.47,2025-09-14T21:34:53,APROVADO
PAG00001136,PED00001136,CARTAO_DEBITO,20.3,2025-09-14T18:56:42,APROVADO
PAG00001137,PED00001137,CARTAO_CREDITO,29.65,2025-09-15T12:28:17,APROVADO
PAG00001138,PED00001138,CARTAO_CREDITO,103.18,2025-09-15T23:29:45,APROVADO
PAG00001139,PED00001139,CARTAO_CREDITO,48.93,2025-09-15T12:19:25,APROVADO
PAG00001140,PED00001140,PIX,127.06,2025-09-15T19:03:23,PENDENTE
PAG00001141,PED00001141,PIX,99.92,2025-09-15T18:38:45,APROVADO
PAG00001142,PED00001142,PIX,57.41,2025-09-15T12:08:07,APROVADO
PAG00001143,PED00001143,PIX,34.99,2025-09-15T22:25:24,APROVADO
PAG00001144,PED00001144,PIX,13.69,2025-09-15T12:46:38,APROVADO
PAG00001145,PED00001145,CARTAO_CREDITO,13.25,2025-09-15T11:03:35,APROVADO
PAG00001146,PED00001146,CARTAO_CREDITO,59.63,2025-09-15T19:09:43,APROVADO
PAG00001147,PED00001147,CARTAO_CREDITO,118.69,2025-09-15T22:48:55,APROVADO
PAG00001148,PED00001148,PIX,150.65,2025-09-15T18:52:07,APROVADO
PAG00001149,PED00001149,CARTAO_CREDITO,121.92,2025-09-16T00:03:35,APROVADO
PAG00001150,PED00001150,PIX,59.38,2025-09-15T21:23:51,APROVADO
PAG00001151,PED00001151,CARTAO_CREDITO,117.64,2025-09-15T15:29:39,APROVADO
PAG00001152,PED00001152,DINHEIRO,64.2,2025-09-15T21:09:01,APROVADO
PAG00001153,PED00001153,PIX,46.63,2025-09-15T18:26:49,APROVADO
PAG00001154,PED00001154,DINHEIRO,70.79,2025-09-15T10:06:42,APROVADO
PAG00001155,PED00001155,PIX,13.1,2025-09-15T14:43:49,APROVADO
PAG00001156,PED00001156,DINHEIRO,19.87,2025-09-15T12:43:02,APROVADO
PAG00001157,PED00001157,CARTAO_DEBITO,87.75,2025-09-15T11:12:55,APROVADO
PAG00001158,PED00001158,PIX,51.76,2025-09-15T21:03:51,APROVADO
PAG00001159,PED00001159,CARTAO_CREDITO,56.55,2025-09-15T11:28:56,APROVADO
PAG00001160,PED00001160,CARTAO_CREDITO,75.2,2025-09-15T16:41:48,APROVADO
PAG00001161,PED00001161,PIX,178.9,2025-09-15T16:03:46,APROVADO
PAG00001162,PED00001162,PIX,52.39,2025-09-15T10:32:43,APROVADO
PAG00001163,PED00001163,PIX,153.95,2025-09-15T21:53:43,APROVADO
PAG00001164,PED00001164,CARTAO_CREDITO,58.83,2025-09-15T22:12:30,APROVADO
PAG00001165,PED00001165,CARTAO_DEBITO,121.6,2025-09-15T22:13:00,APROVADO
PAG00001166,PED00001166,PIX,18.57,2025-09-15T13:00:17,APROVADO
PAG00001167,PED00001167,CARTAO_DEBITO,211.4,2025-09-15T19:48:53,APROVADO
PAG00001169,PED00001169,CARTAO_CREDITO,108.64,2025-09-15T22:46:29,APROVADO
PAG00001170,PED00001170,PIX,50.02,2025-09-15T20:28:26,PENDENTE
PAG00001172,PED00001172,CARTAO_CREDITO,47.12,2025-09-15T11:34:04,APROVADO
PAG00001173,PED00001173,CARTAO_CREDITO,43.56,2025-09-15T17:58:57,APROVADO
PAG00001174,PED00001174,PIX,104.42,2025-09-15T21:52:49,APROVADO
PAG00001175,PED00001175,PIX,48.58,2025-09-15T13:00:40,APROVADO
PAG00001176,PED00001176,CARTAO_CREDITO,54.51,2025-09-15T22:31:38,APROVADO
PAG00001177,PED00001177,PIX,162.07,2025-09-15T10:51:13,APROVADO
PAG00001178,PED00001178,CARTAO_CREDITO,30.0,2025-09-15T21:09:25,APROVADO
PAG00001179,PED00001179,CARTAO_CREDITO,14.43,2025-09-15T16:01:21,APROVADO
PAG00001180,PED00001180,PIX,56.51,2025-09-15T16:48:59,APROVADO
PAG00001181,PED00001181,PIX,55.32,2025-09-15T23:58:28,APROVADO
PAG00001182,PED00001182,PIX,117.63,2025-09-15T17:35:13,APROVADO
PAG00001183,PED00001183,PIX,26.28,2025-09-15T16:57:49,APROVADO
PAG00001184,PED00001184,CARTAO_CREDITO,313.88,2025-09-15T15:32:53,APROVADO
PAG00001185,PED00001185,PIX,64.03,2025-09-16T23:28:50,APROVADO
PAG00001186,PED00001186,CARTAO_DEBITO,62.45,2025-09-16T10:32:27,APROVADO
PAG00001187,PED00001187,CARTAO_CREDITO,52.01,2025-09-16T13:54:01,PENDENTE
PAG00001188,PED00001188,CARTAO_CREDITO,285.11,2025-09-16T21:10:26,APROVADO
PAG00001189,PED00001189,PIX,35.83,2025-09-16T16:48:34,PENDENTE
PAG00001190,PED00001190,CARTAO_CREDITO,72.1,2025-09-16T18:46:18,APROVADO
PAG00001191,PED00001191,PIX,149.57,2025-09-16T17:55:06,APROVADO
PAG00001192,PED00001192,DINHEIRO,67.44,2025-09-16T12:04:27,APROVADO
PAG00001193,PED00001193,CARTAO_DEBITO,98.69,2025-09-16T23:59:22,APROVADO
PAG00001194,PED00001194,PIX,31.3,2025-09-16T13:54:58,APROVADO
PAG00001195,PED00001195,PIX,147.13,2025-09-16T17:00:46,APROVADO
PAG00001196,PED00001196,PIX,123.05,2025-09-16T14:05:09,APROVADO
PAG00001197,PED00001197,CARTAO_CREDITO,146.84,2025-09-16T11:55:44,APROVADO
PAG00001198,PED00001198,CARTAO_DEBITO,100.8,2025-09-16T14:29:51,APROVADO
PAG00001199,PED00001199,DINHEIRO,24.67,2025-09-16T15:51:51,APROVADO
PAG00001200,PED00001200,CARTAO_CREDITO,78.7,2025-09-16T12:15:16,APROVADO
PAG00001201,PED00001201,CARTAO_DEBITO,9.72,2025-09-16T15:18:24,APROVADO
PAG00001202,PED00001202,PIX,87.92,2025-09-16T11:44:38,APROVADO
PAG00001203,PED00001203,CARTAO_CREDITO,47.92,2025-09-16T19:29:10,APROVADO
PAG00001204,PED00001204,CARTAO_CREDITO,84.49,2025-09-16T10:35:39,APROVADO
PAG00001205,PED00001205,CARTAO_CREDITO,72.11,2025-09-16T12:00:12,APROVADO
PAG00001206,PED00001206,CARTAO_DEBITO,38.8,2025-09-16T13:49:20,APROVADO
PAG00001207,PED00001207,CARTAO_CREDITO,69.84,2025-09-16T19:28:41,APROVADO
PAG00001208,PED00001208,CARTAO_CREDITO,23.46,2025-09-16T14:03:23,APROVADO
PAG00001209,PED00001209,PIX,63.04,2025-09-16T17:49:50,APROVADO
PAG00001211,PED00001211,CARTAO_DEBITO,183.22,2025-09-16T13:17:15,APROVADO
PAG00001212,PED00001212,CARTAO_DEBITO,105.9,2025-09-16T21:44:26,APROVADO
PAG00001213,PED00001213,PIX,18.02,2025-09-16T21:31:07,APROVADO
PAG00001214,PED00001214,CARTAO_CREDITO,28.42,2025-09-16T14:05:25,APROVADO
PAG00001216,PED00001216,PIX,25.62,2025-09-16T11:57:34,APROVADO
PAG00001217,PED00001217,PIX,51.62,2025-09-16T17:05:56,APROVADO
PAG00001218,PED00001218,PIX,32.95,2025-09-16T18:00:07,APROVADO
PAG00001219,PED00001219,CARTAO_DEBITO,40.1,2025-09-16T18:42:08,APROVADO
PAG00001220,PED00001220,PIX,39.48,2025-09-16T20:11:48,APROVADO
PAG00001221,PED00001221,PIX,28.61,2025-09-16T10:04:28,APROVADO
PAG00001223,PED00001223,PIX,186.99,2025-09-16T13:30:27,APROVADO
PAG00001224,PED00001224,PIX,81.72,2025-09-16T16:56:07,APROVADO
PAG00001225,PED00001225,PIX,168.26,2025-09-16T11:55:01,APROVADO
PAG00001226,PED00001226,CARTAO_CREDITO,95.07,2025-09-16T15:51:36,APROVADO
PAG00001227,PED00001227,PIX,66.81,2025-09-16T21:05:10,APROVADO
PAG00001228,PED00001228,CARTAO_CREDITO,257.55,2025-09-16T20:34:59,APROVADO
PAG00001229,PED00001229,PIX,115.01,2025-09-16T23:32:15,APROVADO
PAG00001230,PED00001230,CARTAO_CREDITO,36.73,2025-09-16T19:09:07,APROVADO
PAG00001231,PED00001231,PIX,83.38,2025-09-16T13:30:41,APROVADO
PAG00001232,PED00001232,CARTAO_DEBITO,159.05,2025-09-16T17:50:49,APROVADO
PAG00001233,PED00001233,CARTAO_CREDITO,48.41,2025-09-16T20:23:56,APROVADO
PAG00001234,PED00001234,PIX,134.53,2025-09-16T22:57:54,APROVADO
PAG00001235,PED00001235,CARTAO_DEBITO,64.37,2025-09-16T16:02:04,APROVADO
PAG00001236,PED00001236,CARTAO_DEBITO,187.22,2025-09-16T16:15:03,APROVADO
PAG00001237,PED00001237,CARTAO_CREDITO,18.65,2025-09-16T23:39:27,APROVADO
PAG00001239,PED00001239,CARTAO_CREDITO,120.26,2025-09-16T18:45:17,APROVADO
PAG00001240,PED00001240,CARTAO_CREDITO,50.22,2025-09-16T23:39:09,APROVADO
PAG00001241,PED00001241,CARTAO_CREDITO,39.24,2025-09-17T21:12:16,APROVADO
PAG00001242,PED00001242,CARTAO_CREDITO,133.97,2025-09-17T18:40:22,APROVADO
PAG00001243,PED00001243,CARTAO_CREDITO,15.98,2025-09-17T19:11:03,APROVADO
PAG00001244,PED00001244,DINHEIRO,117.48,2025-09-17T16:13:11,APROVADO
PAG00001245,PED00001245,PIX,33.89,2025-09-17T17:48:50,APROVADO
PAG00001246,PED00001246,DINHEIRO,11.65,2025-09-17T12:08:16,APROVADO
PAG00001247,PED00001247,CARTAO_DEBITO,104.17,2025-09-17T14:20:13,APROVADO
PAG00001248,PED00001248,PIX,46.51,2025-09-17T21:03:18,APROVADO
PAG00001249,PED00001249,PIX,28.44,2025-09-17T10:10:49,APROVADO
PAG00001250,PED00001250,PIX,150.05,2025-09-17T23:35:38,APROVADO
PAG00001251,PED00001251,PIX,112.44,2025-09-17T16:27:30,PENDENTE
PAG00001252,PED00001252,PIX,32.53,2025-09-17T12:46:47,APROVADO
PAG00001253,PED00001253,CARTAO_CREDITO,240.66,2025-09-17T19:36:02,APROVADO
PAG00001254,PED00001254,CARTAO_DEBITO,91.57,2025-09-17T15:53:17,APROVADO
PAG00001255,PED00001255,CARTAO_CREDITO,118.45,2025-09-17T13:42:55,APROVADO
PAG00001257,PED00001257,PIX,41.06,2025-09-17T20:56:22,APROVADO
PAG00001258,PED00001258,DINHEIRO,9.15,2025-09-17T15:47:33,APROVADO
PAG00001260,PED00001260,PIX,38.44,2025-09-17T16:36:20,APROVADO
PAG00001261,PED00001261,CARTAO_DEBITO,45.21,2025-09-17T16:36:57,PENDENTE
PAG00001262,PED00001262,PIX,48.21,2025-09-17T22:22:54,APROVADO
PAG00001263,PED00001263,CARTAO_CREDITO,123.6,2025-09-17T15:07:02,APROVADO
PAG00001264,PED00001264,PIX,185.88,2025-09-17T10:13:56,APROVADO
PAG00001265,PED00001265,CARTAO_CREDITO,43.05,2025-09-17T22:00:05,APROVADO
PAG00001266,PED00001266,CARTAO_CREDITO,110.86,2025-09-17T21:24:53,APROVADO
PAG00001267,PED00001267,PIX,60.49,2025-09-17T15:43:40,APROVADO
PAG00001268,PED00001268,DINHEIRO,110.04,2025-09-17T10:08:02,APROVADO
PAG00001269,PED00001269,CARTAO_CREDITO,37.81,2025-09-17T18:18:58,APROVADO
PAG00001270,PED00001270,PIX,60.6,2025-09-17T20:21:41,PENDENTE
PAG00001271,PED00001271,CARTAO_DEBITO,47.69,2025-09-17T21:24:26,APROVADO
PAG00001272,PED00001272,CARTAO_CREDITO,282.94,2025-09-17T10:50:53,APROVADO
PAG00001273,PED00001273,PIX,61.71,2025-09-17T23:49:52,APROVADO
PAG00001274,PED00001274,CARTAO_CREDITO,51.46,2025-09-17T18:06:33,APROVADO
PAG00001276,PED00001276,DINHEIRO,70.61,2025-09-17T20:59:57,APROVADO
PAG00001277,PED00001277,CARTAO_DEBITO,43.41,2025-09-17T12:15:56,APROVADO
PAG00001278,PED00001278,CARTAO_CREDITO,57.89,2025-09-17T18:27:36,APROVADO
PAG00001279,PED00001279,PIX,39.15,2025-09-17T19:07:35,APROVADO
PAG00001281,PED00001281,DINHEIRO,75.84,2025-09-17T10:10:09,PENDENTE
PAG00001282,PED00001282,PIX,39.54,2025-09-17T21:42:06,APROVADO
PAG00001283,PED00001283,PIX,166.44,2025-09-17T14:57:35,APROVADO
PAG00001284,PED00001284,PIX,129.7,2025-09-17T11:55:17,APROVADO
PAG00001285,PED00001285,CARTAO_DEBITO,52.33,2025-09-17T15:38:16,APROVADO
PAG00001286,PED00001286,CARTAO_CREDITO,28.11,2025-09-17T15:38:28,APROVADO
PAG00001287,PED00001287,CARTAO_DEBITO,47.31,2025-09-17T15:22:40,APROVADO
PAG00001288,PED00001288,CARTAO_CREDITO,31.02,2025-09-17T22:07:40,APROVADO
PAG00001289,PED00001289,CARTAO_CREDITO,143.24,2025-09-17T10:27:00,APROVADO
PAG00001290,PED00001290,CARTAO_CREDITO,17.54,2025-09-17T15:30:17,APROVADO
PAG00001291,PED00001291,CARTAO_DEBITO,127.62,2025-09-17T23:33:39,APROVADO
PAG00001292,PED00001292,CARTAO_CREDITO,124.74,2025-09-17T23:43:57,APROVADO
PAG00001293,PED00001293,PIX,9.87,2025-09-17T10:11:44,APROVADO
PAG00001294,PED00001294,CARTAO_DEBITO,42.33,2025-09-17T14:14:19,PENDENTE
PAG00001295,PED00001295,PIX,23.54,2025-09-17T21:31:02,APROVADO
PAG00001296,PED00001296,CARTAO_CREDITO,114.93,2025-09-17T11:03:41,APROVADO
PAG00001297,PED00001297,PIX,26.35,2025-09-17T17:34:48,APROVADO
PAG00001298,PED00001298,PIX,25.53,2025-09-17T11:05:15,APROVADO
PAG00001299,PED00001299,CARTAO_CREDITO,56.01,2025-09-17T23:05:31,APROVADO
PAG00001300,PED00001300,CARTAO_CREDITO,13.99,2025-09-17T11:00:34,APROVADO
PAG00001301,PED00001301,CARTAO_CREDITO,62.25,2025-09-17T22:25:12,APROVADO
PAG00001302,PED00001302,PIX,158.49,2025-09-17T23:37:25,APROVADO
PAG00001303,PED00001303,CARTAO_DEBITO,14.15,2025-09-17T13:39:02,APROVADO
PAG00001304,PED00001304,PIX,29.89,2025-09-17T15:43:05,APROVADO
PAG00001305,PED00001305,CARTAO_CREDITO,37.89,2025-09-18T18:55:13,APROVADO
PAG00001306,PED00001306,PIX,78.05,2025-09-18T18:11:18,PENDENTE
PAG00001307,PED00001307,PIX,188.39,2025-09-18T11:52:14,APROVADO
PAG00001308,PED00001308,PIX,162.51,2025-09-18T20:38:25,APROVADO
PAG00001309,PED00001309,CARTAO_CREDITO,15.51,2025-09-18T12:33:31,APROVADO
PAG00001311,PED00001311,CARTAO_CREDITO,30.23,2025-09-18T22:42:27,APROVADO
PAG00001312,PED00001312,CARTAO_DEBITO,64.06,2025-09-18T10:11:26,APROVADO
PAG00001313,PED00001313,CARTAO_CREDITO,92.79,2025-09-18T13:35:49,APROVADO
PAG00001314,PED00001314,PIX,34.65,2025-09-18T19:58:32,APROVADO
PAG00001315,PED00001315,CARTAO_DEBITO,50.21,2025-09-19T00:03:23,APROVADO
PAG00001316,PED00001316,CARTAO_CREDITO,253.84,2025-09-18T22:55:38,APROVADO
PAG00001317,PED00001317,CARTAO_CREDITO,51.32,2025-09-18T22:40:51,APROVADO
PAG00001318,PED00001318,PIX,73.18,2025-09-18T13:16:01,APROVADO
PAG00001319,PED00001319,CARTAO_CREDITO,215.65,2025-09-18T13:04:47,APROVADO
PAG00001320,PED00001320,PIX,84.14,2025-09-18T10:55:45,APROVADO
PAG00001321,PED00001321,CARTAO_CREDITO,343.6,2025-09-18T10:29:56,APROVADO
PAG00001322,PED00001322,PIX,94.35,2025-09-18T17:01:27,APROVADO
PAG00001323,PED00001323,CARTAO_DEBITO,45.09,2025-09-18T10:19:41,APROVADO
PAG00001324,PED00001324,PIX,248.81,2025-09-18T17:07:39,APROVADO
PAG00001325,PED00001325,CARTAO_CREDITO,40.61,2025-09-18T11:54:25,APROVADO
PAG00001326,PED00001326,DINHEIRO,95.91,2025-09-18T14:32:12,PENDENTE
PAG00001327,PED00001327,CARTAO_DEBITO,35.14,2025-09-18T12:17:37,APROVADO
PAG00001328,PED00001328,CARTAO_DEBITO,127.02,2025-09-18T11:17:06,APROVADO
PAG00001329,PED00001329,CARTAO_DEBITO,51.94,2025-09-18T11:03:04,APROVADO
PAG00001331,PED00001331,CARTAO_DEBITO,49.07,2025-09-18T13:25:35,APROVADO
PAG00001332,PED00001332,PIX,110.19,2025-09-18T15:28:26,APROVADO
PAG00001333,PED00001333,CARTAO_CREDITO,248.31,2025-09-18T13:07:24,APROVADO
PAG00001334,PED00001334,CARTAO_DEBITO,178.81,2025-09-18T18:31:02,APROVADO
PAG00001335,PED00001335,CARTAO_DEBITO,68.14,2025-09-18T14:59:32,APROVADO
PAG00001336,PED00001336,CARTAO_CREDITO,44.61,2025-09-18T15:01:01,APROVADO
PAG00001337,PED00001337,PIX,71.44,2025-09-18T22:04:57,APROVADO
PAG00001338,PED00001338,CARTAO_DEBITO,144.31,2025-09-18T20:25:18,APROVADO
PAG00001339,PED00001339,CARTAO_CREDITO,11.76,2025-09-18T23:39:33,APROVADO
PAG00001340,PED00001340,PIX,46.09,2025-09-18T19:17:22,APROVADO
PAG00001341,PED00001341,CARTAO_DEBITO,59.86,2025-09-18T23:22:55,PENDENTE
PAG00001342,PED00001342,CARTAO_CREDITO,302.94,2025-09-18T22:35:21,APROVADO
PAG00001343,PED00001343,CARTAO_CREDITO,51.35,2025-09-18T11:40:33,APROVADO
PAG00001344,PED00001344,CARTAO_CREDITO,48.83,2025-09-18T22:58:48,APROVADO
PAG00001345,PED00001345,CARTAO_CREDITO,15.34,2025-09-18T23:32:45,APROVADO
PAG00001346,PED00001346,CARTAO_CREDITO,151.55,2025-09-18T11:36:19,APROVADO
PAG00001347,PED00001347,CARTAO_DEBITO,18.51,2025-09-18T20:26:57,APROVADO
PAG00001348,PED00001348,CARTAO_CREDITO,49.48,2025-09-18T10:18:50,APROVADO
PAG00001349,PED00001349,CARTAO_CREDITO,119.98,2025-09-18T16:34:01,APROVADO
PAG00001350,PED00001350,PIX,68.28,2025-09-18T11:15:11,APROVADO
PAG00001351,PED00001351,CARTAO_CREDITO,64.31,2025-09-18T18:15:27,APROVADO
PAG00001352,PED00001352,PIX,26.96,2025-09-18T22:06:09,APROVADO
PAG00001353,PED00001353,PIX,230.13,2025-09-18T22:33:43,APROVADO
PAG00001354,PED00001354,CARTAO_DEBITO,48.67,2025-09-18T10:04:00,APROVADO
PAG00001355,PED00001355,PIX,32.15,2025-09-18T23:09:57,APROVADO
PAG00001356,PED00001356,CARTAO_CREDITO,22.03,2025-09-18T21:40:17,APROVADO
PAG00001357,PED00001357,CARTAO_CREDITO,32.87,2025-09-18T14:03:19,PENDENTE
PAG00001358,PED00001358,CARTAO_CREDITO,38.93,2025-09-18T11:51:25,APROVADO
PAG00001359,PED00001359,PIX,26.34,2025-09-18T19:16:56,APROVADO
PAG00001360,PED00001360,CARTAO_CREDITO,31.88,2025-09-18T19:37:05,APROVADO
PAG00001361,PED00001361,PIX,122.61,2025-09-18T19:39:11,APROVADO
PAG00001362,PED00001362,CARTAO_DEBITO,62.18,2025-09-18T16:01:34,APROVADO
PAG00001363,PED00001363,CARTAO_DEBITO,64.14,2025-09-18T16:33:32,APROVADO
PAG00001364,PED00001364,PIX,85.12,2025-09-18T15:49:21,APROVADO
PAG00001365,PED00001365,CARTAO_CREDITO,45.02,2025-09-18T12:28:56,APROVADO
PAG00001367,PED00001367,PIX,123.41,2025-09-18T12:27:53,APROVADO
PAG00001368,PED00001368,PIX,15.91,2025-09-18T21:29:39,APROVADO
PAG00001369,PED00001369,PIX,129.74,2025-09-18T14:37:14,APROVADO
PAG00001370,PED00001370,CARTAO_CREDITO,121.57,2025-09-18T22:16:37,APROVADO
PAG00001371,PED00001371,CARTAO_DEBITO,127.34,2025-09-18T19:11:58,APROVADO
PAG00001372,PED00001372,PIX,59.5,2025-09-18T11:46:46,APROVADO
PAG00001373,PED00001373,DINHEIRO,160.27,2025-09-18T13:41:48,APROVADO
PAG00001374,PED00001374,PIX,52.96,2025-09-18T14:03:32,APROVADO
PAG00001375,PED00001375,CARTAO_DEBITO,124.67,2025-09-18T19:44:16,APROVADO
PAG00001376,PED00001376,DINHEIRO,58.78,2025-09-18T10:51:08,APROVADO
PAG00001377,PED00001377,CARTAO_DEBITO,79.09,2025-09-19T11:29:01,APROVADO
PAG00001378,PED00001378,CARTAO_CREDITO,74.28,2025-09-19T11:15:56,APROVADO
PAG00001379,PED00001379,PIX,66.96,2025-09-19T11:10:36,APROVADO
PAG00001381,PED00001381,CARTAO_CREDITO,15.09,2025-09-19T11:30:11,APROVADO
PAG00001382,PED00001382,PIX,28.97,2025-09-19T12:30:46,APROVADO
PAG00001384,PED00001384,CARTAO_CREDITO,18.62,2025-09-19T19:45:35,PENDENTE
PAG00001385,PED00001385,PIX,15.96,2025-09-19T15:56:12,APROVADO
PAG00001386,PED00001386,CARTAO_CREDITO,117.87,2025-09-19T10:24:05,APROVADO
PAG00001387,PED00001387,CARTAO_CREDITO,215.4,2025-09-19T14:05:02,APROVADO
PAG00001388,PED00001388,PIX,68.53,2025-09-19T18:13:24,APROVADO
PAG00001389,PED00001389,PIX,36.29,2025-09-19T12:11:42,APROVADO
PAG00001390,PED00001390,PIX,27.96,2025-09-19T10:52:39,APROVADO
PAG00001391,PED00001391,CARTAO_CREDITO,81.54,2025-09-19T22:30:10,APROVADO
PAG00001392,PED00001392,PIX,30.91,2025-09-19T18:16:50,APROVADO
PAG00001393,PED00001393,CARTAO_DEBITO,32.04,2025-09-19T23:50:49,APROVADO
PAG00001394,PED00001394,CARTAO_CREDITO,98.36,2025-09-19T12:08:09,APROVADO
PAG00001395,PED00001395,DINHEIRO,68.46,2025-09-19T11:23:46,APROVADO
PAG00001396,PED00001396,CARTAO_CREDITO,21.14,2025-09-19T19:44:09,APROVADO
PAG00001397,PED00001397,PIX,96.41,2025-09-19T10:50:28,APROVADO
PAG00001398,PED00001398,CARTAO_CREDITO,20.68,2025-09-19T13:20:04,APROVADO
PAG00001399,PED00001399,CARTAO_CREDITO,18.0,2025-09-19T10:15:39,APROVADO
PAG00001400,PED00001400,PIX,55.99,2025-09-19T14:32:28,APROVADO
PAG00001401,PED00001401,PIX,144.35,2025-09-19T21:29:34,APROVADO
PAG00001402,PED00001402,PIX,89.6,2025-09-19T22:18:30,APROVADO
PAG00001403,PED00001403,CARTAO_DEBITO,87.53,2025-09-19T19:34:02,APROVADO
PAG00001404,PED00001404,CARTAO_CREDITO,166.56,2025-09-19T19:20:59,APROVADO
PAG00001405,PED00001405,PIX,18.56,2025-09-19T18:54:31,APROVADO
PAG00001406,PED00001406,CARTAO_CREDITO,12.88,2025-09-19T19:22:21,APROVADO
PAG00001407,PED00001407,CARTAO_DEBITO,99.62,2025-09-19T12:14:49,APROVADO
PAG00001408,PED00001408,PIX,85.99,2025-09-19T14:53:20,APROVADO
PAG00001409,PED00001409,CARTAO_DEBITO,85.44,2025-09-19T22:29:50,APROVADO
PAG00001410,PED00001410,PIX,41.0,2025-09-19T10:52:07,APROVADO
PAG00001411,PED00001411,PIX,105.95,2025-09-19T13:07:47,APROVADO
PAG00001412,PED00001412,CARTAO_CREDITO,16.36,2025-09-19T17:14:20,APROVADO
PAG00001413,PED00001413,CARTAO_CREDITO,19.68,2025-09-19T17:11:19,APROVADO
PAG00001414,PED00001414,PIX,67.87,2025-09-19T19:57:14,APROVADO
PAG00001415,PED00001415,CARTAO_CREDITO,60.24,2025-09-19T21:17:07,APROVADO
PAG00001416,PED00001416,CARTAO_CREDITO,20.5,2025-09-19T22:27:26,APROVADO
PAG00001417,PED00001417,PIX,141.48,2025-09-19T13:59:24,APROVADO
PAG00001418,PED00001418,CARTAO_CREDITO,129.07,2025-09-19T15:08:27,APROVADO
PAG00001419,PED00001419,PIX,18.53,2025-09-19T14:44:30,APROVADO
PAG00001420,PED00001420,CARTAO_CREDITO,81.73,2025-09-19T22:20:42,APROVADO
PAG00001421,PED00001421,CARTAO_CREDITO,89.24,2025-09-19T15:11:42,APROVADO
PAG00001422,PED00001422,PIX,158.81,2025-09-19T21:56:43,APROVADO
PAG00001423,PED00001423,CARTAO_CREDITO,17.52,2025-09-19T13:01:54,APROVADO
PAG00001424,PED00001424,PIX,112.34,2025-09-19T23:26:32,PENDENTE
PAG00001425,PED00001425,DINHEIRO,50.18,2025-09-19T17:54:26,APROVADO
PAG00001426,PED00001426,CARTAO_DEBITO,31.83,2025-09-19T21:59:56,APROVADO
PAG00001427,PED00001427,CARTAO_CREDITO,36.72,2025-09-19T23:01:23,APROVADO
PAG00001428,PED00001428,CARTAO_CREDITO,25.65,2025-09-19T21:38:44,APROVADO
PAG00001429,PED00001429,PIX,63.36,2025-09-19T20:49:14,APROVADO
PAG00001430,PED00001430,PIX,28.23,2025-09-20T00:01:57,APROVADO
PAG00001431,PED00001431,DINHEIRO,11.93,2025-09-19T20:47:38,APROVADO
PAG00001432,PED00001432,CARTAO_CREDITO,69.5,2025-09-19T19:31:50,APROVADO
PAG00001433,PED00001433,CARTAO_CREDITO,87.41,2025-09-19T13:32:23,APROVADO
PAG00001434,PED00001434,CARTAO_CREDITO,29.58,2025-09-19T12:34:07,APROVADO
PAG00001435,PED00001435,PIX,71.41,2025-09-19T16:33:29,APROVADO
PAG00001436,PED00001436,DINHEIRO,29.61,2025-09-19T15:52:21,APROVADO
PAG00001438,PED00001438,PIX,105.49,2025-09-19T23:01:56,APROVADO
PAG00001439,PED00001439,CARTAO_CREDITO,114.73,2025-09-19T16:17:15,APROVADO
PAG00001440,PED00001440,CARTAO_CREDITO,104.52,2025-09-19T14:51:54,APROVADO
PAG00001441,PED00001441,PIX,90.41,2025-09-19T15:52:24,APROVADO
PAG00001443,PED00001443,PIX,80.83,2025-09-19T13:29:08,APROVADO
PAG00001444,PED00001444,CARTAO_DEBITO,68.4,2025-09-19T10:36:00,APROVADO
PAG00001445,PED00001445,PIX,29.27,2025-09-19T14:41:39,APROVADO
PAG00001446,PED00001446,CARTAO_CREDITO,82.24,2025-09-19T20:29:54,APROVADO
PAG00001447,PED00001447,PIX,82.98,2025-09-19T12:52:12,APROVADO
PAG00001448,PED00001448,CARTAO_CREDITO,221.77,2025-09-19T16:53:53,APROVADO
PAG00001450,PED00001450,CARTAO_DEBITO,49.33,2025-09-19T19:02:12,APROVADO
PAG00001451,PED00001451,PIX,263.44,2025-09-19T12:38:06,PENDENTE
PAG00001452,PED00001452,PIX,147.7,2025-09-19T21:17:30,APROVADO
PAG00001453,PED00001453,CARTAO_CREDITO,235.06,2025-09-19T16:37:11,APROVADO
PAG00001454,PED00001454,CARTAO_CREDITO,130.94,2025-09-19T13:03:48,APROVADO
PAG00001455,PED00001455,CARTAO_DEBITO,101.74,2025-09-19T19:17:08,PENDENTE
PAG00001456,PED00001456,PIX,58.37,2025-09-19T18:58:34,APROVADO
PAG00001457,PED00001457,DINHEIRO,64.69,2025-09-19T12:17:29,APROVADO
PAG00001458,PED00001458,PIX,280.59,2025-09-19T19:07:38,APROVADO
PAG00001459,PED00001459,PIX,43.27,2025-09-19T10:45:47,APROVADO
PAG00001460,PED00001460,PIX,83.18,2025-09-19T19:09:58,APROVADO
PAG00001462,PED00001462,CARTAO_CREDITO,38.26,2025-09-19T15:43:02,APROVADO
PAG00001463,PED00001463,PIX,45.35,2025-09-19T13:57:01,APROVADO
PAG00001464,PED00001464,CARTAO_CREDITO,78.78,2025-09-19T22:14:01,APROVADO
PAG00001465,PED00001465,CARTAO_CREDITO,128.61,2025-09-19T22:22:08,APROVADO
PAG00001466,PED00001466,PIX,103.87,2025-09-19T13:21:25,APROVADO
PAG00001467,PED00001467,PIX,64.75,2025-09-19T22:25:46,APROVADO
PAG00001468,PED00001468,CARTAO_CREDITO,85.34,2025-09-19T18:25:02,APROVADO
PAG00001469,PED00001469,CARTAO_CREDITO,63.5,2025-09-19T23:53:47,PENDENTE
PAG00001470,PED00001470,PIX,33.7,2025-09-19T22:00:28,APROVADO
PAG00001471,PED00001471,CARTAO_CREDITO,71.69,2025-09-19T21:37:35,APROVADO
PAG00001472,PED00001472,PIX,94.33,2025-09-19T20:15:54,APROVADO
PAG00001473,PED00001473,CARTAO_CREDITO,39.81,2025-09-19T19:55:52,APROVADO
PAG00001474,PED00001474,PIX,125.83,2025-09-19T16:27:40,APROVADO
PAG00001475,PED00001475,PIX,99.61,2025-09-19T14:49:26,APROVADO
PAG00001476,PED00001476,PIX,169.21,2025-09-19T15:55:29,APROVADO
PAG00001477,PED00001477,CARTAO_CREDITO,62.71,2025-09-19T23:06:41,APROVADO
PAG00001478,PED00001478,CARTAO_DEBITO,37.62,2025-09-19T18:13:46,PENDENTE
PAG00001480,PED00001480,CARTAO_DEBITO,54.77,2025-09-19T16:37:47,APROVADO
PAG00001481,PED00001481,PIX,31.96,2025-09-19T14:39:07,APROVADO
PAG00001482,PED00001482,PIX,35.71,2025-09-19T12:41:20,APROVADO
PAG00001483,PED00001483,PIX,18.1,2025-09-19T10:54:09,APROVADO
PAG00001484,PED00001484,CARTAO_CREDITO,65.03,2025-09-19T10:50:50,APROVADO
PAG00001485,PED00001485,CARTAO_CREDITO,116.77,2025-09-19T22:06:45,APROVADO
PAG00001486,PED00001486,CARTAO_CREDITO,65.75,2025-09-19T17:15:35,APROVADO
PAG00001487,PED00001487,PIX,11.54,2025-09-19T10:25:13,APROVADO
PAG00001488,PED00001488,CARTAO_CREDITO,84.93,2025-09-19T10:57:31,APROVADO
PAG00001489,PED00001489,CARTAO_CREDITO,86.05,2025-09-20T19:59:30,APROVADO
PAG00001490,PED00001490,PIX,35.58,2025-09-20T10:14:44,APROVADO
PAG00001491,PED00001491,PIX,88.46,2025-09-20T12:07:36,APROVADO
PAG00001492,PED00001492,CARTAO_CREDITO,273.84,2025-09-20T23:08:03,APROVADO
PAG00001493,PED00001493,CARTAO_CREDITO,48.47,2025-09-20T10:09:55,APROVADO
PAG00001494,PED00001494,CARTAO_CREDITO,89.56,2025-09-20T18:28:56,APROVADO
PAG00001496,PED00001496,CARTAO_CREDITO,110.75,2025-09-20T13:29:23,APROVADO
PAG00001497,PED00001497,CARTAO_CREDITO,108.34,2025-09-20T17:18:54,APROVADO
PAG00001498,PED00001498,PIX,39.88,2025-09-20T11:24:51,APROVADO
PAG00001499,PED00001499,CARTAO_DEBITO,93.88,2025-09-20T11:39:17,PENDENTE
PAG00001500,PED00001500,PIX,26.2,2025-09-20T18:40:11,PENDENTE
PAG00001501,PED00001501,PIX,148.02,2025-09-20T22:27:36,PENDENTE
PAG00001502,PED00001502,PIX,44.42,2025-09-20T22:03:30,APROVADO
PAG00001503,PED00001503,CARTAO_DEBITO,113.69,2025-09-20T18:16:06,APROVADO
PAG00001504,PED00001504,PIX,30.4,2025-09-20T19:46:57,APROVADO
PAG00001505,PED00001505,PIX,175.34,2025-09-20T16:27:12,APROVADO
PAG00001506,PED00001506,PIX,76.5,2025-09-20T14:00:36,APROVADO
PAG00001507,PED00001507,CARTAO_CREDITO,93.56,2025-09-20T18:39:50,APROVADO
PAG00001508,PED00001508,CARTAO_DEBITO,56.26,2025-09-20T13:55:20,APROVADO
PAG00001509,PED00001509,CARTAO_CREDITO,174.59,2025-09-20T20:04:38,APROVADO
PAG00001510,PED00001510,PIX,154.46,2025-09-20T21:32:05,PENDENTE
PAG00001511,PED00001511,PIX,225.98,2025-09-20T21:48:19,APROVADO
PAG00001512,PED00001512,PIX,35.31,2025-09-20T18:26:37,APROVADO
PAG00001513,PED00001513,CARTAO_CREDITO,119.49,2025-09-20T11:03:03,APROVADO
PAG00001514,PED00001514,CARTAO_CREDITO,168.19,2025-09-20T10:43:36,APROVADO
PAG00001515,PED00001515,CARTAO_CREDITO,41.26,2025-09-20T17:53:35,APROVADO
PAG00001516,PED00001516,PIX,38.29,2025-09-20T14:01:47,APROVADO
PAG00001517,PED00001517,CARTAO_CREDITO,100.18,2025-09-20T12:50:28,APROVADO
PAG00001518,PED00001518,DINHEIRO,74.73,2025-09-20T15:27:44,APROVADO
PAG00001519,PED00001519,PIX,68.87,2025-09-20T17:02:47,APROVADO
PAG00001520,PED00001520,CARTAO_CREDITO,30.8,2025-09-20T22:11:22,APROVADO
PAG00001521,PED00001521,CARTAO_CREDITO,52.78,2025-09-20T22:24:04,APROVADO
PAG00001522,PED00001522,CARTAO_CREDITO,52.33,2025-09-20T14:34:08,APROVADO
PAG00001523,PED00001523,PIX,177.69,2025-09-20T14:52:20,APROVADO
PAG00001524,PED00001524,PIX,158.64,2025-09-20T20:03:09,APROVADO
PAG00001525,PED00001525,PIX,45.61,2025-09-20T23:28:26,APROVADO
PAG00001526,PED00001526,CARTAO_CREDITO,91.05,2025-09-20T22:42:15,APROVADO
PAG00001527,PED00001527,PIX,49.78,2025-09-20T16:52:14,APROVADO
PAG00001528,PED00001528,PIX,74.12,2025-09-20T16:36:22,APROVADO
PAG00001529,PED00001529,CARTAO_CREDITO,149.07,2025-09-20T21:50:39,APROVADO
PAG00001530,PED00001530,CARTAO_DEBITO,83.92,2025-09-20T19:59:53,APROVADO
PAG00001531,PED00001531,PIX,186.73,2025-09-20T15:56:13,APROVADO
PAG00001532,PED00001532,PIX,134.35,2025-09-20T14:38:06,APROVADO
PAG00001533,PED00001533,CARTAO_DEBITO,54.13,2025-09-20T17:44:27,APROVADO
PAG00001534,PED00001534,CARTAO_CREDITO,84.32,2025-09-20T18:29:28,APROVADO
PAG00001535,PED00001535,CARTAO_DEBITO,27.98,2025-09-20T18:12:52,PENDENTE
PAG00001536,PED00001536,PIX,40.12,2025-09-20T23:13:46,APROVADO
PAG00001538,PED00001538,CARTAO_CREDITO,93.76,2025-09-20T15:55:07,APROVADO
PAG00001539,PED00001539,CARTAO_CREDITO,33.39,2025-09-20T10:59:32,APROVADO
PAG00001540,PED00001540,PIX,143.33,2025-09-20T19:13:17,APROVADO
PAG00001541,PED00001541,CARTAO_DEBITO,51.49,2025-09-20T20:43:10,APROVADO
PAG00001542,PED00001542,CARTAO_CREDITO,50.46,2025-09-20T14:38:04,APROVADO
PAG00001543,PED00001543,DINHEIRO,29.19,2025-09-20T21:31:06,APROVADO
PAG00001544,PED00001544,CARTAO_CREDITO,44.96,2025-09-20T11:27:17,APROVADO
PAG00001545,PED00001545,CARTAO_CREDITO,47.56,2025-09-20T20:55:37,APROVADO
PAG00001546,PED00001546,CARTAO_CREDITO,70.37,2025-09-20T19:13:54,APROVADO
PAG00001547,PED00001547,PIX,12.05,2025-09-20T12:08:55,APROVADO
PAG00001548,PED00001548,CARTAO_DEBITO,85.63,2025-09-20T19:56:25,APROVADO
PAG00001549,PED00001549,CARTAO_DEBITO,163.69,2025-09-20T13:59:30,APROVADO
PAG00001550,PED00001550,CARTAO_DEBITO,87.72,2025-09-20T11:22:45,PENDENTE
PAG00001551,PED00001551,DINHEIRO,179.34,2025-09-20T12:54:04,APROVADO
PAG00001552,PED00001552,DINHEIRO,223.35,2025-09-20T15:53:09,APROVADO
PAG00001553,PED00001553,CARTAO_DEBITO,63.55,2025-09-20T23:26:26,APROVADO
PAG00001554,PED00001554,PIX,57.18,2025-09-20T18:26:19,APROVADO
PAG00001555,PED00001555,CARTAO_CREDITO,113.15,2025-09-20T15:29:09,APROVADO
PAG00001556,PED00001556,CARTAO_DEBITO,36.87,2025-09-20T21:58:48,APROVADO
PAG00001557,PED00001557,CARTAO_CREDITO,250.53,2025-09-20T10:29:04,APROVADO
PAG00001558,PED00001558,CARTAO_DEBITO,21.91,2025-09-20T14:16:12,APROVADO
PAG00001559,PED00001559,PIX,39.92,2025-09-20T22:31:23,APROVADO
PAG00001560,PED00001560,CARTAO_CREDITO,19.25,2025-09-20T22:13:38,APROVADO
PAG00001561,PED00001561,PIX,117.61,2025-09-20T19:34:47,APROVADO
PAG00001562,PED00001562,PIX,31.3,2025-09-20T18:31:38,APROVADO
PAG00001563,PED00001563,CARTAO_CREDITO,195.49,2025-09-20T17:22:36,PENDENTE
PAG00001564,PED00001564,CARTAO_CREDITO,143.6,2025-09-20T21:20:46,APROVADO
PAG00001565,PED00001565,CARTAO_CREDITO,18.15,2025-09-20T16:45:51,APROVADO
PAG00001566,PED00001566,CARTAO_CREDITO,85.43,2025-09-20T11:08:40,APROVADO
PAG00001567,PED00001567,PIX,72.81,2025-09-20T21:20:10,APROVADO
PAG00001568,PED00001568,PIX,73.24,2025-09-20T11:56:57,APROVADO
PAG00001569,PED00001569,CARTAO_CREDITO,220.92,2025-09-20T23:51:52,APROVADO
PAG00001570,PED00001570,CARTAO_CREDITO,114.38,2025-09-20T18:20:38,APROVADO
PAG00001572,PED00001572,CARTAO_CREDITO,29.12,2025-09-20T11:17:34,APROVADO
PAG00001573,PED00001573,PIX,92.71,2025-09-20T21:42:04,APROVADO
PAG00001574,PED00001574,PIX,44.0,2025-09-20T20:10:14,APROVADO
PAG00001575,PED00001575,CARTAO_CREDITO,77.41,2025-09-20T17:36:46,APROVADO
PAG00001576,PED00001576,CARTAO_CREDITO,35.81,2025-09-20T12:13:23,APROVADO
PAG00001577,PED00001577,PIX,105.07,2025-09-20T21:11:52,APROVADO
PAG00001578,PED00001578,CARTAO_CREDITO,21.71,2025-09-20T15:21:20,APROVADO
PAG00001579,PED00001579,PIX,107.21,2025-09-20T23:28:46,APROVADO
PAG00001580,PED00001580,CARTAO_DEBITO,77.03,2025-09-20T23:26:38,APROVADO
PAG00001581,PED00001581,PIX,33.05,2025-09-20T23:10:22,APROVADO
PAG00001582,PED00001582,CARTAO_CREDITO,161.7,2025-09-20T14:20:59,APROVADO
PAG00001583,PED00001583,CARTAO_CREDITO,49.37,2025-09-20T11:32:49,APROVADO
PAG00001585,PED00001585,CARTAO_CREDITO,65.19,2025-09-20T20:05:56,APROVADO
PAG00001586,PED00001586,CARTAO_CREDITO,114.7,2025-09-20T23:29:13,APROVADO
PAG00001587,PED00001587,CARTAO_CREDITO,48.89,2025-09-20T20:19:56,APROVADO
PAG00001588,PED00001588,PIX,19.8,2025-09-20T17:41:57,APROVADO
PAG00001589,PED00001589,CARTAO_CREDITO,67.42,2025-09-20T15:35:35,APROVADO
PAG00001590,PED00001590,CARTAO_CREDITO,109.75,2025-09-20T19:25:32,APROVADO
PAG00001591,PED00001591,CARTAO_CREDITO,198.43,2025-09-20T14:06:10,APROVADO
PAG00001592,PED00001592,PIX,45.53,2025-09-20T11:37:11,APROVADO
PAG00001593,PED00001593,CARTAO_CREDITO,15.69,2025-09-20T19:48:07,APROVADO
PAG00001594,PED00001594,PIX,28.05,2025-09-20T17:41:10,APROVADO
PAG00001595,PED00001595,CARTAO_CREDITO,84.08,2025-09-20T20:37:05,APROVADO
PAG00001596,PED00001596,PIX,27.42,2025-09-20T17:11:52,APROVADO
PAG00001597,PED00001597,CARTAO_CREDITO,187.08,2025-09-20T18:06:27,APROVADO
PAG00001598,PED00001598,CARTAO_DEBITO,73.04,2025-09-20T21:21:56,PENDENTE
PAG00001599,PED00001599,CARTAO_DEBITO,94.73,2025-09-20T22:42:06,APROVADO
PAG00001600,PED00001600,CARTAO_CREDITO,66.15,2025-09-20T23:58:22,APROVADO
PAG00001601,PED00001601,PIX,68.86,2025-09-20T23:28:44,APROVADO
PAG00001602,PED00001602,CARTAO_DEBITO,61.35,2025-09-20T14:22:41,APROVADO
PAG00001603,PED00001603,CARTAO_DEBITO,91.95,2025-09-20T20:23:01,APROVADO
PAG00001604,PED00001604,CARTAO_DEBITO,39.27,2025-09-20T20:10:33,APROVADO
PAG00001606,PED00001606,PIX,57.55,2025-09-20T10:55:20,APROVADO
PAG00001607,PED00001607,PIX,56.81,2025-09-20T17:53:56,APROVADO
PAG00001608,PED00001608,PIX,125.29,2025-09-20T13:06:40,APROVADO
PAG00001610,PED00001610,PIX,21.42,2025-09-20T17:50:13,APROVADO
PAG00001611,PED00001611,PIX,32.12,2025-09-20T17:17:44,APROVADO
PAG00001612,PED00001612,CARTAO_CREDITO,121.66,2025-09-20T11:36:41,APROVADO
PAG00001613,PED00001613,CARTAO_CREDITO,35.75,2025-09-20T13:50:09,APROVADO
PAG00001614,PED00001614,CARTAO_CREDITO,26.49,2025-09-20T16:42:59,APROVADO
PAG00001615,PED00001615,CARTAO_CREDITO,17.32,2025-09-20T19:54:24,APROVADO
PAG00001616,PED00001616,PIX,137.68,2025-09-20T21:03:17,APROVADO
PAG00001617,PED00001617,CARTAO_DEBITO,105.74,2025-09-21T14:42:47,APROVADO
PAG00001618,PED00001618,CARTAO_DEBITO,146.23,2025-09-21T10:32:50,APROVADO
PAG00001619,PED00001619,CARTAO_CREDITO,180.74,2025-09-21T10:19:53,APROVADO
PAG00001620,PED00001620,PIX,83.63,2025-09-21T19:00:40,APROVADO
PAG00001621,PED00001621,CARTAO_CREDITO,41.38,2025-09-21T22:02:48,APROVADO
PAG00001622,PED00001622,CARTAO_CREDITO,36.19,2025-09-21T17:10:12,APROVADO
PAG00001623,PED00001623,CARTAO_CREDITO,48.3,2025-09-21T14:50:51,APROVADO
PAG00001624,PED00001624,PIX,43.12,2025-09-21T18:12:59,APROVADO
PAG00001625,PED00001625,CARTAO_DEBITO,88.36,2025-09-21T23:30:43,APROVADO
PAG00001626,PED00001626,PIX,22.25,2025-09-21T12:38:55,APROVADO
PAG00001627,PED00001627,CARTAO_CREDITO,35.95,2025-09-21T20:50:13,APROVADO
PAG00001628,PED00001628,CARTAO_DEBITO,74.87,2025-09-21T19:17:48,APROVADO
PAG00001629,PED00001629,CARTAO_DEBITO,131.05,2025-09-21T23:25:48,APROVADO
PAG00001630,PED00001630,PIX,125.11,2025-09-21T15:17:14,APROVADO
PAG00001631,PED00001631,PIX,158.68,2025-09-21T11:01:08,APROVADO
PAG00001632,PED00001632,PIX,36.4,2025-09-21T19:24:25,APROVADO
PAG00001633,PED00001633,PIX,44.86,2025-09-21T11:52:52,APROVADO
PAG00001634,PED00001634,CARTAO_DEBITO,27.64,2025-09-21T15:23:01,APROVADO
PAG00001635,PED00001635,CARTAO_CREDITO,64.41,2025-09-21T10:55:25,APROVADO
PAG00001636,PED00001636,CARTAO_CREDITO,31.1,2025-09-21T19:07:08,APROVADO
PAG00001637,PED00001637,PIX,14.98,2025-09-21T20:02:14,APROVADO
PAG00001638,PED00001638,CARTAO_CREDITO,36.98,2025-09-21T20:43:19,APROVADO
PAG00001639,PED00001639,PIX,42.15,2025-09-21T20:11:03,APROVADO
PAG00001640,PED00001640,CARTAO_DEBITO,41.28,2025-09-21T17:55:37,APROVADO
PAG00001641,PED00001641,CARTAO_CREDITO,58.62,2025-09-21T23:16:14,APROVADO
PAG00001642,PED00001642,CARTAO_CREDITO,116.67,2025-09-21T12:24:06,APROVADO
PAG00001643,PED00001643,CARTAO_DEBITO,17.7,2025-09-21T16:51:31,APROVADO
PAG00001644,PED00001644,CARTAO_CREDITO,136.02,2025-09-21T18:35:31,APROVADO
PAG00001645,PED00001645,PIX,116.29,2025-09-21T20:08:13,APROVADO
PAG00001646,PED00001646,PIX,51.35,2025-09-21T17:29:15,APROVADO
PAG00001647,PED00001647,DINHEIRO,22.86,2025-09-21T13:29:02,APROVADO
PAG00001648,PED00001648,CARTAO_DEBITO,266.74,2025-09-21T12:30:52,APROVADO
PAG00001649,PED00001649,CARTAO_CREDITO,53.92,2025-09-21T13:04:39,APROVADO
PAG00001650,PED00001650,CARTAO_CREDITO,123.72,2025-09-21T20:31:29,APROVADO
PAG00001651,PED00001651,PIX,78.12,2025-09-21T10:11:51,APROVADO
PAG00001652,PED00001652,CARTAO_CREDITO,43.87,2025-09-21T23:49:17,APROVADO
PAG00001653,PED00001653,PIX,95.73,2025-09-21T17:33:06,APROVADO
PAG00001654,PED00001654,PIX,77.64,2025-09-21T21:18:24,APROVADO
PAG00001655,PED00001655,CARTAO_CREDITO,31.76,2025-09-21T13:31:04,APROVADO
PAG00001656,PED00001656,PIX,13.33,2025-09-21T12:04:14,APROVADO
PAG00001657,PED00001657,PIX,105.07,2025-09-21T11:26:32,APROVADO
PAG00001658,PED00001658,DINHEIRO,33.33,2025-09-21T23:11:31,APROVADO
PAG00001659,PED00001659,CARTAO_CREDITO,214.09,2025-09-21T15:48:21,APROVADO
PAG00001660,PED00001660,PIX,30.09,2025-09-21T16:53:00,APROVADO
PAG00001661,PED00001661,CARTAO_CREDITO,53.18,2025-09-21T23:42:22,APROVADO
PAG00001662,PED00001662,CARTAO_CREDITO,175.78,2025-09-21T17:57:25,APROVADO
PAG00001663,PED00001663,PIX,34.64,2025-09-21T19:14:09,APROVADO
PAG00001664,PED00001664,CARTAO_CREDITO,77.49,2025-09-21T11:33:32,APROVADO
PAG00001665,PED00001665,DINHEIRO,23.25,2025-09-21T22:37:58,APROVADO
PAG00001666,PED00001666,CARTAO_CREDITO,23.72,2025-09-21T23:19:27,APROVADO
PAG00001667,PED00001667,DINHEIRO,218.88,2025-09-21T13:13:40,APROVADO
PAG00001668,PED00001668,PIX,61.88,2025-09-21T18:05:58,APROVADO
PAG00001669,PED00001669,PIX,56.65,2025-09-21T11:29:20,APROVADO
PAG00001670,PED00001670,CARTAO_CREDITO,197.51,2025-09-21T20:43:39,APROVADO
PAG00001671,PED00001671,DINHEIRO,65.95,2025-09-21T21:40:57,APROVADO
PAG00001672,PED00001672,CARTAO_CREDITO,41.84,2025-09-21T10:51:00,PENDENTE
PAG00001673,PED00001673,PIX,18.95,2025-09-21T17:19:48,APROVADO
PAG00001674,PED00001674,PIX,26.12,2025-09-21T10:08:59,APROVADO
PAG00001675,PED00001675,PIX,33.71,2025-09-21T20:32:34,PENDENTE
PAG00001676,PED00001676,PIX,14.94,2025-09-21T22:27:41,APROVADO
PAG00001677,PED00001677,CARTAO_DEBITO,18.72,2025-09-21T17:57:08,PENDENTE
PAG00001678,PED00001678,PIX,43.55,2025-09-21T23:42:50,APROVADO
PAG00001679,PED00001679,PIX,74.37,2025-09-21T18:21:58,APROVADO
PAG00001680,PED00001680,CARTAO_DEBITO,49.44,2025-09-21T12:55:46,APROVADO
PAG00001681,PED00001681,PIX,52.08,2025-09-21T14:30:01,APROVADO
PAG00001682,PED00001682,PIX,16.02,2025-09-21T22:16:13,APROVADO
PAG00001683,PED00001683,PIX,35.28,2025-09-21T23:39:33,APROVADO
PAG00001684,PED00001684,CARTAO_CREDITO,48.63,2025-09-21T20:40:32,APROVADO
PAG00001685,PED00001685,CARTAO_CREDITO,65.71,2025-09-21T20:11:52,APROVADO
PAG00001686,PED00001686,PIX,61.62,2025-09-21T17:35:51,APROVADO
PAG00001687,PED00001687,CARTAO_DEBITO,40.74,2025-09-21T17:30:09,PENDENTE
PAG00001688,PED00001688,PIX,208.39,2025-09-21T19:22:01,APROVADO
PAG00001689,PED00001689,PIX,40.91,2025-09-21T15:16:10,APROVADO
PAG00001690,PED00001690,CARTAO_CREDITO,57.7,2025-09-21T13:34:23,APROVADO
PAG00001691,PED00001691,CARTAO_DEBITO,22.19,2025-09-21T18:24:49,APROVADO
PAG00001692,PED00001692,PIX,147.42,2025-09-21T10:55:47,APROVADO
PAG00001693,PED00001693,PIX,89.2,2025-09-21T10:23:59,APROVADO
PAG00001694,PED00001694,PIX,78.09,2025-09-21T13:43:29,APROVADO
PAG00001695,PED00001695,PIX,207.03,2025-09-21T21:33:42,APROVADO
PAG00001696,PED00001696,CARTAO_CREDITO,258.68,2025-09-21T13:02:02,APROVADO
PAG00001697,PED00001697,PIX,64.26,2025-09-21T12:01:28,APROVADO
PAG00001698,PED00001698,CARTAO_DEBITO,16.64,2025-09-21T23:30:29,APROVADO
PAG00001699,PED00001699,CARTAO_CREDITO,44.66,2025-09-21T15:54:55,APROVADO
PAG00001700,PED00001700,CARTAO_CREDITO,37.81,2025-09-21T23:58:18,APROVADO
PAG00001701,PED00001701,PIX,30.75,2025-09-21T12:40:45,APROVADO
PAG00001702,PED00001702,PIX,107.99,2025-09-21T20:59:46,APROVADO
PAG00001703,PED00001703,CARTAO_DEBITO,123.92,2025-09-21T20:56:51,APROVADO
PAG00001704,PED00001704,DINHEIRO,67.65,2025-09-21T21:05:54,APROVADO
PAG00001705,PED00001705,PIX,18.59,2025-09-22T21:30:12,APROVADO
PAG00001706,PED00001706,CARTAO_DEBITO,24.89,2025-09-22T18:49:34,APROVADO
PAG00001707,PED00001707,PIX,44.1,2025-09-22T14:48:52,APROVADO
PAG00001708,PED00001708,CARTAO_CREDITO,57.25,2025-09-22T12:24:26,APROVADO
PAG00001709,PED00001709,CARTAO_DEBITO,84.47,2025-09-22T22:31:49,APROVADO
PAG00001711,PED00001711,CARTAO_CREDITO,64.8,2025-09-22T21:35:54,APROVADO
PAG00001712,PED00001712,CARTAO_CREDITO,127.63,2025-09-22T16:52:05,APROVADO
PAG00001713,PED00001713,CARTAO_CREDITO,60.63,2025-09-22T17:14:29,APROVADO
PAG00001714,PED00001714,CARTAO_CREDITO,132.38,2025-09-22T22:41:17,APROVADO
PAG00001715,PED00001715,CARTAO_CREDITO,248.78,2025-09-22T11:14:16,APROVADO
PAG00001716,PED00001716,DINHEIRO,118.53,2025-09-22T16:18:27,APROVADO
PAG00001717,PED00001717,CARTAO_CREDITO,43.19,2025-09-22T10:59:32,APROVADO
PAG00001718,PED00001718,PIX,39.82,2025-09-22T17:15:50,APROVADO
PAG00001719,PED00001719,CARTAO_CREDITO,121.24,2025-09-22T20:30:12,APROVADO
PAG00001720,PED00001720,CARTAO_DEBITO,37.81,2025-09-22T12:33:04,APROVADO
PAG00001721,PED00001721,CARTAO_DEBITO,59.49,2025-09-22T23:42:41,APROVADO
PAG00001722,PED00001722,PIX,91.93,2025-09-22T21:33:10,APROVADO
PAG00001723,PED00001723,PIX,37.38,2025-09-22T19:36:32,APROVADO
PAG00001724,PED00001724,DINHEIRO,36.52,2025-09-22T12:40:35,APROVADO
PAG00001725,PED00001725,PIX,202.62,2025-09-22T21:54:53,APROVADO
PAG00001726,PED00001726,PIX,87.91,2025-09-22T14:54:58,PENDENTE
PAG00001727,PED00001727,PIX,43.22,2025-09-22T17:35:22,APROVADO
PAG00001728,PED00001728,PIX,148.17,2025-09-22T22:38:06,APROVADO
PAG00001729,PED00001729,CARTAO_CREDITO,72.76,2025-09-22T22:26:51,APROVADO
PAG00001730,PED00001730,PIX,168.44,2025-09-22T13:08:20,APROVADO
PAG00001732,PED00001732,CARTAO_DEBITO,42.27,2025-09-22T13:19:58,APROVADO
PAG00001733,PED00001733,PIX,112.36,2025-09-22T22:02:23,APROVADO
PAG00001734,PED00001734,CARTAO_CREDITO,40.01,2025-09-22T18:52:36,APROVADO
PAG00001735,PED00001735,CARTAO_CREDITO,55.72,2025-09-22T18:58:47,APROVADO
PAG00001736,PED00001736,CARTAO_DEBITO,156.42,2025-09-22T19:41:03,APROVADO
PAG00001737,PED00001737,CARTAO_DEBITO,41.87,2025-09-22T12:29:35,APROVADO
PAG00001738,PED00001738,CARTAO_CREDITO,396.34,2025-09-22T19:46:16,APROVADO
PAG00001739,PED00001739,CARTAO_CREDITO,35.83,2025-09-22T17:23:36,APROVADO
PAG00001740,PED00001740,CARTAO_CREDITO,28.65,2025-09-22T23:30:01,PENDENTE
PAG00001741,PED00001741,CARTAO_DEBITO,30.68,2025-09-22T18:20:52,APROVADO
PAG00001742,PED00001742,CARTAO_DEBITO,35.25,2025-09-22T19:27:00,PENDENTE
PAG00001743,PED00001743,PIX,29.38,2025-09-22T17:23:04,APROVADO
PAG00001744,PED00001744,DINHEIRO,76.3,2025-09-22T16:01:03,APROVADO
PAG00001745,PED00001745,CARTAO_CREDITO,70.52,2025-09-22T19:18:35,APROVADO
PAG00001746,PED00001746,PIX,15.52,2025-09-22T15:02:25,APROVADO
PAG00001747,PED00001747,PIX,35.5,2025-09-22T14:25:53,APROVADO
PAG00001748,PED00001748,CARTAO_DEBITO,86.84,2025-09-22T15:30:46,APROVADO
PAG00001749,PED00001749,CARTAO_DEBITO,30.85,2025-09-22T19:11:00,APROVADO
PAG00001750,PED00001750,CARTAO_CREDITO,42.34,2025-09-22T10:12:51,APROVADO
PAG00001751,PED00001751,CARTAO_CREDITO,102.72,2025-09-22T17:06:24,APROVADO
PAG00001752,PED00001752,PIX,122.09,2025-09-22T20:56:19,APROVADO
PAG00001753,PED00001753,CARTAO_CREDITO,94.69,2025-09-23T13:05:59,APROVADO
PAG00001754,PED00001754,PIX,217.13,2025-09-23T10:32:51,APROVADO
PAG00001755,PED00001755,PIX,42.4,2025-09-23T19:25:01,APROVADO
PAG00001756,PED00001756,CARTAO_CREDITO,71.71,2025-09-23T12:31:48,APROVADO
PAG00001758,PED00001758,PIX,97.23,2025-09-23T22:17:03,APROVADO
PAG00001759,PED00001759,CARTAO_CREDITO,96.36,2025-09-23T16:37:29,APROVADO
PAG00001760,PED00001760,DINHEIRO,135.8,2025-09-23T18:18:03,APROVADO
PAG00001761,PED00001761,PIX,34.23,2025-09-23T22:03:36,APROVADO
PAG00001762,PED00001762,CARTAO_CREDITO,67.66,2025-09-23T21:38:11,APROVADO
PAG00001763,PED00001763,PIX,60.04,2025-09-23T13:14:57,PENDENTE
PAG00001764,PED00001764,PIX,46.1,2025-09-23T17:07:21,APROVADO
PAG00001765,PED00001765,CARTAO_DEBITO,155.7,2025-09-23T10:51:23,APROVADO
PAG00001766,PED00001766,CARTAO_CREDITO,60.26,2025-09-23T14:55:15,APROVADO
PAG00001767,PED00001767,CARTAO_CREDITO,100.31,2025-09-23T16:26:11,APROVADO
PAG00001768,PED00001768,CARTAO_CREDITO,136.85,2025-09-23T22:56:43,APROVADO
PAG00001769,PED00001769,DINHEIRO,41.03,2025-09-23T20:09:06,APROVADO
PAG00001770,PED00001770,CARTAO_CREDITO,43.99,2025-09-23T12:24:41,APROVADO
PAG00001771,PED00001771,CARTAO_DEBITO,157.3,2025-09-23T21:46:43,APROVADO
PAG00001772,PED00001772,CARTAO_CREDITO,51.59,2025-09-23T20:31:50,APROVADO
PAG00001773,PED00001773,CARTAO_DEBITO,244.94,2025-09-23T22:09:13,APROVADO
PAG00001774,PED00001774,PIX,278.6,2025-09-23T22:40:38,APROVADO
PAG00001775,PED00001775,CARTAO_CREDITO,245.71,2025-09-23T11:35:53,APROVADO
PAG00001776,PED00001776,CARTAO_CREDITO,87.01,2025-09-23T20:02:28,APROVADO
PAG00001777,PED00001777,CARTAO_DEBITO,117.84,2025-09-23T14:25:40,APROVADO
PAG00001778,PED00001778,CARTAO_DEBITO,64.37,2025-09-23T21:31:08,APROVADO
PAG00001779,PED00001779,CARTAO_DEBITO,102.73,2025-09-23T17:39:48,APROVADO
PAG00001780,PED00001780,CARTAO_DEBITO,54.82,2025-09-23T10:47:03,APROVADO
PAG00001781,PED00001781,CARTAO_CREDITO,53.65,2025-09-23T13:56:43,PENDENTE
PAG00001782,PED00001782,CARTAO_CREDITO,21.48,2025-09-23T17:56:39,APROVADO
PAG00001784,PED00001784,PIX,24.01,2025-09-23T16:26:01,APROVADO
PAG00001785,PED00001785,CARTAO_CREDITO,63.31,2025-09-23T20:37:14,APROVADO
PAG00001786,PED00001786,CARTAO_CREDITO,24.06,2025-09-23T12:53:14,APROVADO
PAG00001787,PED00001787,DINHEIRO,14.13,2025-09-23T22:57:49,APROVADO
PAG00001788,PED00001788,CARTAO_CREDITO,67.66,2025-09-23T23:54:27,APROVADO
PAG00001789,PED00001789,CARTAO_CREDITO,345.15,2025-09-23T13:17:41,APROVADO
PAG00001790,PED00001790,PIX,74.6,2025-09-23T16:17:20,PENDENTE
PAG00001791,PED00001791,CARTAO_DEBITO,67.59,2025-09-23T18:23:38,APROVADO
PAG00001792,PED00001792,CARTAO_DEBITO,58.52,2025-09-23T12:58:35,APROVADO
PAG00001793,PED00001793,DINHEIRO,300.84,2025-09-23T14:11:21,APROVADO
PAG00001794,PED00001794,PIX,40.74,2025-09-23T14:48:22,APROVADO
PAG00001795,PED00001795,PIX,248.8,2025-09-23T12:20:23,APROVADO
PAG00001796,PED00001796,CARTAO_CREDITO,99.52,2025-09-23T10:46:36,APROVADO
PAG00001797,PED00001797,PIX,34.43,2025-09-23T13:37:38,APROVADO
PAG00001798,PED00001798,PIX,92.0,2025-09-23T16:29:58,APROVADO
PAG00001799,PED00001799,CARTAO_DEBITO,70.96,2025-09-23T13:50:30,APROVADO
PAG00001800,PED00001800,PIX,100.68,2025-09-23T23:48:33,APROVADO
PAG00001801,PED00001801,CARTAO_CREDITO,20.87,2025-09-23T17:23:43,APROVADO
PAG00001802,PED00001802,PIX,16.43,2025-09-23T10:34:49,APROVADO
PAG00001803,PED00001803,PIX,21.95,2025-09-23T21:19:48,PENDENTE
PAG00001804,PED00001804,PIX,58.4,2025-09-23T11:16:23,APROVADO
PAG00001805,PED00001805,CARTAO_CREDITO,167.64,2025-09-23T15:23:22,APROVADO
PAG00001806,PED00001806,PIX,43.78,2025-09-23T22:46:20,APROVADO
PAG00001807,PED00001807,PIX,47.67,2025-09-23T12:07:31,APROVADO
PAG00001808,PED00001808,PIX,70.01,2025-09-23T12:46:12,PENDENTE
PAG00001809,PED00001809,PIX,97.11,2025-09-24T12:00:27,APROVADO
PAG00001810,PED00001810,PIX,183.77,2025-09-24T16:35:03,PENDENTE
PAG00001811,PED00001811,CARTAO_CREDITO,96.72,2025-09-24T10:55:19,PENDENTE
PAG00001812,PED00001812,CARTAO_CREDITO,77.69,2025-09-24T17:33:25,APROVADO
PAG00001813,PED00001813,CARTAO_DEBITO,199.19,2025-09-24T10:57:12,APROVADO
PAG00001814,PED00001814,CARTAO_DEBITO,69.86,2025-09-24T16:58:19,APROVADO
PAG00001815,PED00001815,PIX,66.51,2025-09-24T13:45:48,APROVADO
PAG00001816,PED00001816,CARTAO_CREDITO,40.11,2025-09-24T13:24:39,APROVADO
PAG00001817,PED00001817,CARTAO_DEBITO,76.4,2025-09-24T19:59:35,APROVADO
PAG00001818,PED00001818,CARTAO_DEBITO,44.41,2025-09-24T18:31:08,APROVADO
PAG00001819,PED00001819,DINHEIRO,32.39,2025-09-24T22:57:49,APROVADO
PAG00001820,PED00001820,PIX,38.92,2025-09-24T14:51:27,APROVADO
PAG00001821,PED00001821,CARTAO_CREDITO,54.99,2025-09-24T22:05:42,APROVADO
PAG00001822,PED00001822,PIX,114.31,2025-09-24T11:54:54,APROVADO
PAG00001823,PED00001823,PIX,20.42,2025-09-24T23:18:02,APROVADO
PAG00001824,PED00001824,DINHEIRO,166.93,2025-09-24T14:18:19,APROVADO
PAG00001825,PED00001825,DINHEIRO,156.65,2025-09-24T22:35:06,APROVADO
PAG00001826,PED00001826,PIX,133.62,2025-09-24T16:52:33,APROVADO
PAG00001827,PED00001827,PIX,94.03,2025-09-24T19:44:40,APROVADO
PAG00001828,PED00001828,PIX,98.5,2025-09-24T10:03:35,APROVADO
PAG00001829,PED00001829,CARTAO_DEBITO,83.61,2025-09-24T21:56:51,APROVADO
PAG00001830,PED00001830,PIX,51.18,2025-09-24T14:32:53,APROVADO
PAG00001831,PED00001831,CARTAO_CREDITO,102.68,2025-09-24T21:34:53,APROVADO
PAG00001832,PED00001832,PIX,178.19,2025-09-24T21:44:36,APROVADO
PAG00001833,PED00001833,CARTAO_CREDITO,133.08,2025-09-24T23:25:36,APROVADO
PAG00001834,PED00001834,DINHEIRO,14.39,2025-09-24T19:43:40,APROVADO
PAG00001835,PED00001835,CARTAO_CREDITO,326.79,2025-09-24T15:36:08,APROVADO
PAG00001837,PED00001837,CARTAO_CREDITO,45.8,2025-09-24T22:22:50,APROVADO
PAG00001838,PED00001838,CARTAO_DEBITO,109.86,2025-09-24T21:45:40,PENDENTE
PAG00001839,PED00001839,PIX,225.73,2025-09-24T21:53:33,APROVADO
PAG00001840,PED00001840,CARTAO_DEBITO,58.18,2025-09-24T23:40:24,PENDENTE
PAG00001841,PED00001841,CARTAO_CREDITO,94.74,2025-09-24T17:05:13,APROVADO
PAG00001842,PED00001842,CARTAO_CREDITO,213.56,2025-09-24T17:59:22,APROVADO
PAG00001843,PED00001843,PIX,55.04,2025-09-24T12:44:33,APROVADO
PAG00001844,PED00001844,DINHEIRO,44.44,2025-09-24T19:26:51,APROVADO
PAG00001845,PED00001845,PIX,136.04,2025-09-24T15:34:35,APROVADO
PAG00001846,PED00001846,PIX,29.45,2025-09-24T12:24:05,APROVADO
PAG00001847,PED00001847,PIX,30.89,2025-09-24T16:49:52,APROVADO
PAG00001848,PED00001848,CARTAO_CREDITO,74.29,2025-09-24T17:46:06,APROVADO
PAG00001849,PED00001849,PIX,87.4,2025-09-24T15:07:15,APROVADO
PAG00001850,PED00001850,PIX,35.8,2025-09-24T12:26:07,APROVADO
PAG00001851,PED00001851,CARTAO_CREDITO,170.15,2025-09-24T19:45:35,APROVADO
PAG00001852,PED00001852,PIX,70.85,2025-09-24T10:21:21,APROVADO
PAG00001853,PED00001853,CARTAO_CREDITO,124.19,2025-09-24T17:41:50,APROVADO
PAG00001854,PED00001854,CARTAO_CREDITO,124.97,2025-09-24T21:06:42,APROVADO
PAG00001855,PED00001855,PIX,105.48,2025-09-24T17:14:25,APROVADO
PAG00001856,PED00001856,PIX,86.47,2025-09-24T12:10:15,APROVADO
PAG00001857,PED00001857,PIX,55.27,2025-09-24T15:22:53,APROVADO
PAG00001859,PED00001859,PIX,126.03,2025-09-24T17:25:44,APROVADO
PAG00001860,PED00001860,CARTAO_CREDITO,49.57,2025-09-24T19:44:36,APROVADO
PAG00001862,PED00001862,PIX,72.5,2025-09-24T15:04:40,APROVADO
PAG00001863,PED00001863,PIX,96.2,2025-09-24T16:06:10,APROVADO
PAG00001864,PED00001864,PIX,63.7,2025-09-24T23:19:41,APROVADO
PAG00001865,PED00001865,CARTAO_DEBITO,36.49,2025-09-24T14:59:01,APROVADO
PAG00001866,PED00001866,CARTAO_CREDITO,39.9,2025-09-24T10:38:29,APROVADO
PAG00001868,PED00001868,PIX,265.67,2025-09-24T10:57:38,APROVADO
PAG00001869,PED00001869,CARTAO_CREDITO,67.8,2025-09-24T13:14:19,APROVADO
PAG00001870,PED00001870,CARTAO_DEBITO,46.94,2025-09-24T15:52:20,APROVADO
PAG00001871,PED00001871,CARTAO_DEBITO,108.08,2025-09-24T20:55:22,APROVADO
PAG00001872,PED00001872,CARTAO_DEBITO,64.1,2025-09-24T16:37:44,APROVADO
PAG00001874,PED00001874,CARTAO_CREDITO,35.57,2025-09-25T11:49:56,APROVADO
PAG00001875,PED00001875,CARTAO_DEBITO,60.02,2025-09-25T17:26:17,APROVADO
PAG00001876,PED00001876,PIX,39.12,2025-09-25T20:16:32,APROVADO
PAG00001877,PED00001877,CARTAO_CREDITO,161.42,2025-09-25T11:51:43,APROVADO
PAG00001878,PED00001878,DINHEIRO,49.88,2025-09-25T12:05:44,APROVADO
PAG00001879,PED00001879,PIX,105.84,2025-09-25T19:47:59,APROVADO
PAG00001880,PED00001880,PIX,112.44,2025-09-25T22:16:39,APROVADO
PAG00001881,PED00001881,PIX,37.83,2025-09-25T14:30:20,APROVADO
PAG00001882,PED00001882,PIX,83.37,2025-09-25T14:22:11,APROVADO
PAG00001883,PED00001883,CARTAO_DEBITO,64.21,2025-09-25T15:33:48,APROVADO
PAG00001884,PED00001884,CARTAO_DEBITO,66.71,2025-09-25T16:57:05,APROVADO
PAG00001885,PED00001885,PIX,144.76,2025-09-25T16:09:55,APROVADO
PAG00001886,PED00001886,PIX,277.65,2025-09-25T15:29:20,APROVADO
PAG00001887,PED00001887,CARTAO_CREDITO,30.76,2025-09-25T15:11:41,APROVADO
PAG00001888,PED00001888,CARTAO_DEBITO,89.94,2025-09-25T15:49:56,APROVADO
PAG00001889,PED00001889,PIX,9.75,2025-09-25T23:42:14,APROVADO
PAG00001890,PED00001890,CARTAO_DEBITO,57.53,2025-09-25T15:07:03,APROVADO
PAG00001891,PED00001891,PIX,31.72,2025-09-25T14:50:39,APROVADO
PAG00001892,PED00001892,PIX,109.5,2025-09-25T11:59:52,APROVADO
PAG00001893,PED00001893,CARTAO_DEBITO,135.87,2025-09-25T22:51:13,APROVADO
PAG00001894,PED00001894,PIX,45.07,2025-09-25T14:36:13,PENDENTE
PAG00001895,PED00001895,PIX,157.6,2025-09-25T15:17:18,APROVADO
PAG00001897,PED00001897,CARTAO_DEBITO,141.77,2025-09-25T15:14:58,APROVADO
PAG00001898,PED00001898,CARTAO_CREDITO,20.93,2025-09-25T13:07:41,APROVADO
PAG00001899,PED00001899,PIX,136.29,2025-09-25T15:53:21,APROVADO
PAG00001900,PED00001900,CARTAO_CREDITO,30.29,2025-09-25T17:07:48,APROVADO
PAG00001901,PED00001901,PIX,90.86,2025-09-25T18:47:29,APROVADO
PAG00001902,PED00001902,CARTAO_DEBITO,132.47,2025-09-25T14:21:28,APROVADO
PAG00001903,PED00001903,CARTAO_CREDITO,52.53,2025-09-25T17:22:41,APROVADO
PAG00001904,PED00001904,CARTAO_DEBITO,226.34,2025-09-25T17:11:06,APROVADO
PAG00001905,PED00001905,CARTAO_CREDITO,147.23,2025-09-25T11:57:57,APROVADO
PAG00001906,PED00001906,DINHEIRO,47.39,2025-09-25T21:58:04,APROVADO
PAG00001908,PED00001908,PIX,152.58,2025-09-25T13:26:30,APROVADO
PAG00001909,PED00001909,PIX,35.13,2025-09-25T11:04:55,APROVADO
PAG00001910,PED00001910,PIX,74.45,2025-09-25T21:31:28,APROVADO
PAG00001911,PED00001911,CARTAO_CREDITO,66.48,2025-09-25T22:19:37,APROVADO
PAG00001912,PED00001912,DINHEIRO,46.36,2025-09-25T16:14:00,APROVADO
PAG00001913,PED00001913,PIX,33.23,2025-09-25T12:28:48,APROVADO
PAG00001914,PED00001914,PIX,252.27,2025-09-25T11:07:00,APROVADO
PAG00001915,PED00001915,DINHEIRO,103.31,2025-09-25T19:02:06,APROVADO
PAG00001917,PED00001917,CARTAO_CREDITO,13.6,2025-09-25T11:09:57,APROVADO
PAG00001918,PED00001918,PIX,62.03,2025-09-25T17:19:47,APROVADO
PAG00001919,PED00001919,PIX,126.1,2025-09-25T11:14:01,APROVADO
PAG00001920,PED00001920,CARTAO_DEBITO,85.34,2025-09-25T18:50:04,APROVADO
PAG00001921,PED00001921,PIX,72.48,2025-09-25T22:04:41,PENDENTE
PAG00001922,PED00001922,CARTAO_CREDITO,77.94,2025-09-25T23:02:18,APROVADO
PAG00001923,PED00001923,PIX,96.99,2025-09-25T22:50:38,APROVADO
PAG00001924,PED00001924,CARTAO_CREDITO,107.71,2025-09-25T10:42:39,APROVADO
PAG00001925,PED00001925,CARTAO_CREDITO,200.54,2025-09-25T13:14:12,APROVADO
PAG00001926,PED00001926,PIX,41.09,2025-09-25T11:31:18,APROVADO
PAG00001927,PED00001927,CARTAO_DEBITO,96.44,2025-09-25T17:41:45,APROVADO
PAG00001929,PED00001929,CARTAO_CREDITO,117.41,2025-09-25T21:56:58,APROVADO
PAG00001930,PED00001930,CARTAO_CREDITO,292.84,2025-09-25T20:33:49,APROVADO
PAG00001931,PED00001931,CARTAO_CREDITO,68.57,2025-09-25T12:51:01,APROVADO
PAG00001932,PED00001932,CARTAO_CREDITO,36.72,2025-09-25T19:16:49,APROVADO
PAG00001933,PED00001933,CARTAO_DEBITO,117.8,2025-09-25T11:51:29,PENDENTE
PAG00001934,PED00001934,PIX,48.56,2025-09-25T23:32:22,APROVADO
PAG00001935,PED00001935,PIX,77.22,2025-09-25T22:02:44,APROVADO
PAG00001936,PED00001936,CARTAO_DEBITO,110.65,2025-09-25T19:00:55,APROVADO
PAG00001937,PED00001937,PIX,75.52,2025-09-25T18:42:02,APROVADO
PAG00001938,PED00001938,DINHEIRO,94.01,2025-09-25T19:43:08,APROVADO
PAG00001939,PED00001939,PIX,80.48,2025-09-25T15:56:30,APROVADO
PAG00001940,PED00001940,CARTAO_DEBITO,30.96,2025-09-25T10:03:57,APROVADO
PAG00001941,PED00001941,CARTAO_CREDITO,130.11,2025-09-25T14:42:42,APROVADO
PAG00001942,PED00001942,CARTAO_DEBITO,80.82,2025-09-25T13:41:33,APROVADO
PAG00001944,PED00001944,CARTAO_CREDITO,60.59,2025-09-25T19:04:30,APROVADO
PAG00001945,PED00001945,CARTAO_CREDITO,98.01,2025-09-26T10:58:10,APROVADO
PAG00001947,PED00001947,PIX,133.52,2025-09-26T22:53:33,APROVADO
PAG00001948,PED00001948,CARTAO_CREDITO,27.88,2025-09-26T21:12:29,APROVADO
PAG00001949,PED00001949,PIX,94.06,2025-09-26T15:44:37,APROVADO
PAG00001950,PED00001950,CARTAO_CREDITO,30.5,2025-09-26T20:55:22,APROVADO
PAG00001952,PED00001952,DINHEIRO,258.63,2025-09-26T15:39:24,APROVADO
PAG00001953,PED00001953,PIX,220.05,2025-09-26T23:05:49,APROVADO
PAG00001954,PED00001954,CARTAO_CREDITO,129.09,2025-09-26T18:28:29,APROVADO
PAG00001955,PED00001955,PIX,74.11,2025-09-26T19:58:53,PENDENTE
PAG00001956,PED00001956,PIX,55.66,2025-09-26T12:10:03,APROVADO
PAG00001958,PED00001958,PIX,99.16,2025-09-26T18:10:28,APROVADO
PAG00001959,PED00001959,PIX,70.52,2025-09-26T16:26:32,APROVADO
PAG00001960,PED00001960,PIX,149.09,2025-09-26T15:37:58,APROVADO
PAG00001961,PED00001961,PIX,57.34,2025-09-26T13:53:42,APROVADO
PAG00001962,PED00001962,CARTAO_CREDITO,163.22,2025-09-26T22:53:36,APROVADO
PAG00001963,PED00001963,DINHEIRO,57.63,2025-09-26T22:43:15,PENDENTE
PAG00001964,PED00001964,PIX,330.89,2025-09-26T16:38:48,APROVADO
PAG00001965,PED00001965,CARTAO_CREDITO,16.17,2025-09-26T18:33:15,APROVADO
PAG00001967,PED00001967,PIX,80.82,2025-09-26T22:22:14,APROVADO
PAG00001968,PED00001968,PIX,52.37,2025-09-26T19:15:22,PENDENTE
PAG00001969,PED00001969,CARTAO_CREDITO,42.37,2025-09-26T14:16:57,APROVADO
PAG00001970,PED00001970,PIX,95.14,2025-09-26T20:44:26,APROVADO
PAG00001971,PED00001971,PIX,48.23,2025-09-26T19:08:18,APROVADO
PAG00001972,PED00001972,CARTAO_CREDITO,115.25,2025-09-26T21:20:02,APROVADO
PAG00001973,PED00001973,PIX,100.96,2025-09-26T21:27:02,APROVADO
PAG00001974,PED00001974,PIX,43.26,2025-09-26T11:26:01,APROVADO
PAG00001975,PED00001975,CARTAO_DEBITO,26.54,2025-09-26T15:36:38,APROVADO
PAG00001976,PED00001976,CARTAO_CREDITO,94.79,2025-09-26T17:52:59,APROVADO
PAG00001977,PED00001977,CARTAO_CREDITO,36.66,2025-09-26T22:08:36,APROVADO
PAG00001978,PED00001978,CARTAO_DEBITO,59.31,2025-09-26T13:07:13,APROVADO
PAG00001979,PED00001979,CARTAO_CREDITO,16.55,2025-09-26T23:12:53,APROVADO
PAG00001980,PED00001980,PIX,58.47,2025-09-26T19:05:25,APROVADO
PAG00001981,PED00001981,CARTAO_CREDITO,42.8,2025-09-26T16:50:47,APROVADO
PAG00001982,PED00001982,CARTAO_DEBITO,38.17,2025-09-26T23:40:03,APROVADO
PAG00001983,PED00001983,PIX,115.05,2025-09-26T12:01:53,APROVADO
PAG00001984,PED00001984,CARTAO_CREDITO,33.54,2025-09-26T18:08:09,APROVADO
PAG00001985,PED00001985,CARTAO_CREDITO,77.71,2025-09-26T15:55:44,APROVADO
PAG00001986,PED00001986,PIX,123.8,2025-09-26T23:20:43,APROVADO
PAG00001987,PED00001987,CARTAO_CREDITO,149.32,2025-09-26T17:04:55,APROVADO
PAG00001988,PED00001988,PIX,61.75,2025-09-26T22:09:32,APROVADO
PAG00001989,PED00001989,DINHEIRO,25.18,2025-09-26T11:46:18,APROVADO
PAG00001990,PED00001990,CARTAO_DEBITO,164.92,2025-09-26T20:12:45,APROVADO
PAG00001991,PED00001991,DINHEIRO,91.34,2025-09-26T15:31:02,APROVADO
PAG00001993,PED00001993,CARTAO_DEBITO,69.53,2025-09-26T20:39:18,APROVADO
PAG00001994,PED00001994,CARTAO_DEBITO,54.72,2025-09-26T17:18:34,APROVADO
PAG00001995,PED00001995,PIX,49.26,2025-09-26T14:20:33,APROVADO
PAG00001996,PED00001996,CARTAO_CREDITO,180.56,2025-09-26T16:44:43,APROVADO
PAG00001997,PED00001997,PIX,99.17,2025-09-26T13:54:44,APROVADO
PAG00001998,PED00001998,PIX,87.85,2025-09-26T21:16:50,APROVADO
PAG00001999,PED00001999,CARTAO_DEBITO,16.58,2025-09-26T13:36:48,APROVADO
PAG00002000,PED00002000,PIX,176.92,2025-09-26T19:43:55,APROVADO
PAG00002001,PED00002001,CARTAO_DEBITO,137.06,2025-09-26T13:28:01,APROVADO
PAG00002002,PED00002002,PIX,114.85,2025-09-26T19:24:28,APROVADO
PAG00002003,PED00002003,PIX,98.46,2025-09-26T10:53:12,APROVADO
PAG00002004,PED00002004,CARTAO_DEBITO,51.55,2025-09-26T13:02:06,APROVADO
PAG00002005,PED00002005,PIX,274.02,2025-09-26T20:16:14,PENDENTE
PAG00002006,PED00002006,PIX,155.72,2025-09-26T14:32:39,APROVADO
PAG00002007,PED00002007,CARTAO_CREDITO,55.97,2025-09-26T11:57:56,APROVADO
PAG00002008,PED00002008,CARTAO_CREDITO,43.66,2025-09-26T13:18:45,APROVADO
PAG00002010,PED00002010,PIX,12.26,2025-09-26T22:56:21,APROVADO
PAG00002011,PED00002011,CARTAO_CREDITO,146.3,2025-09-26T15:35:11,APROVADO
PAG00002012,PED00002012,PIX,106.93,2025-09-26T21:53:11,APROVADO
PAG00002013,PED00002013,PIX,19.35,2025-09-26T21:33:03,APROVADO
PAG00002014,PED00002014,CARTAO_DEBITO,78.07,2025-09-26T11:45:02,APROVADO
PAG00002015,PED00002015,CARTAO_CREDITO,16.64,2025-09-26T14:55:23,APROVADO
PAG00002016,PED00002016,CARTAO_DEBITO,101.32,2025-09-26T20:00:09,APROVADO
PAG00002017,PED00002017,PIX,147.32,2025-09-26T16:31:29,APROVADO
PAG00002018,PED00002018,PIX,103.66,2025-09-26T12:20:18,APROVADO
PAG00002019,PED00002019,DINHEIRO,165.14,2025-09-26T20:25:27,APROVADO
PAG00002020,PED00002020,PIX,102.21,2025-09-26T22:07:06,APROVADO
PAG00002021,PED00002021,CARTAO_DEBITO,59.52,2025-09-26T12:51:07,APROVADO
PAG00002022,PED00002022,CARTAO_CREDITO,163.9,2025-09-26T23:55:20,APROVADO
PAG00002023,PED00002023,CARTAO_CREDITO,86.97,2025-09-26T22:53:48,APROVADO
PAG00002024,PED00002024,CARTAO_DEBITO,124.61,2025-09-26T20:46:40,APROVADO
PAG00002025,PED00002025,PIX,52.4,2025-09-26T22:49:42,APROVADO
PAG00002026,PED00002026,CARTAO_CREDITO,146.66,2025-09-26T15:09:09,APROVADO
PAG00002027,PED00002027,PIX,134.5,2025-09-26T16:50:19,APROVADO
PAG00002028,PED00002028,CARTAO_CREDITO,25.85,2025-09-26T21:28:22,APROVADO
PAG00002029,PED00002029,PIX,102.52,2025-09-26T15:20:25,APROVADO
PAG00002030,PED00002030,CARTAO_CREDITO,40.84,2025-09-26T23:54:54,APROVADO
PAG00002031,PED00002031,PIX,146.84,2025-09-26T14:18:14,APROVADO
PAG00002032,PED00002032,PIX,182.51,2025-09-26T18:08:20,APROVADO
PAG00002033,PED00002033,CARTAO_DEBITO,146.38,2025-09-26T12:01:10,APROVADO
PAG00002034,PED00002034,DINHEIRO,265.94,2025-09-26T10:36:36,APROVADO
PAG00002035,PED00002035,PIX,42.69,2025-09-26T10:17:57,APROVADO
PAG00002036,PED00002036,PIX,12.59,2025-09-26T17:44:31,APROVADO
PAG00002037,PED00002037,CARTAO_DEBITO,32.47,2025-09-26T14:18:12,APROVADO
PAG00002038,PED00002038,CARTAO_CREDITO,15.86,2025-09-26T10:06:46,APROVADO
PAG00002039,PED00002039,CARTAO_CREDITO,25.86,2025-09-26T17:50:06,APROVADO
PAG00002040,PED00002040,PIX,194.82,2025-09-26T22:57:45,APROVADO
PAG00002041,PED00002041,CARTAO_CREDITO,295.88,2025-09-26T11:09:59,APROVADO
PAG00002042,PED00002042,PIX,123.54,2025-09-26T11:44:38,APROVADO
PAG00002043,PED00002043,PIX,47.18,2025-09-26T21:50:12,APROVADO
PAG00002044,PED00002044,PIX,49.68,2025-09-26T10:29:48,APROVADO
PAG00002045,PED00002045,CARTAO_CREDITO,82.21,2025-09-26T17:04:22,PENDENTE
PAG00002046,PED00002046,CARTAO_CREDITO,74.66,2025-09-26T14:28:04,APROVADO
PAG00002048,PED00002048,CARTAO_CREDITO,128.7,2025-09-26T21:09:14,APROVADO
PAG00002049,PED00002049,PIX,29.45,2025-09-26T18:49:09,APROVADO
PAG00002050,PED00002050,CARTAO_CREDITO,109.72,2025-09-26T12:50:36,APROVADO
PAG00002051,PED00002051,CARTAO_CREDITO,17.79,2025-09-26T20:26:58,APROVADO
PAG00002052,PED00002052,CARTAO_CREDITO,111.83,2025-09-26T19:56:48,APROVADO
PAG00002053,PED00002053,CARTAO_DEBITO,154.97,2025-09-26T12:20:38,APROVADO
PAG00002054,PED00002054,PIX,109.63,2025-09-26T12:36:22,APROVADO
PAG00002055,PED00002055,CARTAO_CREDITO,52.68,2025-09-26T11:57:39,APROVADO
PAG00002056,PED00002056,CARTAO_CREDITO,41.71,2025-09-26T17:10:55,APROVADO
PAG00002057,PED00002057,PIX,28.85,2025-09-27T23:18:23,APROVADO
PAG00002058,PED00002058,PIX,110.91,2025-09-27T12:29:30,APROVADO
PAG00002059,PED00002059,PIX,135.96,2025-09-27T19:29:52,APROVADO
PAG00002060,PED00002060,CARTAO_DEBITO,76.07,2025-09-27T23:31:29,APROVADO
PAG00002061,PED00002061,PIX,108.45,2025-09-27T23:37:16,APROVADO
PAG00002062,PED00002062,PIX,54.37,2025-09-27T15:19:04,APROVADO
PAG00002063,PED00002063,CARTAO_DEBITO,169.42,2025-09-27T10:31:02,APROVADO
PAG00002064,PED00002064,CARTAO_CREDITO,190.24,2025-09-27T19:16:04,APROVADO
PAG00002065,PED00002065,PIX,71.27,2025-09-27T10:39:30,PENDENTE
PAG00002066,PED00002066,PIX,17.49,2025-09-27T22:12:23,APROVADO
PAG00002067,PED00002067,CARTAO_CREDITO,37.39,2025-09-27T14:23:41,APROVADO
PAG00002068,PED00002068,CARTAO_DEBITO,80.27,2025-09-27T15:58:45,APROVADO
PAG00002069,PED00002069,CARTAO_CREDITO,114.4,2025-09-27T12:18:51,PENDENTE
PAG00002070,PED00002070,CARTAO_DEBITO,28.41,2025-09-27T22:02:08,APROVADO
PAG00002071,PED00002071,CARTAO_CREDITO,144.33,2025-09-27T19:15:11,APROVADO
PAG00002072,PED00002072,CARTAO_CREDITO,31.1,2025-09-27T19:17:31,APROVADO
PAG00002073,PED00002073,DINHEIRO,87.55,2025-09-27T22:54:38,APROVADO
PAG00002074,PED00002074,CARTAO_CREDITO,69.82,2025-09-27T13:59:35,APROVADO
PAG00002075,PED00002075,PIX,65.38,2025-09-27T17:32:07,APROVADO
PAG00002076,PED00002076,CARTAO_CREDITO,76.29,2025-09-27T17:51:37,PENDENTE
PAG00002077,PED00002077,CARTAO_DEBITO,74.27,2025-09-27T22:16:51,APROVADO
PAG00002078,PED00002078,CARTAO_DEBITO,82.83,2025-09-27T15:15:55,APROVADO
PAG00002079,PED00002079,CARTAO_CREDITO,81.79,2025-09-27T12:52:55,APROVADO
PAG00002080,PED00002080,DINHEIRO,37.64,2025-09-27T10:20:55,APROVADO
PAG00002081,PED00002081,PIX,50.76,2025-09-27T14:57:04,APROVADO
PAG00002082,PED00002082,PIX,33.76,2025-09-27T18:03:20,APROVADO
PAG00002083,PED00002083,CARTAO_CREDITO,143.36,2025-09-27T10:30:33,APROVADO
PAG00002084,PED00002084,PIX,115.74,2025-09-27T20:55:12,APROVADO
PAG00002085,PED00002085,PIX,151.56,2025-09-27T13:58:03,APROVADO
PAG00002086,PED00002086,CARTAO_CREDITO,150.12,2025-09-27T19:15:36,APROVADO
PAG00002087,PED00002087,CARTAO_CREDITO,22.64,2025-09-27T15:58:39,APROVADO
PAG00002088,PED00002088,CARTAO_DEBITO,45.02,2025-09-27T15:56:48,APROVADO
PAG00002089,PED00002089,PIX,269.03,2025-09-27T22:43:30,APROVADO
PAG00002090,PED00002090,CARTAO_DEBITO,296.02,2025-09-27T22:04:09,APROVADO
PAG00002091,PED00002091,PIX,156.04,2025-09-27T10:12:09,APROVADO
PAG00002092,PED00002092,PIX,81.87,2025-09-27T23:15:24,APROVADO
PAG00002093,PED00002093,PIX,14.13,2025-09-27T22:43:51,APROVADO
PAG00002094,PED00002094,PIX,128.06,2025-09-27T12:27:07,APROVADO
PAG00002095,PED00002095,CARTAO_CREDITO,174.7,2025-09-27T21:59:16,APROVADO
PAG00002096,PED00002096,CARTAO_DEBITO,56.73,2025-09-27T15:34:45,APROVADO
PAG00002097,PED00002097,CARTAO_DEBITO,28.86,2025-09-27T15:55:23,APROVADO
PAG00002098,PED00002098,CARTAO_CREDITO,46.36,2025-09-27T14:24:43,APROVADO
PAG00002099,PED00002099,CARTAO_DEBITO,30.6,2025-09-27T18:34:33,APROVADO
PAG00002100,PED00002100,PIX,113.69,2025-09-27T17:51:51,APROVADO
PAG00002101,PED00002101,PIX,17.11,2025-09-27T22:55:55,APROVADO
PAG00002102,PED00002102,PIX,63.93,2025-09-27T12:03:33,APROVADO
PAG00002103,PED00002103,CARTAO_DEBITO,67.57,2025-09-27T19:34:55,APROVADO
PAG00002105,PED00002105,CARTAO_CREDITO,23.55,2025-09-27T15:48:19,APROVADO
PAG00002106,PED00002106,DINHEIRO,72.33,2025-09-27T16:16:34,APROVADO
PAG00002107,PED00002107,CARTAO_CREDITO,53.56,2025-09-27T17:39:26,APROVADO
PAG00002108,PED00002108,CARTAO_CREDITO,11.5,2025-09-27T13:39:52,APROVADO
PAG00002109,PED00002109,CARTAO_CREDITO,23.86,2025-09-27T21:54:55,APROVADO
PAG00002110,PED00002110,PIX,41.13,2025-09-27T20:30:58,APROVADO
PAG00002111,PED00002111,PIX,45.14,2025-09-27T23:44:04,APROVADO
PAG00002112,PED00002112,CARTAO_DEBITO,143.8,2025-09-27T22:48:20,APROVADO
PAG00002113,PED00002113,PIX,105.59,2025-09-27T11:44:11,APROVADO
PAG00002115,PED00002115,PIX,135.87,2025-09-27T20:20:27,APROVADO
PAG00002116,PED00002116,CARTAO_CREDITO,99.04,2025-09-27T20:21:00,APROVADO
PAG00002117,PED00002117,CARTAO_CREDITO,170.94,2025-09-27T17:18:05,APROVADO
PAG00002118,PED00002118,PIX,98.91,2025-09-27T11:24:03,APROVADO
PAG00002119,PED00002119,PIX,53.51,2025-09-27T13:28:26,APROVADO
PAG00002120,PED00002120,PIX,51.18,2025-09-27T10:48:25,APROVADO
PAG00002122,PED00002122,PIX,325.15,2025-09-27T20:16:02,APROVADO
PAG00002123,PED00002123,PIX,139.98,2025-09-27T13:19:15,APROVADO
PAG00002124,PED00002124,CARTAO_CREDITO,33.51,2025-09-27T15:14:34,APROVADO
PAG00002126,PED00002126,CARTAO_CREDITO,80.09,2025-09-27T21:24:01,APROVADO
PAG00002127,PED00002127,PIX,11.53,2025-09-27T12:23:04,APROVADO
PAG00002128,PED00002128,CARTAO_CREDITO,29.39,2025-09-27T11:17:52,APROVADO
PAG00002129,PED00002129,CARTAO_CREDITO,186.92,2025-09-27T13:44:15,APROVADO
PAG00002130,PED00002130,PIX,266.77,2025-09-27T11:04:20,APROVADO
PAG00002131,PED00002131,CARTAO_DEBITO,51.27,2025-09-27T13:34:33,APROVADO
PAG00002132,PED00002132,PIX,39.95,2025-09-27T10:36:19,APROVADO
PAG00002133,PED00002133,PIX,125.04,2025-09-27T15:30:13,APROVADO
PAG00002134,PED00002134,CARTAO_CREDITO,105.53,2025-09-27T14:36:16,APROVADO
PAG00002135,PED00002135,CARTAO_CREDITO,25.61,2025-09-27T10:33:27,APROVADO
PAG00002136,PED00002136,DINHEIRO,103.58,2025-09-27T12:21:39,APROVADO
PAG00002137,PED00002137,CARTAO_DEBITO,36.38,2025-09-27T13:59:04,APROVADO
PAG00002138,PED00002138,PIX,33.22,2025-09-27T19:50:51,APROVADO
PAG00002139,PED00002139,CARTAO_CREDITO,56.29,2025-09-27T13:47:02,APROVADO
PAG00002140,PED00002140,PIX,94.5,2025-09-27T12:37:28,APROVADO
PAG00002141,PED00002141,CARTAO_CREDITO,56.15,2025-09-27T23:16:57,APROVADO
PAG00002142,PED00002142,CARTAO_CREDITO,81.54,2025-09-27T17:01:02,APROVADO
PAG00002143,PED00002143,CARTAO_CREDITO,41.46,2025-09-27T11:11:09,PENDENTE
PAG00002144,PED00002144,CARTAO_CREDITO,56.27,2025-09-27T23:18:29,APROVADO
PAG00002145,PED00002145,CARTAO_CREDITO,68.1,2025-09-27T12:17:13,APROVADO
PAG00002146,PED00002146,PIX,36.5,2025-09-27T20:57:19,APROVADO
PAG00002147,PED00002147,PIX,213.54,2025-09-27T13:13:44,APROVADO
PAG00002148,PED00002148,CARTAO_CREDITO,87.4,2025-09-27T10:14:44,APROVADO
PAG00002149,PED00002149,CARTAO_CREDITO,69.89,2025-09-27T19:37:51,APROVADO
PAG00002150,PED00002150,PIX,23.47,2025-09-27T10:32:48,APROVADO
PAG00002151,PED00002151,PIX,116.06,2025-09-27T18:17:38,APROVADO
PAG00002152,PED00002152,DINHEIRO,120.92,2025-09-27T13:24:58,APROVADO
PAG00002153,PED00002153,PIX,28.25,2025-09-27T12:38:22,APROVADO
PAG00002154,PED00002154,CARTAO_DEBITO,66.8,2025-09-27T14:03:27,APROVADO
PAG00002155,PED00002155,CARTAO_CREDITO,146.24,2025-09-27T20:31:02,APROVADO
PAG00002157,PED00002157,PIX,51.3,2025-09-27T21:27:40,APROVADO
PAG00002158,PED00002158,PIX,108.21,2025-09-27T22:07:02,APROVADO
PAG00002159,PED00002159,CARTAO_CREDITO,192.61,2025-09-27T15:18:50,APROVADO
PAG00002160,PED00002160,PIX,244.84,2025-09-27T18:40:42,PENDENTE
PAG00002161,PED00002161,CARTAO_CREDITO,67.32,2025-09-27T14:42:32,APROVADO
PAG00002162,PED00002162,PIX,124.54,2025-09-27T22:13:20,APROVADO
PAG00002163,PED00002163,PIX,96.09,2025-09-27T15:18:37,APROVADO
PAG00002164,PED00002164,CARTAO_CREDITO,131.14,2025-09-27T11:49:50,APROVADO
PAG00002165,PED00002165,CARTAO_CREDITO,41.62,2025-09-27T18:48:46,APROVADO
PAG00002166,PED00002166,CARTAO_CREDITO,398.05,2025-09-27T20:26:49,APROVADO
PAG00002167,PED00002167,CARTAO_DEBITO,74.65,2025-09-27T23:03:28,APROVADO
PAG00002168,PED00002168,CARTAO_DEBITO,97.54,2025-09-27T21:19:07,APROVADO
PAG00002169,PED00002169,PIX,155.33,2025-09-27T14:19:33,APROVADO
PAG00002170,PED00002170,PIX,23.83,2025-09-27T22:17:35,APROVADO
PAG00002171,PED00002171,PIX,16.65,2025-09-27T17:06:37,APROVADO
PAG00002173,PED00002173,PIX,34.88,2025-09-27T12:06:10,APROVADO
PAG00002174,PED00002174,PIX,35.55,2025-09-27T23:41:32,PENDENTE
PAG00002175,PED00002175,PIX,212.71,2025-09-27T13:59:32,APROVADO
PAG00002176,PED00002176,PIX,121.45,2025-09-27T21:27:59,APROVADO
PAG00002177,PED00002177,DINHEIRO,76.61,2025-09-27T21:48:00,APROVADO
PAG00002178,PED00002178,PIX,101.5,2025-09-27T23:17:20,APROVADO
PAG00002179,PED00002179,PIX,32.22,2025-09-27T22:12:48,APROVADO
PAG00002180,PED00002180,PIX,67.82,2025-09-27T15:45:32,APROVADO
PAG00002181,PED00002181,CARTAO_CREDITO,138.56,2025-09-27T19:27:33,APROVADO
PAG00002182,PED00002182,CARTAO_CREDITO,82.68,2025-09-27T12:24:33,APROVADO
PAG00002183,PED00002183,CARTAO_CREDITO,42.45,2025-09-27T19:46:43,APROVADO
PAG00002184,PED00002184,PIX,38.21,2025-09-27T20:39:18,APROVADO
PAG00002185,PED00002185,PIX,32.33,2025-09-28T13:56:58,APROVADO
PAG00002186,PED00002186,CARTAO_DEBITO,20.15,2025-09-28T16:06:07,APROVADO
PAG00002187,PED00002187,CARTAO_CREDITO,149.46,2025-09-28T19:32:45,APROVADO
PAG00002188,PED00002188,PIX,155.48,2025-09-28T21:46:54,APROVADO
PAG00002189,PED00002189,CARTAO_CREDITO,54.72,2025-09-28T12:51:19,APROVADO
PAG00002190,PED00002190,CARTAO_DEBITO,60.14,2025-09-28T17:20:40,APROVADO
PAG00002191,PED00002191,PIX,53.23,2025-09-28T22:49:27,APROVADO
PAG00002192,PED00002192,PIX,14.37,2025-09-28T18:28:21,APROVADO
PAG00002193,PED00002193,CARTAO_CREDITO,117.51,2025-09-28T11:25:31,PENDENTE
PAG00002194,PED00002194,PIX,142.06,2025-09-28T17:51:35,APROVADO
PAG00002195,PED00002195,CARTAO_CREDITO,31.33,2025-09-28T13:31:25,APROVADO
PAG00002196,PED00002196,CARTAO_CREDITO,84.15,2025-09-28T23:50:49,PENDENTE
PAG00002197,PED00002197,CARTAO_CREDITO,25.43,2025-09-28T20:27:16,APROVADO
PAG00002198,PED00002198,CARTAO_CREDITO,119.58,2025-09-28T15:20:54,APROVADO
PAG00002199,PED00002199,CARTAO_DEBITO,53.74,2025-09-28T12:49:54,PENDENTE
PAG00002200,PED00002200,CARTAO_CREDITO,66.63,2025-09-28T11:29:37,APROVADO
PAG00002201,PED00002201,CARTAO_CREDITO,227.27,2025-09-28T14:48:54,APROVADO
PAG00002202,PED00002202,CARTAO_CREDITO,44.46,2025-09-28T19:05:10,APROVADO
PAG00002203,PED00002203,PIX,59.25,2025-09-28T13:33:11,APROVADO
PAG00002205,PED00002205,PIX,111.3,2025-09-28T19:34:50,APROVADO
PAG00002206,PED00002206,CARTAO_CREDITO,172.05,2025-09-28T10:24:10,APROVADO
PAG00002207,PED00002207,CARTAO_CREDITO,35.24,2025-09-28T22:09:33,APROVADO
PAG00002208,PED00002208,CARTAO_CREDITO,20.98,2025-09-28T15:21:43,APROVADO
PAG00002209,PED00002209,PIX,23.71,2025-09-28T21:22:08,APROVADO
PAG00002210,PED00002210,CARTAO_CREDITO,26.94,2025-09-28T22:10:59,APROVADO
PAG00002211,PED00002211,CARTAO_DEBITO,45.9,2025-09-28T14:00:04,APROVADO
PAG00002212,PED00002212,CARTAO_CREDITO,204.95,2025-09-28T23:30:00,APROVADO
PAG00002213,PED00002213,CARTAO_CREDITO,110.92,2025-09-28T18:52:47,APROVADO
PAG00002214,PED00002214,DINHEIRO,32.11,2025-09-28T23:21:38,APROVADO
PAG00002215,PED00002215,CARTAO_CREDITO,94.46,2025-09-28T17:25:23,APROVADO
PAG00002216,PED00002216,PIX,57.59,2025-09-28T15:09:21,APROVADO
PAG00002217,PED00002217,PIX,325.68,2025-09-28T19:12:05,APROVADO
PAG00002218,PED00002218,CARTAO_DEBITO,40.16,2025-09-28T11:22:31,APROVADO
PAG00002219,PED00002219,CARTAO_CREDITO,239.44,2025-09-28T20:28:11,APROVADO
PAG00002220,PED00002220,CARTAO_DEBITO,46.99,2025-09-28T11:48:58,APROVADO
PAG00002221,PED00002221,CARTAO_CREDITO,54.58,2025-09-28T19:29:48,APROVADO
PAG00002222,PED00002222,CARTAO_CREDITO,27.61,2025-09-28T11:45:18,APROVADO
PAG00002223,PED00002223,CARTAO_CREDITO,117.79,2025-09-28T18:38:49,APROVADO
PAG00002224,PED00002224,DINHEIRO,39.07,2025-09-28T16:21:22,APROVADO
PAG00002225,PED00002225,PIX,71.0,2025-09-28T17:05:25,APROVADO
PAG00002226,PED00002226,CARTAO_CREDITO,34.24,2025-09-28T13:42:51,APROVADO
PAG00002227,PED00002227,PIX,41.87,2025-09-28T10:56:01,APROVADO
PAG00002228,PED00002228,CARTAO_CREDITO,20.16,2025-09-28T14:38:54,APROVADO
PAG00002229,PED00002229,CARTAO_CREDITO,11.94,2025-09-28T19:59:50,APROVADO
PAG00002231,PED00002231,CARTAO_CREDITO,110.75,2025-09-28T13:08:52,APROVADO
PAG00002232,PED00002232,CARTAO_DEBITO,50.73,2025-09-28T20:03:19,APROVADO
PAG00002233,PED00002233,CARTAO_DEBITO,103.15,2025-09-28T13:50:31,APROVADO
PAG00002234,PED00002234,PIX,114.28,2025-09-28T23:02:49,APROVADO
PAG00002235,PED00002235,CARTAO_CREDITO,133.82,2025-09-28T13:32:41,APROVADO
PAG00002236,PED00002236,PIX,87.28,2025-09-28T18:13:48,APROVADO
PAG00002237,PED00002237,CARTAO_CREDITO,107.61,2025-09-28T19:12:25,APROVADO
PAG00002238,PED00002238,CARTAO_DEBITO,67.48,2025-09-28T23:07:10,APROVADO
PAG00002239,PED00002239,CARTAO_CREDITO,92.2,2025-09-28T23:05:49,APROVADO
PAG00002240,PED00002240,PIX,71.2,2025-09-28T23:24:53,APROVADO
PAG00002241,PED00002241,PIX,52.03,2025-09-28T19:05:09,APROVADO
PAG00002242,PED00002242,CARTAO_DEBITO,42.15,2025-09-28T21:18:40,APROVADO
PAG00002243,PED00002243,CARTAO_CREDITO,68.79,2025-09-28T15:33:45,APROVADO
PAG00002244,PED00002244,CARTAO_CREDITO,22.84,2025-09-28T12:28:10,APROVADO
PAG00002245,PED00002245,CARTAO_DEBITO,151.81,2025-09-28T16:11:52,APROVADO
PAG00002246,PED00002246,CARTAO_CREDITO,107.98,2025-09-28T10:16:51,APROVADO
PAG00002247,PED00002247,PIX,85.99,2025-09-28T19:21:51,APROVADO
PAG00002248,PED00002248,PIX,23.69,2025-09-28T11:59:05,APROVADO
PAG00002249,PED00002249,PIX,128.39,2025-09-28T15:34:19,APROVADO
PAG00002250,PED00002250,PIX,42.05,2025-09-28T16:50:47,APROVADO
PAG00002251,PED00002251,CARTAO_CREDITO,76.24,2025-09-28T14:43:44,APROVADO
PAG00002252,PED00002252,PIX,39.63,2025-09-28T22:43:55,APROVADO
PAG00002253,PED00002253,CARTAO_CREDITO,116.61,2025-09-28T21:27:59,APROVADO
PAG00002254,PED00002254,PIX,82.82,2025-09-28T15:00:36,APROVADO
PAG00002255,PED00002255,CARTAO_CREDITO,113.43,2025-09-28T14:57:13,APROVADO
PAG00002256,PED00002256,PIX,131.33,2025-09-28T16:12:00,APROVADO
PAG00002257,PED00002257,CARTAO_DEBITO,162.94,2025-09-28T14:24:54,PENDENTE
PAG00002258,PED00002258,PIX,31.3,2025-09-28T23:12:42,APROVADO
PAG00002260,PED00002260,CARTAO_CREDITO,58.93,2025-09-28T11:22:03,APROVADO
PAG00002261,PED00002261,PIX,105.27,2025-09-28T12:16:32,APROVADO
PAG00002262,PED00002262,CARTAO_DEBITO,13.74,2025-09-28T23:30:23,APROVADO
PAG00002263,PED00002263,CARTAO_CREDITO,92.46,2025-09-28T13:49:43,APROVADO
PAG00002264,PED00002264,PIX,184.77,2025-09-28T18:19:14,APROVADO
PAG00002265,PED00002265,CARTAO_CREDITO,49.11,2025-09-28T20:25:49,APROVADO
PAG00002266,PED00002266,CARTAO_CREDITO,28.91,2025-09-28T15:45:45,APROVADO
PAG00002267,PED00002267,CARTAO_CREDITO,92.01,2025-09-28T14:40:08,APROVADO
PAG00002268,PED00002268,CARTAO_CREDITO,94.25,2025-09-28T21:05:00,APROVADO
PAG00002269,PED00002269,PIX,12.98,2025-09-28T14:08:54,APROVADO
PAG00002270,PED00002270,CARTAO_CREDITO,37.89,2025-09-28T20:45:41,APROVADO
PAG00002271,PED00002271,CARTAO_CREDITO,135.85,2025-09-28T22:01:30,APROVADO
PAG00002272,PED00002272,PIX,56.55,2025-09-28T18:10:51,APROVADO
PAG00002273,PED00002273,CARTAO_DEBITO,176.87,2025-09-29T15:17:37,APROVADO
PAG00002274,PED00002274,CARTAO_CREDITO,129.56,2025-09-29T14:36:58,APROVADO
PAG00002275,PED00002275,PIX,103.04,2025-09-29T11:46:50,APROVADO
PAG00002276,PED00002276,CARTAO_CREDITO,20.37,2025-09-29T19:06:52,APROVADO
PAG00002277,PED00002277,CARTAO_CREDITO,138.79,2025-09-29T16:47:54,APROVADO
PAG00002278,PED00002278,PIX,31.27,2025-09-29T20:56:26,PENDENTE
PAG00002280,PED00002280,PIX,52.05,2025-09-29T18:30:10,APROVADO
PAG00002281,PED00002281,PIX,54.83,2025-09-29T13:34:36,APROVADO
PAG00002282,PED00002282,PIX,38.7,2025-09-29T22:07:36,APROVADO
PAG00002283,PED00002283,PIX,145.09,2025-09-29T17:58:25,APROVADO
PAG00002284,PED00002284,PIX,32.55,2025-09-29T19:15:56,APROVADO
PAG00002286,PED00002286,CARTAO_CREDITO,55.31,2025-09-29T15:18:38,APROVADO
PAG00002287,PED00002287,PIX,89.54,2025-09-29T16:03:22,APROVADO
PAG00002288,PED00002288,CARTAO_CREDITO,34.37,2025-09-29T16:51:54,APROVADO
PAG00002289,PED00002289,PIX,34.04,2025-09-29T16:14:41,PENDENTE
PAG00002290,PED00002290,CARTAO_CREDITO,74.47,2025-09-29T13:38:24,APROVADO
PAG00002291,PED00002291,CARTAO_DEBITO,129.21,2025-09-29T16:49:28,APROVADO
PAG00002292,PED00002292,PIX,80.69,2025-09-29T10:46:52,APROVADO
PAG00002293,PED00002293,PIX,122.47,2025-09-29T13:19:34,APROVADO
PAG00002294,PED00002294,CARTAO_CREDITO,37.32,2025-09-29T20:41:49,APROVADO
PAG00002295,PED00002295,CARTAO_CREDITO,85.72,2025-09-29T11:21:06,APROVADO
PAG00002296,PED00002296,CARTAO_CREDITO,49.83,2025-09-29T23:30:00,APROVADO
PAG00002297,PED00002297,CARTAO_CREDITO,35.9,2025-09-29T16:42:25,APROVADO
PAG00002298,PED00002298,DINHEIRO,98.35,2025-09-29T15:37:12,APROVADO
PAG00002299,PED00002299,CARTAO_CREDITO,135.53,2025-09-29T13:39:50,APROVADO
PAG00002301,PED00002301,PIX,103.84,2025-09-29T13:19:29,APROVADO
PAG00002302,PED00002302,PIX,93.3,2025-09-29T22:54:19,APROVADO
PAG00002303,PED00002303,DINHEIRO,42.99,2025-09-29T15:42:30,APROVADO
PAG00002304,PED00002304,CARTAO_CREDITO,83.75,2025-09-29T11:48:24,APROVADO
PAG00002305,PED00002305,CARTAO_DEBITO,146.93,2025-09-29T22:19:58,APROVADO
PAG00002306,PED00002306,CARTAO_CREDITO,59.56,2025-09-29T11:15:43,APROVADO
PAG00002307,PED00002307,CARTAO_CREDITO,176.23,2025-09-29T23:18:34,APROVADO
PAG00002308,PED00002308,PIX,13.97,2025-09-30T00:05:01,APROVADO
PAG00002309,PED00002309,CARTAO_CREDITO,42.52,2025-09-29T22:28:01,APROVADO
PAG00002310,PED00002310,PIX,62.31,2025-09-29T23:16:07,APROVADO
PAG00002311,PED00002311,CARTAO_DEBITO,115.57,2025-09-29T16:08:04,APROVADO
PAG00002312,PED00002312,PIX,59.92,2025-09-29T15:25:33,APROVADO
PAG00002313,PED00002313,PIX,57.44,2025-09-29T15:28:07,APROVADO
PAG00002314,PED00002314,CARTAO_DEBITO,165.29,2025-09-29T13:58:19,APROVADO
PAG00002315,PED00002315,PIX,217.0,2025-09-29T18:06:28,APROVADO
PAG00002316,PED00002316,CARTAO_CREDITO,69.61,2025-09-29T13:51:59,APROVADO
PAG00002317,PED00002317,CARTAO_CREDITO,80.16,2025-09-29T17:02:53,APROVADO
PAG00002318,PED00002318,PIX,79.54,2025-09-29T21:35:13,APROVADO
PAG00002319,PED00002319,PIX,40.97,2025-09-29T15:15:56,APROVADO
PAG00002320,PED00002320,CARTAO_CREDITO,18.74,2025-09-29T19:00:06,APROVADO
PAG00002321,PED00002321,PIX,155.8,2025-09-30T19:58:34,APROVADO
PAG00002322,PED00002322,CARTAO_CREDITO,71.67,2025-09-30T20:48:27,APROVADO
PAG00002323,PED00002323,CARTAO_CREDITO,17.81,2025-09-30T13:17:16,APROVADO
PAG00002324,PED00002324,CARTAO_DEBITO,51.06,2025-09-30T16:51:48,APROVADO
PAG00002325,PED00002325,PIX,59.07,2025-09-30T15:45:02,APROVADO
PAG00002326,PED00002326,CARTAO_DEBITO,102.87,2025-09-30T17:40:31,APROVADO
PAG00002327,PED00002327,CARTAO_CREDITO,44.31,2025-09-30T19:13:12,APROVADO
PAG00002328,PED00002328,CARTAO_CREDITO,25.37,2025-09-30T19:04:38,APROVADO
PAG00002329,PED00002329,CARTAO_CREDITO,56.72,2025-09-30T16:36:51,APROVADO
PAG00002330,PED00002330,PIX,95.04,2025-09-30T20:27:21,PENDENTE
PAG00002331,PED00002331,PIX,95.86,2025-09-30T15:10:23,APROVADO
PAG00002332,PED00002332,CARTAO_CREDITO,41.13,2025-09-30T15:11:51,APROVADO
PAG00002333,PED00002333,PIX,34.7,2025-09-30T20:45:11,APROVADO
PAG00002334,PED00002334,CARTAO_CREDITO,88.66,2025-09-30T21:27:59,APROVADO
PAG00002335,PED00002335,CARTAO_CREDITO,141.52,2025-09-30T15:52:31,APROVADO
PAG00002336,PED00002336,CARTAO_CREDITO,35.19,2025-09-30T14:55:28,APROVADO
PAG00002337,PED00002337,CARTAO_CREDITO,68.44,2025-09-30T21:05:29,APROVADO
PAG00002338,PED00002338,CARTAO_CREDITO,30.22,2025-09-30T13:02:29,APROVADO
PAG00002339,PED00002339,CARTAO_CREDITO,55.68,2025-10-01T00:03:14,APROVADO
PAG00002340,PED00002340,CARTAO_CREDITO,99.39,2025-09-30T16:00:17,APROVADO
PAG00002342,PED00002342,CARTAO_CREDITO,45.46,2025-09-30T20:18:14,APROVADO
PAG00002343,PED00002343,CARTAO_CREDITO,185.48,2025-09-30T15:33:04,APROVADO
PAG00002344,PED00002344,CARTAO_DEBITO,262.81,2025-09-30T16:00:15,APROVADO
PAG00002345,PED00002345,CARTAO_CREDITO,51.83,2025-09-30T17:51:00,APROVADO
PAG00002346,PED00002346,CARTAO_DEBITO,95.86,2025-09-30T22:01:53,APROVADO
PAG00002347,PED00002347,PIX,27.19,2025-09-30T11:41:51,APROVADO
PAG00002348,PED00002348,PIX,246.41,2025-09-30T21:51:16,APROVADO
PAG00002349,PED00002349,PIX,75.71,2025-09-30T13:36:02,APROVADO
PAG00002350,PED00002350,CARTAO_CREDITO,78.1,2025-09-30T13:32:22,APROVADO
PAG00002351,PED00002351,PIX,48.47,2025-09-30T12:14:04,APROVADO
PAG00002352,PED00002352,PIX,44.34,2025-09-30T12:55:55,APROVADO
PAG00002353,PED00002353,PIX,30.13,2025-09-30T19:42:49,APROVADO
PAG00002354,PED00002354,CARTAO_CREDITO,50.46,2025-09-30T18:32:11,APROVADO
PAG00002355,PED00002355,PIX,32.5,2025-09-30T14:58:45,APROVADO
PAG00002356,PED00002356,CARTAO_CREDITO,58.02,2025-09-30T11:18:35,APROVADO
PAG00002357,PED00002357,CARTAO_CREDITO,34.4,2025-09-30T15:37:34,APROVADO
PAG00002358,PED00002358,PIX,31.33,2025-09-30T21:10:06,APROVADO
PAG00002359,PED00002359,PIX,26.92,2025-09-30T21:59:27,APROVADO
PAG00002363,PED00002363,CARTAO_CREDITO,177.4,2025-09-30T16:09:40,APROVADO
PAG00002365,PED00002365,CARTAO_DEBITO,55.41,2025-09-30T14:32:17,APROVADO
PAG00002366,PED00002366,CARTAO_CREDITO,144.36,2025-09-30T22:50:13,APROVADO
PAG00002367,PED00002367,CARTAO_CREDITO,68.55,2025-09-30T15:14:03,APROVADO
PAG00002368,PED00002368,CARTAO_DEBITO,13.09,2025-09-30T16:31:48,APROVADO
PAG00002369,PED00002369,CARTAO_DEBITO,94.85,2025-09-30T15:23:59,APROVADO
PAG00002370,PED00002370,PIX,102.99,2025-09-30T13:09:59,APROVADO
PAG00002371,PED00002371,PIX,45.33,2025-09-30T17:38:25,PENDENTE
PAG00002372,PED00002372,CARTAO_CREDITO,82.74,2025-09-30T12:23:36,APROVADO
PAG00002373,PED00002373,CARTAO_CREDITO,39.41,2025-09-30T19:01:26,APROVADO
PAG00002374,PED00002374,PIX,66.29,2025-09-30T10:57:16,APROVADO
PAG00002375,PED00002375,PIX,230.6,2025-09-30T20:13:05,APROVADO
PAG00002376,PED00002376,CARTAO_CREDITO,101.87,2025-09-30T18:43:18,APROVADO
PAG00002377,PED00002377,PIX,173.34,2025-10-01T15:53:47,APROVADO
PAG00002378,PED00002378,CARTAO_CREDITO,34.14,2025-10-01T21:13:57,APROVADO
PAG00002379,PED00002379,CARTAO_CREDITO,17.66,2025-10-01T13:47:47,APROVADO
PAG00002380,PED00002380,CARTAO_DEBITO,84.69,2025-10-01T18:59:53,APROVADO
PAG00002381,PED00002381,PIX,173.29,2025-10-01T23:01:25,APROVADO
PAG00002382,PED00002382,PIX,64.58,2025-10-01T18:24:51,APROVADO
PAG00002383,PED00002383,CARTAO_CREDITO,54.81,2025-10-01T11:14:14,APROVADO
PAG00002384,PED00002384,PIX,193.14,2025-10-01T15:07:49,APROVADO
PAG00002385,PED00002385,CARTAO_CREDITO,72.14,2025-10-01T23:14:18,APROVADO
PAG00002386,PED00002386,CARTAO_CREDITO,117.31,2025-10-01T12:43:47,APROVADO
PAG00002387,PED00002387,PIX,60.7,2025-10-01T18:02:14,APROVADO
PAG00002388,PED00002388,CARTAO_CREDITO,78.27,2025-10-01T20:09:19,APROVADO
PAG00002389,PED00002389,CARTAO_DEBITO,69.92,2025-10-01T14:14:12,APROVADO
PAG00002390,PED00002390,PIX,18.62,2025-10-01T17:00:44,APROVADO
PAG00002391,PED00002391,CARTAO_CREDITO,25.12,2025-10-01T12:29:56,APROVADO
PAG00002392,PED00002392,PIX,22.88,2025-10-01T17:16:41,APROVADO
PAG00002393,PED00002393,CARTAO_CREDITO,107.5,2025-10-01T22:36:43,APROVADO
PAG00002394,PED00002394,PIX,151.3,2025-10-01T13:34:30,APROVADO
PAG00002395,PED00002395,CARTAO_CREDITO,32.17,2025-10-01T13:48:56,APROVADO
PAG00002396,PED00002396,PIX,64.25,2025-10-01T14:03:39,APROVADO
PAG00002397,PED00002397,CARTAO_CREDITO,24.79,2025-10-01T16:15:18,APROVADO
PAG00002398,PED00002398,PIX,159.38,2025-10-01T11:15:02,APROVADO
PAG00002399,PED00002399,CARTAO_CREDITO,104.25,2025-10-01T13:48:08,APROVADO
PAG00002400,PED00002400,CARTAO_CREDITO,120.46,2025-10-01T11:41:53,APROVADO
PAG00002401,PED00002401,CARTAO_DEBITO,78.91,2025-10-01T23:38:36,APROVADO
PAG00002402,PED00002402,PIX,154.1,2025-10-01T17:03:44,APROVADO
PAG00002403,PED00002403,CARTAO_CREDITO,32.07,2025-10-01T10:36:51,PENDENTE
PAG00002404,PED00002404,CARTAO_CREDITO,62.37,2025-10-01T16:00:54,APROVADO
PAG00002405,PED00002405,CARTAO_CREDITO,162.3,2025-10-01T17:45:38,APROVADO
PAG00002406,PED00002406,PIX,96.32,2025-10-01T11:23:41,APROVADO
PAG00002407,PED00002407,PIX,149.57,2025-10-01T10:09:44,APROVADO
PAG00002408,PED00002408,CARTAO_CREDITO,210.22,2025-10-01T18:31:55,APROVADO
PAG00002409,PED00002409,CARTAO_CREDITO,34.53,2025-10-01T13:19:10,APROVADO
PAG00002410,PED00002410,PIX,247.65,2025-10-01T10:55:36,APROVADO
PAG00002411,PED00002411,CARTAO_CREDITO,67.8,2025-10-01T11:45:09,APROVADO
PAG00002412,PED00002412,PIX,33.71,2025-10-01T16:53:04,APROVADO
PAG00002413,PED00002413,PIX,92.78,2025-10-01T13:48:35,APROVADO
PAG00002414,PED00002414,CARTAO_CREDITO,23.82,2025-10-01T16:02:24,APROVADO
PAG00002415,PED00002415,CARTAO_CREDITO,124.14,2025-10-01T11:37:47,APROVADO
PAG00002416,PED00002416,PIX,180.2,2025-10-01T11:25:27,APROVADO
PAG00002417,PED00002417,PIX,261.8,2025-10-01T14:07:40,APROVADO
PAG00002418,PED00002418,CARTAO_CREDITO,147.11,2025-10-01T16:45:26,APROVADO
PAG00002419,PED00002419,DINHEIRO,58.61,2025-10-01T21:04:33,APROVADO
PAG00002420,PED00002420,CARTAO_DEBITO,24.86,2025-10-01T15:58:54,APROVADO
PAG00002421,PED00002421,CARTAO_DEBITO,76.49,2025-10-01T22:30:35,APROVADO
PAG00002422,PED00002422,CARTAO_DEBITO,45.79,2025-10-01T16:01:15,APROVADO
PAG00002424,PED00002424,CARTAO_DEBITO,59.08,2025-10-01T14:22:27,APROVADO
PAG00002425,PED00002425,CARTAO_CREDITO,176.17,2025-10-01T13:36:57,APROVADO
PAG00002426,PED00002426,PIX,165.17,2025-10-01T16:07:25,APROVADO
PAG00002427,PED00002427,CARTAO_DEBITO,71.17,2025-10-01T23:43:42,APROVADO
PAG00002428,PED00002428,PIX,34.23,2025-10-01T18:00:03,APROVADO
PAG00002429,PED00002429,CARTAO_CREDITO,62.43,2025-10-01T10:54:48,APROVADO
PAG00002430,PED00002430,CARTAO_CREDITO,196.41,2025-10-01T10:32:13,APROVADO
PAG00002431,PED00002431,CARTAO_DEBITO,303.23,2025-10-01T17:41:02,APROVADO
PAG00002432,PED00002432,PIX,55.38,2025-10-01T15:46:55,APROVADO
PAG00002433,PED00002433,CARTAO_CREDITO,175.81,2025-10-01T15:04:35,APROVADO
PAG00002434,PED00002434,PIX,115.02,2025-10-01T15:49:30,APROVADO
PAG00002435,PED00002435,PIX,26.37,2025-10-01T17:22:14,APROVADO
PAG00002436,PED00002436,CARTAO_CREDITO,115.67,2025-10-01T23:06:21,APROVADO
PAG00002437,PED00002437,PIX,182.07,2025-10-01T17:13:16,APROVADO
PAG00002438,PED00002438,PIX,332.38,2025-10-01T10:34:44,APROVADO
PAG00002439,PED00002439,PIX,91.3,2025-10-01T10:37:47,APROVADO
PAG00002440,PED00002440,CARTAO_CREDITO,32.5,2025-10-01T10:36:15,APROVADO
PAG00002441,PED00002441,PIX,87.06,2025-10-02T10:41:04,APROVADO
PAG00002442,PED00002442,PIX,29.62,2025-10-02T20:35:41,APROVADO
PAG00002443,PED00002443,CARTAO_CREDITO,73.19,2025-10-02T10:33:21,APROVADO
PAG00002444,PED00002444,PIX,147.89,2025-10-02T10:56:29,APROVADO
PAG00002445,PED00002445,PIX,125.51,2025-10-02T10:30:29,APROVADO
PAG00002446,PED00002446,CARTAO_CREDITO,58.7,2025-10-02T21:13:33,PENDENTE
PAG00002447,PED00002447,PIX,36.55,2025-10-02T17:43:29,APROVADO
PAG00002448,PED00002448,PIX,23.19,2025-10-02T10:36:47,APROVADO
PAG00002450,PED00002450,CARTAO_CREDITO,243.45,2025-10-02T19:27:29,APROVADO
PAG00002451,PED00002451,CARTAO_CREDITO,116.69,2025-10-02T16:28:24,APROVADO
PAG00002452,PED00002452,CARTAO_CREDITO,49.07,2025-10-02T10:37:56,APROVADO
PAG00002453,PED00002453,DINHEIRO,107.73,2025-10-02T11:21:33,APROVADO
PAG00002454,PED00002454,PIX,128.95,2025-10-02T14:00:52,APROVADO
PAG00002455,PED00002455,PIX,64.2,2025-10-02T19:40:00,APROVADO
PAG00002456,PED00002456,PIX,63.5,2025-10-02T11:11:34,APROVADO
PAG00002457,PED00002457,CARTAO_DEBITO,48.23,2025-10-02T22:33:29,APROVADO
PAG00002458,PED00002458,PIX,16.17,2025-10-02T22:04:08,APROVADO
PAG00002459,PED00002459,PIX,53.83,2025-10-02T18:26:43,APROVADO
PAG00002460,PED00002460,CARTAO_DEBITO,43.32,2025-10-02T19:03:04,APROVADO
PAG00002461,PED00002461,DINHEIRO,125.87,2025-10-02T21:39:42,APROVADO
PAG00002462,PED00002462,DINHEIRO,155.9,2025-10-02T19:46:58,APROVADO
PAG00002463,PED00002463,PIX,72.67,2025-10-02T20:42:55,APROVADO
PAG00002464,PED00002464,CARTAO_CREDITO,65.11,2025-10-02T17:09:20,APROVADO
PAG00002465,PED00002465,CARTAO_CREDITO,64.21,2025-10-02T19:13:42,APROVADO
PAG00002466,PED00002466,CARTAO_CREDITO,89.54,2025-10-02T16:54:34,APROVADO
PAG00002467,PED00002467,PIX,143.39,2025-10-02T22:33:48,PENDENTE
PAG00002468,PED00002468,CARTAO_CREDITO,86.76,2025-10-02T23:59:13,APROVADO
PAG00002469,PED00002469,CARTAO_CREDITO,145.84,2025-10-02T16:21:46,APROVADO
PAG00002470,PED00002470,CARTAO_DEBITO,65.38,2025-10-02T20:48:55,APROVADO
PAG00002471,PED00002471,PIX,119.37,2025-10-02T16:55:51,APROVADO
PAG00002472,PED00002472,CARTAO_DEBITO,162.25,2025-10-02T23:59:46,APROVADO
PAG00002473,PED00002473,PIX,33.03,2025-10-02T14:16:49,APROVADO
PAG00002474,PED00002474,CARTAO_CREDITO,23.13,2025-10-02T15:47:22,APROVADO
PAG00002475,PED00002475,PIX,65.58,2025-10-02T10:34:14,APROVADO
PAG00002476,PED00002476,CARTAO_CREDITO,66.99,2025-10-02T20:01:22,APROVADO
PAG00002477,PED00002477,DINHEIRO,53.7,2025-10-02T10:18:02,PENDENTE
PAG00002478,PED00002478,CARTAO_DEBITO,277.27,2025-10-02T23:18:38,APROVADO
PAG00002479,PED00002479,PIX,141.25,2025-10-02T16:05:04,APROVADO
PAG00002480,PED00002480,CARTAO_DEBITO,62.68,2025-10-02T20:55:47,PENDENTE
PAG00002481,PED00002481,CARTAO_CREDITO,106.66,2025-10-02T18:20:48,APROVADO
PAG00002482,PED00002482,PIX,102.77,2025-10-02T11:56:28,APROVADO
PAG00002483,PED00002483,PIX,26.24,2025-10-02T15:36:30,APROVADO
PAG00002484,PED00002484,PIX,27.68,2025-10-02T13:35:39,PENDENTE
PAG00002485,PED00002485,CARTAO_CREDITO,65.99,2025-10-02T11:38:50,APROVADO
PAG00002486,PED00002486,PIX,239.92,2025-10-02T17:26:18,APROVADO
PAG00002487,PED00002487,CARTAO_DEBITO,69.59,2025-10-02T20:02:50,APROVADO
PAG00002488,PED00002488,PIX,42.41,2025-10-02T11:23:18,APROVADO
PAG00002489,PED00002489,PIX,67.4,2025-10-02T23:19:47,APROVADO
PAG00002490,PED00002490,PIX,42.65,2025-10-02T21:19:03,APROVADO
PAG00002491,PED00002491,PIX,280.03,2025-10-02T19:55:06,APROVADO
PAG00002492,PED00002492,CARTAO_CREDITO,107.88,2025-10-02T11:02:10,APROVADO
PAG00002493,PED00002493,CARTAO_CREDITO,151.64,2025-10-02T11:53:41,APROVADO
PAG00002494,PED00002494,CARTAO_CREDITO,115.87,2025-10-02T10:40:06,APROVADO
PAG00002495,PED00002495,CARTAO_DEBITO,24.9,2025-10-02T21:29:53,APROVADO
PAG00002496,PED00002496,PIX,84.0,2025-10-02T18:49:27,PENDENTE
PAG00002497,PED00002497,CARTAO_CREDITO,55.13,2025-10-02T11:37:09,APROVADO
PAG00002498,PED00002498,CARTAO_DEBITO,25.98,2025-10-02T21:15:01,APROVADO
PAG00002499,PED00002499,DINHEIRO,120.26,2025-10-02T21:54:15,APROVADO
PAG00002500,PED00002500,CARTAO_CREDITO,28.46,2025-10-02T11:38:08,APROVADO
PAG00002501,PED00002501,CARTAO_CREDITO,186.97,2025-10-02T23:09:30,APROVADO
PAG00002502,PED00002502,CARTAO_CREDITO,60.06,2025-10-02T22:03:54,APROVADO
PAG00002503,PED00002503,PIX,102.44,2025-10-02T16:11:23,APROVADO
PAG00002506,PED00002506,PIX,256.39,2025-10-02T12:28:54,APROVADO
PAG00002507,PED00002507,CARTAO_CREDITO,64.78,2025-10-02T23:21:49,PENDENTE
PAG00002508,PED00002508,CARTAO_DEBITO,161.25,2025-10-02T18:27:30,APROVADO
PAG00002509,PED00002509,PIX,78.35,2025-10-02T16:26:07,APROVADO
PAG00002510,PED00002510,CARTAO_CREDITO,49.28,2025-10-02T17:42:51,APROVADO
PAG00002511,PED00002511,CARTAO_CREDITO,175.43,2025-10-02T22:13:00,APROVADO
PAG00002512,PED00002512,CARTAO_DEBITO,38.6,2025-10-02T17:11:49,APROVADO
PAG00002513,PED00002513,PIX,48.03,2025-10-03T15:16:56,APROVADO
PAG00002514,PED00002514,DINHEIRO,102.37,2025-10-03T23:46:39,APROVADO
PAG00002516,PED00002516,PIX,82.95,2025-10-03T14:30:50,APROVADO
PAG00002517,PED00002517,CARTAO_DEBITO,22.8,2025-10-03T13:47:02,APROVADO
PAG00002518,PED00002518,PIX,156.25,2025-10-03T23:14:48,APROVADO
PAG00002519,PED00002519,PIX,58.34,2025-10-03T16:48:31,APROVADO
PAG00002520,PED00002520,PIX,44.95,2025-10-03T18:50:37,APROVADO
PAG00002521,PED00002521,PIX,66.24,2025-10-03T16:36:40,APROVADO
PAG00002522,PED00002522,CARTAO_DEBITO,86.63,2025-10-03T16:13:40,APROVADO
PAG00002523,PED00002523,CARTAO_CREDITO,117.43,2025-10-03T10:13:11,APROVADO
PAG00002525,PED00002525,CARTAO_CREDITO,59.74,2025-10-03T11:59:45,APROVADO
PAG00002526,PED00002526,CARTAO_DEBITO,66.98,2025-10-03T14:11:36,APROVADO
PAG00002527,PED00002527,PIX,202.65,2025-10-03T17:37:17,APROVADO
PAG00002528,PED00002528,CARTAO_CREDITO,115.86,2025-10-03T21:02:05,APROVADO
PAG00002529,PED00002529,PIX,130.78,2025-10-03T13:36:33,APROVADO
PAG00002530,PED00002530,CARTAO_CREDITO,195.45,2025-10-03T11:27:31,APROVADO
PAG00002531,PED00002531,CARTAO_DEBITO,24.9,2025-10-03T12:05:00,APROVADO
PAG00002532,PED00002532,PIX,54.28,2025-10-03T17:21:04,PENDENTE
PAG00002533,PED00002533,PIX,48.72,2025-10-03T21:01:59,APROVADO
PAG00002534,PED00002534,CARTAO_DEBITO,16.75,2025-10-03T14:06:55,APROVADO
PAG00002535,PED00002535,CARTAO_CREDITO,79.14,2025-10-03T20:39:21,APROVADO
PAG00002536,PED00002536,CARTAO_CREDITO,177.27,2025-10-03T18:53:15,APROVADO
PAG00002537,PED00002537,CARTAO_CREDITO,79.69,2025-10-03T21:00:12,APROVADO
PAG00002538,PED00002538,CARTAO_DEBITO,55.24,2025-10-03T11:23:22,APROVADO
PAG00002539,PED00002539,CARTAO_DEBITO,81.51,2025-10-03T11:31:30,APROVADO
PAG00002540,PED00002540,CARTAO_CREDITO,53.79,2025-10-03T15:15:45,APROVADO
PAG00002541,PED00002541,PIX,152.64,2025-10-03T16:28:23,APROVADO
PAG00002542,PED00002542,CARTAO_DEBITO,189.57,2025-10-03T10:31:16,APROVADO
PAG00002543,PED00002543,CARTAO_DEBITO,127.6,2025-10-03T16:03:51,APROVADO
PAG00002544,PED00002544,PIX,185.44,2025-10-03T21:09:53,APROVADO
PAG00002545,PED00002545,CARTAO_CREDITO,83.83,2025-10-03T11:04:01,APROVADO
PAG00002546,PED00002546,CARTAO_CREDITO,143.5,2025-10-03T10:19:34,APROVADO
PAG00002547,PED00002547,CARTAO_CREDITO,19.96,2025-10-03T21:01:09,APROVADO
PAG00002548,PED00002548,CARTAO_CREDITO,16.08,2025-10-03T13:05:45,APROVADO
PAG00002549,PED00002549,PIX,37.33,2025-10-03T14:40:06,APROVADO
PAG00002550,PED00002550,PIX,51.09,2025-10-03T15:12:16,APROVADO
PAG00002551,PED00002551,PIX,212.3,2025-10-03T19:43:01,APROVADO
PAG00002552,PED00002552,PIX,263.23,2025-10-03T14:41:07,APROVADO
PAG00002553,PED00002553,PIX,51.97,2025-10-03T19:29:53,APROVADO
PAG00002554,PED00002554,CARTAO_DEBITO,33.11,2025-10-03T10:54:08,APROVADO
PAG00002555,PED00002555,PIX,24.69,2025-10-03T18:33:52,APROVADO
PAG00002556,PED00002556,PIX,226.5,2025-10-03T14:29:47,APROVADO
PAG00002557,PED00002557,PIX,45.69,2025-10-03T19:50:55,APROVADO
PAG00002558,PED00002558,CARTAO_DEBITO,148.63,2025-10-03T11:48:26,APROVADO
PAG00002559,PED00002559,CARTAO_CREDITO,127.05,2025-10-03T10:15:36,APROVADO
PAG00002560,PED00002560,PIX,52.47,2025-10-03T12:30:13,APROVADO
PAG00002561,PED00002561,PIX,121.05,2025-10-03T20:00:40,APROVADO
PAG00002562,PED00002562,CARTAO_DEBITO,48.42,2025-10-03T12:47:52,APROVADO
PAG00002563,PED00002563,CARTAO_CREDITO,31.39,2025-10-03T19:24:54,APROVADO
PAG00002564,PED00002564,PIX,97.33,2025-10-03T14:43:58,APROVADO
PAG00002565,PED00002565,CARTAO_DEBITO,56.88,2025-10-03T17:57:00,APROVADO
PAG00002566,PED00002566,PIX,49.58,2025-10-03T16:35:30,PENDENTE
PAG00002567,PED00002567,CARTAO_CREDITO,16.57,2025-10-03T20:25:21,APROVADO
PAG00002568,PED00002568,CARTAO_CREDITO,103.48,2025-10-03T20:32:02,APROVADO
PAG00002569,PED00002569,CARTAO_DEBITO,67.8,2025-10-03T11:55:49,APROVADO
PAG00002570,PED00002570,PIX,222.32,2025-10-03T12:12:52,APROVADO
PAG00002571,PED00002571,CARTAO_DEBITO,46.37,2025-10-03T19:07:27,APROVADO
PAG00002572,PED00002572,CARTAO_DEBITO,70.66,2025-10-03T23:12:00,APROVADO
PAG00002573,PED00002573,PIX,88.31,2025-10-03T16:52:25,APROVADO
PAG00002574,PED00002574,CARTAO_CREDITO,71.24,2025-10-03T18:50:10,APROVADO
PAG00002575,PED00002575,CARTAO_DEBITO,59.28,2025-10-03T16:35:49,APROVADO
PAG00002576,PED00002576,PIX,54.27,2025-10-03T17:08:02,APROVADO
PAG00002577,PED00002577,CARTAO_CREDITO,42.58,2025-10-03T11:12:18,APROVADO
PAG00002578,PED00002578,CARTAO_CREDITO,98.9,2025-10-03T21:02:23,APROVADO
PAG00002579,PED00002579,PIX,127.24,2025-10-03T22:19:05,APROVADO
PAG00002580,PED00002580,CARTAO_CREDITO,16.72,2025-10-03T20:53:39,APROVADO
PAG00002581,PED00002581,CARTAO_DEBITO,71.18,2025-10-03T20:12:25,PENDENTE
PAG00002582,PED00002582,PIX,96.86,2025-10-03T10:42:42,APROVADO
PAG00002583,PED00002583,PIX,18.83,2025-10-03T20:19:14,APROVADO
PAG00002584,PED00002584,PIX,54.42,2025-10-03T18:18:02,PENDENTE
PAG00002585,PED00002585,PIX,20.53,2025-10-03T10:10:09,APROVADO
PAG00002586,PED00002586,PIX,143.72,2025-10-03T20:27:02,APROVADO
PAG00002587,PED00002587,PIX,232.94,2025-10-03T15:09:20,APROVADO
PAG00002588,PED00002588,CARTAO_CREDITO,37.06,2025-10-03T11:22:22,APROVADO
PAG00002589,PED00002589,CARTAO_CREDITO,104.29,2025-10-03T13:44:12,APROVADO
PAG00002590,PED00002590,PIX,18.4,2025-10-03T16:01:09,APROVADO
PAG00002591,PED00002591,PIX,138.12,2025-10-03T22:53:12,APROVADO
PAG00002592,PED00002592,CARTAO_CREDITO,48.62,2025-10-03T12:48:09,APROVADO
PAG00002593,PED00002593,DINHEIRO,119.15,2025-10-03T22:17:32,APROVADO
PAG00002594,PED00002594,CARTAO_CREDITO,65.98,2025-10-03T11:10:45,APROVADO
PAG00002595,PED00002595,PIX,320.69,2025-10-03T18:02:59,APROVADO
PAG00002596,PED00002596,CARTAO_CREDITO,161.23,2025-10-03T18:55:52,APROVADO
PAG00002597,PED00002597,CARTAO_CREDITO,63.53,2025-10-03T14:55:18,APROVADO
PAG00002598,PED00002598,CARTAO_CREDITO,28.79,2025-10-03T22:33:48,APROVADO
PAG00002599,PED00002599,CARTAO_CREDITO,61.71,2025-10-03T16:38:19,APROVADO
PAG00002600,PED00002600,CARTAO_CREDITO,67.36,2025-10-03T19:34:28,APROVADO
PAG00002601,PED00002601,CARTAO_CREDITO,53.31,2025-10-03T19:22:12,PENDENTE
PAG00002602,PED00002602,CARTAO_DEBITO,28.26,2025-10-03T18:52:47,APROVADO
PAG00002603,PED00002603,CARTAO_DEBITO,105.17,2025-10-03T10:24:38,PENDENTE
PAG00002604,PED00002604,CARTAO_DEBITO,68.57,2025-10-03T23:13:37,APROVADO
PAG00002605,PED00002605,PIX,49.73,2025-10-03T13:42:55,APROVADO
PAG00002606,PED00002606,PIX,72.19,2025-10-03T22:04:48,APROVADO
PAG00002607,PED00002607,CARTAO_CREDITO,41.99,2025-10-03T11:13:56,APROVADO
PAG00002608,PED00002608,PIX,55.72,2025-10-03T18:13:10,APROVADO
PAG00002609,PED00002609,PIX,25.68,2025-10-03T19:13:16,APROVADO
PAG00002610,PED00002610,CARTAO_CREDITO,31.02,2025-10-03T12:11:15,APROVADO
PAG00002611,PED00002611,CARTAO_CREDITO,70.61,2025-10-03T14:05:23,APROVADO
PAG00002612,PED00002612,PIX,79.09,2025-10-03T21:49:37,PENDENTE
PAG00002613,PED00002613,CARTAO_DEBITO,13.37,2025-10-03T11:34:31,APROVADO
PAG00002614,PED00002614,CARTAO_CREDITO,111.26,2025-10-03T15:44:09,APROVADO
PAG00002615,PED00002615,CARTAO_CREDITO,38.31,2025-10-03T15:40:35,APROVADO
PAG00002616,PED00002616,CARTAO_CREDITO,12.24,2025-10-03T11:46:09,APROVADO
PAG00002617,PED00002617,CARTAO_DEBITO,32.81,2025-10-03T11:52:08,APROVADO
PAG00002618,PED00002618,PIX,273.54,2025-10-03T18:46:29,APROVADO
PAG00002619,PED00002619,PIX,19.43,2025-10-03T12:02:53,APROVADO
PAG00002620,PED00002620,CARTAO_CREDITO,49.05,2025-10-03T15:56:21,APROVADO
PAG00002621,PED00002621,CARTAO_DEBITO,111.59,2025-10-03T19:48:20,APROVADO
PAG00002622,PED00002622,CARTAO_CREDITO,75.61,2025-10-03T17:14:26,APROVADO
PAG00002624,PED00002624,PIX,62.61,2025-10-03T19:59:06,PENDENTE
PAG00002626,PED00002626,PIX,74.88,2025-10-04T17:21:48,APROVADO
PAG00002628,PED00002628,PIX,95.85,2025-10-04T12:42:50,APROVADO
PAG00002629,PED00002629,CARTAO_DEBITO,50.97,2025-10-04T15:35:47,APROVADO
PAG00002630,PED00002630,CARTAO_CREDITO,14.21,2025-10-04T17:41:35,APROVADO
PAG00002631,PED00002631,PIX,88.77,2025-10-04T19:42:20,APROVADO
PAG00002632,PED00002632,PIX,86.33,2025-10-04T13:15:59,APROVADO
PAG00002633,PED00002633,PIX,91.5,2025-10-04T23:05:31,APROVADO
PAG00002634,PED00002634,PIX,39.94,2025-10-04T11:56:18,APROVADO
PAG00002635,PED00002635,PIX,268.36,2025-10-04T19:34:57,APROVADO
PAG00002636,PED00002636,CARTAO_CREDITO,98.01,2025-10-04T16:32:40,APROVADO
PAG00002637,PED00002637,PIX,83.78,2025-10-04T23:48:48,APROVADO
PAG00002638,PED00002638,CARTAO_CREDITO,83.96,2025-10-04T21:02:46,APROVADO
PAG00002639,PED00002639,DINHEIRO,33.01,2025-10-04T12:52:45,APROVADO
PAG00002640,PED00002640,PIX,50.98,2025-10-04T14:08:11,APROVADO
PAG00002641,PED00002641,CARTAO_CREDITO,78.74,2025-10-04T18:34:44,APROVADO
PAG00002642,PED00002642,CARTAO_DEBITO,65.57,2025-10-04T11:54:29,APROVADO
PAG00002643,PED00002643,CARTAO_DEBITO,73.25,2025-10-04T13:11:17,APROVADO
PAG00002644,PED00002644,CARTAO_CREDITO,142.53,2025-10-04T10:49:46,APROVADO
PAG00002645,PED00002645,PIX,36.11,2025-10-04T17:18:12,APROVADO
PAG00002646,PED00002646,PIX,55.75,2025-10-04T18:55:16,APROVADO
PAG00002647,PED00002647,PIX,122.31,2025-10-04T17:45:10,APROVADO
PAG00002648,PED00002648,PIX,31.41,2025-10-04T12:32:18,APROVADO
PAG00002649,PED00002649,PIX,265.86,2025-10-04T17:26:01,APROVADO
PAG00002650,PED00002650,CARTAO_CREDITO,68.81,2025-10-04T11:32:36,APROVADO
PAG00002651,PED00002651,PIX,45.98,2025-10-04T19:22:29,PENDENTE
PAG00002653,PED00002653,PIX,37.88,2025-10-04T23:46:13,APROVADO
PAG00002654,PED00002654,PIX,66.21,2025-10-04T19:02:07,APROVADO
PAG00002655,PED00002655,PIX,246.68,2025-10-04T14:02:28,APROVADO
PAG00002656,PED00002656,PIX,48.89,2025-10-04T10:32:05,APROVADO
PAG00002657,PED00002657,CARTAO_CREDITO,22.18,2025-10-05T00:02:20,APROVADO
PAG00002658,PED00002658,PIX,277.26,2025-10-04T15:41:36,APROVADO
PAG00002659,PED00002659,DINHEIRO,71.07,2025-10-04T20:06:29,APROVADO
PAG00002660,PED00002660,DINHEIRO,120.58,2025-10-04T15:56:18,APROVADO
PAG00002661,PED00002661,CARTAO_DEBITO,52.76,2025-10-04T14:14:03,APROVADO
PAG00002662,PED00002662,CARTAO_CREDITO,59.42,2025-10-04T23:37:21,APROVADO
PAG00002664,PED00002664,PIX,90.23,2025-10-04T17:43:46,APROVADO
PAG00002665,PED00002665,PIX,255.0,2025-10-04T16:59:13,APROVADO
PAG00002666,PED00002666,CARTAO_CREDITO,50.78,2025-10-04T17:27:16,APROVADO
PAG00002667,PED00002667,PIX,192.52,2025-10-04T19:28:27,APROVADO
PAG00002668,PED00002668,CARTAO_DEBITO,44.14,2025-10-04T13:22:44,APROVADO
PAG00002669,PED00002669,CARTAO_CREDITO,36.4,2025-10-04T19:14:57,APROVADO
PAG00002670,PED00002670,CARTAO_CREDITO,55.68,2025-10-04T17:18:10,APROVADO
PAG00002671,PED00002671,CARTAO_CREDITO,185.07,2025-10-04T14:09:00,APROVADO
PAG00002672,PED00002672,CARTAO_DEBITO,248.85,2025-10-04T16:39:54,APROVADO
PAG00002673,PED00002673,CARTAO_CREDITO,66.08,2025-10-04T21:27:05,APROVADO
PAG00002674,PED00002674,CARTAO_DEBITO,153.36,2025-10-04T16:44:17,APROVADO
PAG00002675,PED00002675,PIX,23.36,2025-10-04T20:20:22,APROVADO
PAG00002676,PED00002676,PIX,81.21,2025-10-04T14:30:29,APROVADO
PAG00002678,PED00002678,PIX,38.49,2025-10-04T18:45:08,APROVADO
PAG00002680,PED00002680,CARTAO_CREDITO,64.77,2025-10-04T17:02:54,APROVADO
PAG00002681,PED00002681,CARTAO_CREDITO,98.4,2025-10-04T14:28:49,APROVADO
PAG00002682,PED00002682,CARTAO_CREDITO,73.5,2025-10-04T20:03:48,APROVADO
PAG00002683,PED00002683,PIX,40.21,2025-10-04T19:12:43,APROVADO
PAG00002684,PED00002684,CARTAO_CREDITO,107.19,2025-10-04T13:17:08,APROVADO
PAG00002685,PED00002685,PIX,205.42,2025-10-04T17:30:41,APROVADO
PAG00002686,PED00002686,CARTAO_CREDITO,56.95,2025-10-04T18:18:40,APROVADO
PAG00002687,PED00002687,CARTAO_DEBITO,137.93,2025-10-04T14:08:07,APROVADO
PAG00002688,PED00002688,CARTAO_CREDITO,143.81,2025-10-04T16:31:15,APROVADO
PAG00002689,PED00002689,CARTAO_CREDITO,31.81,2025-10-04T12:36:28,APROVADO
PAG00002690,PED00002690,CARTAO_CREDITO,299.63,2025-10-04T12:06:17,APROVADO
PAG00002691,PED00002691,CARTAO_DEBITO,249.64,2025-10-04T11:56:39,APROVADO
PAG00002692,PED00002692,PIX,30.22,2025-10-04T10:50:30,APROVADO
PAG00002693,PED00002693,PIX,34.51,2025-10-04T15:52:17,APROVADO
PAG00002694,PED00002694,PIX,18.13,2025-10-04T21:21:34,APROVADO
PAG00002695,PED00002695,CARTAO_DEBITO,75.46,2025-10-04T18:37:58,APROVADO
PAG00002697,PED00002697,CARTAO_CREDITO,62.17,2025-10-04T19:25:11,APROVADO
PAG00002699,PED00002699,CARTAO_CREDITO,159.73,2025-10-04T17:39:31,APROVADO
PAG00002700,PED00002700,PIX,36.93,2025-10-04T12:51:42,APROVADO
PAG00002701,PED00002701,PIX,15.61,2025-10-04T10:57:56,APROVADO
PAG00002702,PED00002702,PIX,42.37,2025-10-04T10:59:31,PENDENTE
PAG00002703,PED00002703,CARTAO_CREDITO,74.04,2025-10-04T22:19:25,APROVADO
PAG00002704,PED00002704,CARTAO_DEBITO,34.1,2025-10-04T10:50:06,APROVADO
PAG00002705,PED00002705,PIX,20.53,2025-10-04T16:49:11,APROVADO
PAG00002706,PED00002706,PIX,179.39,2025-10-04T21:08:36,APROVADO
PAG00002707,PED00002707,PIX,21.53,2025-10-04T21:51:34,APROVADO
PAG00002708,PED00002708,CARTAO_CREDITO,23.4,2025-10-04T13:13:26,PENDENTE
PAG00002709,PED00002709,PIX,16.22,2025-10-04T18:39:49,APROVADO
PAG00002710,PED00002710,PIX,150.41,2025-10-04T23:00:17,APROVADO
PAG00002711,PED00002711,CARTAO_DEBITO,74.46,2025-10-04T10:58:09,APROVADO
PAG00002712,PED00002712,PIX,85.89,2025-10-04T23:43:41,APROVADO
PAG00002713,PED00002713,PIX,128.12,2025-10-04T13:21:54,APROVADO
PAG00002714,PED00002714,CARTAO_DEBITO,42.44,2025-10-04T13:54:39,APROVADO
PAG00002715,PED00002715,CARTAO_CREDITO,61.39,2025-10-04T13:04:36,APROVADO
PAG00002716,PED00002716,PIX,114.09,2025-10-04T14:41:55,PENDENTE
PAG00002717,PED00002717,CARTAO_DEBITO,63.34,2025-10-04T17:15:40,APROVADO
PAG00002718,PED00002718,CARTAO_DEBITO,53.14,2025-10-04T14:07:59,APROVADO
PAG00002719,PED00002719,PIX,39.92,2025-10-04T20:30:57,APROVADO
PAG00002721,PED00002721,CARTAO_CREDITO,86.07,2025-10-04T16:47:28,APROVADO
PAG00002722,PED00002722,PIX,141.91,2025-10-04T10:51:06,APROVADO
PAG00002723,PED00002723,CARTAO_DEBITO,82.99,2025-10-04T11:24:27,PENDENTE
PAG00002724,PED00002724,CARTAO_CREDITO,143.56,2025-10-04T18:54:17,APROVADO
PAG00002725,PED00002725,CARTAO_CREDITO,45.76,2025-10-04T20:37:57,APROVADO
PAG00002726,PED00002726,CARTAO_CREDITO,35.49,2025-10-04T12:23:34,APROVADO
PAG00002727,PED00002727,PIX,74.21,2025-10-04T16:21:53,APROVADO
PAG00002728,PED00002728,PIX,131.8,2025-10-04T19:04:43,APROVADO
PAG00002730,PED00002730,CARTAO_CREDITO,95.99,2025-10-04T16:26:28,APROVADO
PAG00002731,PED00002731,PIX,48.77,2025-10-04T20:15:50,APROVADO
PAG00002732,PED00002732,CARTAO_CREDITO,43.37,2025-10-04T10:35:56,APROVADO
PAG00002733,PED00002733,PIX,50.39,2025-10-04T19:27:22,APROVADO
PAG00002734,PED00002734,PIX,73.72,2025-10-04T23:31:27,APROVADO
PAG00002735,PED00002735,CARTAO_CREDITO,39.55,2025-10-04T13:57:19,APROVADO
PAG00002736,PED00002736,CARTAO_CREDITO,41.95,2025-10-04T18:30:52,APROVADO
PAG00002737,PED00002737,CARTAO_CREDITO,103.43,2025-10-04T12:20:34,APROVADO
PAG00002738,PED00002738,CARTAO_DEBITO,47.5,2025-10-04T18:10:53,APROVADO
PAG00002739,PED00002739,CARTAO_CREDITO,103.89,2025-10-04T10:47:23,APROVADO
PAG00002740,PED00002740,CARTAO_DEBITO,97.54,2025-10-04T10:30:43,APROVADO
PAG00002741,PED00002741,CARTAO_CREDITO,89.4,2025-10-04T18:07:39,APROVADO
PAG00002742,PED00002742,CARTAO_DEBITO,24.28,2025-10-04T23:03:04,APROVADO
PAG00002743,PED00002743,PIX,21.92,2025-10-04T14:48:47,APROVADO
PAG00002744,PED00002744,CARTAO_CREDITO,151.59,2025-10-04T17:58:11,APROVADO
PAG00002745,PED00002745,PIX,125.13,2025-10-04T20:18:06,APROVADO
PAG00002746,PED00002746,PIX,54.52,2025-10-04T20:48:16,APROVADO
PAG00002747,PED00002747,DINHEIRO,101.71,2025-10-04T18:12:15,APROVADO
PAG00002748,PED00002748,CARTAO_CREDITO,48.85,2025-10-04T23:02:47,APROVADO
PAG00002749,PED00002749,CARTAO_DEBITO,229.43,2025-10-04T17:26:36,APROVADO
PAG00002750,PED00002750,PIX,91.52,2025-10-04T21:53:20,APROVADO
PAG00002751,PED00002751,CARTAO_CREDITO,49.81,2025-10-04T10:12:11,APROVADO
PAG00002752,PED00002752,PIX,115.95,2025-10-04T18:32:37,APROVADO
PAG00002753,PED00002753,PIX,68.47,2025-10-05T10:05:52,APROVADO
PAG00002754,PED00002754,CARTAO_DEBITO,98.28,2025-10-05T10:29:30,APROVADO
PAG00002755,PED00002755,PIX,46.79,2025-10-05T17:31:32,APROVADO
PAG00002756,PED00002756,CARTAO_DEBITO,68.26,2025-10-05T14:37:04,APROVADO
PAG00002757,PED00002757,PIX,223.1,2025-10-05T19:38:28,APROVADO
PAG00002758,PED00002758,PIX,101.7,2025-10-05T16:21:01,APROVADO
PAG00002759,PED00002759,CARTAO_CREDITO,99.05,2025-10-05T13:43:04,APROVADO
PAG00002760,PED00002760,CARTAO_CREDITO,126.95,2025-10-05T11:36:08,APROVADO
PAG00002761,PED00002761,PIX,113.7,2025-10-05T14:21:53,APROVADO
PAG00002762,PED00002762,CARTAO_CREDITO,65.54,2025-10-05T11:52:33,APROVADO
PAG00002764,PED00002764,CARTAO_DEBITO,31.59,2025-10-05T15:51:40,APROVADO
PAG00002765,PED00002765,PIX,61.68,2025-10-05T16:40:51,APROVADO
PAG00002766,PED00002766,CARTAO_DEBITO,44.42,2025-10-05T14:27:39,APROVADO
PAG00002767,PED00002767,PIX,21.24,2025-10-05T17:19:15,APROVADO
PAG00002768,PED00002768,PIX,92.57,2025-10-05T11:33:19,APROVADO
PAG00002769,PED00002769,CARTAO_CREDITO,31.98,2025-10-05T15:27:17,APROVADO
PAG00002771,PED00002771,CARTAO_DEBITO,96.37,2025-10-05T23:48:43,APROVADO
PAG00002772,PED00002772,CARTAO_CREDITO,39.37,2025-10-05T10:07:55,APROVADO
PAG00002773,PED00002773,CARTAO_CREDITO,30.87,2025-10-05T13:22:20,APROVADO
PAG00002774,PED00002774,CARTAO_DEBITO,41.38,2025-10-05T22:25:10,APROVADO
PAG00002775,PED00002775,PIX,24.37,2025-10-05T21:16:40,APROVADO
PAG00002776,PED00002776,CARTAO_CREDITO,66.33,2025-10-05T10:28:42,APROVADO
PAG00002777,PED00002777,CARTAO_DEBITO,27.99,2025-10-05T18:04:20,APROVADO
PAG00002778,PED00002778,DINHEIRO,35.87,2025-10-05T21:57:22,APROVADO
PAG00002779,PED00002779,PIX,50.63,2025-10-05T11:11:36,APROVADO
PAG00002780,PED00002780,CARTAO_CREDITO,25.03,2025-10-05T15:22:33,APROVADO
PAG00002781,PED00002781,CARTAO_CREDITO,51.83,2025-10-05T20:17:15,APROVADO
PAG00002782,PED00002782,PIX,151.42,2025-10-05T17:27:51,APROVADO
PAG00002783,PED00002783,CARTAO_DEBITO,29.51,2025-10-05T10:41:24,APROVADO
PAG00002784,PED00002784,CARTAO_CREDITO,58.27,2025-10-05T23:54:41,APROVADO
PAG00002785,PED00002785,CARTAO_DEBITO,36.75,2025-10-05T23:33:03,APROVADO
PAG00002786,PED00002786,CARTAO_DEBITO,280.23,2025-10-05T22:07:20,APROVADO
PAG00002787,PED00002787,CARTAO_CREDITO,181.95,2025-10-05T11:19:43,APROVADO
PAG00002788,PED00002788,CARTAO_CREDITO,181.28,2025-10-05T19:19:05,APROVADO
PAG00002789,PED00002789,CARTAO_CREDITO,129.83,2025-10-05T18:35:12,APROVADO
PAG00002790,PED00002790,CARTAO_CREDITO,53.06,2025-10-05T10:34:25,PENDENTE
PAG00002791,PED00002791,CARTAO_CREDITO,90.09,2025-10-05T19:59:04,APROVADO
PAG00002792,PED00002792,CARTAO_CREDITO,62.69,2025-10-05T17:02:10,APROVADO
PAG00002793,PED00002793,PIX,22.3,2025-10-05T20:52:46,APROVADO
PAG00002794,PED00002794,CARTAO_CREDITO,117.25,2025-10-05T14:11:30,APROVADO
PAG00002795,PED00002795,PIX,23.99,2025-10-05T10:19:32,APROVADO
PAG00002796,PED00002796,PIX,51.89,2025-10-05T20:09:20,PENDENTE
PAG00002797,PED00002797,CARTAO_CREDITO,80.96,2025-10-05T10:45:25,APROVADO
PAG00002798,PED00002798,CARTAO_CREDITO,64.68,2025-10-05T17:22:56,APROVADO
PAG00002799,PED00002799,DINHEIRO,25.71,2025-10-05T20:52:27,APROVADO
PAG00002800,PED00002800,PIX,54.55,2025-10-05T15:29:24,APROVADO
PAG00002801,PED00002801,PIX,68.79,2025-10-05T21:59:02,APROVADO
PAG00002802,PED00002802,CARTAO_CREDITO,81.76,2025-10-05T11:06:54,APROVADO
PAG00002804,PED00002804,CARTAO_DEBITO,19.45,2025-10-05T22:23:06,APROVADO
PAG00002805,PED00002805,PIX,15.03,2025-10-05T14:18:38,APROVADO
PAG00002807,PED00002807,CARTAO_CREDITO,38.71,2025-10-05T21:10:22,APROVADO
PAG00002809,PED00002809,PIX,104.53,2025-10-05T22:12:24,APROVADO
PAG00002810,PED00002810,PIX,127.74,2025-10-05T21:11:34,APROVADO
PAG00002811,PED00002811,CARTAO_CREDITO,58.22,2025-10-05T14:43:33,APROVADO
PAG00002812,PED00002812,CARTAO_CREDITO,74.9,2025-10-05T13:04:34,APROVADO
PAG00002813,PED00002813,PIX,67.32,2025-10-05T18:43:24,APROVADO
PAG00002814,PED00002814,CARTAO_CREDITO,246.27,2025-10-05T22:34:44,APROVADO
PAG00002815,PED00002815,CARTAO_CREDITO,53.33,2025-10-05T19:07:33,APROVADO
PAG00002816,PED00002816,PIX,68.66,2025-10-05T13:55:50,APROVADO
PAG00002817,PED00002817,PIX,126.57,2025-10-05T16:08:26,APROVADO
PAG00002818,PED00002818,CARTAO_DEBITO,215.53,2025-10-05T12:28:00,APROVADO
PAG00002819,PED00002819,CARTAO_DEBITO,241.6,2025-10-05T11:30:50,APROVADO
PAG00002820,PED00002820,PIX,66.09,2025-10-05T13:27:24,APROVADO
PAG00002821,PED00002821,PIX,95.19,2025-10-05T20:57:15,APROVADO
PAG00002822,PED00002822,CARTAO_DEBITO,57.32,2025-10-05T19:09:06,APROVADO
PAG00002823,PED00002823,CARTAO_DEBITO,82.18,2025-10-05T20:46:59,APROVADO
PAG00002824,PED00002824,CARTAO_CREDITO,39.0,2025-10-05T20:16:16,APROVADO
PAG00002825,PED00002825,PIX,34.45,2025-10-05T18:39:53,APROVADO
PAG00002826,PED00002826,PIX,69.86,2025-10-05T10:25:41,APROVADO
PAG00002827,PED00002827,CARTAO_CREDITO,73.51,2025-10-05T12:34:38,APROVADO
PAG00002829,PED00002829,PIX,15.43,2025-10-05T15:18:37,APROVADO
PAG00002830,PED00002830,CARTAO_CREDITO,67.16,2025-10-05T13:52:28,APROVADO
PAG00002831,PED00002831,CARTAO_CREDITO,21.5,2025-10-05T22:19:26,APROVADO
PAG00002832,PED00002832,CARTAO_CREDITO,19.22,2025-10-05T14:26:20,PENDENTE
PAG00002833,PED00002833,PIX,40.37,2025-10-05T19:32:50,APROVADO
PAG00002834,PED00002834,PIX,24.71,2025-10-05T15:39:36,APROVADO
PAG00002835,PED00002835,CARTAO_CREDITO,145.9,2025-10-05T18:29:32,APROVADO
PAG00002836,PED00002836,CARTAO_CREDITO,99.39,2025-10-05T18:48:13,APROVADO
PAG00002837,PED00002837,CARTAO_DEBITO,98.07,2025-10-05T22:23:58,APROVADO
PAG00002838,PED00002838,CARTAO_CREDITO,88.3,2025-10-05T11:17:22,APROVADO
PAG00002840,PED00002840,CARTAO_DEBITO,42.1,2025-10-05T16:35:30,APROVADO
PAG00002841,PED00002841,CARTAO_DEBITO,36.27,2025-10-06T20:18:44,APROVADO
PAG00002842,PED00002842,CARTAO_CREDITO,158.62,2025-10-06T15:35:36,APROVADO
PAG00002843,PED00002843,PIX,26.93,2025-10-06T21:34:38,APROVADO
PAG00002844,PED00002844,PIX,206.28,2025-10-06T20:41:22,APROVADO
PAG00002845,PED00002845,CARTAO_CREDITO,170.19,2025-10-06T14:28:27,APROVADO
PAG00002846,PED00002846,CARTAO_CREDITO,43.42,2025-10-06T14:07:54,APROVADO
PAG00002847,PED00002847,PIX,28.16,2025-10-06T13:43:21,APROVADO
PAG00002848,PED00002848,PIX,119.87,2025-10-06T18:00:00,APROVADO
PAG00002849,PED00002849,CARTAO_CREDITO,272.45,2025-10-06T16:02:21,APROVADO
PAG00002850,PED00002850,CARTAO_CREDITO,81.04,2025-10-06T14:19:12,APROVADO
PAG00002851,PED00002851,PIX,208.86,2025-10-06T17:32:35,APROVADO
PAG00002852,PED00002852,CARTAO_DEBITO,32.61,2025-10-06T21:33:43,APROVADO
PAG00002853,PED00002853,PIX,79.75,2025-10-06T17:03:01,APROVADO
PAG00002854,PED00002854,PIX,98.75,2025-10-06T11:40:24,APROVADO
PAG00002855,PED00002855,DINHEIRO,55.88,2025-10-06T23:37:09,APROVADO
PAG00002856,PED00002856,CARTAO_CREDITO,28.15,2025-10-06T22:41:20,APROVADO
PAG00002857,PED00002857,PIX,33.72,2025-10-06T15:58:24,APROVADO
PAG00002858,PED00002858,CARTAO_DEBITO,84.81,2025-10-06T10:34:26,APROVADO
PAG00002859,PED00002859,CARTAO_CREDITO,111.65,2025-10-06T18:15:41,APROVADO
PAG00002860,PED00002860,PIX,136.3,2025-10-06T11:10:47,APROVADO
PAG00002861,PED00002861,CARTAO_DEBITO,64.26,2025-10-06T16:38:29,APROVADO
PAG00002862,PED00002862,PIX,80.94,2025-10-06T23:38:02,APROVADO
PAG00002863,PED00002863,PIX,102.53,2025-10-06T22:11:43,APROVADO
PAG00002864,PED00002864,PIX,42.77,2025-10-06T11:43:55,APROVADO
PAG00002865,PED00002865,DINHEIRO,151.46,2025-10-06T13:01:53,APROVADO
PAG00002866,PED00002866,CARTAO_CREDITO,50.02,2025-10-06T14:36:33,APROVADO
PAG00002867,PED00002867,CARTAO_DEBITO,92.98,2025-10-06T18:03:37,APROVADO
PAG00002868,PED00002868,CARTAO_CREDITO,103.54,2025-10-06T14:37:39,APROVADO
PAG00002869,PED00002869,CARTAO_DEBITO,185.49,2025-10-06T13:25:15,APROVADO
PAG00002870,PED00002870,CARTAO_DEBITO,191.38,2025-10-06T16:56:23,APROVADO
PAG00002871,PED00002871,PIX,38.73,2025-10-06T19:32:12,APROVADO
PAG00002872,PED00002872,CARTAO_DEBITO,73.96,2025-10-06T13:00:31,APROVADO
PAG00002873,PED00002873,PIX,39.49,2025-10-06T19:37:12,APROVADO
PAG00002874,PED00002874,CARTAO_CREDITO,47.12,2025-10-06T17:56:09,APROVADO
PAG00002875,PED00002875,CARTAO_CREDITO,82.44,2025-10-06T20:11:12,APROVADO
PAG00002876,PED00002876,DINHEIRO,118.15,2025-10-06T15:59:56,APROVADO
PAG00002877,PED00002877,CARTAO_CREDITO,44.14,2025-10-06T20:46:49,APROVADO
PAG00002878,PED00002878,CARTAO_CREDITO,117.82,2025-10-06T10:22:51,APROVADO
PAG00002880,PED00002880,CARTAO_CREDITO,93.15,2025-10-06T21:39:06,APROVADO
PAG00002881,PED00002881,PIX,91.54,2025-10-06T12:39:04,APROVADO
PAG00002882,PED00002882,PIX,55.01,2025-10-06T17:01:05,APROVADO
PAG00002883,PED00002883,PIX,66.69,2025-10-06T15:27:03,PENDENTE
PAG00002884,PED00002884,CARTAO_CREDITO,250.35,2025-10-06T10:52:37,APROVADO
PAG00002885,PED00002885,DINHEIRO,129.2,2025-10-06T20:07:02,APROVADO
PAG00002886,PED00002886,PIX,227.26,2025-10-06T23:29:32,APROVADO
PAG00002887,PED00002887,PIX,80.7,2025-10-06T11:33:20,APROVADO
PAG00002888,PED00002888,CARTAO_CREDITO,31.78,2025-10-06T21:01:52,PENDENTE
PAG00002889,PED00002889,CARTAO_DEBITO,20.81,2025-10-07T14:28:02,APROVADO
PAG00002890,PED00002890,PIX,32.71,2025-10-07T11:14:03,APROVADO
PAG00002891,PED00002891,CARTAO_DEBITO,40.11,2025-10-07T19:17:21,APROVADO
PAG00002892,PED00002892,PIX,48.91,2025-10-07T21:40:25,APROVADO
PAG00002893,PED00002893,CARTAO_CREDITO,56.55,2025-10-07T21:33:09,APROVADO
PAG00002894,PED00002894,CARTAO_DEBITO,17.17,2025-10-07T10:43:27,APROVADO
PAG00002895,PED00002895,PIX,30.32,2025-10-07T12:16:09,APROVADO
PAG00002896,PED00002896,PIX,81.75,2025-10-07T20:31:50,APROVADO
PAG00002897,PED00002897,CARTAO_CREDITO,87.4,2025-10-07T17:11:21,APROVADO
PAG00002898,PED00002898,CARTAO_CREDITO,42.67,2025-10-07T22:23:13,APROVADO
PAG00002899,PED00002899,PIX,119.21,2025-10-07T10:11:09,APROVADO
PAG00002900,PED00002900,CARTAO_CREDITO,81.27,2025-10-07T18:56:02,APROVADO
PAG00002901,PED00002901,PIX,84.1,2025-10-07T21:25:58,APROVADO
PAG00002902,PED00002902,PIX,98.54,2025-10-07T23:26:09,APROVADO
PAG00002903,PED00002903,CARTAO_CREDITO,33.78,2025-10-07T23:26:09,APROVADO
PAG00002904,PED00002904,CARTAO_CREDITO,144.25,2025-10-07T11:45:36,APROVADO
PAG00002905,PED00002905,PIX,77.55,2025-10-07T15:32:31,APROVADO
PAG00002906,PED00002906,PIX,12.77,2025-10-07T16:24:12,APROVADO
PAG00002907,PED00002907,PIX,132.85,2025-10-07T16:10:55,APROVADO
PAG00002908,PED00002908,PIX,103.0,2025-10-07T16:59:44,APROVADO
PAG00002909,PED00002909,PIX,38.92,2025-10-07T12:11:01,APROVADO
PAG00002910,PED00002910,PIX,37.33,2025-10-07T19:29:37,APROVADO
PAG00002911,PED00002911,PIX,80.21,2025-10-07T15:05:38,APROVADO
PAG00002913,PED00002913,PIX,121.23,2025-10-07T23:41:54,PENDENTE
PAG00002914,PED00002914,PIX,136.58,2025-10-07T10:24:03,APROVADO
PAG00002915,PED00002915,CARTAO_CREDITO,34.33,2025-10-07T14:10:18,APROVADO
PAG00002916,PED00002916,PIX,131.91,2025-10-07T19:55:41,APROVADO
PAG00002917,PED00002917,PIX,41.68,2025-10-07T10:52:12,APROVADO
PAG00002918,PED00002918,PIX,72.92,2025-10-07T23:19:12,APROVADO
PAG00002919,PED00002919,PIX,93.84,2025-10-07T21:17:00,APROVADO
PAG00002920,PED00002920,PIX,85.72,2025-10-07T14:13:42,APROVADO
PAG00002921,PED00002921,CARTAO_CREDITO,155.71,2025-10-07T23:41:05,APROVADO
PAG00002922,PED00002922,CARTAO_CREDITO,28.56,2025-10-07T16:31:24,APROVADO
PAG00002923,PED00002923,CARTAO_DEBITO,123.67,2025-10-07T13:52:39,APROVADO
PAG00002924,PED00002924,PIX,95.18,2025-10-07T14:18:43,APROVADO
PAG00002925,PED00002925,PIX,119.45,2025-10-07T22:02:31,APROVADO
PAG00002926,PED00002926,PIX,214.2,2025-10-07T11:46:03,APROVADO
PAG00002927,PED00002927,PIX,29.55,2025-10-07T15:56:09,APROVADO
PAG00002928,PED00002928,PIX,124.05,2025-10-07T15:16:49,APROVADO
PAG00002929,PED00002929,CARTAO_DEBITO,64.92,2025-10-07T18:31:30,APROVADO
PAG00002930,PED00002930,CARTAO_CREDITO,66.4,2025-10-07T16:02:23,APROVADO
PAG00002931,PED00002931,CARTAO_CREDITO,107.81,2025-10-07T21:40:19,APROVADO
PAG00002932,PED00002932,PIX,109.12,2025-10-07T21:46:32,APROVADO
PAG00002933,PED00002933,PIX,38.23,2025-10-07T16:19:35,APROVADO
PAG00002934,PED00002934,PIX,21.29,2025-10-07T12:29:32,APROVADO
PAG00002935,PED00002935,PIX,173.7,2025-10-07T22:41:53,APROVADO
PAG00002936,PED00002936,DINHEIRO,51.34,2025-10-07T17:07:38,APROVADO
PAG00002937,PED00002937,PIX,216.66,2025-10-07T11:41:03,PENDENTE
PAG00002938,PED00002938,CARTAO_DEBITO,86.19,2025-10-07T18:40:59,APROVADO
PAG00002940,PED00002940,CARTAO_CREDITO,36.73,2025-10-07T13:12:25,APROVADO
PAG00002941,PED00002941,CARTAO_CREDITO,13.6,2025-10-07T11:31:38,APROVADO
PAG00002942,PED00002942,CARTAO_CREDITO,168.94,2025-10-07T11:14:10,APROVADO
PAG00002943,PED00002943,PIX,46.45,2025-10-07T20:45:42,APROVADO
PAG00002944,PED00002944,CARTAO_CREDITO,53.46,2025-10-07T17:38:56,APROVADO
PAG00002945,PED00002945,PIX,181.74,2025-10-08T15:23:56,APROVADO
PAG00002946,PED00002946,PIX,99.54,2025-10-08T20:09:45,APROVADO
PAG00002947,PED00002947,PIX,15.98,2025-10-08T12:38:34,APROVADO
PAG00002948,PED00002948,PIX,76.56,2025-10-08T18:50:55,APROVADO
PAG00002949,PED00002949,PIX,41.9,2025-10-08T21:21:21,APROVADO
PAG00002950,PED00002950,CARTAO_CREDITO,86.23,2025-10-08T15:48:11,APROVADO
PAG00002951,PED00002951,PIX,134.01,2025-10-08T21:41:20,APROVADO
PAG00002952,PED00002952,PIX,302.08,2025-10-08T17:58:11,APROVADO
PAG00002953,PED00002953,CARTAO_CREDITO,234.15,2025-10-08T16:27:09,APROVADO
PAG00002954,PED00002954,PIX,204.03,2025-10-08T10:32:09,APROVADO
PAG00002955,PED00002955,PIX,144.97,2025-10-08T19:53:05,APROVADO
PAG00002956,PED00002956,CARTAO_DEBITO,78.52,2025-10-08T21:46:35,APROVADO
PAG00002957,PED00002957,PIX,39.91,2025-10-08T20:02:52,APROVADO
PAG00002958,PED00002958,CARTAO_CREDITO,82.15,2025-10-08T14:55:26,APROVADO
PAG00002959,PED00002959,CARTAO_DEBITO,131.17,2025-10-08T21:46:54,APROVADO
PAG00002960,PED00002960,DINHEIRO,55.13,2025-10-08T20:11:19,APROVADO
PAG00002961,PED00002961,CARTAO_CREDITO,66.07,2025-10-08T11:43:27,APROVADO
PAG00002962,PED00002962,CARTAO_CREDITO,111.87,2025-10-08T12:55:36,APROVADO
PAG00002963,PED00002963,CARTAO_CREDITO,192.12,2025-10-08T22:31:41,APROVADO
PAG00002964,PED00002964,PIX,18.95,2025-10-08T11:37:23,APROVADO
PAG00002965,PED00002965,CARTAO_CREDITO,83.09,2025-10-08T12:38:12,APROVADO
PAG00002966,PED00002966,PIX,69.5,2025-10-08T12:31:49,PENDENTE
PAG00002967,PED00002967,PIX,86.92,2025-10-08T15:41:07,APROVADO
PAG00002968,PED00002968,CARTAO_CREDITO,40.15,2025-10-08T17:41:33,APROVADO
PAG00002969,PED00002969,PIX,56.1,2025-10-08T20:33:39,APROVADO
PAG00002970,PED00002970,PIX,78.32,2025-10-08T10:21:15,APROVADO
PAG00002971,PED00002971,CARTAO_CREDITO,129.2,2025-10-08T12:35:02,APROVADO
PAG00002972,PED00002972,PIX,22.78,2025-10-08T19:45:36,APROVADO
PAG00002973,PED00002973,CARTAO_CREDITO,66.12,2025-10-08T20:43:26,PENDENTE
PAG00002974,PED00002974,PIX,178.6,2025-10-08T17:00:48,APROVADO
PAG00002975,PED00002975,PIX,20.29,2025-10-08T15:51:04,APROVADO
PAG00002976,PED00002976,CARTAO_CREDITO,26.88,2025-10-08T23:27:39,APROVADO
PAG00002977,PED00002977,PIX,182.84,2025-10-08T18:11:27,APROVADO
PAG00002978,PED00002978,CARTAO_CREDITO,100.44,2025-10-08T15:05:55,APROVADO
PAG00002979,PED00002979,PIX,60.8,2025-10-08T23:11:06,APROVADO
PAG00002980,PED00002980,CARTAO_CREDITO,60.68,2025-10-08T19:22:55,APROVADO
PAG00002982,PED00002982,PIX,97.27,2025-10-08T11:33:07,APROVADO
PAG00002983,PED00002983,PIX,80.79,2025-10-08T10:25:23,PENDENTE
PAG00002984,PED00002984,CARTAO_DEBITO,84.31,2025-10-08T15:56:59,APROVADO
PAG00002985,PED00002985,CARTAO_CREDITO,24.87,2025-10-08T19:11:11,APROVADO
PAG00002986,PED00002986,PIX,196.9,2025-10-08T22:38:44,PENDENTE
PAG00002987,PED00002987,CARTAO_CREDITO,402.53,2025-10-08T13:29:41,APROVADO
PAG00002988,PED00002988,PIX,68.58,2025-10-08T17:03:03,APROVADO
PAG00002989,PED00002989,CARTAO_CREDITO,78.29,2025-10-08T15:58:44,APROVADO
PAG00002990,PED00002990,CARTAO_CREDITO,163.58,2025-10-08T14:40:16,APROVADO
PAG00002991,PED00002991,CARTAO_CREDITO,231.55,2025-10-08T13:58:06,APROVADO
PAG00002992,PED00002992,PIX,80.7,2025-10-08T21:41:52,APROVADO
PAG00002993,PED00002993,CARTAO_DEBITO,48.15,2025-10-08T23:51:46,APROVADO
PAG00002994,PED00002994,CARTAO_DEBITO,174.3,2025-10-08T22:52:20,APROVADO
PAG00002995,PED00002995,PIX,93.77,2025-10-08T22:10:33,APROVADO
PAG00002996,PED00002996,CARTAO_CREDITO,28.79,2025-10-08T15:40:45,APROVADO
PAG00002997,PED00002997,PIX,27.46,2025-10-08T14:33:29,APROVADO
PAG00002998,PED00002998,PIX,129.8,2025-10-08T16:32:25,APROVADO
PAG00002999,PED00002999,PIX,171.38,2025-10-08T16:41:28,APROVADO
PAG00003000,PED00003000,PIX,31.47,2025-10-08T23:16:21,APROVADO
PAG00003001,PED00003001,PIX,32.42,2025-10-08T19:18:16,APROVADO
PAG00003002,PED00003002,PIX,95.6,2025-10-08T21:22:04,APROVADO
PAG00003003,PED00003003,CARTAO_CREDITO,139.87,2025-10-08T14:17:05,APROVADO
PAG00003004,PED00003004,PIX,67.02,2025-10-08T15:19:03,APROVADO
PAG00003005,PED00003005,CARTAO_DEBITO,192.12,2025-10-08T17:18:11,APROVADO
PAG00003007,PED00003007,CARTAO_CREDITO,127.01,2025-10-08T21:08:43,APROVADO
PAG00003008,PED00003008,PIX,80.03,2025-10-08T21:38:05,PENDENTE
PAG00003010,PED00003010,DINHEIRO,349.23,2025-10-09T10:25:23,APROVADO
PAG00003011,PED00003011,PIX,73.69,2025-10-09T16:21:01,APROVADO
PAG00003012,PED00003012,CARTAO_CREDITO,47.85,2025-10-09T12:08:02,APROVADO
PAG00003013,PED00003013,PIX,70.39,2025-10-09T12:40:31,APROVADO
PAG00003014,PED00003014,PIX,92.09,2025-10-09T12:06:40,APROVADO
PAG00003015,PED00003015,PIX,28.7,2025-10-09T10:49:13,APROVADO
PAG00003016,PED00003016,CARTAO_DEBITO,101.11,2025-10-09T17:03:37,APROVADO
PAG00003017,PED00003017,PIX,92.44,2025-10-09T23:51:54,APROVADO
PAG00003018,PED00003018,DINHEIRO,16.49,2025-10-09T13:28:10,PENDENTE
PAG00003019,PED00003019,CARTAO_CREDITO,104.58,2025-10-09T16:15:17,APROVADO
PAG00003020,PED00003020,PIX,38.36,2025-10-09T15:59:04,APROVADO
PAG00003021,PED00003021,PIX,18.5,2025-10-09T22:06:57,APROVADO
PAG00003022,PED00003022,CARTAO_CREDITO,35.46,2025-10-09T12:32:29,APROVADO
PAG00003023,PED00003023,CARTAO_DEBITO,35.51,2025-10-09T21:09:40,APROVADO
PAG00003024,PED00003024,PIX,102.76,2025-10-09T20:18:13,APROVADO
PAG00003025,PED00003025,PIX,228.28,2025-10-09T14:09:34,APROVADO
PAG00003026,PED00003026,PIX,88.42,2025-10-09T16:03:49,PENDENTE
PAG00003027,PED00003027,PIX,72.23,2025-10-09T12:49:54,APROVADO
PAG00003028,PED00003028,CARTAO_DEBITO,82.1,2025-10-09T18:05:25,APROVADO
PAG00003029,PED00003029,PIX,185.48,2025-10-09T22:22:34,APROVADO
PAG00003030,PED00003030,CARTAO_CREDITO,95.08,2025-10-09T13:50:43,APROVADO
PAG00003031,PED00003031,CARTAO_DEBITO,153.42,2025-10-09T20:29:22,APROVADO
PAG00003032,PED00003032,CARTAO_DEBITO,64.14,2025-10-09T19:35:12,APROVADO
PAG00003033,PED00003033,PIX,69.64,2025-10-09T11:31:22,APROVADO
PAG00003034,PED00003034,CARTAO_DEBITO,21.52,2025-10-09T22:44:53,APROVADO
PAG00003035,PED00003035,PIX,29.37,2025-10-09T10:02:21,APROVADO
PAG00003036,PED00003036,CARTAO_CREDITO,68.25,2025-10-09T16:08:45,APROVADO
PAG00003037,PED00003037,CARTAO_DEBITO,37.53,2025-10-09T12:51:22,APROVADO
PAG00003038,PED00003038,CARTAO_DEBITO,85.54,2025-10-09T22:18:56,APROVADO
PAG00003039,PED00003039,CARTAO_DEBITO,155.24,2025-10-09T14:48:28,APROVADO
PAG00003040,PED00003040,PIX,21.64,2025-10-09T11:33:06,APROVADO
PAG00003041,PED00003041,CARTAO_CREDITO,59.26,2025-10-09T16:23:15,APROVADO
PAG00003042,PED00003042,PIX,34.29,2025-10-09T23:54:40,APROVADO
PAG00003043,PED00003043,CARTAO_DEBITO,73.12,2025-10-09T14:45:37,APROVADO
PAG00003044,PED00003044,CARTAO_CREDITO,51.58,2025-10-09T12:09:48,APROVADO
PAG00003045,PED00003045,CARTAO_DEBITO,48.32,2025-10-09T19:03:47,APROVADO
PAG00003046,PED00003046,CARTAO_CREDITO,117.54,2025-10-09T22:54:39,APROVADO
PAG00003047,PED00003047,PIX,177.12,2025-10-09T17:10:47,APROVADO
PAG00003048,PED00003048,CARTAO_DEBITO,48.54,2025-10-09T21:44:09,APROVADO
PAG00003049,PED00003049,CARTAO_CREDITO,160.53,2025-10-09T14:50:16,APROVADO
PAG00003050,PED00003050,PIX,18.73,2025-10-09T10:49:57,APROVADO
PAG00003051,PED00003051,CARTAO_CREDITO,67.36,2025-10-09T12:20:43,PENDENTE
PAG00003052,PED00003052,CARTAO_CREDITO,186.22,2025-10-09T22:37:58,APROVADO
PAG00003053,PED00003053,PIX,20.64,2025-10-09T12:04:22,APROVADO
PAG00003054,PED00003054,CARTAO_CREDITO,145.15,2025-10-09T13:11:17,APROVADO
PAG00003055,PED00003055,PIX,156.68,2025-10-09T18:06:40,APROVADO
PAG00003056,PED00003056,PIX,36.72,2025-10-09T10:07:07,APROVADO
PAG00003057,PED00003057,CARTAO_DEBITO,38.99,2025-10-09T20:34:45,APROVADO
PAG00003058,PED00003058,DINHEIRO,70.93,2025-10-09T13:49:53,APROVADO
PAG00003059,PED00003059,PIX,216.2,2025-10-09T23:15:20,APROVADO
PAG00003060,PED00003060,PIX,130.35,2025-10-09T13:59:26,APROVADO
PAG00003062,PED00003062,CARTAO_CREDITO,22.51,2025-10-09T13:07:10,APROVADO
PAG00003063,PED00003063,CARTAO_CREDITO,86.05,2025-10-09T23:00:52,APROVADO
PAG00003064,PED00003064,CARTAO_CREDITO,84.71,2025-10-09T21:31:28,APROVADO
PAG00003065,PED00003065,PIX,73.64,2025-10-09T23:48:51,APROVADO
PAG00003066,PED00003066,CARTAO_CREDITO,59.55,2025-10-09T23:39:22,APROVADO
PAG00003067,PED00003067,CARTAO_DEBITO,44.16,2025-10-09T23:41:06,APROVADO
PAG00003068,PED00003068,PIX,170.4,2025-10-09T19:22:07,APROVADO
PAG00003069,PED00003069,CARTAO_CREDITO,42.38,2025-10-09T16:55:47,APROVADO
PAG00003070,PED00003070,PIX,70.81,2025-10-09T21:37:33,APROVADO
PAG00003072,PED00003072,CARTAO_CREDITO,31.38,2025-10-09T23:23:07,APROVADO
PAG00003073,PED00003073,PIX,23.74,2025-10-09T12:32:15,APROVADO
PAG00003074,PED00003074,CARTAO_DEBITO,21.5,2025-10-09T13:51:23,APROVADO
PAG00003075,PED00003075,PIX,23.4,2025-10-09T22:43:25,PENDENTE
PAG00003076,PED00003076,CARTAO_CREDITO,258.92,2025-10-09T17:43:27,APROVADO
PAG00003077,PED00003077,CARTAO_CREDITO,150.25,2025-10-09T13:55:09,APROVADO
PAG00003078,PED00003078,PIX,214.55,2025-10-09T17:10:40,APROVADO
PAG00003079,PED00003079,CARTAO_CREDITO,74.67,2025-10-09T23:59:43,APROVADO
PAG00003080,PED00003080,PIX,60.04,2025-10-09T16:42:33,APROVADO
PAG00003081,PED00003081,CARTAO_DEBITO,90.23,2025-10-10T16:42:31,APROVADO
PAG00003082,PED00003082,CARTAO_CREDITO,21.93,2025-10-10T18:39:13,APROVADO
PAG00003083,PED00003083,PIX,43.54,2025-10-10T10:15:52,APROVADO
PAG00003085,PED00003085,CARTAO_CREDITO,80.35,2025-10-10T17:49:42,APROVADO
PAG00003086,PED00003086,PIX,37.88,2025-10-10T13:42:36,APROVADO
PAG00003087,PED00003087,PIX,30.0,2025-10-10T10:20:18,APROVADO
PAG00003088,PED00003088,CARTAO_CREDITO,70.09,2025-10-10T21:20:45,APROVADO
PAG00003089,PED00003089,PIX,84.41,2025-10-10T16:04:58,APROVADO
PAG00003090,PED00003090,CARTAO_CREDITO,20.24,2025-10-10T16:54:08,APROVADO
PAG00003091,PED00003091,CARTAO_DEBITO,248.69,2025-10-10T22:41:28,APROVADO
PAG00003092,PED00003092,PIX,135.65,2025-10-10T23:36:27,APROVADO
PAG00003093,PED00003093,CARTAO_CREDITO,41.03,2025-10-10T18:00:44,APROVADO
PAG00003094,PED00003094,PIX,85.06,2025-10-10T20:08:39,APROVADO
PAG00003095,PED00003095,CARTAO_CREDITO,94.78,2025-10-10T16:28:25,APROVADO
PAG00003096,PED00003096,CARTAO_DEBITO,127.87,2025-10-10T14:30:30,APROVADO
PAG00003098,PED00003098,PIX,286.04,2025-10-10T13:09:39,APROVADO
PAG00003099,PED00003099,PIX,55.11,2025-10-10T16:58:47,APROVADO
PAG00003100,PED00003100,CARTAO_CREDITO,115.96,2025-10-10T22:17:31,APROVADO
PAG00003101,PED00003101,CARTAO_CREDITO,261.94,2025-10-10T19:33:08,APROVADO
PAG00003102,PED00003102,CARTAO_DEBITO,112.05,2025-10-10T23:16:06,APROVADO
PAG00003103,PED00003103,CARTAO_DEBITO,107.87,2025-10-10T18:58:09,APROVADO
PAG00003104,PED00003104,PIX,25.28,2025-10-10T17:07:42,APROVADO
PAG00003105,PED00003105,CARTAO_CREDITO,149.16,2025-10-10T17:10:01,APROVADO
PAG00003106,PED00003106,CARTAO_DEBITO,41.5,2025-10-10T17:16:12,APROVADO
PAG00003107,PED00003107,PIX,121.64,2025-10-10T13:17:59,APROVADO
PAG00003108,PED00003108,PIX,55.71,2025-10-10T15:36:53,PENDENTE
PAG00003109,PED00003109,CARTAO_CREDITO,61.21,2025-10-10T17:15:22,APROVADO
PAG00003110,PED00003110,CARTAO_CREDITO,19.46,2025-10-10T23:54:14,APROVADO
PAG00003111,PED00003111,CARTAO_CREDITO,147.61,2025-10-10T17:34:04,APROVADO
PAG00003112,PED00003112,CARTAO_CREDITO,66.44,2025-10-10T17:06:34,APROVADO
PAG00003113,PED00003113,CARTAO_CREDITO,30.5,2025-10-10T14:39:41,APROVADO
PAG00003114,PED00003114,PIX,255.68,2025-10-10T13:33:05,APROVADO
PAG00003115,PED00003115,CARTAO_CREDITO,14.12,2025-10-10T15:29:56,APROVADO
PAG00003116,PED00003116,PIX,88.31,2025-10-10T23:57:52,APROVADO
PAG00003117,PED00003117,CARTAO_CREDITO,11.26,2025-10-10T12:59:31,PENDENTE
PAG00003118,PED00003118,PIX,82.11,2025-10-10T20:33:31,APROVADO
PAG00003119,PED00003119,PIX,110.81,2025-10-10T18:36:46,APROVADO
PAG00003120,PED00003120,CARTAO_CREDITO,92.36,2025-10-10T12:05:02,APROVADO
PAG00003121,PED00003121,CARTAO_CREDITO,107.21,2025-10-10T19:41:40,APROVADO
PAG00003122,PED00003122,DINHEIRO,341.3,2025-10-10T20:28:27,APROVADO
PAG00003124,PED00003124,CARTAO_CREDITO,16.62,2025-10-10T12:23:16,APROVADO
PAG00003125,PED00003125,CARTAO_CREDITO,128.01,2025-10-10T18:35:08,APROVADO
PAG00003126,PED00003126,PIX,36.25,2025-10-10T15:38:37,APROVADO
PAG00003127,PED00003127,CARTAO_DEBITO,66.58,2025-10-10T20:53:08,APROVADO
PAG00003128,PED00003128,DINHEIRO,168.51,2025-10-10T21:42:09,APROVADO
PAG00003129,PED00003129,PIX,22.31,2025-10-10T23:21:34,APROVADO
PAG00003130,PED00003130,CARTAO_DEBITO,113.87,2025-10-10T12:52:58,APROVADO
PAG00003131,PED00003131,PIX,56.96,2025-10-10T16:52:31,APROVADO
PAG00003132,PED00003132,PIX,34.78,2025-10-10T12:55:20,APROVADO
PAG00003133,PED00003133,PIX,29.73,2025-10-10T13:59:44,APROVADO
PAG00003134,PED00003134,CARTAO_CREDITO,168.4,2025-10-10T11:20:59,PENDENTE
PAG00003135,PED00003135,CARTAO_CREDITO,114.72,2025-10-10T15:50:35,APROVADO
PAG00003136,PED00003136,PIX,48.22,2025-10-10T14:10:46,APROVADO
PAG00003137,PED00003137,PIX,41.1,2025-10-10T19:45:50,APROVADO
PAG00003138,PED00003138,PIX,94.47,2025-10-10T19:04:20,APROVADO
PAG00003139,PED00003139,CARTAO_CREDITO,298.04,2025-10-10T20:01:29,APROVADO
PAG00003140,PED00003140,CARTAO_CREDITO,99.06,2025-10-10T12:18:17,APROVADO
PAG00003141,PED00003141,CARTAO_CREDITO,149.01,2025-10-10T10:30:32,APROVADO
PAG00003142,PED00003142,CARTAO_DEBITO,73.61,2025-10-10T19:51:21,APROVADO
PAG00003143,PED00003143,PIX,49.26,2025-10-10T19:08:53,APROVADO
PAG00003144,PED00003144,CARTAO_CREDITO,88.46,2025-10-10T23:45:22,APROVADO
PAG00003145,PED00003145,CARTAO_CREDITO,43.25,2025-10-10T18:18:41,PENDENTE
PAG00003146,PED00003146,CARTAO_DEBITO,197.23,2025-10-10T14:41:20,APROVADO
PAG00003147,PED00003147,PIX,124.69,2025-10-10T21:33:44,APROVADO
PAG00003148,PED00003148,DINHEIRO,124.73,2025-10-10T22:23:56,APROVADO
PAG00003149,PED00003149,CARTAO_DEBITO,76.68,2025-10-10T23:00:50,PENDENTE
PAG00003150,PED00003150,PIX,53.88,2025-10-10T18:29:48,APROVADO
PAG00003151,PED00003151,PIX,60.63,2025-10-10T10:15:47,APROVADO
PAG00003152,PED00003152,CARTAO_CREDITO,43.11,2025-10-10T19:45:07,APROVADO
PAG00003153,PED00003153,CARTAO_DEBITO,13.35,2025-10-10T20:26:22,APROVADO
PAG00003154,PED00003154,PIX,34.97,2025-10-10T14:37:11,APROVADO
PAG00003155,PED00003155,PIX,351.51,2025-10-10T22:04:56,APROVADO
PAG00003156,PED00003156,PIX,24.87,2025-10-10T17:23:20,APROVADO
PAG00003157,PED00003157,PIX,138.99,2025-10-10T19:43:02,APROVADO
PAG00003158,PED00003158,PIX,13.88,2025-10-10T19:59:20,APROVADO
PAG00003159,PED00003159,PIX,31.48,2025-10-10T23:55:08,APROVADO
PAG00003160,PED00003160,PIX,22.1,2025-10-10T17:49:57,APROVADO
PAG00003161,PED00003161,CARTAO_CREDITO,81.81,2025-10-10T17:19:48,APROVADO
PAG00003162,PED00003162,CARTAO_CREDITO,93.13,2025-10-10T11:28:05,APROVADO
PAG00003163,PED00003163,CARTAO_DEBITO,86.65,2025-10-10T16:28:48,APROVADO
PAG00003165,PED00003165,CARTAO_CREDITO,75.56,2025-10-10T19:45:04,APROVADO
PAG00003167,PED00003167,CARTAO_DEBITO,186.31,2025-10-10T15:17:33,APROVADO
PAG00003168,PED00003168,PIX,77.26,2025-10-10T19:47:09,APROVADO
PAG00003169,PED00003169,PIX,44.48,2025-10-10T23:06:57,APROVADO
PAG00003170,PED00003170,CARTAO_DEBITO,26.29,2025-10-10T18:52:23,APROVADO
PAG00003171,PED00003171,PIX,34.29,2025-10-10T19:26:06,APROVADO
PAG00003172,PED00003172,CARTAO_CREDITO,132.81,2025-10-10T17:30:21,APROVADO
PAG00003173,PED00003173,CARTAO_CREDITO,29.87,2025-10-10T13:36:49,APROVADO
PAG00003174,PED00003174,PIX,60.64,2025-10-10T22:22:49,APROVADO
PAG00003175,PED00003175,CARTAO_DEBITO,27.9,2025-10-10T20:19:23,APROVADO
PAG00003176,PED00003176,DINHEIRO,36.25,2025-10-10T12:07:27,APROVADO
PAG00003177,PED00003177,CARTAO_DEBITO,45.01,2025-10-10T14:33:22,PENDENTE
PAG00003178,PED00003178,CARTAO_CREDITO,62.65,2025-10-10T21:10:53,APROVADO
PAG00003180,PED00003180,PIX,98.53,2025-10-10T23:35:04,APROVADO
PAG00003181,PED00003181,CARTAO_DEBITO,84.2,2025-10-10T16:46:02,APROVADO
PAG00003182,PED00003182,PIX,86.01,2025-10-10T19:32:51,APROVADO
PAG00003183,PED00003183,PIX,54.48,2025-10-10T15:34:29,APROVADO
PAG00003184,PED00003184,PIX,271.6,2025-10-10T19:42:53,APROVADO
PAG00003185,PED00003185,CARTAO_CREDITO,55.8,2025-10-10T18:02:26,APROVADO
PAG00003186,PED00003186,CARTAO_CREDITO,34.58,2025-10-10T18:35:15,APROVADO
PAG00003187,PED00003187,PIX,67.87,2025-10-10T14:52:38,APROVADO
PAG00003188,PED00003188,CARTAO_CREDITO,58.32,2025-10-10T20:12:47,APROVADO
PAG00003189,PED00003189,PIX,65.0,2025-10-10T18:29:37,APROVADO
PAG00003190,PED00003190,PIX,82.52,2025-10-10T22:21:45,APROVADO
PAG00003191,PED00003191,CARTAO_CREDITO,76.15,2025-10-10T18:12:14,APROVADO
PAG00003192,PED00003192,CARTAO_CREDITO,56.44,2025-10-10T14:05:12,APROVADO
PAG00003193,PED00003193,PIX,20.59,2025-10-11T12:55:32,APROVADO
PAG00003194,PED00003194,CARTAO_CREDITO,281.81,2025-10-11T16:08:13,APROVADO
PAG00003195,PED00003195,PIX,56.07,2025-10-11T15:53:35,APROVADO
PAG00003196,PED00003196,PIX,107.22,2025-10-11T22:58:04,APROVADO
PAG00003197,PED00003197,PIX,23.05,2025-10-11T13:22:15,APROVADO
PAG00003198,PED00003198,PIX,94.8,2025-10-11T20:22:30,APROVADO
PAG00003199,PED00003199,CARTAO_CREDITO,145.81,2025-10-11T14:32:40,APROVADO
PAG00003200,PED00003200,PIX,167.76,2025-10-11T14:58:13,APROVADO
PAG00003202,PED00003202,CARTAO_DEBITO,86.85,2025-10-11T12:19:41,APROVADO
PAG00003203,PED00003203,CARTAO_DEBITO,43.38,2025-10-11T17:22:23,APROVADO
PAG00003204,PED00003204,CARTAO_CREDITO,21.26,2025-10-11T10:13:03,APROVADO
PAG00003205,PED00003205,CARTAO_DEBITO,19.74,2025-10-11T19:14:49,APROVADO
PAG00003206,PED00003206,CARTAO_DEBITO,50.08,2025-10-11T12:33:56,APROVADO
PAG00003208,PED00003208,PIX,58.94,2025-10-11T13:08:34,APROVADO
PAG00003209,PED00003209,DINHEIRO,61.56,2025-10-11T11:46:11,APROVADO
PAG00003210,PED00003210,CARTAO_CREDITO,120.61,2025-10-11T22:20:33,APROVADO
PAG00003211,PED00003211,PIX,90.13,2025-10-11T21:00:49,APROVADO
PAG00003212,PED00003212,CARTAO_CREDITO,213.76,2025-10-11T22:20:26,APROVADO
PAG00003213,PED00003213,PIX,17.86,2025-10-11T21:53:04,APROVADO
PAG00003214,PED00003214,CARTAO_CREDITO,71.75,2025-10-11T13:41:13,APROVADO
PAG00003215,PED00003215,PIX,239.46,2025-10-11T17:43:06,APROVADO
PAG00003216,PED00003216,CARTAO_CREDITO,20.97,2025-10-11T16:31:29,APROVADO
PAG00003217,PED00003217,PIX,51.51,2025-10-11T22:39:11,APROVADO
PAG00003218,PED00003218,PIX,241.9,2025-10-11T19:48:55,APROVADO
PAG00003219,PED00003219,DINHEIRO,56.19,2025-10-11T20:07:37,APROVADO
PAG00003220,PED00003220,PIX,140.7,2025-10-11T15:01:54,APROVADO
PAG00003221,PED00003221,PIX,22.7,2025-10-11T15:35:49,APROVADO
PAG00003223,PED00003223,CARTAO_DEBITO,33.57,2025-10-11T16:54:45,APROVADO
PAG00003225,PED00003225,CARTAO_CREDITO,39.3,2025-10-11T22:50:16,APROVADO
PAG00003226,PED00003226,CARTAO_DEBITO,39.6,2025-10-11T15:37:12,APROVADO
PAG00003227,PED00003227,DINHEIRO,84.16,2025-10-11T23:30:14,APROVADO
PAG00003228,PED00003228,PIX,40.58,2025-10-11T21:18:20,APROVADO
PAG00003229,PED00003229,PIX,88.87,2025-10-11T23:32:57,APROVADO
PAG00003230,PED00003230,PIX,39.71,2025-10-11T11:44:36,APROVADO
PAG00003231,PED00003231,CARTAO_CREDITO,106.85,2025-10-11T11:39:33,APROVADO
PAG00003232,PED00003232,PIX,45.45,2025-10-12T00:01:50,APROVADO
PAG00003233,PED00003233,CARTAO_CREDITO,32.39,2025-10-11T12:11:21,APROVADO
PAG00003234,PED00003234,PIX,25.18,2025-10-11T17:57:13,APROVADO
PAG00003235,PED00003235,CARTAO_CREDITO,105.55,2025-10-11T13:59:12,APROVADO
PAG00003236,PED00003236,DINHEIRO,131.93,2025-10-11T11:55:28,APROVADO
PAG00003237,PED00003237,PIX,58.96,2025-10-11T17:07:23,APROVADO
PAG00003238,PED00003238,PIX,93.05,2025-10-11T17:35:11,APROVADO
PAG00003239,PED00003239,PIX,85.99,2025-10-11T22:45:20,APROVADO
PAG00003240,PED00003240,CARTAO_CREDITO,91.93,2025-10-11T10:05:31,APROVADO
PAG00003241,PED00003241,CARTAO_CREDITO,73.35,2025-10-11T11:04:43,APROVADO
PAG00003242,PED00003242,PIX,103.47,2025-10-11T19:05:20,APROVADO
PAG00003243,PED00003243,CARTAO_CREDITO,314.44,2025-10-11T13:29:44,APROVADO
PAG00003244,PED00003244,CARTAO_CREDITO,16.83,2025-10-11T22:13:44,APROVADO
PAG00003245,PED00003245,PIX,38.45,2025-10-11T14:13:00,APROVADO
PAG00003246,PED00003246,PIX,109.86,2025-10-11T16:12:41,APROVADO
PAG00003247,PED00003247,PIX,176.45,2025-10-11T13:35:15,APROVADO
PAG00003248,PED00003248,CARTAO_CREDITO,105.75,2025-10-11T10:27:07,APROVADO
PAG00003249,PED00003249,PIX,16.11,2025-10-11T13:08:16,APROVADO
PAG00003251,PED00003251,PIX,70.85,2025-10-11T17:38:53,APROVADO
PAG00003252,PED00003252,CARTAO_DEBITO,33.87,2025-10-11T16:35:49,APROVADO
PAG00003253,PED00003253,CARTAO_CREDITO,42.73,2025-10-11T15:37:05,APROVADO
PAG00003254,PED00003254,CARTAO_CREDITO,32.54,2025-10-11T10:54:13,APROVADO
PAG00003255,PED00003255,CARTAO_CREDITO,87.49,2025-10-11T16:17:02,APROVADO
PAG00003256,PED00003256,CARTAO_DEBITO,261.86,2025-10-11T10:50:09,APROVADO
PAG00003258,PED00003258,PIX,56.6,2025-10-11T18:44:08,PENDENTE
PAG00003259,PED00003259,CARTAO_CREDITO,24.5,2025-10-11T22:51:18,APROVADO
PAG00003260,PED00003260,PIX,53.23,2025-10-11T15:14:32,APROVADO
PAG00003261,PED00003261,CARTAO_CREDITO,160.55,2025-10-11T20:39:06,APROVADO
PAG00003262,PED00003262,CARTAO_CREDITO,61.19,2025-10-11T23:32:15,APROVADO
PAG00003263,PED00003263,PIX,99.86,2025-10-11T12:57:34,APROVADO
PAG00003264,PED00003264,CARTAO_CREDITO,40.18,2025-10-11T21:02:04,APROVADO
PAG00003265,PED00003265,CARTAO_CREDITO,151.33,2025-10-11T16:23:09,APROVADO
PAG00003266,PED00003266,PIX,20.15,2025-10-11T15:30:23,APROVADO
PAG00003267,PED00003267,PIX,15.92,2025-10-11T18:37:14,PENDENTE
PAG00003268,PED00003268,CARTAO_CREDITO,12.35,2025-10-11T11:23:17,APROVADO
PAG00003269,PED00003269,PIX,55.51,2025-10-11T20:23:32,APROVADO
PAG00003270,PED00003270,PIX,60.35,2025-10-11T11:40:58,APROVADO
PAG00003271,PED00003271,PIX,28.31,2025-10-11T19:01:23,APROVADO
PAG00003272,PED00003272,CARTAO_CREDITO,35.03,2025-10-11T13:36:01,APROVADO
PAG00003273,PED00003273,PIX,98.16,2025-10-11T19:29:01,APROVADO
PAG00003275,PED00003275,CARTAO_CREDITO,72.94,2025-10-11T15:41:37,PENDENTE
PAG00003276,PED00003276,PIX,23.3,2025-10-12T00:05:53,APROVADO
PAG00003277,PED00003277,PIX,278.34,2025-10-11T14:23:52,APROVADO
PAG00003278,PED00003278,DINHEIRO,40.86,2025-10-11T21:30:14,APROVADO
PAG00003279,PED00003279,CARTAO_DEBITO,107.2,2025-10-11T12:26:16,APROVADO
PAG00003280,PED00003280,PIX,68.6,2025-10-11T13:49:08,APROVADO
PAG00003281,PED00003281,DINHEIRO,154.63,2025-10-11T23:49:14,APROVADO
PAG00003282,PED00003282,DINHEIRO,159.15,2025-10-11T13:17:14,APROVADO
PAG00003283,PED00003283,CARTAO_CREDITO,24.31,2025-10-11T18:22:22,APROVADO
PAG00003284,PED00003284,PIX,57.71,2025-10-11T13:47:41,APROVADO
PAG00003285,PED00003285,CARTAO_CREDITO,167.64,2025-10-11T23:13:28,APROVADO
PAG00003286,PED00003286,CARTAO_CREDITO,37.55,2025-10-11T20:42:07,APROVADO
PAG00003287,PED00003287,CARTAO_CREDITO,18.69,2025-10-11T10:41:32,APROVADO
PAG00003288,PED00003288,PIX,39.71,2025-10-11T18:44:59,APROVADO
PAG00003289,PED00003289,PIX,25.79,2025-10-11T19:47:08,APROVADO
PAG00003290,PED00003290,CARTAO_DEBITO,70.47,2025-10-11T20:52:50,APROVADO
PAG00003291,PED00003291,CARTAO_CREDITO,65.27,2025-10-11T23:17:59,APROVADO
PAG00003292,PED00003292,CARTAO_CREDITO,124.75,2025-10-11T16:40:08,APROVADO
PAG00003293,PED00003293,PIX,67.58,2025-10-11T11:09:42,APROVADO
PAG00003294,PED00003294,DINHEIRO,126.92,2025-10-11T13:38:24,APROVADO
PAG00003295,PED00003295,CARTAO_CREDITO,173.47,2025-10-11T21:43:00,APROVADO
PAG00003296,PED00003296,PIX,164.14,2025-10-11T12:26:26,APROVADO
PAG00003297,PED00003297,CARTAO_CREDITO,29.0,2025-10-11T15:41:29,APROVADO
PAG00003299,PED00003299,CARTAO_CREDITO,48.77,2025-10-11T18:27:20,APROVADO
PAG00003300,PED00003300,CARTAO_DEBITO,32.97,2025-10-12T00:04:19,APROVADO
PAG00003301,PED00003301,PIX,31.58,2025-10-11T17:36:44,APROVADO
PAG00003302,PED00003302,PIX,72.61,2025-10-11T10:21:06,APROVADO
PAG00003303,PED00003303,PIX,143.36,2025-10-11T17:25:30,APROVADO
PAG00003304,PED00003304,DINHEIRO,99.17,2025-10-11T18:45:53,APROVADO
PAG00003305,PED00003305,CARTAO_CREDITO,179.45,2025-10-11T12:19:22,APROVADO
PAG00003306,PED00003306,CARTAO_DEBITO,209.38,2025-10-11T20:18:56,APROVADO
PAG00003307,PED00003307,PIX,173.26,2025-10-11T13:08:20,APROVADO
PAG00003308,PED00003308,CARTAO_CREDITO,84.46,2025-10-11T11:12:57,APROVADO
PAG00003309,PED00003309,PIX,48.37,2025-10-11T11:34:02,APROVADO
PAG00003310,PED00003310,PIX,23.25,2025-10-11T14:54:24,APROVADO
PAG00003312,PED00003312,PIX,51.69,2025-10-11T16:36:51,APROVADO
PAG00003313,PED00003313,CARTAO_DEBITO,125.33,2025-10-11T19:13:12,APROVADO
PAG00003314,PED00003314,DINHEIRO,89.14,2025-10-11T11:44:43,APROVADO
PAG00003315,PED00003315,CARTAO_DEBITO,53.41,2025-10-11T21:01:42,APROVADO
PAG00003317,PED00003317,PIX,99.06,2025-10-11T23:35:33,APROVADO
PAG00003318,PED00003318,PIX,123.02,2025-10-11T17:00:41,APROVADO
PAG00003319,PED00003319,CARTAO_DEBITO,212.92,2025-10-11T12:10:39,APROVADO
PAG00003320,PED00003320,CARTAO_CREDITO,43.91,2025-10-11T16:40:28,APROVADO
PAG00003321,PED00003321,PIX,30.9,2025-10-12T13:53:31,APROVADO
PAG00003322,PED00003322,PIX,64.03,2025-10-12T18:54:21,APROVADO
PAG00003323,PED00003323,CARTAO_DEBITO,108.77,2025-10-12T13:32:05,APROVADO
PAG00003324,PED00003324,CARTAO_CREDITO,57.46,2025-10-12T15:59:06,APROVADO
PAG00003328,PED00003328,PIX,55.64,2025-10-12T10:50:06,APROVADO
PAG00003329,PED00003329,CARTAO_CREDITO,62.33,2025-10-12T10:13:17,APROVADO
PAG00003330,PED00003330,PIX,39.36,2025-10-12T20:12:45,APROVADO
PAG00003331,PED00003331,CARTAO_DEBITO,37.09,2025-10-12T10:42:58,APROVADO
PAG00003332,PED00003332,PIX,50.05,2025-10-12T19:14:54,APROVADO
PAG00003333,PED00003333,PIX,36.14,2025-10-12T18:18:55,APROVADO
PAG00003334,PED00003334,DINHEIRO,54.72,2025-10-12T13:39:30,APROVADO
PAG00003335,PED00003335,CARTAO_CREDITO,82.13,2025-10-12T16:26:24,APROVADO
PAG00003336,PED00003336,PIX,37.85,2025-10-12T22:15:28,APROVADO
PAG00003337,PED00003337,PIX,31.97,2025-10-12T19:08:25,APROVADO
PAG00003338,PED00003338,PIX,22.89,2025-10-12T13:18:06,APROVADO
PAG00003339,PED00003339,CARTAO_CREDITO,52.85,2025-10-12T23:32:02,APROVADO
PAG00003340,PED00003340,CARTAO_CREDITO,18.57,2025-10-12T20:33:14,APROVADO
PAG00003341,PED00003341,PIX,108.97,2025-10-12T16:13:04,APROVADO
PAG00003342,PED00003342,CARTAO_CREDITO,34.01,2025-10-12T12:21:09,APROVADO
PAG00003343,PED00003343,PIX,47.68,2025-10-12T11:15:40,APROVADO
PAG00003344,PED00003344,PIX,62.75,2025-10-12T17:32:01,APROVADO
PAG00003345,PED00003345,CARTAO_CREDITO,195.69,2025-10-12T14:28:03,APROVADO
PAG00003346,PED00003346,PIX,58.93,2025-10-12T22:24:20,APROVADO
PAG00003347,PED00003347,DINHEIRO,251.83,2025-10-12T12:05:52,APROVADO
PAG00003348,PED00003348,CARTAO_CREDITO,124.65,2025-10-12T22:28:09,APROVADO
PAG00003349,PED00003349,CARTAO_CREDITO,13.07,2025-10-12T19:02:21,APROVADO
PAG00003350,PED00003350,PIX,127.73,2025-10-12T13:46:14,APROVADO
PAG00003352,PED00003352,PIX,105.61,2025-10-12T23:36:21,APROVADO
PAG00003353,PED00003353,CARTAO_CREDITO,33.04,2025-10-12T18:03:55,APROVADO
PAG00003354,PED00003354,PIX,65.35,2025-10-12T10:39:34,APROVADO
PAG00003355,PED00003355,CARTAO_DEBITO,23.43,2025-10-12T10:41:07,APROVADO
PAG00003356,PED00003356,CARTAO_CREDITO,48.4,2025-10-13T00:06:18,APROVADO
PAG00003357,PED00003357,PIX,80.35,2025-10-12T18:50:02,APROVADO
PAG00003358,PED00003358,PIX,165.03,2025-10-12T23:20:19,APROVADO
PAG00003359,PED00003359,PIX,110.2,2025-10-12T22:12:03,APROVADO
PAG00003360,PED00003360,PIX,163.98,2025-10-12T11:24:55,APROVADO
PAG00003361,PED00003361,CARTAO_CREDITO,30.58,2025-10-12T12:57:24,PENDENTE
PAG00003362,PED00003362,PIX,55.09,2025-10-12T21:45:54,APROVADO
PAG00003363,PED00003363,CARTAO_CREDITO,162.57,2025-10-12T19:43:06,APROVADO
PAG00003364,PED00003364,CARTAO_DEBITO,22.01,2025-10-12T19:32:43,APROVADO
PAG00003365,PED00003365,PIX,45.29,2025-10-12T13:17:58,APROVADO
PAG00003366,PED00003366,PIX,202.71,2025-10-12T15:30:12,APROVADO
PAG00003367,PED00003367,CARTAO_CREDITO,62.39,2025-10-12T17:22:56,APROVADO
PAG00003368,PED00003368,PIX,113.94,2025-10-12T15:18:27,APROVADO
PAG00003369,PED00003369,PIX,156.27,2025-10-12T18:16:17,APROVADO
PAG00003370,PED00003370,PIX,46.03,2025-10-12T21:33:49,APROVADO
PAG00003371,PED00003371,PIX,85.56,2025-10-12T18:03:32,PENDENTE
PAG00003372,PED00003372,PIX,56.18,2025-10-12T14:21:33,APROVADO
PAG00003373,PED00003373,PIX,33.23,2025-10-12T21:20:43,APROVADO
PAG00003374,PED00003374,CARTAO_DEBITO,76.3,2025-10-12T17:58:23,PENDENTE
PAG00003375,PED00003375,CARTAO_CREDITO,141.83,2025-10-12T23:23:04,APROVADO
PAG00003376,PED00003376,CARTAO_DEBITO,73.09,2025-10-12T16:18:44,APROVADO
PAG00003377,PED00003377,CARTAO_CREDITO,53.17,2025-10-12T16:05:01,APROVADO
PAG00003378,PED00003378,PIX,216.18,2025-10-12T23:31:43,APROVADO
PAG00003379,PED00003379,PIX,174.86,2025-10-12T10:04:59,APROVADO
PAG00003380,PED00003380,CARTAO_CREDITO,311.81,2025-10-12T14:46:55,APROVADO
PAG00003382,PED00003382,CARTAO_DEBITO,218.01,2025-10-12T12:16:52,APROVADO
PAG00003383,PED00003383,CARTAO_CREDITO,151.41,2025-10-12T11:41:29,APROVADO
PAG00003384,PED00003384,CARTAO_CREDITO,19.16,2025-10-12T13:35:09,APROVADO
PAG00003385,PED00003385,PIX,61.15,2025-10-12T11:44:00,APROVADO
PAG00003386,PED00003386,CARTAO_CREDITO,101.05,2025-10-12T17:13:37,PENDENTE
PAG00003387,PED00003387,PIX,67.65,2025-10-12T12:59:30,APROVADO
PAG00003388,PED00003388,PIX,74.84,2025-10-12T16:42:43,APROVADO
PAG00003389,PED00003389,PIX,71.64,2025-10-12T22:20:00,APROVADO
PAG00003390,PED00003390,CARTAO_DEBITO,76.14,2025-10-12T22:53:45,APROVADO
PAG00003391,PED00003391,PIX,169.69,2025-10-12T17:55:57,APROVADO
PAG00003392,PED00003392,PIX,171.01,2025-10-12T13:19:46,APROVADO
PAG00003393,PED00003393,PIX,109.34,2025-10-12T21:23:49,APROVADO
PAG00003394,PED00003394,CARTAO_CREDITO,55.59,2025-10-12T14:13:04,APROVADO
PAG00003395,PED00003395,CARTAO_DEBITO,43.44,2025-10-12T18:11:28,APROVADO
PAG00003396,PED00003396,PIX,71.17,2025-10-12T21:45:10,APROVADO
PAG00003397,PED00003397,PIX,61.48,2025-10-12T13:56:38,APROVADO
PAG00003398,PED00003398,PIX,21.98,2025-10-12T22:48:40,PENDENTE
PAG00003399,PED00003399,CARTAO_CREDITO,24.0,2025-10-12T18:28:38,APROVADO
PAG00003400,PED00003400,CARTAO_DEBITO,78.1,2025-10-12T22:46:08,APROVADO
PAG00003401,PED00003401,CARTAO_CREDITO,53.59,2025-10-12T16:57:33,PENDENTE
PAG00003402,PED00003402,DINHEIRO,19.76,2025-10-12T16:56:36,APROVADO
PAG00003403,PED00003403,CARTAO_CREDITO,87.65,2025-10-12T14:39:35,APROVADO
PAG00003405,PED00003405,PIX,107.13,2025-10-12T16:34:26,APROVADO
PAG00003406,PED00003406,CARTAO_CREDITO,41.92,2025-10-12T10:51:28,APROVADO
PAG00003407,PED00003407,PIX,11.41,2025-10-12T20:56:53,APROVADO
PAG00003408,PED00003408,PIX,59.11,2025-10-12T14:45:10,APROVADO
PAG00003409,PED00003409,PIX,127.67,2025-10-13T12:21:01,APROVADO
PAG00003410,PED00003410,PIX,33.7,2025-10-13T23:25:32,APROVADO
PAG00003411,PED00003411,CARTAO_CREDITO,23.96,2025-10-13T18:26:16,APROVADO
PAG00003412,PED00003412,PIX,62.9,2025-10-13T18:43:55,APROVADO
PAG00003413,PED00003413,PIX,276.86,2025-10-13T21:15:17,APROVADO
PAG00003414,PED00003414,CARTAO_CREDITO,207.76,2025-10-13T21:18:11,APROVADO
PAG00003415,PED00003415,PIX,102.08,2025-10-13T11:01:33,APROVADO
PAG00003416,PED00003416,PIX,192.79,2025-10-13T17:13:36,APROVADO
PAG00003417,PED00003417,CARTAO_CREDITO,84.67,2025-10-13T23:15:55,APROVADO
PAG00003418,PED00003418,CARTAO_CREDITO,46.84,2025-10-13T19:14:36,APROVADO
PAG00003419,PED00003419,PIX,85.2,2025-10-13T16:26:48,APROVADO
PAG00003420,PED00003420,PIX,211.25,2025-10-13T11:47:47,APROVADO
PAG00003421,PED00003421,CARTAO_CREDITO,130.9,2025-10-13T11:55:21,APROVADO
PAG00003422,PED00003422,CARTAO_DEBITO,64.92,2025-10-13T20:33:34,APROVADO
PAG00003423,PED00003423,CARTAO_CREDITO,63.19,2025-10-13T10:13:01,APROVADO
PAG00003424,PED00003424,PIX,22.98,2025-10-13T17:37:07,APROVADO
PAG00003425,PED00003425,CARTAO_CREDITO,86.7,2025-10-13T11:49:45,APROVADO
PAG00003426,PED00003426,CARTAO_CREDITO,181.01,2025-10-13T10:33:46,APROVADO
PAG00003427,PED00003427,CARTAO_DEBITO,58.97,2025-10-13T18:51:53,APROVADO
PAG00003428,PED00003428,PIX,20.27,2025-10-13T20:57:06,APROVADO
PAG00003429,PED00003429,PIX,95.75,2025-10-13T11:03:25,APROVADO
PAG00003430,PED00003430,PIX,9.53,2025-10-13T13:06:36,APROVADO
PAG00003431,PED00003431,PIX,12.68,2025-10-13T23:18:53,PENDENTE
PAG00003432,PED00003432,PIX,97.25,2025-10-13T23:06:51,APROVADO
PAG00003433,PED00003433,PIX,67.91,2025-10-13T13:10:34,APROVADO
PAG00003434,PED00003434,PIX,110.34,2025-10-13T13:37:38,APROVADO
PAG00003435,PED00003435,PIX,210.3,2025-10-13T11:01:59,PENDENTE
PAG00003436,PED00003436,CARTAO_CREDITO,146.4,2025-10-13T18:21:45,PENDENTE
PAG00003437,PED00003437,PIX,51.35,2025-10-13T16:36:58,APROVADO
PAG00003438,PED00003438,CARTAO_DEBITO,152.0,2025-10-13T13:41:16,PENDENTE
PAG00003439,PED00003439,PIX,41.05,2025-10-13T21:52:07,APROVADO
PAG00003440,PED00003440,CARTAO_CREDITO,119.17,2025-10-13T17:14:43,APROVADO
PAG00003441,PED00003441,CARTAO_CREDITO,367.29,2025-10-13T14:49:08,APROVADO
PAG00003442,PED00003442,CARTAO_CREDITO,70.35,2025-10-13T14:51:09,APROVADO
PAG00003443,PED00003443,CARTAO_CREDITO,154.39,2025-10-13T21:21:49,APROVADO
PAG00003444,PED00003444,PIX,192.96,2025-10-13T19:06:56,APROVADO
PAG00003445,PED00003445,PIX,28.99,2025-10-13T20:40:45,APROVADO
PAG00003446,PED00003446,CARTAO_CREDITO,73.35,2025-10-13T22:24:14,APROVADO
PAG00003447,PED00003447,PIX,46.61,2025-10-14T00:04:58,APROVADO
PAG00003448,PED00003448,CARTAO_CREDITO,70.31,2025-10-13T18:37:59,APROVADO
PAG00003449,PED00003449,PIX,162.23,2025-10-13T20:29:58,PENDENTE
PAG00003450,PED00003450,CARTAO_DEBITO,126.0,2025-10-13T18:17:39,APROVADO
PAG00003451,PED00003451,CARTAO_CREDITO,315.03,2025-10-13T15:43:36,APROVADO
PAG00003452,PED00003452,PIX,31.01,2025-10-13T22:32:13,APROVADO
PAG00003453,PED00003453,PIX,105.64,2025-10-13T18:04:26,APROVADO
PAG00003455,PED00003455,PIX,168.12,2025-10-13T12:39:51,APROVADO
PAG00003456,PED00003456,CARTAO_CREDITO,64.52,2025-10-13T23:19:28,APROVADO
PAG00003457,PED00003457,DINHEIRO,222.32,2025-10-14T21:20:07,APROVADO
PAG00003458,PED00003458,PIX,29.02,2025-10-14T18:41:31,APROVADO
PAG00003459,PED00003459,PIX,229.48,2025-10-14T16:39:06,APROVADO
PAG00003460,PED00003460,CARTAO_CREDITO,24.8,2025-10-14T21:59:36,APROVADO
PAG00003461,PED00003461,CARTAO_CREDITO,37.33,2025-10-14T18:00:00,APROVADO
PAG00003462,PED00003462,CARTAO_CREDITO,99.45,2025-10-14T14:03:29,APROVADO
PAG00003463,PED00003463,CARTAO_DEBITO,212.54,2025-10-14T20:03:48,APROVADO
PAG00003465,PED00003465,CARTAO_DEBITO,72.41,2025-10-14T20:46:02,APROVADO
PAG00003466,PED00003466,CARTAO_CREDITO,33.5,2025-10-14T10:36:38,APROVADO
PAG00003467,PED00003467,CARTAO_DEBITO,29.56,2025-10-14T18:13:19,APROVADO
PAG00003468,PED00003468,PIX,75.33,2025-10-14T19:59:16,PENDENTE
PAG00003469,PED00003469,PIX,145.63,2025-10-14T22:27:26,APROVADO
PAG00003470,PED00003470,CARTAO_CREDITO,39.46,2025-10-14T22:14:11,APROVADO
PAG00003471,PED00003471,PIX,80.06,2025-10-14T20:27:29,APROVADO
PAG00003472,PED00003472,PIX,73.91,2025-10-14T19:16:51,APROVADO
PAG00003473,PED00003473,PIX,53.09,2025-10-14T19:33:40,APROVADO
PAG00003475,PED00003475,PIX,87.1,2025-10-14T22:20:28,APROVADO
PAG00003476,PED00003476,PIX,94.44,2025-10-14T22:23:29,APROVADO
PAG00003477,PED00003477,PIX,36.42,2025-10-14T16:30:29,APROVADO
PAG00003478,PED00003478,PIX,80.47,2025-10-14T19:41:26,APROVADO
PAG00003479,PED00003479,CARTAO_CREDITO,36.16,2025-10-14T19:54:11,APROVADO
PAG00003480,PED00003480,PIX,89.81,2025-10-14T20:15:21,APROVADO
PAG00003482,PED00003482,DINHEIRO,133.57,2025-10-14T17:43:47,APROVADO
PAG00003483,PED00003483,PIX,123.08,2025-10-14T15:06:14,APROVADO
PAG00003484,PED00003484,PIX,91.48,2025-10-14T17:05:56,APROVADO
PAG00003485,PED00003485,PIX,50.02,2025-10-14T20:11:57,APROVADO
PAG00003486,PED00003486,PIX,30.15,2025-10-14T12:00:08,PENDENTE
PAG00003487,PED00003487,CARTAO_CREDITO,27.26,2025-10-14T13:32:03,APROVADO
PAG00003488,PED00003488,CARTAO_CREDITO,84.17,2025-10-14T19:46:16,APROVADO
PAG00003489,PED00003489,PIX,81.38,2025-10-14T11:49:44,APROVADO
PAG00003490,PED00003490,PIX,139.13,2025-10-14T19:50:30,APROVADO
PAG00003491,PED00003491,PIX,33.27,2025-10-14T20:32:11,APROVADO
PAG00003492,PED00003492,PIX,43.86,2025-10-14T10:27:45,APROVADO
PAG00003493,PED00003493,PIX,90.79,2025-10-14T12:18:10,APROVADO
PAG00003494,PED00003494,CARTAO_CREDITO,331.2,2025-10-14T23:08:40,PENDENTE
PAG00003495,PED00003495,CARTAO_DEBITO,26.68,2025-10-14T15:43:32,APROVADO
PAG00003496,PED00003496,PIX,48.98,2025-10-14T13:38:15,APROVADO
PAG00003497,PED00003497,CARTAO_CREDITO,96.52,2025-10-14T21:45:20,APROVADO
PAG00003498,PED00003498,PIX,111.13,2025-10-14T17:14:22,APROVADO
PAG00003500,PED00003500,PIX,23.62,2025-10-14T17:01:16,APROVADO
PAG00003501,PED00003501,PIX,12.85,2025-10-14T14:48:28,APROVADO
PAG00003502,PED00003502,PIX,43.15,2025-10-14T14:43:16,APROVADO
PAG00003503,PED00003503,CARTAO_DEBITO,41.32,2025-10-14T21:21:53,APROVADO
PAG00003504,PED00003504,CARTAO_CREDITO,196.19,2025-10-14T13:08:09,APROVADO
PAG00003505,PED00003505,PIX,140.87,2025-10-14T20:18:24,APROVADO
PAG00003506,PED00003506,PIX,27.77,2025-10-14T19:01:16,APROVADO
PAG00003507,PED00003507,PIX,69.36,2025-10-14T10:33:42,APROVADO
PAG00003508,PED00003508,CARTAO_DEBITO,74.66,2025-10-14T17:54:48,APROVADO
PAG00003509,PED00003509,CARTAO_CREDITO,26.0,2025-10-14T16:41:27,PENDENTE
PAG00003510,PED00003510,CARTAO_DEBITO,20.97,2025-10-14T21:36:40,APROVADO
PAG00003511,PED00003511,DINHEIRO,111.6,2025-10-14T12:23:21,APROVADO
PAG00003512,PED00003512,CARTAO_CREDITO,127.47,2025-10-14T22:15:27,APROVADO
PAG00003513,PED00003513,PIX,20.82,2025-10-15T23:21:25,APROVADO
PAG00003514,PED00003514,CARTAO_CREDITO,42.12,2025-10-15T19:39:22,APROVADO
PAG00003515,PED00003515,CARTAO_DEBITO,119.83,2025-10-15T14:53:25,APROVADO
PAG00003516,PED00003516,CARTAO_CREDITO,80.56,2025-10-15T14:45:01,APROVADO
PAG00003517,PED00003517,CARTAO_CREDITO,28.55,2025-10-15T18:20:28,APROVADO
PAG00003518,PED00003518,CARTAO_CREDITO,43.78,2025-10-15T23:32:17,APROVADO
PAG00003519,PED00003519,CARTAO_CREDITO,65.7,2025-10-15T17:29:02,APROVADO
PAG00003520,PED00003520,PIX,25.28,2025-10-15T15:34:44,APROVADO
PAG00003521,PED00003521,PIX,121.23,2025-10-15T18:47:38,APROVADO
PAG00003522,PED00003522,CARTAO_DEBITO,38.16,2025-10-15T16:49:29,APROVADO
PAG00003523,PED00003523,PIX,298.51,2025-10-15T12:19:59,APROVADO
PAG00003524,PED00003524,CARTAO_CREDITO,53.16,2025-10-15T13:39:02,APROVADO
PAG00003525,PED00003525,CARTAO_CREDITO,92.28,2025-10-15T18:30:33,APROVADO
PAG00003526,PED00003526,CARTAO_CREDITO,75.13,2025-10-15T21:22:36,APROVADO
PAG00003527,PED00003527,CARTAO_CREDITO,126.31,2025-10-15T16:21:13,APROVADO
PAG00003528,PED00003528,CARTAO_DEBITO,38.0,2025-10-15T14:43:46,APROVADO
PAG00003529,PED00003529,CARTAO_DEBITO,318.93,2025-10-15T23:34:56,APROVADO
PAG00003530,PED00003530,CARTAO_CREDITO,38.89,2025-10-15T13:19:55,APROVADO
PAG00003531,PED00003531,PIX,96.63,2025-10-15T10:27:11,APROVADO
PAG00003532,PED00003532,CARTAO_CREDITO,140.22,2025-10-15T14:27:44,APROVADO
PAG00003533,PED00003533,CARTAO_DEBITO,65.78,2025-10-15T19:07:25,APROVADO
PAG00003534,PED00003534,CARTAO_CREDITO,171.8,2025-10-15T10:37:27,APROVADO
PAG00003535,PED00003535,CARTAO_CREDITO,73.05,2025-10-15T15:54:13,APROVADO
PAG00003536,PED00003536,PIX,12.16,2025-10-15T23:09:51,APROVADO
PAG00003537,PED00003537,DINHEIRO,128.32,2025-10-15T18:44:28,APROVADO
PAG00003539,PED00003539,PIX,25.42,2025-10-15T19:54:53,PENDENTE
PAG00003540,PED00003540,CARTAO_CREDITO,159.66,2025-10-15T15:02:55,APROVADO
PAG00003541,PED00003541,CARTAO_CREDITO,39.21,2025-10-15T19:59:51,APROVADO
PAG00003542,PED00003542,PIX,58.4,2025-10-15T11:12:07,APROVADO
PAG00003543,PED00003543,PIX,101.35,2025-10-15T21:56:11,APROVADO
PAG00003544,PED00003544,PIX,107.66,2025-10-15T23:34:41,APROVADO
PAG00003545,PED00003545,CARTAO_CREDITO,73.5,2025-10-15T16:46:36,APROVADO
PAG00003546,PED00003546,CARTAO_CREDITO,29.09,2025-10-15T17:52:15,APROVADO
PAG00003547,PED00003547,DINHEIRO,104.43,2025-10-15T19:39:56,APROVADO
PAG00003548,PED00003548,CARTAO_CREDITO,24.6,2025-10-15T18:22:15,APROVADO
PAG00003549,PED00003549,PIX,57.46,2025-10-15T14:30:06,APROVADO
PAG00003550,PED00003550,DINHEIRO,115.45,2025-10-15T21:58:05,APROVADO
PAG00003551,PED00003551,CARTAO_DEBITO,92.04,2025-10-15T10:23:53,APROVADO
PAG00003552,PED00003552,CARTAO_CREDITO,53.98,2025-10-15T20:36:43,APROVADO
PAG00003553,PED00003553,CARTAO_CREDITO,165.02,2025-10-15T14:50:49,APROVADO
PAG00003554,PED00003554,CARTAO_CREDITO,50.69,2025-10-15T18:57:02,APROVADO
PAG00003555,PED00003555,CARTAO_DEBITO,61.32,2025-10-15T16:11:59,APROVADO
PAG00003556,PED00003556,CARTAO_CREDITO,13.55,2025-10-15T21:23:38,APROVADO
PAG00003557,PED00003557,PIX,340.87,2025-10-15T12:12:08,APROVADO
PAG00003558,PED00003558,PIX,160.82,2025-10-15T19:56:19,APROVADO
PAG00003559,PED00003559,PIX,46.57,2025-10-15T10:41:35,APROVADO
PAG00003560,PED00003560,CARTAO_CREDITO,132.95,2025-10-15T13:40:37,APROVADO
PAG00003561,PED00003561,PIX,74.67,2025-10-15T15:02:35,APROVADO
PAG00003562,PED00003562,PIX,80.22,2025-10-15T18:30:40,APROVADO
PAG00003563,PED00003563,CARTAO_DEBITO,188.5,2025-10-15T22:41:04,APROVADO
PAG00003564,PED00003564,CARTAO_CREDITO,37.01,2025-10-15T16:23:19,APROVADO
PAG00003565,PED00003565,CARTAO_CREDITO,45.47,2025-10-15T16:02:36,APROVADO
PAG00003566,PED00003566,PIX,53.86,2025-10-15T12:54:17,APROVADO
PAG00003567,PED00003567,CARTAO_CREDITO,61.82,2025-10-15T19:03:54,APROVADO
PAG00003568,PED00003568,CARTAO_DEBITO,30.82,2025-10-15T12:22:40,APROVADO
PAG00003569,PED00003569,PIX,261.96,2025-10-15T19:00:36,APROVADO
PAG00003570,PED00003570,PIX,72.69,2025-10-15T21:49:27,APROVADO
PAG00003572,PED00003572,CARTAO_CREDITO,33.32,2025-10-15T12:28:40,APROVADO
PAG00003573,PED00003573,PIX,97.46,2025-10-15T18:05:43,APROVADO
PAG00003574,PED00003574,PIX,30.4,2025-10-15T22:40:55,APROVADO
PAG00003575,PED00003575,CARTAO_DEBITO,66.47,2025-10-15T23:45:54,APROVADO
PAG00003576,PED00003576,CARTAO_CREDITO,154.84,2025-10-15T11:41:41,APROVADO
PAG00003577,PED00003577,PIX,41.98,2025-10-16T10:42:32,APROVADO
PAG00003578,PED00003578,PIX,313.56,2025-10-16T20:49:08,APROVADO
PAG00003579,PED00003579,PIX,158.69,2025-10-16T20:12:35,APROVADO
PAG00003580,PED00003580,CARTAO_DEBITO,72.8,2025-10-16T15:49:25,PENDENTE
PAG00003581,PED00003581,CARTAO_CREDITO,127.58,2025-10-16T11:44:12,APROVADO
PAG00003582,PED00003582,CARTAO_DEBITO,66.65,2025-10-16T23:55:52,APROVADO
PAG00003583,PED00003583,CARTAO_CREDITO,174.81,2025-10-16T13:04:19,APROVADO
PAG00003584,PED00003584,PIX,16.05,2025-10-16T21:01:02,APROVADO
PAG00003585,PED00003585,PIX,40.94,2025-10-16T20:24:24,APROVADO
PAG00003587,PED00003587,PIX,158.31,2025-10-16T20:15:13,APROVADO
PAG00003588,PED00003588,CARTAO_CREDITO,106.75,2025-10-16T23:39:41,APROVADO
PAG00003589,PED00003589,CARTAO_CREDITO,61.56,2025-10-16T13:57:50,APROVADO
PAG00003590,PED00003590,PIX,61.61,2025-10-16T21:48:45,APROVADO
PAG00003591,PED00003591,PIX,120.02,2025-10-16T17:10:30,APROVADO
PAG00003592,PED00003592,PIX,21.48,2025-10-16T22:51:42,APROVADO
PAG00003593,PED00003593,CARTAO_CREDITO,205.48,2025-10-16T12:05:05,APROVADO
PAG00003594,PED00003594,CARTAO_CREDITO,18.38,2025-10-16T12:42:48,APROVADO
PAG00003595,PED00003595,DINHEIRO,65.56,2025-10-16T20:36:53,APROVADO
PAG00003596,PED00003596,DINHEIRO,51.61,2025-10-16T22:23:59,APROVADO
PAG00003597,PED00003597,PIX,27.3,2025-10-16T14:15:49,APROVADO
PAG00003598,PED00003598,CARTAO_CREDITO,22.09,2025-10-16T19:17:41,APROVADO
PAG00003599,PED00003599,CARTAO_CREDITO,113.5,2025-10-16T19:20:02,APROVADO
PAG00003600,PED00003600,CARTAO_DEBITO,102.18,2025-10-16T12:54:17,APROVADO
PAG00003601,PED00003601,CARTAO_CREDITO,32.26,2025-10-16T21:38:11,APROVADO
PAG00003602,PED00003602,CARTAO_CREDITO,33.56,2025-10-16T14:59:21,APROVADO
PAG00003603,PED00003603,CARTAO_CREDITO,17.17,2025-10-16T21:31:24,APROVADO
PAG00003605,PED00003605,PIX,110.49,2025-10-16T17:41:59,APROVADO
PAG00003606,PED00003606,CARTAO_CREDITO,200.3,2025-10-16T13:26:44,APROVADO
PAG00003607,PED00003607,CARTAO_DEBITO,64.76,2025-10-16T22:56:48,APROVADO
PAG00003608,PED00003608,PIX,36.31,2025-10-16T20:03:50,APROVADO
PAG00003609,PED00003609,CARTAO_CREDITO,37.73,2025-10-16T23:32:20,APROVADO
PAG00003610,PED00003610,DINHEIRO,60.38,2025-10-16T19:11:50,APROVADO
PAG00003611,PED00003611,CARTAO_DEBITO,39.85,2025-10-16T19:52:27,APROVADO
PAG00003612,PED00003612,PIX,91.35,2025-10-16T13:04:32,APROVADO
PAG00003613,PED00003613,CARTAO_CREDITO,289.83,2025-10-16T17:54:24,APROVADO
PAG00003614,PED00003614,PIX,206.91,2025-10-16T22:42:03,APROVADO
PAG00003615,PED00003615,DINHEIRO,118.03,2025-10-16T14:12:03,APROVADO
PAG00003616,PED00003616,CARTAO_CREDITO,82.84,2025-10-16T23:18:14,APROVADO
PAG00003617,PED00003617,PIX,32.56,2025-10-16T17:39:13,APROVADO
PAG00003618,PED00003618,CARTAO_CREDITO,30.67,2025-10-16T12:15:36,APROVADO
PAG00003619,PED00003619,PIX,139.2,2025-10-16T20:14:14,APROVADO
PAG00003620,PED00003620,CARTAO_CREDITO,99.08,2025-10-16T15:35:28,APROVADO
PAG00003621,PED00003621,CARTAO_DEBITO,46.97,2025-10-16T17:14:29,PENDENTE
PAG00003622,PED00003622,PIX,36.32,2025-10-16T19:51:10,APROVADO
PAG00003623,PED00003623,PIX,12.14,2025-10-16T14:26:41,APROVADO
PAG00003624,PED00003624,CARTAO_CREDITO,120.29,2025-10-16T18:35:51,APROVADO
PAG00003625,PED00003625,PIX,295.53,2025-10-16T22:18:13,PENDENTE
PAG00003626,PED00003626,PIX,144.43,2025-10-16T23:22:04,APROVADO
PAG00003627,PED00003627,PIX,49.04,2025-10-16T18:32:40,APROVADO
PAG00003628,PED00003628,CARTAO_CREDITO,26.86,2025-10-16T13:13:51,APROVADO
PAG00003629,PED00003629,PIX,18.33,2025-10-16T22:50:54,APROVADO
PAG00003630,PED00003630,CARTAO_DEBITO,18.67,2025-10-16T18:22:06,APROVADO
PAG00003631,PED00003631,PIX,87.01,2025-10-16T22:20:30,APROVADO
PAG00003632,PED00003632,PIX,51.34,2025-10-16T19:09:55,APROVADO
PAG00003633,PED00003633,PIX,24.33,2025-10-16T19:21:41,APROVADO
PAG00003634,PED00003634,CARTAO_CREDITO,53.8,2025-10-16T20:50:54,APROVADO
PAG00003636,PED00003636,PIX,59.28,2025-10-16T11:04:28,APROVADO
PAG00003637,PED00003637,PIX,56.91,2025-10-16T19:18:43,APROVADO
PAG00003638,PED00003638,CARTAO_CREDITO,132.66,2025-10-16T14:44:03,APROVADO
PAG00003639,PED00003639,CARTAO_CREDITO,95.69,2025-10-16T19:39:03,APROVADO
PAG00003640,PED00003640,CARTAO_CREDITO,171.22,2025-10-16T18:45:05,APROVADO
PAG00003641,PED00003641,PIX,25.62,2025-10-16T15:11:52,APROVADO
PAG00003643,PED00003643,PIX,17.86,2025-10-16T10:25:51,APROVADO
PAG00003645,PED00003645,PIX,89.9,2025-10-16T14:05:25,APROVADO
PAG00003646,PED00003646,CARTAO_CREDITO,211.57,2025-10-16T14:06:09,APROVADO
PAG00003647,PED00003647,DINHEIRO,25.9,2025-10-16T14:31:02,APROVADO
PAG00003648,PED00003648,PIX,85.95,2025-10-16T16:34:47,APROVADO
PAG00003649,PED00003649,CARTAO_CREDITO,23.09,2025-10-17T11:27:36,APROVADO
PAG00003650,PED00003650,CARTAO_CREDITO,134.32,2025-10-17T16:13:15,APROVADO
PAG00003651,PED00003651,PIX,123.14,2025-10-17T22:10:24,APROVADO
PAG00003652,PED00003652,PIX,123.39,2025-10-17T13:38:25,APROVADO
PAG00003653,PED00003653,CARTAO_CREDITO,130.97,2025-10-17T17:18:41,APROVADO
PAG00003654,PED00003654,PIX,61.22,2025-10-17T19:00:45,APROVADO
PAG00003655,PED00003655,CARTAO_DEBITO,19.74,2025-10-17T10:17:05,APROVADO
PAG00003656,PED00003656,CARTAO_CREDITO,53.09,2025-10-17T22:54:07,APROVADO
PAG00003657,PED00003657,PIX,74.99,2025-10-17T18:07:56,APROVADO
PAG00003658,PED00003658,CARTAO_CREDITO,285.92,2025-10-17T11:11:25,APROVADO
PAG00003659,PED00003659,PIX,37.19,2025-10-17T18:16:34,APROVADO
PAG00003660,PED00003660,CARTAO_CREDITO,22.76,2025-10-17T18:27:11,APROVADO
PAG00003661,PED00003661,CARTAO_CREDITO,38.75,2025-10-17T15:13:44,APROVADO
PAG00003662,PED00003662,PIX,90.53,2025-10-17T16:44:30,PENDENTE
PAG00003663,PED00003663,PIX,22.45,2025-10-17T13:30:12,APROVADO
PAG00003664,PED00003664,CARTAO_CREDITO,14.54,2025-10-17T15:09:10,APROVADO
PAG00003665,PED00003665,CARTAO_CREDITO,40.08,2025-10-17T20:31:02,APROVADO
PAG00003666,PED00003666,PIX,55.48,2025-10-17T18:24:51,APROVADO
PAG00003667,PED00003667,CARTAO_DEBITO,36.93,2025-10-17T21:13:39,APROVADO
PAG00003668,PED00003668,PIX,124.63,2025-10-17T17:40:49,PENDENTE
PAG00003669,PED00003669,PIX,57.15,2025-10-17T13:20:05,APROVADO
PAG00003670,PED00003670,PIX,97.39,2025-10-17T15:32:35,APROVADO
PAG00003671,PED00003671,CARTAO_CREDITO,33.89,2025-10-18T00:03:16,APROVADO
PAG00003672,PED00003672,PIX,85.61,2025-10-17T11:59:27,APROVADO
PAG00003674,PED00003674,CARTAO_CREDITO,242.23,2025-10-17T17:05:03,APROVADO
PAG00003676,PED00003676,PIX,46.58,2025-10-17T23:33:24,APROVADO
PAG00003677,PED00003677,CARTAO_CREDITO,126.22,2025-10-17T17:46:04,APROVADO
PAG00003678,PED00003678,CARTAO_DEBITO,224.63,2025-10-17T20:43:04,APROVADO
PAG00003680,PED00003680,CARTAO_DEBITO,48.33,2025-10-17T22:53:50,APROVADO
PAG00003681,PED00003681,PIX,154.61,2025-10-17T10:37:16,APROVADO
PAG00003682,PED00003682,PIX,43.18,2025-10-17T22:41:06,APROVADO
PAG00003683,PED00003683,CARTAO_DEBITO,160.79,2025-10-17T13:04:25,APROVADO
PAG00003684,PED00003684,DINHEIRO,105.38,2025-10-17T22:32:38,APROVADO
PAG00003685,PED00003685,DINHEIRO,130.84,2025-10-17T12:08:16,APROVADO
PAG00003686,PED00003686,CARTAO_CREDITO,133.88,2025-10-17T13:04:24,APROVADO
PAG00003687,PED00003687,DINHEIRO,21.8,2025-10-17T16:23:43,APROVADO
PAG00003688,PED00003688,CARTAO_DEBITO,12.82,2025-10-17T23:09:14,APROVADO
PAG00003689,PED00003689,CARTAO_CREDITO,48.78,2025-10-17T14:37:14,APROVADO
PAG00003690,PED00003690,DINHEIRO,333.34,2025-10-17T17:41:15,APROVADO
PAG00003691,PED00003691,PIX,40.9,2025-10-17T19:32:59,APROVADO
PAG00003692,PED00003692,CARTAO_DEBITO,102.83,2025-10-17T16:46:11,APROVADO
PAG00003693,PED00003693,PIX,48.17,2025-10-17T19:22:30,APROVADO
PAG00003694,PED00003694,CARTAO_CREDITO,50.4,2025-10-17T12:20:47,APROVADO
PAG00003695,PED00003695,CARTAO_CREDITO,98.46,2025-10-17T14:40:42,APROVADO
PAG00003696,PED00003696,CARTAO_CREDITO,104.95,2025-10-17T12:12:40,APROVADO
PAG00003697,PED00003697,PIX,44.14,2025-10-17T15:33:43,APROVADO
PAG00003698,PED00003698,PIX,143.38,2025-10-17T13:28:07,PENDENTE
PAG00003699,PED00003699,PIX,23.04,2025-10-17T15:34:59,APROVADO
PAG00003700,PED00003700,PIX,140.08,2025-10-17T21:44:38,APROVADO
PAG00003701,PED00003701,PIX,48.35,2025-10-17T16:35:06,APROVADO
PAG00003702,PED00003702,DINHEIRO,97.91,2025-10-17T10:50:30,PENDENTE
PAG00003703,PED00003703,PIX,56.46,2025-10-17T19:14:41,APROVADO
PAG00003704,PED00003704,PIX,53.51,2025-10-17T20:33:55,APROVADO
PAG00003705,PED00003705,PIX,205.32,2025-10-17T12:32:55,APROVADO
PAG00003706,PED00003706,CARTAO_CREDITO,32.11,2025-10-17T15:53:19,APROVADO
PAG00003707,PED00003707,CARTAO_CREDITO,62.03,2025-10-17T18:42:48,APROVADO
PAG00003708,PED00003708,PIX,149.86,2025-10-17T20:02:53,APROVADO
PAG00003709,PED00003709,CARTAO_DEBITO,36.04,2025-10-17T11:55:15,APROVADO
PAG00003710,PED00003710,CARTAO_DEBITO,264.13,2025-10-17T19:39:59,APROVADO
PAG00003711,PED00003711,CARTAO_CREDITO,55.51,2025-10-17T11:31:17,APROVADO
PAG00003713,PED00003713,PIX,87.68,2025-10-17T12:24:12,APROVADO
PAG00003714,PED00003714,PIX,41.12,2025-10-17T19:39:34,APROVADO
PAG00003715,PED00003715,CARTAO_CREDITO,26.33,2025-10-17T16:51:27,APROVADO
PAG00003716,PED00003716,CARTAO_CREDITO,18.76,2025-10-17T23:02:21,APROVADO
PAG00003717,PED00003717,CARTAO_CREDITO,54.2,2025-10-17T12:30:42,APROVADO
PAG00003719,PED00003719,CARTAO_DEBITO,124.56,2025-10-17T14:18:12,APROVADO
PAG00003720,PED00003720,DINHEIRO,42.39,2025-10-17T20:18:55,APROVADO
PAG00003721,PED00003721,PIX,19.96,2025-10-17T20:17:13,APROVADO
PAG00003722,PED00003722,CARTAO_CREDITO,50.73,2025-10-17T23:54:41,APROVADO
PAG00003723,PED00003723,PIX,74.33,2025-10-17T20:35:16,APROVADO
PAG00003725,PED00003725,PIX,62.85,2025-10-17T23:58:44,APROVADO
PAG00003726,PED00003726,DINHEIRO,18.79,2025-10-17T15:11:40,APROVADO
PAG00003727,PED00003727,CARTAO_CREDITO,164.48,2025-10-17T21:27:25,APROVADO
PAG00003728,PED00003728,CARTAO_DEBITO,64.75,2025-10-17T23:17:00,APROVADO
PAG00003729,PED00003729,PIX,127.64,2025-10-17T20:17:45,APROVADO
PAG00003730,PED00003730,PIX,57.14,2025-10-17T17:43:54,APROVADO
PAG00003731,PED00003731,PIX,77.56,2025-10-17T22:49:14,APROVADO
PAG00003732,PED00003732,PIX,84.28,2025-10-17T12:10:29,APROVADO
PAG00003733,PED00003733,DINHEIRO,109.12,2025-10-17T15:42:27,APROVADO
PAG00003734,PED00003734,DINHEIRO,40.13,2025-10-17T10:41:55,APROVADO
PAG00003735,PED00003735,CARTAO_DEBITO,18.63,2025-10-17T22:05:05,APROVADO
PAG00003736,PED00003736,PIX,39.29,2025-10-17T15:10:50,APROVADO
PAG00003737,PED00003737,PIX,48.42,2025-10-17T14:56:15,APROVADO
PAG00003738,PED00003738,PIX,108.63,2025-10-17T17:17:36,APROVADO
PAG00003739,PED00003739,PIX,52.23,2025-10-17T16:05:05,APROVADO
PAG00003740,PED00003740,PIX,151.14,2025-10-17T14:18:07,PENDENTE
PAG00003741,PED00003741,PIX,184.39,2025-10-17T23:03:01,APROVADO
PAG00003742,PED00003742,CARTAO_CREDITO,63.32,2025-10-17T15:26:26,APROVADO
PAG00003744,PED00003744,PIX,61.83,2025-10-17T15:26:24,APROVADO
PAG00003745,PED00003745,PIX,88.78,2025-10-17T11:09:00,APROVADO
PAG00003746,PED00003746,PIX,256.52,2025-10-17T13:25:10,APROVADO
PAG00003747,PED00003747,PIX,227.93,2025-10-17T13:00:04,APROVADO
PAG00003748,PED00003748,PIX,67.21,2025-10-17T22:05:57,APROVADO
PAG00003749,PED00003749,PIX,38.13,2025-10-17T10:54:44,APROVADO
PAG00003750,PED00003750,PIX,35.25,2025-10-17T18:10:24,APROVADO
PAG00003751,PED00003751,CARTAO_DEBITO,143.82,2025-10-17T13:20:56,PENDENTE
PAG00003752,PED00003752,PIX,44.92,2025-10-17T18:04:25,APROVADO
PAG00003753,PED00003753,CARTAO_CREDITO,42.13,2025-10-17T10:17:07,APROVADO
PAG00003754,PED00003754,PIX,88.39,2025-10-17T21:30:28,APROVADO
PAG00003755,PED00003755,PIX,86.35,2025-10-17T12:21:51,APROVADO
PAG00003756,PED00003756,PIX,79.26,2025-10-17T14:45:22,APROVADO
PAG00003757,PED00003757,CARTAO_CREDITO,169.39,2025-10-17T11:30:02,APROVADO
PAG00003758,PED00003758,PIX,255.33,2025-10-17T10:12:39,APROVADO
PAG00003759,PED00003759,CARTAO_CREDITO,229.97,2025-10-17T21:35:21,APROVADO
PAG00003760,PED00003760,CARTAO_DEBITO,172.14,2025-10-17T19:17:50,APROVADO
PAG00003761,PED00003761,PIX,29.6,2025-10-18T16:56:32,APROVADO
PAG00003762,PED00003762,CARTAO_CREDITO,50.52,2025-10-18T17:06:40,APROVADO
PAG00003763,PED00003763,PIX,86.05,2025-10-18T15:01:57,APROVADO
PAG00003766,PED00003766,PIX,35.59,2025-10-18T19:47:02,APROVADO
PAG00003767,PED00003767,CARTAO_CREDITO,30.86,2025-10-18T11:01:23,APROVADO
PAG00003770,PED00003770,PIX,189.89,2025-10-18T12:58:45,APROVADO
PAG00003771,PED00003771,CARTAO_DEBITO,182.67,2025-10-18T18:56:15,APROVADO
PAG00003772,PED00003772,PIX,127.28,2025-10-18T22:42:24,APROVADO
PAG00003773,PED00003773,CARTAO_DEBITO,16.61,2025-10-18T20:15:17,APROVADO
PAG00003774,PED00003774,CARTAO_DEBITO,97.38,2025-10-18T18:27:22,APROVADO
PAG00003775,PED00003775,CARTAO_CREDITO,65.67,2025-10-18T21:07:45,APROVADO
PAG00003776,PED00003776,PIX,105.09,2025-10-18T20:54:35,APROVADO
PAG00003777,PED00003777,CARTAO_CREDITO,83.25,2025-10-18T22:52:49,PENDENTE
PAG00003778,PED00003778,CARTAO_CREDITO,71.65,2025-10-18T10:16:05,APROVADO
PAG00003779,PED00003779,PIX,79.29,2025-10-18T13:08:47,APROVADO
PAG00003780,PED00003780,DINHEIRO,158.13,2025-10-18T16:10:52,APROVADO
PAG00003781,PED00003781,CARTAO_CREDITO,95.05,2025-10-18T17:13:35,APROVADO
PAG00003782,PED00003782,PIX,75.96,2025-10-18T19:00:14,APROVADO
PAG00003783,PED00003783,CARTAO_CREDITO,51.47,2025-10-18T22:06:57,APROVADO
PAG00003784,PED00003784,CARTAO_CREDITO,33.86,2025-10-18T23:07:17,APROVADO
PAG00003785,PED00003785,CARTAO_CREDITO,72.56,2025-10-18T17:34:14,APROVADO
PAG00003786,PED00003786,CARTAO_CREDITO,123.17,2025-10-18T11:04:57,APROVADO
PAG00003787,PED00003787,CARTAO_CREDITO,179.28,2025-10-18T22:38:44,APROVADO
PAG00003788,PED00003788,CARTAO_CREDITO,110.42,2025-10-18T21:24:58,APROVADO
PAG00003789,PED00003789,CARTAO_DEBITO,23.24,2025-10-18T17:17:12,APROVADO
PAG00003791,PED00003791,PIX,22.88,2025-10-18T16:49:31,APROVADO
PAG00003792,PED00003792,PIX,41.87,2025-10-18T16:18:45,APROVADO
PAG00003793,PED00003793,CARTAO_DEBITO,129.02,2025-10-18T22:21:40,APROVADO
PAG00003794,PED00003794,PIX,87.23,2025-10-18T12:52:12,APROVADO
PAG00003795,PED00003795,PIX,55.47,2025-10-18T17:21:57,APROVADO
PAG00003796,PED00003796,CARTAO_DEBITO,85.83,2025-10-18T11:22:29,APROVADO
PAG00003797,PED00003797,PIX,29.82,2025-10-18T12:02:52,APROVADO
PAG00003798,PED00003798,CARTAO_CREDITO,92.87,2025-10-18T16:53:38,APROVADO
PAG00003799,PED00003799,CARTAO_DEBITO,32.84,2025-10-18T17:07:20,APROVADO
PAG00003800,PED00003800,PIX,46.23,2025-10-18T19:47:46,APROVADO
PAG00003801,PED00003801,PIX,52.81,2025-10-18T19:49:56,APROVADO
PAG00003802,PED00003802,PIX,47.72,2025-10-18T13:45:21,APROVADO
PAG00003803,PED00003803,PIX,60.95,2025-10-18T15:57:31,APROVADO
PAG00003804,PED00003804,PIX,37.66,2025-10-18T19:52:08,APROVADO
PAG00003806,PED00003806,CARTAO_DEBITO,105.76,2025-10-18T15:26:09,APROVADO
PAG00003807,PED00003807,PIX,29.76,2025-10-18T11:39:28,APROVADO
PAG00003808,PED00003808,PIX,19.58,2025-10-18T21:40:41,APROVADO
PAG00003809,PED00003809,PIX,22.9,2025-10-18T16:39:30,PENDENTE
PAG00003810,PED00003810,CARTAO_DEBITO,18.84,2025-10-18T20:41:17,APROVADO
PAG00003811,PED00003811,PIX,81.39,2025-10-18T14:52:45,APROVADO
PAG00003812,PED00003812,PIX,43.26,2025-10-18T23:23:59,APROVADO
PAG00003813,PED00003813,PIX,34.72,2025-10-18T13:55:16,APROVADO
PAG00003814,PED00003814,PIX,62.28,2025-10-18T15:28:16,APROVADO
PAG00003815,PED00003815,CARTAO_CREDITO,15.5,2025-10-18T15:58:15,APROVADO
PAG00003816,PED00003816,CARTAO_CREDITO,37.0,2025-10-18T19:20:15,APROVADO
PAG00003817,PED00003817,CARTAO_CREDITO,31.39,2025-10-18T16:18:58,APROVADO
PAG00003818,PED00003818,CARTAO_DEBITO,39.24,2025-10-18T13:43:02,APROVADO
PAG00003819,PED00003819,PIX,66.62,2025-10-18T23:01:09,APROVADO
PAG00003820,PED00003820,PIX,165.19,2025-10-18T13:25:49,APROVADO
PAG00003821,PED00003821,CARTAO_DEBITO,113.95,2025-10-18T16:09:04,APROVADO
PAG00003822,PED00003822,CARTAO_DEBITO,108.77,2025-10-18T21:53:26,APROVADO
PAG00003823,PED00003823,PIX,22.99,2025-10-18T12:40:33,APROVADO
PAG00003824,PED00003824,PIX,21.41,2025-10-18T11:41:55,APROVADO
PAG00003825,PED00003825,CARTAO_CREDITO,39.66,2025-10-18T18:25:26,APROVADO
PAG00003826,PED00003826,CARTAO_DEBITO,52.19,2025-10-18T12:50:33,APROVADO
PAG00003827,PED00003827,CARTAO_CREDITO,90.75,2025-10-18T11:48:02,APROVADO
PAG00003828,PED00003828,PIX,75.6,2025-10-18T23:39:08,APROVADO
PAG00003829,PED00003829,CARTAO_CREDITO,14.73,2025-10-18T12:15:51,PENDENTE
PAG00003830,PED00003830,CARTAO_CREDITO,274.0,2025-10-18T15:14:58,APROVADO
PAG00003831,PED00003831,CARTAO_CREDITO,16.61,2025-10-18T23:09:16,APROVADO
PAG00003833,PED00003833,PIX,59.62,2025-10-18T20:36:58,APROVADO
PAG00003834,PED00003834,PIX,111.83,2025-10-18T17:12:04,PENDENTE
PAG00003835,PED00003835,PIX,56.52,2025-10-18T20:56:18,APROVADO
PAG00003836,PED00003836,PIX,80.52,2025-10-18T20:41:38,APROVADO
PAG00003837,PED00003837,PIX,55.47,2025-10-18T17:31:38,APROVADO
PAG00003838,PED00003838,PIX,25.64,2025-10-18T22:41:27,APROVADO
PAG00003839,PED00003839,CARTAO_CREDITO,179.52,2025-10-18T19:33:39,APROVADO
PAG00003840,PED00003840,CARTAO_DEBITO,46.3,2025-10-18T20:06:13,APROVADO
PAG00003841,PED00003841,CARTAO_DEBITO,67.1,2025-10-18T13:16:57,APROVADO
PAG00003843,PED00003843,CARTAO_CREDITO,129.97,2025-10-18T16:04:49,APROVADO
PAG00003844,PED00003844,PIX,13.69,2025-10-18T18:43:25,APROVADO
PAG00003845,PED00003845,PIX,70.01,2025-10-18T15:14:23,APROVADO
PAG00003846,PED00003846,CARTAO_CREDITO,168.03,2025-10-18T12:35:25,APROVADO
PAG00003847,PED00003847,CARTAO_CREDITO,85.31,2025-10-18T19:59:04,APROVADO
PAG00003848,PED00003848,CARTAO_DEBITO,140.95,2025-10-18T10:34:10,APROVADO
PAG00003849,PED00003849,PIX,216.88,2025-10-18T23:58:14,APROVADO
PAG00003850,PED00003850,PIX,87.48,2025-10-18T21:42:59,APROVADO
PAG00003851,PED00003851,PIX,52.8,2025-10-18T12:24:23,APROVADO
PAG00003852,PED00003852,CARTAO_DEBITO,148.65,2025-10-18T14:24:27,APROVADO
PAG00003853,PED00003853,PIX,56.91,2025-10-18T10:38:05,APROVADO
PAG00003854,PED00003854,PIX,53.19,2025-10-18T15:35:26,APROVADO
PAG00003855,PED00003855,CARTAO_CREDITO,46.03,2025-10-18T23:10:33,APROVADO
PAG00003857,PED00003857,CARTAO_CREDITO,62.31,2025-10-19T00:02:29,APROVADO
PAG00003858,PED00003858,CARTAO_DEBITO,126.0,2025-10-18T10:28:08,PENDENTE
PAG00003859,PED00003859,PIX,86.29,2025-10-18T16:31:44,APROVADO
PAG00003860,PED00003860,CARTAO_CREDITO,163.73,2025-10-18T11:14:08,APROVADO
PAG00003861,PED00003861,PIX,157.58,2025-10-18T18:29:55,APROVADO
PAG00003862,PED00003862,CARTAO_CREDITO,25.57,2025-10-18T19:56:09,APROVADO
PAG00003863,PED00003863,PIX,82.68,2025-10-18T11:31:33,APROVADO
PAG00003865,PED00003865,PIX,26.88,2025-10-18T23:09:09,APROVADO
PAG00003866,PED00003866,PIX,110.38,2025-10-18T22:07:01,APROVADO
PAG00003867,PED00003867,CARTAO_DEBITO,52.14,2025-10-18T18:40:05,APROVADO
PAG00003868,PED00003868,DINHEIRO,48.86,2025-10-18T12:11:25,APROVADO
PAG00003869,PED00003869,DINHEIRO,61.0,2025-10-18T21:04:58,APROVADO
PAG00003870,PED00003870,CARTAO_CREDITO,44.79,2025-10-18T21:47:29,APROVADO
PAG00003871,PED00003871,CARTAO_CREDITO,95.14,2025-10-18T11:51:29,APROVADO
PAG00003872,PED00003872,CARTAO_DEBITO,117.8,2025-10-18T23:11:20,APROVADO
PAG00003873,PED00003873,CARTAO_CREDITO,77.83,2025-10-18T13:01:20,APROVADO
PAG00003874,PED00003874,PIX,66.45,2025-10-18T18:28:48,APROVADO
PAG00003875,PED00003875,CARTAO_DEBITO,35.66,2025-10-18T23:38:47,APROVADO
PAG00003876,PED00003876,CARTAO_CREDITO,51.28,2025-10-18T20:09:09,APROVADO
PAG00003877,PED00003877,PIX,172.34,2025-10-18T20:29:35,APROVADO
PAG00003878,PED00003878,PIX,47.67,2025-10-18T10:41:13,APROVADO
PAG00003880,PED00003880,CARTAO_DEBITO,57.17,2025-10-18T21:26:21,APROVADO
PAG00003881,PED00003881,CARTAO_DEBITO,21.95,2025-10-18T23:08:35,APROVADO
PAG00003882,PED00003882,CARTAO_CREDITO,32.51,2025-10-18T20:43:09,APROVADO
PAG00003883,PED00003883,CARTAO_DEBITO,49.95,2025-10-18T21:17:05,APROVADO
PAG00003884,PED00003884,CARTAO_DEBITO,143.34,2025-10-18T21:11:14,APROVADO
PAG00003885,PED00003885,PIX,70.65,2025-10-18T12:11:39,APROVADO
PAG00003886,PED00003886,PIX,521.9,2025-10-18T18:55:07,APROVADO
PAG00003887,PED00003887,PIX,81.8,2025-10-18T21:27:15,APROVADO
PAG00003888,PED00003888,CARTAO_CREDITO,182.16,2025-10-18T22:34:18,APROVADO
PAG00003889,PED00003889,CARTAO_DEBITO,86.27,2025-10-19T16:28:01,APROVADO
PAG00003890,PED00003890,PIX,114.2,2025-10-19T16:31:34,APROVADO
PAG00003891,PED00003891,PIX,88.13,2025-10-19T14:28:26,APROVADO
PAG00003892,PED00003892,CARTAO_CREDITO,112.93,2025-10-19T11:12:56,APROVADO
PAG00003893,PED00003893,CARTAO_CREDITO,23.81,2025-10-19T20:26:32,APROVADO
PAG00003894,PED00003894,CARTAO_CREDITO,35.27,2025-10-19T18:07:38,APROVADO
PAG00003896,PED00003896,CARTAO_DEBITO,106.81,2025-10-19T15:25:43,APROVADO
PAG00003897,PED00003897,PIX,70.25,2025-10-19T22:33:23,APROVADO
PAG00003898,PED00003898,CARTAO_CREDITO,101.0,2025-10-19T10:12:39,APROVADO
PAG00003899,PED00003899,PIX,19.67,2025-10-19T10:27:11,APROVADO
PAG00003900,PED00003900,CARTAO_DEBITO,36.24,2025-10-19T21:21:41,APROVADO
PAG00003901,PED00003901,PIX,108.1,2025-10-19T20:31:04,APROVADO
PAG00003902,PED00003902,CARTAO_CREDITO,83.42,2025-10-19T18:57:32,APROVADO
PAG00003903,PED00003903,PIX,92.38,2025-10-19T22:30:31,APROVADO
PAG00003904,PED00003904,PIX,96.27,2025-10-19T15:07:05,APROVADO
PAG00003905,PED00003905,CARTAO_DEBITO,139.87,2025-10-19T12:24:10,APROVADO
PAG00003906,PED00003906,PIX,134.63,2025-10-19T18:43:01,APROVADO
PAG00003907,PED00003907,PIX,131.59,2025-10-19T16:41:31,APROVADO
PAG00003908,PED00003908,PIX,158.3,2025-10-19T21:43:29,PENDENTE
PAG00003909,PED00003909,PIX,92.26,2025-10-19T17:24:37,APROVADO
PAG00003910,PED00003910,CARTAO_CREDITO,100.65,2025-10-19T17:51:52,APROVADO
PAG00003911,PED00003911,CARTAO_DEBITO,100.34,2025-10-19T20:36:17,PENDENTE
PAG00003912,PED00003912,PIX,86.48,2025-10-19T15:31:49,APROVADO
PAG00003913,PED00003913,CARTAO_DEBITO,131.46,2025-10-19T12:18:18,APROVADO
PAG00003914,PED00003914,PIX,30.27,2025-10-19T18:19:37,APROVADO
PAG00003915,PED00003915,PIX,17.06,2025-10-19T21:53:35,APROVADO
PAG00003916,PED00003916,PIX,102.36,2025-10-19T10:37:47,APROVADO
PAG00003917,PED00003917,CARTAO_CREDITO,35.17,2025-10-19T20:48:44,APROVADO
PAG00003918,PED00003918,CARTAO_CREDITO,17.41,2025-10-19T18:22:55,APROVADO
PAG00003919,PED00003919,PIX,104.89,2025-10-19T10:50:18,APROVADO
PAG00003920,PED00003920,CARTAO_DEBITO,58.47,2025-10-19T23:24:09,APROVADO
PAG00003921,PED00003921,PIX,76.58,2025-10-19T22:38:59,APROVADO
PAG00003922,PED00003922,CARTAO_CREDITO,22.24,2025-10-19T23:37:08,APROVADO
PAG00003923,PED00003923,CARTAO_CREDITO,300.75,2025-10-19T16:19:21,APROVADO
PAG00003924,PED00003924,PIX,112.19,2025-10-19T20:25:31,APROVADO
PAG00003925,PED00003925,PIX,94.47,2025-10-19T11:24:00,APROVADO
PAG00003926,PED00003926,CARTAO_CREDITO,74.36,2025-10-19T18:38:23,APROVADO
PAG00003927,PED00003927,PIX,49.83,2025-10-19T22:39:52,APROVADO
PAG00003928,PED00003928,CARTAO_CREDITO,17.96,2025-10-19T21:48:19,APROVADO
PAG00003929,PED00003929,PIX,19.32,2025-10-19T11:15:59,APROVADO
PAG00003930,PED00003930,PIX,70.04,2025-10-19T10:46:21,APROVADO
PAG00003931,PED00003931,CARTAO_CREDITO,16.04,2025-10-19T15:46:16,APROVADO
PAG00003932,PED00003932,CARTAO_CREDITO,156.56,2025-10-19T23:36:25,APROVADO
PAG00003933,PED00003933,CARTAO_DEBITO,23.53,2025-10-19T21:38:44,APROVADO
PAG00003934,PED00003934,CARTAO_DEBITO,49.01,2025-10-19T13:09:25,APROVADO
PAG00003935,PED00003935,PIX,81.21,2025-10-19T20:42:02,APROVADO
PAG00003936,PED00003936,DINHEIRO,26.93,2025-10-19T18:44:57,APROVADO
PAG00003937,PED00003937,PIX,177.77,2025-10-19T12:12:54,APROVADO
PAG00003938,PED00003938,CARTAO_CREDITO,23.15,2025-10-19T20:29:06,APROVADO
PAG00003939,PED00003939,DINHEIRO,84.15,2025-10-19T16:58:36,APROVADO
PAG00003940,PED00003940,PIX,253.64,2025-10-19T21:38:05,APROVADO
PAG00003941,PED00003941,CARTAO_CREDITO,36.84,2025-10-19T16:26:09,APROVADO
PAG00003942,PED00003942,CARTAO_CREDITO,98.74,2025-10-19T20:00:12,APROVADO
PAG00003943,PED00003943,CARTAO_DEBITO,77.44,2025-10-19T22:26:13,APROVADO
PAG00003944,PED00003944,CARTAO_CREDITO,138.17,2025-10-19T22:49:43,APROVADO
PAG00003945,PED00003945,CARTAO_DEBITO,283.85,2025-10-19T19:52:39,APROVADO
PAG00003946,PED00003946,DINHEIRO,51.56,2025-10-19T13:57:19,APROVADO
PAG00003947,PED00003947,CARTAO_DEBITO,51.06,2025-10-19T13:29:36,APROVADO
PAG00003949,PED00003949,PIX,37.36,2025-10-19T16:20:52,APROVADO
PAG00003950,PED00003950,CARTAO_CREDITO,86.17,2025-10-19T21:29:07,APROVADO
PAG00003951,PED00003951,PIX,83.69,2025-10-19T16:03:25,APROVADO
PAG00003952,PED00003952,CARTAO_CREDITO,153.62,2025-10-19T10:36:47,APROVADO
PAG00003954,PED00003954,PIX,46.77,2025-10-19T20:51:00,APROVADO
PAG00003955,PED00003955,PIX,223.87,2025-10-19T18:44:18,APROVADO
PAG00003956,PED00003956,CARTAO_DEBITO,82.83,2025-10-19T18:39:31,APROVADO
PAG00003957,PED00003957,CARTAO_CREDITO,14.41,2025-10-19T18:05:22,APROVADO
PAG00003958,PED00003958,PIX,54.12,2025-10-19T17:48:31,APROVADO
PAG00003959,PED00003959,PIX,46.63,2025-10-19T16:21:07,APROVADO
PAG00003960,PED00003960,PIX,59.88,2025-10-19T21:49:16,APROVADO
PAG00003961,PED00003961,CARTAO_CREDITO,171.0,2025-10-19T15:00:21,APROVADO
PAG00003962,PED00003962,CARTAO_CREDITO,156.96,2025-10-19T14:24:36,APROVADO
PAG00003963,PED00003963,CARTAO_DEBITO,151.2,2025-10-19T16:36:00,APROVADO
PAG00003964,PED00003964,PIX,75.1,2025-10-19T20:57:01,APROVADO
PAG00003965,PED00003965,PIX,42.58,2025-10-19T14:00:27,APROVADO
PAG00003966,PED00003966,CARTAO_DEBITO,32.91,2025-10-19T14:10:14,APROVADO
PAG00003967,PED00003967,DINHEIRO,55.65,2025-10-19T20:32:33,APROVADO
PAG00003968,PED00003968,DINHEIRO,46.04,2025-10-19T17:36:54,APROVADO
PAG00003969,PED00003969,CARTAO_CREDITO,82.05,2025-10-19T23:22:03,APROVADO
PAG00003970,PED00003970,PIX,119.93,2025-10-19T13:26:12,APROVADO
PAG00003971,PED00003971,CARTAO_CREDITO,174.25,2025-10-19T23:11:41,APROVADO
PAG00003972,PED00003972,PIX,24.52,2025-10-19T11:05:16,APROVADO
PAG00003973,PED00003973,CARTAO_DEBITO,20.71,2025-10-19T20:03:44,APROVADO
PAG00003974,PED00003974,PIX,177.02,2025-10-19T13:22:15,APROVADO
PAG00003975,PED00003975,CARTAO_CREDITO,38.33,2025-10-19T22:12:34,APROVADO
PAG00003976,PED00003976,PIX,100.51,2025-10-19T10:31:33,APROVADO
PAG00003979,PED00003979,CARTAO_DEBITO,48.47,2025-10-20T16:24:17,APROVADO
PAG00003980,PED00003980,CARTAO_CREDITO,251.59,2025-10-20T21:12:30,APROVADO
PAG00003981,PED00003981,CARTAO_CREDITO,34.89,2025-10-20T15:13:51,APROVADO
PAG00003982,PED00003982,CARTAO_DEBITO,35.61,2025-10-20T17:10:38,APROVADO
PAG00003983,PED00003983,PIX,224.02,2025-10-20T13:50:02,APROVADO
PAG00003984,PED00003984,CARTAO_DEBITO,38.95,2025-10-20T17:39:06,APROVADO
PAG00003985,PED00003985,CARTAO_CREDITO,66.68,2025-10-20T22:08:21,APROVADO
PAG00003986,PED00003986,CARTAO_CREDITO,89.25,2025-10-20T13:31:33,APROVADO
PAG00003987,PED00003987,PIX,94.41,2025-10-20T23:09:42,APROVADO
PAG00003988,PED00003988,CARTAO_CREDITO,40.31,2025-10-20T18:37:01,APROVADO
PAG00003989,PED00003989,PIX,212.96,2025-10-20T13:59:39,PENDENTE
PAG00003990,PED00003990,CARTAO_CREDITO,28.13,2025-10-20T19:46:39,APROVADO
PAG00003991,PED00003991,PIX,18.41,2025-10-20T19:28:23,APROVADO
PAG00003992,PED00003992,PIX,45.97,2025-10-20T14:34:16,APROVADO
PAG00003994,PED00003994,CARTAO_CREDITO,179.83,2025-10-20T15:39:08,PENDENTE
PAG00003995,PED00003995,PIX,123.24,2025-10-20T17:50:38,APROVADO
PAG00003996,PED00003996,PIX,32.34,2025-10-20T22:41:12,APROVADO
PAG00003997,PED00003997,CARTAO_CREDITO,133.55,2025-10-20T15:31:46,APROVADO
PAG00003998,PED00003998,CARTAO_DEBITO,72.5,2025-10-20T22:25:38,APROVADO
PAG00003999,PED00003999,CARTAO_CREDITO,18.4,2025-10-20T14:37:02,APROVADO
PAG00004001,PED00004001,CARTAO_DEBITO,194.68,2025-10-20T10:52:10,APROVADO
PAG00004002,PED00004002,PIX,43.25,2025-10-20T23:32:15,APROVADO
PAG00004003,PED00004003,CARTAO_DEBITO,84.73,2025-10-20T19:31:02,APROVADO
PAG00004004,PED00004004,CARTAO_CREDITO,40.12,2025-10-20T18:59:55,APROVADO
PAG00004005,PED00004005,CARTAO_CREDITO,89.7,2025-10-20T11:57:22,APROVADO
PAG00004006,PED00004006,CARTAO_CREDITO,52.66,2025-10-20T14:56:54,APROVADO
PAG00004007,PED00004007,PIX,74.07,2025-10-20T11:23:33,APROVADO
PAG00004008,PED00004008,CARTAO_DEBITO,28.8,2025-10-20T15:35:33,APROVADO
PAG00004009,PED00004009,CARTAO_DEBITO,25.49,2025-10-20T14:26:53,APROVADO
PAG00004010,PED00004010,CARTAO_CREDITO,36.38,2025-10-20T10:04:59,APROVADO
PAG00004011,PED00004011,PIX,75.09,2025-10-20T18:05:12,APROVADO
PAG00004012,PED00004012,CARTAO_CREDITO,60.48,2025-10-20T18:55:47,APROVADO
PAG00004013,PED00004013,CARTAO_CREDITO,144.05,2025-10-20T10:19:25,APROVADO
PAG00004014,PED00004014,DINHEIRO,32.7,2025-10-20T14:06:03,APROVADO
PAG00004015,PED00004015,PIX,59.75,2025-10-20T12:38:26,APROVADO
PAG00004017,PED00004017,CARTAO_CREDITO,25.37,2025-10-20T10:46:21,APROVADO
PAG00004018,PED00004018,PIX,137.8,2025-10-20T18:02:57,APROVADO
PAG00004019,PED00004019,PIX,51.9,2025-10-20T10:47:53,APROVADO
PAG00004021,PED00004021,CARTAO_CREDITO,32.82,2025-10-20T11:30:29,APROVADO
PAG00004022,PED00004022,CARTAO_DEBITO,26.62,2025-10-20T20:44:02,APROVADO
PAG00004023,PED00004023,CARTAO_CREDITO,148.05,2025-10-20T10:08:00,APROVADO
PAG00004024,PED00004024,CARTAO_DEBITO,97.54,2025-10-20T14:41:30,APROVADO
PAG00004025,PED00004025,CARTAO_DEBITO,49.66,2025-10-21T21:09:02,APROVADO
PAG00004026,PED00004026,CARTAO_DEBITO,13.54,2025-10-21T21:27:22,APROVADO
PAG00004027,PED00004027,PIX,68.87,2025-10-21T10:39:59,APROVADO
PAG00004028,PED00004028,CARTAO_CREDITO,34.25,2025-10-21T11:20:59,APROVADO
PAG00004029,PED00004029,CARTAO_CREDITO,99.54,2025-10-21T11:52:53,APROVADO
PAG00004030,PED00004030,CARTAO_DEBITO,32.44,2025-10-21T23:11:44,APROVADO
PAG00004031,PED00004031,CARTAO_DEBITO,58.94,2025-10-21T18:43:26,APROVADO
PAG00004032,PED00004032,CARTAO_DEBITO,83.33,2025-10-22T00:00:13,APROVADO
PAG00004034,PED00004034,PIX,58.8,2025-10-21T21:31:41,PENDENTE
PAG00004035,PED00004035,PIX,89.01,2025-10-21T12:33:04,APROVADO
PAG00004036,PED00004036,CARTAO_CREDITO,44.09,2025-10-21T19:55:25,APROVADO
PAG00004037,PED00004037,CARTAO_CREDITO,103.41,2025-10-21T10:04:44,APROVADO
PAG00004038,PED00004038,CARTAO_CREDITO,192.73,2025-10-21T17:43:57,APROVADO
PAG00004039,PED00004039,CARTAO_DEBITO,110.23,2025-10-21T19:47:48,APROVADO
PAG00004040,PED00004040,PIX,46.82,2025-10-21T23:34:49,APROVADO
PAG00004041,PED00004041,PIX,75.77,2025-10-21T12:15:45,APROVADO
PAG00004042,PED00004042,DINHEIRO,22.54,2025-10-22T00:00:03,PENDENTE
PAG00004043,PED00004043,PIX,68.81,2025-10-21T23:32:33,APROVADO
PAG00004044,PED00004044,CARTAO_CREDITO,191.15,2025-10-21T10:12:01,PENDENTE
PAG00004045,PED00004045,PIX,31.45,2025-10-21T17:01:35,APROVADO
PAG00004046,PED00004046,CARTAO_CREDITO,20.88,2025-10-21T13:03:51,APROVADO
PAG00004047,PED00004047,PIX,25.03,2025-10-21T11:16:44,APROVADO
PAG00004048,PED00004048,PIX,157.68,2025-10-21T15:33:58,APROVADO
PAG00004049,PED00004049,CARTAO_DEBITO,174.48,2025-10-21T15:39:25,APROVADO
PAG00004050,PED00004050,CARTAO_CREDITO,319.2,2025-10-21T14:11:08,APROVADO
PAG00004051,PED00004051,PIX,56.21,2025-10-21T20:16:52,APROVADO
PAG00004052,PED00004052,PIX,21.94,2025-10-21T21:21:55,APROVADO
PAG00004054,PED00004054,CARTAO_CREDITO,62.25,2025-10-21T11:09:07,APROVADO
PAG00004055,PED00004055,PIX,32.47,2025-10-21T16:29:26,APROVADO
PAG00004056,PED00004056,CARTAO_DEBITO,41.21,2025-10-21T14:45:20,APROVADO
PAG00004057,PED00004057,CARTAO_DEBITO,125.78,2025-10-21T11:21:40,APROVADO
PAG00004058,PED00004058,PIX,78.82,2025-10-21T12:44:00,APROVADO
PAG00004059,PED00004059,PIX,26.8,2025-10-21T14:58:04,APROVADO
PAG00004061,PED00004061,PIX,31.24,2025-10-21T23:54:29,APROVADO
PAG00004062,PED00004062,PIX,286.86,2025-10-21T14:15:18,APROVADO
PAG00004063,PED00004063,PIX,55.26,2025-10-21T19:39:44,APROVADO
PAG00004064,PED00004064,CARTAO_CREDITO,55.47,2025-10-21T11:45:08,APROVADO
PAG00004065,PED00004065,CARTAO_CREDITO,40.33,2025-10-21T21:02:01,APROVADO
PAG00004066,PED00004066,PIX,10.37,2025-10-21T17:17:13,APROVADO
PAG00004067,PED00004067,PIX,128.04,2025-10-21T18:27:23,APROVADO
PAG00004068,PED00004068,PIX,122.93,2025-10-21T14:41:30,APROVADO
PAG00004069,PED00004069,CARTAO_DEBITO,31.56,2025-10-21T17:48:55,APROVADO
PAG00004070,PED00004070,CARTAO_DEBITO,27.09,2025-10-21T15:02:29,APROVADO
PAG00004071,PED00004071,CARTAO_CREDITO,414.69,2025-10-21T13:46:45,APROVADO
PAG00004072,PED00004072,CARTAO_CREDITO,48.45,2025-10-21T13:16:22,APROVADO
PAG00004073,PED00004073,CARTAO_CREDITO,121.09,2025-10-21T21:01:00,APROVADO
PAG00004074,PED00004074,CARTAO_CREDITO,85.84,2025-10-21T23:51:59,APROVADO
PAG00004075,PED00004075,CARTAO_CREDITO,48.33,2025-10-21T23:55:58,APROVADO
PAG00004076,PED00004076,PIX,173.69,2025-10-21T14:14:04,PENDENTE
PAG00004077,PED00004077,PIX,18.97,2025-10-21T15:08:12,PENDENTE
PAG00004078,PED00004078,CARTAO_CREDITO,154.05,2025-10-21T14:26:49,APROVADO
PAG00004079,PED00004079,PIX,50.84,2025-10-21T13:25:14,APROVADO
PAG00004080,PED00004080,PIX,52.88,2025-10-21T17:22:35,APROVADO
PAG00004081,PED00004081,CARTAO_DEBITO,258.59,2025-10-22T20:37:00,PENDENTE
PAG00004083,PED00004083,CARTAO_CREDITO,92.36,2025-10-22T23:13:46,APROVADO
PAG00004085,PED00004085,CARTAO_CREDITO,19.61,2025-10-22T17:00:38,PENDENTE
PAG00004086,PED00004086,CARTAO_CREDITO,77.05,2025-10-22T21:32:10,APROVADO
PAG00004087,PED00004087,PIX,30.17,2025-10-22T10:36:44,APROVADO
PAG00004088,PED00004088,CARTAO_CREDITO,130.95,2025-10-22T11:13:22,PENDENTE
PAG00004089,PED00004089,PIX,149.29,2025-10-22T14:13:11,APROVADO
PAG00004090,PED00004090,CARTAO_DEBITO,113.69,2025-10-22T23:47:31,APROVADO
PAG00004091,PED00004091,CARTAO_DEBITO,181.37,2025-10-22T20:57:30,APROVADO
PAG00004092,PED00004092,CARTAO_CREDITO,84.26,2025-10-22T13:31:17,APROVADO
PAG00004093,PED00004093,DINHEIRO,142.21,2025-10-22T13:19:01,APROVADO
PAG00004094,PED00004094,PIX,160.78,2025-10-22T22:11:16,APROVADO
PAG00004095,PED00004095,CARTAO_CREDITO,18.25,2025-10-22T18:17:39,APROVADO
PAG00004096,PED00004096,CARTAO_CREDITO,79.8,2025-10-22T19:23:41,APROVADO
PAG00004097,PED00004097,CARTAO_CREDITO,102.65,2025-10-22T23:17:54,APROVADO
PAG00004098,PED00004098,CARTAO_DEBITO,155.87,2025-10-22T21:52:19,APROVADO
PAG00004099,PED00004099,CARTAO_CREDITO,61.01,2025-10-22T10:22:08,APROVADO
PAG00004100,PED00004100,DINHEIRO,61.62,2025-10-22T20:12:31,APROVADO
PAG00004101,PED00004101,CARTAO_CREDITO,75.23,2025-10-22T19:36:54,APROVADO
PAG00004102,PED00004102,PIX,83.13,2025-10-22T21:37:57,APROVADO
PAG00004103,PED00004103,PIX,129.95,2025-10-22T16:41:09,APROVADO
PAG00004104,PED00004104,CARTAO_DEBITO,28.31,2025-10-22T15:53:12,APROVADO
PAG00004105,PED00004105,CARTAO_CREDITO,47.89,2025-10-22T21:05:16,APROVADO
PAG00004106,PED00004106,CARTAO_DEBITO,46.77,2025-10-22T23:32:43,APROVADO
PAG00004107,PED00004107,CARTAO_CREDITO,55.39,2025-10-22T11:04:27,APROVADO
PAG00004108,PED00004108,CARTAO_CREDITO,24.78,2025-10-22T16:25:13,APROVADO
PAG00004109,PED00004109,CARTAO_CREDITO,51.82,2025-10-22T11:51:16,APROVADO
PAG00004111,PED00004111,DINHEIRO,16.28,2025-10-22T13:37:04,APROVADO
PAG00004112,PED00004112,CARTAO_CREDITO,159.38,2025-10-22T16:09:44,APROVADO
PAG00004113,PED00004113,CARTAO_CREDITO,37.9,2025-10-22T20:28:40,APROVADO
PAG00004114,PED00004114,CARTAO_CREDITO,51.76,2025-10-22T16:08:15,APROVADO
PAG00004115,PED00004115,CARTAO_CREDITO,34.35,2025-10-22T15:59:30,APROVADO
PAG00004116,PED00004116,CARTAO_DEBITO,28.06,2025-10-22T10:18:39,APROVADO
PAG00004117,PED00004117,PIX,67.7,2025-10-22T23:17:18,APROVADO
PAG00004118,PED00004118,PIX,113.41,2025-10-22T22:40:33,APROVADO
PAG00004119,PED00004119,PIX,341.57,2025-10-22T22:04:49,APROVADO
PAG00004120,PED00004120,CARTAO_CREDITO,52.48,2025-10-22T18:52:17,PENDENTE
PAG00004121,PED00004121,PIX,189.96,2025-10-22T22:50:01,APROVADO
PAG00004122,PED00004122,CARTAO_CREDITO,35.6,2025-10-22T12:20:27,APROVADO
PAG00004123,PED00004123,PIX,32.17,2025-10-22T11:53:26,APROVADO
PAG00004124,PED00004124,PIX,288.36,2025-10-22T18:12:48,APROVADO
PAG00004125,PED00004125,CARTAO_CREDITO,8.96,2025-10-22T19:14:33,APROVADO
PAG00004126,PED00004126,PIX,36.9,2025-10-22T19:21:38,APROVADO
PAG00004127,PED00004127,CARTAO_CREDITO,52.67,2025-10-22T15:58:37,APROVADO
PAG00004128,PED00004128,CARTAO_CREDITO,144.37,2025-10-22T21:46:34,APROVADO
PAG00004129,PED00004129,CARTAO_CREDITO,74.71,2025-10-22T19:25:59,APROVADO
PAG00004130,PED00004130,PIX,25.66,2025-10-22T21:38:10,APROVADO
PAG00004131,PED00004131,CARTAO_DEBITO,124.61,2025-10-22T19:19:50,APROVADO
PAG00004132,PED00004132,CARTAO_CREDITO,20.21,2025-10-22T22:45:52,APROVADO
PAG00004134,PED00004134,CARTAO_CREDITO,257.68,2025-10-22T17:16:59,APROVADO
PAG00004135,PED00004135,PIX,100.59,2025-10-22T11:35:23,APROVADO
PAG00004136,PED00004136,CARTAO_CREDITO,75.31,2025-10-22T22:53:17,APROVADO
PAG00004137,PED00004137,CARTAO_DEBITO,25.94,2025-10-22T16:55:36,APROVADO
PAG00004139,PED00004139,CARTAO_CREDITO,186.93,2025-10-22T19:06:37,APROVADO
PAG00004140,PED00004140,DINHEIRO,59.99,2025-10-22T12:53:51,APROVADO
PAG00004141,PED00004141,CARTAO_CREDITO,36.83,2025-10-22T23:39:30,APROVADO
PAG00004143,PED00004143,CARTAO_DEBITO,98.25,2025-10-22T20:23:48,APROVADO
PAG00004144,PED00004144,PIX,304.71,2025-10-22T17:57:42,APROVADO
PAG00004145,PED00004145,DINHEIRO,143.34,2025-10-23T16:12:06,APROVADO
PAG00004146,PED00004146,CARTAO_DEBITO,103.6,2025-10-23T19:50:14,APROVADO
PAG00004147,PED00004147,PIX,94.65,2025-10-23T14:06:12,APROVADO
PAG00004148,PED00004148,PIX,86.46,2025-10-23T23:38:30,APROVADO
PAG00004149,PED00004149,PIX,78.74,2025-10-23T17:08:56,PENDENTE
PAG00004150,PED00004150,CARTAO_DEBITO,92.41,2025-10-23T18:17:41,APROVADO
PAG00004151,PED00004151,PIX,91.92,2025-10-23T11:52:29,APROVADO
PAG00004152,PED00004152,CARTAO_CREDITO,195.58,2025-10-23T22:04:41,APROVADO
PAG00004153,PED00004153,CARTAO_CREDITO,48.37,2025-10-23T18:34:49,APROVADO
PAG00004154,PED00004154,PIX,44.19,2025-10-23T16:33:57,APROVADO
PAG00004155,PED00004155,PIX,105.56,2025-10-23T20:54:11,APROVADO
PAG00004156,PED00004156,CARTAO_DEBITO,105.84,2025-10-23T10:39:51,APROVADO
PAG00004158,PED00004158,CARTAO_CREDITO,43.55,2025-10-23T23:04:10,APROVADO
PAG00004159,PED00004159,CARTAO_CREDITO,21.35,2025-10-23T23:14:09,APROVADO
PAG00004160,PED00004160,PIX,46.4,2025-10-23T19:38:25,PENDENTE
PAG00004161,PED00004161,DINHEIRO,30.17,2025-10-23T20:47:14,APROVADO
PAG00004162,PED00004162,DINHEIRO,61.42,2025-10-23T20:50:02,APROVADO
PAG00004163,PED00004163,PIX,106.77,2025-10-23T12:34:27,APROVADO
PAG00004164,PED00004164,CARTAO_CREDITO,151.5,2025-10-23T13:32:38,APROVADO
PAG00004165,PED00004165,CARTAO_CREDITO,29.3,2025-10-23T18:52:54,PENDENTE
PAG00004166,PED00004166,PIX,56.24,2025-10-23T21:43:14,APROVADO
PAG00004167,PED00004167,CARTAO_CREDITO,26.66,2025-10-23T11:50:15,APROVADO
PAG00004168,PED00004168,CARTAO_CREDITO,27.09,2025-10-23T16:53:43,APROVADO
PAG00004169,PED00004169,PIX,44.91,2025-10-23T11:24:24,APROVADO
PAG00004170,PED00004170,PIX,53.75,2025-10-23T17:26:20,APROVADO
PAG00004171,PED00004171,PIX,75.98,2025-10-23T17:05:22,APROVADO
PAG00004172,PED00004172,DINHEIRO,94.69,2025-10-23T10:45:55,APROVADO
PAG00004173,PED00004173,CARTAO_DEBITO,277.7,2025-10-23T20:57:03,APROVADO
PAG00004174,PED00004174,CARTAO_CREDITO,82.91,2025-10-23T18:20:23,APROVADO
PAG00004175,PED00004175,CARTAO_CREDITO,54.02,2025-10-23T21:06:35,APROVADO
PAG00004176,PED00004176,CARTAO_CREDITO,178.82,2025-10-23T15:54:42,APROVADO
PAG00004177,PED00004177,PIX,55.04,2025-10-23T22:03:11,APROVADO
PAG00004178,PED00004178,CARTAO_CREDITO,19.5,2025-10-23T16:34:05,APROVADO
PAG00004179,PED00004179,PIX,130.18,2025-10-23T22:40:17,APROVADO
PAG00004181,PED00004181,PIX,46.01,2025-10-23T16:32:07,APROVADO
PAG00004182,PED00004182,CARTAO_CREDITO,113.12,2025-10-23T19:02:03,APROVADO
PAG00004183,PED00004183,DINHEIRO,39.03,2025-10-23T11:10:37,APROVADO
PAG00004184,PED00004184,PIX,101.06,2025-10-23T15:28:34,APROVADO
PAG00004185,PED00004185,CARTAO_CREDITO,76.03,2025-10-23T12:01:21,APROVADO
PAG00004186,PED00004186,CARTAO_CREDITO,117.08,2025-10-23T18:37:14,APROVADO
PAG00004187,PED00004187,PIX,10.47,2025-10-23T17:14:16,APROVADO
PAG00004188,PED00004188,PIX,70.32,2025-10-23T18:05:49,APROVADO
PAG00004189,PED00004189,CARTAO_DEBITO,16.17,2025-10-23T15:59:38,APROVADO
PAG00004190,PED00004190,PIX,120.84,2025-10-23T19:48:03,APROVADO
PAG00004193,PED00004193,PIX,240.79,2025-10-23T20:28:24,APROVADO
PAG00004194,PED00004194,CARTAO_CREDITO,93.42,2025-10-23T19:21:42,APROVADO
PAG00004195,PED00004195,PIX,75.21,2025-10-23T10:59:40,APROVADO
PAG00004196,PED00004196,CARTAO_CREDITO,68.25,2025-10-23T18:07:09,APROVADO
PAG00004197,PED00004197,CARTAO_CREDITO,134.36,2025-10-23T15:28:27,APROVADO
PAG00004198,PED00004198,PIX,156.34,2025-10-23T20:09:14,APROVADO
PAG00004199,PED00004199,CARTAO_CREDITO,61.9,2025-10-23T13:30:25,APROVADO
PAG00004200,PED00004200,CARTAO_CREDITO,95.76,2025-10-23T11:05:47,APROVADO
PAG00004201,PED00004201,CARTAO_CREDITO,53.58,2025-10-23T10:53:28,APROVADO
PAG00004202,PED00004202,PIX,47.68,2025-10-23T13:10:48,APROVADO
PAG00004203,PED00004203,CARTAO_DEBITO,45.32,2025-10-23T12:54:37,APROVADO
PAG00004204,PED00004204,CARTAO_CREDITO,50.72,2025-10-23T19:47:12,APROVADO
PAG00004205,PED00004205,CARTAO_CREDITO,55.13,2025-10-23T18:56:41,APROVADO
PAG00004206,PED00004206,PIX,23.49,2025-10-23T12:28:38,APROVADO
PAG00004207,PED00004207,PIX,41.5,2025-10-23T12:31:24,APROVADO
PAG00004208,PED00004208,PIX,57.02,2025-10-23T14:09:01,APROVADO
PAG00004209,PED00004209,CARTAO_CREDITO,71.28,2025-10-23T21:12:17,APROVADO
PAG00004210,PED00004210,DINHEIRO,183.74,2025-10-23T18:51:47,APROVADO
PAG00004211,PED00004211,CARTAO_DEBITO,68.78,2025-10-23T10:07:37,APROVADO
PAG00004212,PED00004212,CARTAO_CREDITO,42.39,2025-10-23T13:25:03,APROVADO
PAG00004213,PED00004213,PIX,23.97,2025-10-23T12:45:49,APROVADO
PAG00004214,PED00004214,CARTAO_CREDITO,276.67,2025-10-23T16:17:56,APROVADO
PAG00004215,PED00004215,PIX,60.11,2025-10-23T14:00:58,APROVADO
PAG00004216,PED00004216,PIX,105.56,2025-10-23T22:41:27,APROVADO
PAG00004217,PED00004217,PIX,83.53,2025-10-24T22:52:02,APROVADO
PAG00004218,PED00004218,CARTAO_DEBITO,110.94,2025-10-24T14:53:22,APROVADO
PAG00004219,PED00004219,PIX,110.08,2025-10-24T16:34:10,APROVADO
PAG00004220,PED00004220,PIX,236.17,2025-10-24T14:38:11,APROVADO
PAG00004221,PED00004221,PIX,97.71,2025-10-24T17:11:30,APROVADO
PAG00004222,PED00004222,CARTAO_CREDITO,60.76,2025-10-24T11:15:01,APROVADO
PAG00004224,PED00004224,CARTAO_DEBITO,48.21,2025-10-24T20:17:41,APROVADO
PAG00004225,PED00004225,CARTAO_CREDITO,25.32,2025-10-24T21:32:14,APROVADO
PAG00004226,PED00004226,PIX,19.38,2025-10-24T18:24:00,APROVADO
PAG00004228,PED00004228,DINHEIRO,43.98,2025-10-24T23:40:11,PENDENTE
PAG00004229,PED00004229,DINHEIRO,68.85,2025-10-24T13:46:41,APROVADO
PAG00004230,PED00004230,CARTAO_DEBITO,100.6,2025-10-24T10:51:13,APROVADO
PAG00004231,PED00004231,CARTAO_CREDITO,88.43,2025-10-24T20:34:46,APROVADO
PAG00004232,PED00004232,DINHEIRO,49.47,2025-10-24T13:26:44,APROVADO
PAG00004233,PED00004233,CARTAO_CREDITO,74.09,2025-10-24T18:08:50,APROVADO
PAG00004234,PED00004234,CARTAO_CREDITO,271.68,2025-10-24T22:56:28,APROVADO
PAG00004235,PED00004235,CARTAO_CREDITO,131.74,2025-10-24T17:32:50,APROVADO
PAG00004236,PED00004236,PIX,94.99,2025-10-24T14:45:37,APROVADO
PAG00004237,PED00004237,PIX,79.6,2025-10-24T23:46:42,APROVADO
PAG00004238,PED00004238,CARTAO_CREDITO,77.82,2025-10-24T16:05:59,APROVADO
PAG00004239,PED00004239,PIX,171.77,2025-10-24T12:49:08,APROVADO
PAG00004240,PED00004240,CARTAO_CREDITO,90.36,2025-10-24T10:58:40,APROVADO
PAG00004241,PED00004241,CARTAO_DEBITO,119.79,2025-10-24T18:54:22,APROVADO
PAG00004242,PED00004242,CARTAO_CREDITO,33.98,2025-10-24T18:46:16,APROVADO
PAG00004243,PED00004243,PIX,29.17,2025-10-24T16:16:41,APROVADO
PAG00004244,PED00004244,DINHEIRO,29.04,2025-10-24T16:19:54,APROVADO
PAG00004245,PED00004245,CARTAO_DEBITO,41.66,2025-10-24T12:06:11,APROVADO
PAG00004246,PED00004246,CARTAO_DEBITO,109.26,2025-10-24T10:46:08,APROVADO
PAG00004247,PED00004247,CARTAO_CREDITO,45.79,2025-10-24T17:55:04,APROVADO
PAG00004249,PED00004249,PIX,16.95,2025-10-24T11:46:42,APROVADO
PAG00004250,PED00004250,CARTAO_CREDITO,67.14,2025-10-24T22:14:27,APROVADO
PAG00004251,PED00004251,PIX,29.17,2025-10-24T15:29:25,APROVADO
PAG00004252,PED00004252,PIX,39.49,2025-10-24T14:43:11,APROVADO
PAG00004253,PED00004253,PIX,79.42,2025-10-24T16:07:02,APROVADO
PAG00004254,PED00004254,PIX,41.49,2025-10-24T17:52:50,APROVADO
PAG00004255,PED00004255,CARTAO_CREDITO,175.79,2025-10-24T11:29:48,APROVADO
PAG00004257,PED00004257,CARTAO_CREDITO,99.0,2025-10-24T20:30:49,APROVADO
PAG00004259,PED00004259,PIX,107.77,2025-10-24T21:16:17,APROVADO
PAG00004260,PED00004260,PIX,112.5,2025-10-24T15:01:03,PENDENTE
PAG00004261,PED00004261,CARTAO_CREDITO,118.37,2025-10-24T20:58:32,APROVADO
PAG00004262,PED00004262,PIX,21.14,2025-10-24T11:35:13,APROVADO
PAG00004263,PED00004263,PIX,28.82,2025-10-24T17:32:54,APROVADO
PAG00004264,PED00004264,CARTAO_CREDITO,86.71,2025-10-24T16:05:55,APROVADO
PAG00004265,PED00004265,CARTAO_CREDITO,61.93,2025-10-24T13:16:09,APROVADO
PAG00004266,PED00004266,PIX,101.33,2025-10-24T18:31:46,APROVADO
PAG00004267,PED00004267,PIX,78.87,2025-10-24T14:52:31,APROVADO
PAG00004269,PED00004269,CARTAO_CREDITO,65.74,2025-10-24T15:59:12,APROVADO
PAG00004270,PED00004270,PIX,69.12,2025-10-24T18:12:39,APROVADO
PAG00004271,PED00004271,PIX,112.06,2025-10-24T15:46:31,APROVADO
PAG00004272,PED00004272,CARTAO_DEBITO,13.12,2025-10-24T10:27:34,APROVADO
PAG00004273,PED00004273,PIX,145.55,2025-10-24T11:38:48,APROVADO
PAG00004275,PED00004275,PIX,144.12,2025-10-24T18:06:33,APROVADO
PAG00004276,PED00004276,CARTAO_CREDITO,127.62,2025-10-24T13:54:35,APROVADO
PAG00004277,PED00004277,PIX,38.11,2025-10-24T15:35:13,APROVADO
PAG00004278,PED00004278,PIX,15.34,2025-10-24T19:38:04,APROVADO
PAG00004279,PED00004279,PIX,101.59,2025-10-24T23:48:17,APROVADO
PAG00004280,PED00004280,PIX,98.79,2025-10-24T23:24:30,APROVADO
PAG00004281,PED00004281,PIX,31.06,2025-10-24T20:48:49,APROVADO
PAG00004283,PED00004283,PIX,87.33,2025-10-24T15:36:55,APROVADO
PAG00004284,PED00004284,DINHEIRO,43.85,2025-10-24T14:19:57,APROVADO
PAG00004285,PED00004285,PIX,32.42,2025-10-24T20:36:43,APROVADO
PAG00004286,PED00004286,PIX,40.83,2025-10-24T20:15:45,APROVADO
PAG00004287,PED00004287,CARTAO_DEBITO,16.0,2025-10-24T10:13:42,APROVADO
PAG00004288,PED00004288,PIX,20.91,2025-10-24T21:36:33,APROVADO
PAG00004291,PED00004291,CARTAO_CREDITO,44.61,2025-10-24T14:15:51,APROVADO
PAG00004292,PED00004292,PIX,81.75,2025-10-24T20:05:17,APROVADO
PAG00004293,PED00004293,CARTAO_DEBITO,91.99,2025-10-24T20:11:35,APROVADO
PAG00004294,PED00004294,PIX,69.95,2025-10-24T12:10:19,APROVADO
PAG00004295,PED00004295,CARTAO_DEBITO,38.01,2025-10-24T11:00:37,APROVADO
PAG00004296,PED00004296,CARTAO_CREDITO,66.68,2025-10-24T12:46:25,APROVADO
PAG00004297,PED00004297,DINHEIRO,89.2,2025-10-24T15:28:47,APROVADO
PAG00004298,PED00004298,PIX,37.08,2025-10-24T23:24:28,APROVADO
PAG00004299,PED00004299,PIX,122.12,2025-10-24T10:44:41,APROVADO
PAG00004300,PED00004300,CARTAO_DEBITO,118.88,2025-10-24T14:12:28,APROVADO
PAG00004301,PED00004301,DINHEIRO,146.38,2025-10-24T17:38:02,APROVADO
PAG00004302,PED00004302,PIX,72.65,2025-10-24T19:06:13,APROVADO
PAG00004303,PED00004303,CARTAO_CREDITO,163.12,2025-10-24T20:13:51,APROVADO
PAG00004304,PED00004304,CARTAO_CREDITO,74.14,2025-10-24T19:23:34,APROVADO
PAG00004305,PED00004305,PIX,14.27,2025-10-24T20:22:50,APROVADO
PAG00004306,PED00004306,PIX,82.51,2025-10-24T14:40:19,APROVADO
PAG00004307,PED00004307,PIX,40.9,2025-10-24T17:23:48,APROVADO
PAG00004308,PED00004308,DINHEIRO,71.91,2025-10-24T16:55:11,APROVADO
PAG00004309,PED00004309,CARTAO_CREDITO,50.82,2025-10-24T16:10:51,APROVADO
PAG00004310,PED00004310,DINHEIRO,30.08,2025-10-24T22:22:24,APROVADO
PAG00004311,PED00004311,PIX,88.51,2025-10-24T19:33:40,APROVADO
PAG00004312,PED00004312,PIX,133.42,2025-10-24T13:23:17,APROVADO
PAG00004313,PED00004313,PIX,50.52,2025-10-24T16:50:32,APROVADO
PAG00004314,PED00004314,PIX,36.24,2025-10-24T15:40:09,APROVADO
PAG00004316,PED00004316,PIX,80.37,2025-10-24T20:57:08,APROVADO
PAG00004317,PED00004317,CARTAO_CREDITO,41.27,2025-10-24T22:51:52,APROVADO
PAG00004318,PED00004318,CARTAO_CREDITO,146.42,2025-10-24T14:34:34,APROVADO
PAG00004321,PED00004321,CARTAO_CREDITO,77.72,2025-10-24T12:48:55,APROVADO
PAG00004322,PED00004322,PIX,109.84,2025-10-24T18:09:17,APROVADO
PAG00004323,PED00004323,PIX,32.93,2025-10-24T16:49:19,APROVADO
PAG00004324,PED00004324,CARTAO_CREDITO,28.11,2025-10-24T10:31:12,APROVADO
PAG00004325,PED00004325,PIX,72.36,2025-10-24T22:13:26,APROVADO
PAG00004326,PED00004326,PIX,100.85,2025-10-24T20:38:20,APROVADO
PAG00004327,PED00004327,CARTAO_CREDITO,42.29,2025-10-24T18:08:05,APROVADO
PAG00004328,PED00004328,CARTAO_CREDITO,49.86,2025-10-24T15:00:51,APROVADO
PAG00004329,PED00004329,CARTAO_CREDITO,146.64,2025-10-25T15:33:59,APROVADO
PAG00004330,PED00004330,CARTAO_CREDITO,124.7,2025-10-25T16:46:30,APROVADO
PAG00004331,PED00004331,DINHEIRO,72.71,2025-10-25T18:56:43,APROVADO
PAG00004332,PED00004332,PIX,79.25,2025-10-25T18:56:59,APROVADO
PAG00004333,PED00004333,PIX,57.4,2025-10-25T23:21:26,APROVADO
PAG00004334,PED00004334,DINHEIRO,77.04,2025-10-25T21:31:08,APROVADO
PAG00004335,PED00004335,CARTAO_CREDITO,78.2,2025-10-25T18:52:54,APROVADO
PAG00004336,PED00004336,PIX,35.06,2025-10-25T13:28:39,APROVADO
PAG00004337,PED00004337,PIX,96.87,2025-10-25T12:19:04,APROVADO
PAG00004338,PED00004338,PIX,209.98,2025-10-25T13:58:17,APROVADO
PAG00004339,PED00004339,CARTAO_CREDITO,167.94,2025-10-25T20:25:53,APROVADO
PAG00004340,PED00004340,CARTAO_CREDITO,111.84,2025-10-25T22:01:47,APROVADO
PAG00004341,PED00004341,CARTAO_CREDITO,23.14,2025-10-25T20:49:56,APROVADO
PAG00004342,PED00004342,DINHEIRO,64.79,2025-10-25T10:51:35,APROVADO
PAG00004344,PED00004344,CARTAO_DEBITO,109.59,2025-10-26T00:00:45,APROVADO
PAG00004345,PED00004345,CARTAO_CREDITO,136.54,2025-10-25T10:56:57,APROVADO
PAG00004346,PED00004346,CARTAO_DEBITO,132.17,2025-10-25T17:12:19,APROVADO
PAG00004347,PED00004347,CARTAO_DEBITO,302.7,2025-10-25T16:37:59,APROVADO
PAG00004348,PED00004348,PIX,91.98,2025-10-25T18:18:00,APROVADO
PAG00004349,PED00004349,CARTAO_DEBITO,29.86,2025-10-25T14:08:04,APROVADO
PAG00004350,PED00004350,CARTAO_CREDITO,20.14,2025-10-25T15:16:31,PENDENTE
PAG00004352,PED00004352,PIX,18.96,2025-10-25T12:29:57,APROVADO
PAG00004353,PED00004353,PIX,23.54,2025-10-26T00:03:45,APROVADO
PAG00004354,PED00004354,PIX,76.64,2025-10-25T20:22:56,APROVADO
PAG00004355,PED00004355,PIX,201.11,2025-10-25T10:54:34,APROVADO
PAG00004356,PED00004356,CARTAO_CREDITO,165.34,2025-10-25T15:17:52,APROVADO
PAG00004357,PED00004357,CARTAO_CREDITO,88.67,2025-10-25T14:16:49,APROVADO
PAG00004358,PED00004358,CARTAO_CREDITO,40.64,2025-10-25T22:29:02,APROVADO
PAG00004360,PED00004360,CARTAO_CREDITO,231.69,2025-10-25T16:08:57,APROVADO
PAG00004361,PED00004361,CARTAO_DEBITO,218.19,2025-10-25T14:51:09,APROVADO
PAG00004362,PED00004362,PIX,34.03,2025-10-25T16:59:57,APROVADO
PAG00004363,PED00004363,PIX,130.52,2025-10-25T18:49:20,APROVADO
PAG00004364,PED00004364,CARTAO_CREDITO,69.87,2025-10-25T15:09:08,APROVADO
PAG00004365,PED00004365,PIX,96.99,2025-10-25T17:00:49,APROVADO
PAG00004366,PED00004366,PIX,66.43,2025-10-25T19:57:11,APROVADO
PAG00004367,PED00004367,CARTAO_CREDITO,48.5,2025-10-25T16:42:31,APROVADO
PAG00004368,PED00004368,PIX,30.64,2025-10-25T11:17:26,APROVADO
PAG00004369,PED00004369,PIX,62.15,2025-10-25T19:23:21,APROVADO
PAG00004370,PED00004370,PIX,157.5,2025-10-25T23:20:51,APROVADO
PAG00004371,PED00004371,PIX,142.27,2025-10-25T15:52:02,APROVADO
PAG00004372,PED00004372,CARTAO_CREDITO,54.7,2025-10-25T12:00:02,APROVADO
PAG00004373,PED00004373,CARTAO_CREDITO,38.23,2025-10-25T12:11:49,APROVADO
PAG00004374,PED00004374,PIX,155.64,2025-10-25T19:22:22,APROVADO
PAG00004375,PED00004375,PIX,101.83,2025-10-25T10:10:55,APROVADO
PAG00004376,PED00004376,CARTAO_CREDITO,130.2,2025-10-25T10:59:29,APROVADO
PAG00004377,PED00004377,CARTAO_DEBITO,57.13,2025-10-25T13:16:33,APROVADO
PAG00004378,PED00004378,CARTAO_CREDITO,13.86,2025-10-25T16:57:57,APROVADO
PAG00004379,PED00004379,PIX,232.81,2025-10-25T22:36:19,APROVADO
PAG00004380,PED00004380,CARTAO_DEBITO,159.31,2025-10-25T21:30:01,APROVADO
PAG00004381,PED00004381,PIX,70.62,2025-10-25T21:25:43,APROVADO
PAG00004383,PED00004383,CARTAO_CREDITO,122.82,2025-10-25T18:38:11,APROVADO
PAG00004384,PED00004384,PIX,153.18,2025-10-25T21:15:57,APROVADO
PAG00004385,PED00004385,PIX,62.86,2025-10-25T18:19:53,APROVADO
PAG00004386,PED00004386,PIX,35.17,2025-10-25T10:49:25,APROVADO
PAG00004387,PED00004387,CARTAO_CREDITO,21.01,2025-10-25T21:41:37,APROVADO
PAG00004388,PED00004388,CARTAO_DEBITO,128.66,2025-10-25T19:25:52,APROVADO
PAG00004389,PED00004389,PIX,76.25,2025-10-25T10:17:28,APROVADO
PAG00004390,PED00004390,PIX,92.68,2025-10-25T12:10:43,APROVADO
PAG00004391,PED00004391,PIX,26.45,2025-10-25T18:27:46,APROVADO
PAG00004392,PED00004392,PIX,45.87,2025-10-25T15:35:29,APROVADO
PAG00004393,PED00004393,CARTAO_CREDITO,37.16,2025-10-25T19:15:53,APROVADO
PAG00004394,PED00004394,CARTAO_DEBITO,83.44,2025-10-25T17:33:32,APROVADO
PAG00004395,PED00004395,CARTAO_DEBITO,35.24,2025-10-25T19:40:16,APROVADO
PAG00004396,PED00004396,PIX,25.42,2025-10-25T20:38:38,APROVADO
PAG00004397,PED00004397,CARTAO_CREDITO,38.16,2025-10-25T10:18:34,PENDENTE
PAG00004398,PED00004398,CARTAO_DEBITO,94.71,2025-10-25T12:32:19,APROVADO
PAG00004399,PED00004399,CARTAO_CREDITO,35.85,2025-10-25T16:34:22,APROVADO
PAG00004401,PED00004401,PIX,110.17,2025-10-25T18:02:25,APROVADO
PAG00004402,PED00004402,PIX,45.05,2025-10-25T14:28:03,APROVADO
PAG00004403,PED00004403,PIX,48.91,2025-10-25T20:59:58,APROVADO
PAG00004404,PED00004404,PIX,129.39,2025-10-25T17:13:14,APROVADO
PAG00004405,PED00004405,CARTAO_DEBITO,110.02,2025-10-25T19:43:35,APROVADO
PAG00004406,PED00004406,CARTAO_CREDITO,60.32,2025-10-25T11:26:36,APROVADO
PAG00004407,PED00004407,PIX,84.3,2025-10-25T14:58:55,APROVADO
PAG00004408,PED00004408,CARTAO_CREDITO,64.55,2025-10-25T18:52:17,APROVADO
PAG00004409,PED00004409,PIX,44.75,2025-10-25T12:20:36,APROVADO
PAG00004410,PED00004410,DINHEIRO,144.83,2025-10-25T23:36:15,PENDENTE
PAG00004411,PED00004411,CARTAO_CREDITO,144.08,2025-10-25T15:20:15,APROVADO
PAG00004412,PED00004412,PIX,157.17,2025-10-25T20:44:44,APROVADO
PAG00004413,PED00004413,PIX,51.92,2025-10-25T20:21:53,APROVADO
PAG00004414,PED00004414,CARTAO_CREDITO,26.04,2025-10-25T13:27:58,APROVADO
PAG00004415,PED00004415,CARTAO_CREDITO,146.11,2025-10-25T10:26:56,APROVADO
PAG00004416,PED00004416,PIX,105.49,2025-10-25T12:50:30,APROVADO
PAG00004417,PED00004417,CARTAO_DEBITO,45.38,2025-10-25T22:40:58,APROVADO
PAG00004418,PED00004418,PIX,12.05,2025-10-25T13:27:37,APROVADO
PAG00004419,PED00004419,PIX,212.16,2025-10-25T15:07:05,APROVADO
PAG00004420,PED00004420,CARTAO_CREDITO,73.83,2025-10-25T22:16:38,APROVADO
PAG00004421,PED00004421,CARTAO_CREDITO,82.89,2025-10-25T10:18:24,APROVADO
PAG00004422,PED00004422,PIX,79.37,2025-10-25T21:02:13,APROVADO
PAG00004423,PED00004423,CARTAO_CREDITO,58.08,2025-10-25T14:25:27,PENDENTE
PAG00004424,PED00004424,PIX,112.86,2025-10-25T22:08:58,APROVADO
PAG00004426,PED00004426,PIX,50.4,2025-10-25T17:00:06,APROVADO
PAG00004427,PED00004427,CARTAO_DEBITO,42.29,2025-10-25T18:34:01,APROVADO
PAG00004428,PED00004428,DINHEIRO,84.52,2025-10-25T23:00:02,APROVADO
PAG00004429,PED00004429,CARTAO_DEBITO,54.07,2025-10-25T22:57:53,APROVADO
PAG00004430,PED00004430,PIX,94.81,2025-10-25T10:42:24,APROVADO
PAG00004431,PED00004431,PIX,249.83,2025-10-25T12:29:03,APROVADO
PAG00004432,PED00004432,PIX,74.72,2025-10-25T13:36:18,APROVADO
PAG00004433,PED00004433,PIX,130.81,2025-10-25T12:23:07,APROVADO
PAG00004434,PED00004434,PIX,58.14,2025-10-25T13:38:09,APROVADO
PAG00004436,PED00004436,CARTAO_CREDITO,110.43,2025-10-25T10:53:36,APROVADO
PAG00004437,PED00004437,CARTAO_CREDITO,91.26,2025-10-25T22:11:41,APROVADO
PAG00004438,PED00004438,CARTAO_CREDITO,29.2,2025-10-25T14:05:46,APROVADO
PAG00004439,PED00004439,DINHEIRO,47.83,2025-10-25T14:13:49,APROVADO
PAG00004440,PED00004440,CARTAO_CREDITO,139.79,2025-10-25T20:22:07,APROVADO
PAG00004441,PED00004441,PIX,115.17,2025-10-25T15:39:12,APROVADO
PAG00004442,PED00004442,CARTAO_CREDITO,35.25,2025-10-25T16:04:07,APROVADO
PAG00004443,PED00004443,PIX,108.84,2025-10-25T12:28:20,APROVADO
PAG00004444,PED00004444,PIX,134.69,2025-10-25T19:21:56,APROVADO
PAG00004445,PED00004445,CARTAO_CREDITO,141.37,2025-10-25T12:57:48,APROVADO
PAG00004446,PED00004446,PIX,38.36,2025-10-25T17:44:51,APROVADO
PAG00004447,PED00004447,CARTAO_CREDITO,44.62,2025-10-25T18:49:46,APROVADO
PAG00004448,PED00004448,CARTAO_CREDITO,55.28,2025-10-25T21:35:53,APROVADO
PAG00004450,PED00004450,PIX,38.58,2025-10-25T21:56:12,APROVADO
PAG00004451,PED00004451,PIX,51.25,2025-10-25T11:54:23,APROVADO
PAG00004452,PED00004452,CARTAO_CREDITO,146.93,2025-10-25T10:43:45,APROVADO
PAG00004453,PED00004453,CARTAO_CREDITO,120.65,2025-10-25T19:23:20,APROVADO
PAG00004454,PED00004454,CARTAO_CREDITO,125.37,2025-10-25T16:20:26,APROVADO
PAG00004455,PED00004455,CARTAO_CREDITO,82.55,2025-10-25T10:28:17,APROVADO
PAG00004456,PED00004456,CARTAO_CREDITO,79.33,2025-10-25T15:12:09,APROVADO
PAG00004457,PED00004457,PIX,58.1,2025-10-26T13:35:09,APROVADO
PAG00004458,PED00004458,PIX,325.89,2025-10-26T18:29:44,APROVADO
PAG00004459,PED00004459,PIX,27.28,2025-10-26T22:26:53,PENDENTE
PAG00004460,PED00004460,CARTAO_CREDITO,57.05,2025-10-26T23:01:41,APROVADO
PAG00004461,PED00004461,PIX,66.02,2025-10-26T18:23:43,APROVADO
PAG00004462,PED00004462,PIX,16.46,2025-10-26T16:47:47,APROVADO
PAG00004463,PED00004463,CARTAO_CREDITO,26.39,2025-10-26T15:12:57,APROVADO
PAG00004464,PED00004464,PIX,94.18,2025-10-26T16:18:32,APROVADO
PAG00004465,PED00004465,PIX,85.13,2025-10-26T11:58:37,APROVADO
PAG00004466,PED00004466,CARTAO_CREDITO,76.13,2025-10-26T18:37:00,APROVADO
PAG00004467,PED00004467,CARTAO_CREDITO,346.87,2025-10-26T11:51:05,APROVADO
PAG00004468,PED00004468,DINHEIRO,154.2,2025-10-26T10:47:53,APROVADO
PAG00004469,PED00004469,CARTAO_CREDITO,43.4,2025-10-26T15:45:46,APROVADO
PAG00004471,PED00004471,CARTAO_DEBITO,48.83,2025-10-26T11:02:40,APROVADO
PAG00004472,PED00004472,PIX,86.34,2025-10-27T00:02:23,APROVADO
PAG00004473,PED00004473,DINHEIRO,86.76,2025-10-26T16:02:15,APROVADO
PAG00004474,PED00004474,PIX,183.31,2025-10-26T14:20:29,PENDENTE
PAG00004475,PED00004475,PIX,59.94,2025-10-26T22:19:37,APROVADO
PAG00004477,PED00004477,CARTAO_CREDITO,93.09,2025-10-26T19:54:49,APROVADO
PAG00004478,PED00004478,CARTAO_CREDITO,15.14,2025-10-26T12:24:54,APROVADO
PAG00004479,PED00004479,PIX,21.92,2025-10-26T21:59:08,APROVADO
PAG00004480,PED00004480,PIX,22.5,2025-10-26T17:20:02,APROVADO
PAG00004481,PED00004481,CARTAO_DEBITO,38.0,2025-10-26T22:22:35,APROVADO
PAG00004482,PED00004482,PIX,61.15,2025-10-26T13:45:47,APROVADO
PAG00004483,PED00004483,CARTAO_CREDITO,151.17,2025-10-26T19:16:22,APROVADO
PAG00004484,PED00004484,CARTAO_CREDITO,155.9,2025-10-26T17:13:11,APROVADO
PAG00004485,PED00004485,PIX,27.76,2025-10-26T19:14:58,APROVADO
PAG00004486,PED00004486,PIX,93.09,2025-10-26T13:09:32,APROVADO
PAG00004487,PED00004487,CARTAO_DEBITO,43.58,2025-10-26T15:43:45,APROVADO
PAG00004488,PED00004488,CARTAO_DEBITO,82.12,2025-10-26T21:57:36,PENDENTE
PAG00004489,PED00004489,PIX,123.22,2025-10-26T11:28:10,APROVADO
PAG00004490,PED00004490,PIX,74.36,2025-10-26T12:03:44,APROVADO
PAG00004491,PED00004491,PIX,42.01,2025-10-26T21:26:40,APROVADO
PAG00004492,PED00004492,CARTAO_CREDITO,69.64,2025-10-26T12:39:51,APROVADO
PAG00004493,PED00004493,CARTAO_CREDITO,39.14,2025-10-26T11:33:09,APROVADO
PAG00004494,PED00004494,CARTAO_CREDITO,41.25,2025-10-26T15:47:30,APROVADO
PAG00004495,PED00004495,CARTAO_CREDITO,35.17,2025-10-26T11:52:43,APROVADO
PAG00004496,PED00004496,CARTAO_CREDITO,35.02,2025-10-26T18:41:44,APROVADO
PAG00004497,PED00004497,CARTAO_DEBITO,54.85,2025-10-26T22:34:56,APROVADO
PAG00004498,PED00004498,PIX,50.89,2025-10-26T23:15:50,APROVADO
PAG00004499,PED00004499,PIX,46.8,2025-10-26T20:15:50,APROVADO
PAG00004500,PED00004500,PIX,24.46,2025-10-26T19:34:10,APROVADO
PAG00004501,PED00004501,CARTAO_DEBITO,35.21,2025-10-26T11:39:16,APROVADO
PAG00004502,PED00004502,CARTAO_DEBITO,92.76,2025-10-26T14:54:59,APROVADO
PAG00004503,PED00004503,CARTAO_DEBITO,83.98,2025-10-26T23:08:50,APROVADO
PAG00004504,PED00004504,CARTAO_CREDITO,86.17,2025-10-26T12:13:56,APROVADO
PAG00004505,PED00004505,PIX,131.14,2025-10-26T19:06:34,APROVADO
PAG00004506,PED00004506,CARTAO_CREDITO,19.72,2025-10-26T21:18:51,APROVADO
PAG00004508,PED00004508,PIX,32.64,2025-10-26T14:48:47,APROVADO
PAG00004509,PED00004509,CARTAO_CREDITO,117.72,2025-10-26T13:51:55,APROVADO
PAG00004510,PED00004510,PIX,48.79,2025-10-26T12:51:21,APROVADO
PAG00004511,PED00004511,CARTAO_CREDITO,80.16,2025-10-26T15:39:27,APROVADO
PAG00004512,PED00004512,CARTAO_DEBITO,97.74,2025-10-26T15:20:31,APROVADO
PAG00004513,PED00004513,CARTAO_CREDITO,30.95,2025-10-26T11:12:24,APROVADO
PAG00004514,PED00004514,PIX,78.47,2025-10-26T18:20:04,APROVADO
PAG00004515,PED00004515,CARTAO_DEBITO,34.81,2025-10-26T21:53:31,PENDENTE
PAG00004517,PED00004517,PIX,29.46,2025-10-26T12:45:24,APROVADO
PAG00004518,PED00004518,PIX,36.14,2025-10-26T19:09:18,APROVADO
PAG00004519,PED00004519,CARTAO_CREDITO,70.33,2025-10-26T12:38:37,APROVADO
PAG00004520,PED00004520,CARTAO_CREDITO,45.78,2025-10-26T23:52:13,APROVADO
PAG00004521,PED00004521,PIX,117.5,2025-10-26T12:11:14,APROVADO
PAG00004522,PED00004522,PIX,106.47,2025-10-26T23:10:04,PENDENTE
PAG00004523,PED00004523,CARTAO_CREDITO,72.78,2025-10-26T13:14:00,APROVADO
PAG00004524,PED00004524,PIX,43.77,2025-10-26T23:54:57,APROVADO
PAG00004525,PED00004525,CARTAO_CREDITO,108.15,2025-10-26T10:16:56,APROVADO
PAG00004527,PED00004527,CARTAO_CREDITO,160.28,2025-10-27T00:07:20,APROVADO
PAG00004528,PED00004528,PIX,63.48,2025-10-26T22:41:17,APROVADO
PAG00004529,PED00004529,PIX,123.72,2025-10-26T14:25:12,APROVADO
PAG00004530,PED00004530,PIX,309.79,2025-10-26T18:02:27,PENDENTE
PAG00004531,PED00004531,PIX,403.61,2025-10-26T11:06:45,APROVADO
PAG00004533,PED00004533,PIX,15.46,2025-10-26T15:44:36,APROVADO
PAG00004534,PED00004534,PIX,58.97,2025-10-26T12:05:10,APROVADO
PAG00004535,PED00004535,CARTAO_CREDITO,140.84,2025-10-26T20:57:15,APROVADO
PAG00004536,PED00004536,CARTAO_CREDITO,48.73,2025-10-26T17:19:59,PENDENTE
PAG00004537,PED00004537,PIX,78.35,2025-10-26T14:35:21,APROVADO
PAG00004539,PED00004539,CARTAO_CREDITO,348.46,2025-10-26T23:27:31,APROVADO
PAG00004540,PED00004540,CARTAO_DEBITO,107.67,2025-10-26T13:33:10,APROVADO
PAG00004541,PED00004541,CARTAO_CREDITO,71.18,2025-10-26T18:49:54,APROVADO
PAG00004542,PED00004542,PIX,187.43,2025-10-26T20:43:41,APROVADO
PAG00004544,PED00004544,CARTAO_CREDITO,138.18,2025-10-26T12:33:51,APROVADO
PAG00004546,PED00004546,PIX,78.97,2025-10-27T19:00:28,APROVADO
PAG00004547,PED00004547,CARTAO_DEBITO,97.93,2025-10-27T21:35:03,APROVADO
PAG00004549,PED00004549,DINHEIRO,76.33,2025-10-27T20:47:09,APROVADO
PAG00004550,PED00004550,PIX,37.95,2025-10-27T11:57:03,APROVADO
PAG00004551,PED00004551,CARTAO_CREDITO,29.57,2025-10-27T19:36:51,APROVADO
PAG00004552,PED00004552,CARTAO_DEBITO,61.28,2025-10-27T23:33:17,APROVADO
PAG00004553,PED00004553,CARTAO_CREDITO,15.5,2025-10-27T18:18:02,APROVADO
PAG00004554,PED00004554,CARTAO_CREDITO,39.79,2025-10-27T13:16:48,APROVADO
PAG00004555,PED00004555,PIX,96.88,2025-10-27T12:23:33,APROVADO
PAG00004556,PED00004556,PIX,126.75,2025-10-27T22:03:34,APROVADO
PAG00004557,PED00004557,PIX,146.35,2025-10-27T11:34:52,APROVADO
PAG00004558,PED00004558,CARTAO_DEBITO,77.54,2025-10-27T13:23:51,APROVADO
PAG00004559,PED00004559,CARTAO_DEBITO,46.22,2025-10-27T19:16:49,APROVADO
PAG00004560,PED00004560,CARTAO_CREDITO,170.78,2025-10-27T22:02:11,APROVADO
PAG00004561,PED00004561,CARTAO_DEBITO,79.89,2025-10-27T13:45:50,APROVADO
PAG00004562,PED00004562,CARTAO_CREDITO,264.32,2025-10-27T13:59:21,APROVADO
PAG00004563,PED00004563,CARTAO_DEBITO,13.19,2025-10-27T19:14:48,APROVADO
PAG00004565,PED00004565,CARTAO_CREDITO,146.19,2025-10-27T19:03:08,APROVADO
PAG00004566,PED00004566,CARTAO_CREDITO,249.71,2025-10-27T16:51:32,APROVADO
PAG00004567,PED00004567,CARTAO_CREDITO,53.36,2025-10-27T13:41:29,APROVADO
PAG00004568,PED00004568,CARTAO_DEBITO,49.17,2025-10-27T12:49:37,APROVADO
PAG00004570,PED00004570,PIX,286.99,2025-10-27T18:50:33,APROVADO
PAG00004572,PED00004572,PIX,78.76,2025-10-27T11:17:19,APROVADO
PAG00004573,PED00004573,PIX,32.81,2025-10-27T19:17:54,PENDENTE
PAG00004574,PED00004574,CARTAO_CREDITO,166.56,2025-10-27T18:07:04,APROVADO
PAG00004575,PED00004575,CARTAO_CREDITO,40.78,2025-10-27T10:01:20,APROVADO
PAG00004576,PED00004576,PIX,65.89,2025-10-27T23:47:58,APROVADO
PAG00004577,PED00004577,PIX,34.59,2025-10-27T20:02:17,APROVADO
PAG00004578,PED00004578,CARTAO_DEBITO,82.38,2025-10-27T13:02:09,APROVADO
PAG00004579,PED00004579,PIX,37.62,2025-10-27T19:34:34,APROVADO
PAG00004580,PED00004580,PIX,39.53,2025-10-27T19:25:25,APROVADO
PAG00004581,PED00004581,CARTAO_CREDITO,24.45,2025-10-27T17:44:58,APROVADO
PAG00004582,PED00004582,CARTAO_DEBITO,71.83,2025-10-27T22:39:40,APROVADO
PAG00004583,PED00004583,CARTAO_DEBITO,46.59,2025-10-27T10:40:47,APROVADO
PAG00004584,PED00004584,PIX,138.12,2025-10-27T14:13:07,APROVADO
PAG00004585,PED00004585,CARTAO_CREDITO,71.15,2025-10-27T20:49:46,APROVADO
PAG00004586,PED00004586,PIX,77.71,2025-10-27T21:17:49,APROVADO
PAG00004588,PED00004588,CARTAO_CREDITO,37.41,2025-10-27T23:48:29,APROVADO
PAG00004589,PED00004589,PIX,109.46,2025-10-27T11:41:48,APROVADO
PAG00004590,PED00004590,PIX,76.64,2025-10-27T21:30:49,APROVADO
PAG00004591,PED00004591,CARTAO_DEBITO,102.6,2025-10-27T23:09:57,APROVADO
PAG00004592,PED00004592,CARTAO_CREDITO,23.39,2025-10-27T20:55:55,APROVADO
PAG00004593,PED00004593,PIX,69.25,2025-10-28T23:36:54,APROVADO
PAG00004594,PED00004594,CARTAO_DEBITO,54.05,2025-10-28T15:42:56,APROVADO
PAG00004595,PED00004595,PIX,24.64,2025-10-28T16:48:38,APROVADO
PAG00004596,PED00004596,PIX,232.46,2025-10-28T11:28:59,APROVADO
PAG00004597,PED00004597,CARTAO_CREDITO,39.78,2025-10-28T20:37:47,APROVADO
PAG00004598,PED00004598,CARTAO_DEBITO,92.39,2025-10-28T20:28:14,APROVADO
PAG00004599,PED00004599,CARTAO_DEBITO,85.35,2025-10-28T16:15:33,APROVADO
PAG00004600,PED00004600,PIX,52.88,2025-10-28T19:48:58,APROVADO
PAG00004601,PED00004601,PIX,31.26,2025-10-28T21:25:21,APROVADO
PAG00004602,PED00004602,PIX,98.47,2025-10-28T16:32:24,PENDENTE
PAG00004603,PED00004603,CARTAO_DEBITO,23.97,2025-10-28T11:52:48,APROVADO
PAG00004604,PED00004604,CARTAO_DEBITO,205.61,2025-10-28T20:45:05,APROVADO
PAG00004605,PED00004605,CARTAO_DEBITO,45.05,2025-10-28T18:28:46,APROVADO
PAG00004606,PED00004606,PIX,123.25,2025-10-28T23:02:35,APROVADO
PAG00004607,PED00004607,PIX,51.52,2025-10-28T21:54:34,APROVADO
PAG00004608,PED00004608,PIX,68.98,2025-10-28T15:42:38,APROVADO
PAG00004609,PED00004609,PIX,23.84,2025-10-28T19:15:58,APROVADO
PAG00004610,PED00004610,CARTAO_CREDITO,39.49,2025-10-28T18:24:50,APROVADO
PAG00004611,PED00004611,DINHEIRO,36.29,2025-10-28T13:54:15,APROVADO
PAG00004612,PED00004612,DINHEIRO,68.92,2025-10-28T16:01:18,APROVADO
PAG00004613,PED00004613,CARTAO_CREDITO,77.13,2025-10-28T12:44:31,APROVADO
PAG00004614,PED00004614,CARTAO_CREDITO,28.11,2025-10-28T17:54:31,APROVADO
PAG00004616,PED00004616,CARTAO_CREDITO,34.65,2025-10-28T11:39:43,APROVADO
PAG00004617,PED00004617,PIX,31.28,2025-10-28T15:32:27,APROVADO
PAG00004618,PED00004618,CARTAO_CREDITO,57.03,2025-10-28T20:43:49,APROVADO
PAG00004619,PED00004619,PIX,32.83,2025-10-28T15:38:53,APROVADO
PAG00004620,PED00004620,PIX,19.28,2025-10-28T19:40:45,APROVADO
PAG00004621,PED00004621,PIX,108.32,2025-10-28T12:53:05,APROVADO
PAG00004622,PED00004622,PIX,96.6,2025-10-28T16:53:46,APROVADO
PAG00004623,PED00004623,CARTAO_DEBITO,46.02,2025-10-28T19:56:22,APROVADO
PAG00004624,PED00004624,CARTAO_DEBITO,102.53,2025-10-28T22:24:05,APROVADO
PAG00004625,PED00004625,CARTAO_CREDITO,130.41,2025-10-28T20:43:16,APROVADO
PAG00004626,PED00004626,CARTAO_CREDITO,54.5,2025-10-28T16:19:52,APROVADO
PAG00004627,PED00004627,CARTAO_DEBITO,25.17,2025-10-28T20:43:38,APROVADO
PAG00004628,PED00004628,PIX,81.02,2025-10-28T15:04:10,APROVADO
PAG00004629,PED00004629,CARTAO_CREDITO,38.63,2025-10-28T15:03:37,APROVADO
PAG00004630,PED00004630,CARTAO_CREDITO,123.64,2025-10-28T21:20:12,APROVADO
PAG00004631,PED00004631,CARTAO_CREDITO,41.26,2025-10-28T11:28:17,APROVADO
PAG00004633,PED00004633,CARTAO_CREDITO,67.01,2025-10-28T17:43:21,APROVADO
PAG00004634,PED00004634,PIX,95.19,2025-10-28T13:15:46,APROVADO
PAG00004635,PED00004635,PIX,16.62,2025-10-28T12:02:31,APROVADO
PAG00004636,PED00004636,CARTAO_DEBITO,78.44,2025-10-28T16:07:48,APROVADO
PAG00004637,PED00004637,DINHEIRO,30.27,2025-10-28T22:50:41,APROVADO
PAG00004638,PED00004638,PIX,72.82,2025-10-28T22:08:33,APROVADO
PAG00004639,PED00004639,CARTAO_CREDITO,182.31,2025-10-28T23:51:36,APROVADO
PAG00004640,PED00004640,PIX,103.55,2025-10-28T19:59:55,APROVADO
PAG00004641,PED00004641,PIX,20.42,2025-10-28T11:32:47,APROVADO
PAG00004642,PED00004642,CARTAO_CREDITO,78.55,2025-10-28T19:45:44,PENDENTE
PAG00004643,PED00004643,CARTAO_DEBITO,86.23,2025-10-28T19:25:57,APROVADO
PAG00004644,PED00004644,PIX,29.89,2025-10-28T17:04:26,APROVADO
PAG00004645,PED00004645,CARTAO_CREDITO,163.67,2025-10-28T14:59:04,APROVADO
PAG00004646,PED00004646,PIX,50.16,2025-10-28T12:13:20,APROVADO
PAG00004647,PED00004647,CARTAO_CREDITO,19.86,2025-10-28T18:55:15,APROVADO
PAG00004648,PED00004648,PIX,93.46,2025-10-28T19:34:20,APROVADO
PAG00004649,PED00004649,PIX,47.16,2025-10-29T19:10:52,APROVADO
PAG00004650,PED00004650,CARTAO_CREDITO,41.45,2025-10-29T10:37:09,APROVADO
PAG00004651,PED00004651,PIX,19.42,2025-10-29T23:18:14,APROVADO
PAG00004652,PED00004652,CARTAO_DEBITO,55.16,2025-10-29T15:07:07,APROVADO
PAG00004653,PED00004653,CARTAO_DEBITO,185.09,2025-10-29T19:56:02,APROVADO
PAG00004654,PED00004654,CARTAO_DEBITO,97.58,2025-10-29T23:15:59,APROVADO
PAG00004655,PED00004655,CARTAO_CREDITO,219.77,2025-10-29T17:41:43,APROVADO
PAG00004656,PED00004656,PIX,37.76,2025-10-29T20:27:58,APROVADO
PAG00004657,PED00004657,PIX,38.8,2025-10-29T10:09:57,APROVADO
PAG00004658,PED00004658,PIX,48.53,2025-10-29T11:02:15,APROVADO
PAG00004659,PED00004659,CARTAO_DEBITO,69.19,2025-10-29T23:17:03,APROVADO
PAG00004660,PED00004660,PIX,69.52,2025-10-29T10:11:53,APROVADO
PAG00004661,PED00004661,CARTAO_CREDITO,276.14,2025-10-29T22:12:13,APROVADO
PAG00004662,PED00004662,CARTAO_CREDITO,144.89,2025-10-29T12:18:38,APROVADO
PAG00004663,PED00004663,PIX,63.45,2025-10-29T11:12:11,APROVADO
PAG00004664,PED00004664,CARTAO_CREDITO,291.03,2025-10-29T19:45:22,APROVADO
PAG00004665,PED00004665,CARTAO_CREDITO,103.5,2025-10-29T19:42:35,APROVADO
PAG00004666,PED00004666,CARTAO_CREDITO,134.53,2025-10-29T10:34:35,APROVADO
PAG00004667,PED00004667,CARTAO_CREDITO,98.81,2025-10-29T14:59:43,APROVADO
PAG00004668,PED00004668,CARTAO_CREDITO,248.68,2025-10-29T10:32:18,APROVADO
PAG00004669,PED00004669,CARTAO_DEBITO,104.05,2025-10-29T22:08:23,APROVADO
PAG00004670,PED00004670,PIX,17.08,2025-10-29T14:30:13,APROVADO
PAG00004671,PED00004671,PIX,23.51,2025-10-29T13:12:54,APROVADO
PAG00004673,PED00004673,CARTAO_DEBITO,34.68,2025-10-29T10:39:55,APROVADO
PAG00004674,PED00004674,CARTAO_DEBITO,65.96,2025-10-29T23:16:39,APROVADO
PAG00004675,PED00004675,PIX,17.0,2025-10-29T16:40:47,APROVADO
PAG00004676,PED00004676,PIX,52.9,2025-10-29T14:47:24,APROVADO
PAG00004678,PED00004678,CARTAO_CREDITO,19.65,2025-10-29T17:42:55,APROVADO
PAG00004679,PED00004679,DINHEIRO,116.49,2025-10-29T11:37:41,APROVADO
PAG00004680,PED00004680,PIX,95.68,2025-10-29T13:05:02,APROVADO
PAG00004681,PED00004681,PIX,176.98,2025-10-29T21:37:53,APROVADO
PAG00004682,PED00004682,CARTAO_CREDITO,293.92,2025-10-29T17:46:13,APROVADO
PAG00004683,PED00004683,CARTAO_CREDITO,156.39,2025-10-29T18:45:54,APROVADO
PAG00004684,PED00004684,CARTAO_CREDITO,20.67,2025-10-29T12:26:02,APROVADO
PAG00004685,PED00004685,PIX,29.51,2025-10-29T16:11:09,APROVADO
PAG00004686,PED00004686,CARTAO_CREDITO,42.38,2025-10-29T13:14:59,APROVADO
PAG00004687,PED00004687,CARTAO_CREDITO,34.85,2025-10-29T18:34:01,PENDENTE
PAG00004688,PED00004688,CARTAO_DEBITO,45.71,2025-10-29T18:21:00,APROVADO
PAG00004689,PED00004689,PIX,60.99,2025-10-29T14:17:09,APROVADO
PAG00004690,PED00004690,PIX,55.58,2025-10-29T20:29:56,APROVADO
PAG00004692,PED00004692,CARTAO_CREDITO,114.74,2025-10-29T15:52:09,APROVADO
PAG00004693,PED00004693,CARTAO_CREDITO,103.53,2025-10-29T15:08:10,APROVADO
PAG00004694,PED00004694,PIX,121.85,2025-10-29T10:46:11,APROVADO
PAG00004695,PED00004695,CARTAO_CREDITO,61.13,2025-10-29T10:28:40,APROVADO
PAG00004696,PED00004696,PIX,55.77,2025-10-29T22:25:15,APROVADO
PAG00004697,PED00004697,PIX,93.42,2025-10-29T14:37:49,APROVADO
PAG00004698,PED00004698,CARTAO_CREDITO,37.0,2025-10-29T16:47:42,APROVADO
PAG00004699,PED00004699,DINHEIRO,74.3,2025-10-29T16:32:35,APROVADO
PAG00004700,PED00004700,CARTAO_CREDITO,14.78,2025-10-29T12:26:34,APROVADO
PAG00004701,PED00004701,PIX,111.05,2025-10-29T19:03:43,APROVADO
PAG00004702,PED00004702,CARTAO_CREDITO,79.38,2025-10-29T14:49:58,APROVADO
PAG00004703,PED00004703,CARTAO_CREDITO,42.23,2025-10-29T14:52:36,APROVADO
PAG00004705,PED00004705,CARTAO_CREDITO,92.31,2025-10-29T17:42:40,APROVADO
PAG00004706,PED00004706,PIX,20.58,2025-10-29T20:08:09,APROVADO
PAG00004707,PED00004707,CARTAO_CREDITO,41.51,2025-10-29T17:18:58,APROVADO
PAG00004708,PED00004708,CARTAO_CREDITO,86.3,2025-10-29T10:11:28,APROVADO
PAG00004709,PED00004709,CARTAO_CREDITO,52.56,2025-10-29T23:23:57,APROVADO
PAG00004710,PED00004710,DINHEIRO,105.31,2025-10-29T19:29:41,APROVADO
PAG00004711,PED00004711,PIX,19.25,2025-10-29T21:50:43,PENDENTE
PAG00004712,PED00004712,PIX,20.88,2025-10-29T23:42:36,PENDENTE
PAG00004713,PED00004713,PIX,134.41,2025-10-30T19:44:04,APROVADO
PAG00004714,PED00004714,CARTAO_CREDITO,403.0,2025-10-30T22:33:59,APROVADO
PAG00004715,PED00004715,DINHEIRO,111.17,2025-10-30T18:57:06,APROVADO
PAG00004716,PED00004716,CARTAO_DEBITO,38.03,2025-10-30T20:23:03,APROVADO
PAG00004717,PED00004717,PIX,191.37,2025-10-30T23:48:35,APROVADO
PAG00004718,PED00004718,CARTAO_CREDITO,73.59,2025-10-30T11:07:52,APROVADO
PAG00004719,PED00004719,CARTAO_CREDITO,160.87,2025-10-30T13:26:17,APROVADO
PAG00004720,PED00004720,CARTAO_CREDITO,88.34,2025-10-30T21:46:23,APROVADO
PAG00004721,PED00004721,PIX,58.67,2025-10-30T10:12:34,APROVADO
PAG00004722,PED00004722,PIX,52.31,2025-10-30T18:52:18,APROVADO
PAG00004723,PED00004723,CARTAO_DEBITO,134.75,2025-10-30T18:06:55,PENDENTE
PAG00004724,PED00004724,CARTAO_CREDITO,97.0,2025-10-30T22:26:22,APROVADO
PAG00004725,PED00004725,CARTAO_DEBITO,60.38,2025-10-30T13:58:08,APROVADO
PAG00004726,PED00004726,PIX,151.35,2025-10-30T17:24:44,APROVADO
PAG00004727,PED00004727,CARTAO_CREDITO,86.59,2025-10-30T16:54:47,APROVADO
PAG00004728,PED00004728,CARTAO_CREDITO,103.17,2025-10-30T12:37:40,APROVADO
PAG00004730,PED00004730,PIX,130.36,2025-10-30T11:42:02,APROVADO
PAG00004731,PED00004731,PIX,36.27,2025-10-30T14:30:38,APROVADO
PAG00004732,PED00004732,CARTAO_DEBITO,50.97,2025-10-30T20:27:34,APROVADO
PAG00004733,PED00004733,DINHEIRO,63.87,2025-10-30T10:48:44,APROVADO
PAG00004734,PED00004734,PIX,158.8,2025-10-30T11:01:42,APROVADO
PAG00004735,PED00004735,PIX,26.07,2025-10-30T17:35:15,APROVADO
PAG00004736,PED00004736,CARTAO_CREDITO,168.09,2025-10-30T16:58:58,APROVADO
PAG00004737,PED00004737,PIX,115.19,2025-10-30T18:30:06,APROVADO
PAG00004738,PED00004738,PIX,172.6,2025-10-30T23:41:55,APROVADO
PAG00004739,PED00004739,CARTAO_CREDITO,85.13,2025-10-30T13:44:26,PENDENTE
PAG00004740,PED00004740,CARTAO_CREDITO,28.67,2025-10-30T12:04:00,APROVADO
PAG00004741,PED00004741,PIX,34.97,2025-10-30T19:08:11,APROVADO
PAG00004742,PED00004742,PIX,44.4,2025-10-30T13:39:17,APROVADO
PAG00004743,PED00004743,PIX,42.04,2025-10-30T19:37:27,APROVADO
PAG00004744,PED00004744,PIX,250.32,2025-10-30T15:23:55,APROVADO
PAG00004745,PED00004745,PIX,129.65,2025-10-30T11:30:59,APROVADO
PAG00004746,PED00004746,PIX,50.94,2025-10-30T15:53:13,APROVADO
PAG00004747,PED00004747,DINHEIRO,238.42,2025-10-30T10:14:43,APROVADO
PAG00004748,PED00004748,DINHEIRO,27.99,2025-10-30T15:39:06,APROVADO
PAG00004749,PED00004749,PIX,141.86,2025-10-30T23:18:27,APROVADO
PAG00004750,PED00004750,PIX,147.27,2025-10-30T13:39:27,APROVADO
PAG00004751,PED00004751,PIX,253.26,2025-10-30T21:35:38,PENDENTE
PAG00004752,PED00004752,CARTAO_CREDITO,68.49,2025-10-30T15:12:10,APROVADO
PAG00004753,PED00004753,CARTAO_CREDITO,90.85,2025-10-30T15:19:03,APROVADO
PAG00004754,PED00004754,PIX,53.05,2025-10-30T18:47:58,PENDENTE
PAG00004755,PED00004755,CARTAO_DEBITO,115.36,2025-10-30T14:14:59,APROVADO
PAG00004756,PED00004756,CARTAO_CREDITO,130.95,2025-10-30T20:45:54,PENDENTE
PAG00004757,PED00004757,CARTAO_CREDITO,75.31,2025-10-30T15:54:04,APROVADO
PAG00004758,PED00004758,PIX,131.08,2025-10-30T12:00:51,APROVADO
PAG00004759,PED00004759,PIX,165.81,2025-10-30T19:52:25,APROVADO
PAG00004760,PED00004760,PIX,66.04,2025-10-30T20:34:04,APROVADO
PAG00004761,PED00004761,CARTAO_CREDITO,64.36,2025-10-30T18:54:28,APROVADO
PAG00004762,PED00004762,PIX,27.63,2025-10-30T19:18:06,APROVADO
PAG00004763,PED00004763,PIX,68.37,2025-10-30T23:18:29,APROVADO
PAG00004764,PED00004764,CARTAO_CREDITO,30.66,2025-10-30T13:46:57,APROVADO
PAG00004765,PED00004765,PIX,18.11,2025-10-30T20:09:03,APROVADO
PAG00004766,PED00004766,PIX,154.09,2025-10-30T18:33:43,APROVADO
PAG00004767,PED00004767,PIX,57.21,2025-10-30T16:03:44,APROVADO
PAG00004768,PED00004768,CARTAO_CREDITO,92.98,2025-10-30T19:35:00,APROVADO
PAG00004769,PED00004769,CARTAO_DEBITO,110.03,2025-10-30T15:46:53,APROVADO
PAG00004770,PED00004770,CARTAO_DEBITO,117.06,2025-10-30T19:47:12,APROVADO
PAG00004771,PED00004771,CARTAO_CREDITO,101.53,2025-10-30T21:31:18,PENDENTE
PAG00004772,PED00004772,DINHEIRO,30.82,2025-10-30T20:42:46,PENDENTE
PAG00004773,PED00004773,CARTAO_DEBITO,216.72,2025-10-30T20:43:53,APROVADO
PAG00004774,PED00004774,PIX,179.52,2025-10-30T16:27:29,APROVADO
PAG00004776,PED00004776,CARTAO_DEBITO,28.35,2025-10-30T10:18:30,APROVADO
PAG00004777,PED00004777,PIX,147.13,2025-10-30T19:49:33,APROVADO
PAG00004778,PED00004778,CARTAO_CREDITO,255.67,2025-10-30T10:33:58,APROVADO
PAG00004779,PED00004779,CARTAO_CREDITO,101.88,2025-10-30T14:30:36,APROVADO
PAG00004780,PED00004780,CARTAO_CREDITO,33.51,2025-10-30T15:05:28,PENDENTE
PAG00004781,PED00004781,CARTAO_DEBITO,78.04,2025-10-30T12:58:09,APROVADO
PAG00004782,PED00004782,PIX,31.52,2025-10-30T17:22:32,APROVADO
PAG00004783,PED00004783,CARTAO_DEBITO,229.92,2025-10-30T20:03:57,APROVADO
PAG00004784,PED00004784,PIX,93.53,2025-10-30T19:06:12,APROVADO
PAG00004785,PED00004785,CARTAO_CREDITO,19.07,2025-10-31T17:08:20,APROVADO
PAG00004786,PED00004786,PIX,241.47,2025-10-31T21:21:57,APROVADO
PAG00004787,PED00004787,PIX,20.99,2025-10-31T20:35:05,APROVADO
PAG00004788,PED00004788,CARTAO_CREDITO,13.63,2025-10-31T10:11:51,PENDENTE
PAG00004789,PED00004789,DINHEIRO,50.26,2025-10-31T19:24:36,APROVADO
PAG00004790,PED00004790,CARTAO_CREDITO,211.55,2025-10-31T20:04:30,APROVADO
PAG00004791,PED00004791,CARTAO_DEBITO,70.09,2025-10-31T14:15:41,APROVADO
PAG00004792,PED00004792,CARTAO_CREDITO,150.54,2025-10-31T19:37:30,APROVADO
PAG00004793,PED00004793,PIX,71.7,2025-10-31T17:22:13,APROVADO
PAG00004794,PED00004794,PIX,101.92,2025-10-31T10:01:22,APROVADO
PAG00004795,PED00004795,PIX,78.52,2025-10-31T13:10:03,APROVADO
PAG00004796,PED00004796,PIX,176.0,2025-10-31T22:22:22,APROVADO
PAG00004797,PED00004797,PIX,89.89,2025-10-31T23:35:02,APROVADO
PAG00004798,PED00004798,PIX,89.79,2025-10-31T12:17:12,APROVADO
PAG00004799,PED00004799,CARTAO_DEBITO,20.61,2025-10-31T15:20:41,APROVADO
PAG00004800,PED00004800,CARTAO_CREDITO,308.06,2025-10-31T23:29:17,APROVADO
PAG00004801,PED00004801,CARTAO_CREDITO,230.82,2025-10-31T17:21:28,APROVADO
PAG00004802,PED00004802,PIX,30.92,2025-10-31T15:50:30,APROVADO
PAG00004803,PED00004803,PIX,33.47,2025-10-31T13:09:16,APROVADO
PAG00004805,PED00004805,PIX,206.28,2025-10-31T15:59:20,APROVADO
PAG00004806,PED00004806,PIX,38.86,2025-10-31T20:31:31,APROVADO
PAG00004807,PED00004807,CARTAO_CREDITO,153.12,2025-10-31T11:06:35,APROVADO
PAG00004808,PED00004808,CARTAO_CREDITO,33.46,2025-10-31T17:07:28,APROVADO
PAG00004809,PED00004809,PIX,102.22,2025-10-31T16:58:41,PENDENTE
PAG00004810,PED00004810,CARTAO_CREDITO,19.45,2025-10-31T20:46:38,APROVADO
PAG00004811,PED00004811,CARTAO_CREDITO,180.59,2025-10-31T22:43:30,APROVADO
PAG00004812,PED00004812,CARTAO_CREDITO,34.21,2025-10-31T18:58:01,APROVADO
PAG00004813,PED00004813,PIX,46.22,2025-10-31T11:08:21,APROVADO
PAG00004814,PED00004814,CARTAO_CREDITO,252.76,2025-10-31T22:08:21,APROVADO
PAG00004815,PED00004815,CARTAO_CREDITO,52.44,2025-10-31T10:51:08,APROVADO
PAG00004816,PED00004816,CARTAO_CREDITO,11.06,2025-10-31T10:25:29,APROVADO
PAG00004817,PED00004817,CARTAO_DEBITO,24.89,2025-10-31T21:15:21,APROVADO
PAG00004818,PED00004818,PIX,286.74,2025-10-31T14:07:50,APROVADO
PAG00004819,PED00004819,PIX,64.07,2025-10-31T15:57:43,APROVADO
PAG00004820,PED00004820,PIX,140.56,2025-10-31T12:37:31,APROVADO
PAG00004821,PED00004821,PIX,19.46,2025-10-31T11:49:00,APROVADO
PAG00004822,PED00004822,CARTAO_CREDITO,191.47,2025-10-31T13:58:23,APROVADO
PAG00004823,PED00004823,CARTAO_CREDITO,202.37,2025-10-31T18:20:31,APROVADO
PAG00004824,PED00004824,PIX,137.71,2025-10-31T12:37:11,APROVADO
PAG00004825,PED00004825,CARTAO_CREDITO,58.09,2025-10-31T22:28:19,APROVADO
PAG00004826,PED00004826,CARTAO_DEBITO,117.02,2025-10-31T13:19:13,APROVADO
PAG00004827,PED00004827,CARTAO_CREDITO,18.15,2025-10-31T21:59:09,APROVADO
PAG00004828,PED00004828,CARTAO_CREDITO,59.4,2025-10-31T22:38:24,APROVADO
PAG00004829,PED00004829,CARTAO_CREDITO,76.14,2025-10-31T12:08:57,APROVADO
PAG00004830,PED00004830,PIX,54.34,2025-10-31T22:44:20,APROVADO
PAG00004832,PED00004832,PIX,106.1,2025-10-31T19:17:30,APROVADO
PAG00004833,PED00004833,CARTAO_CREDITO,77.16,2025-10-31T21:19:58,APROVADO
PAG00004834,PED00004834,PIX,34.62,2025-10-31T16:34:11,APROVADO
PAG00004835,PED00004835,PIX,70.81,2025-10-31T13:38:20,APROVADO
PAG00004836,PED00004836,CARTAO_CREDITO,41.47,2025-10-31T10:51:13,APROVADO
PAG00004837,PED00004837,CARTAO_CREDITO,42.75,2025-10-31T19:09:25,APROVADO
PAG00004838,PED00004838,CARTAO_CREDITO,11.07,2025-10-31T14:28:52,APROVADO
PAG00004839,PED00004839,CARTAO_DEBITO,176.55,2025-10-31T15:11:48,APROVADO
PAG00004840,PED00004840,PIX,42.98,2025-10-31T16:13:34,APROVADO
PAG00004841,PED00004841,PIX,31.14,2025-10-31T18:55:29,APROVADO
PAG00004842,PED00004842,PIX,233.97,2025-10-31T16:06:34,APROVADO
PAG00004843,PED00004843,PIX,61.15,2025-10-31T21:38:26,APROVADO
PAG00004844,PED00004844,PIX,74.53,2025-10-31T20:33:16,APROVADO
PAG00004845,PED00004845,PIX,105.53,2025-10-31T11:39:56,APROVADO
PAG00004847,PED00004847,PIX,17.03,2025-10-31T15:04:39,APROVADO
PAG00004848,PED00004848,CARTAO_DEBITO,13.96,2025-10-31T22:06:48,APROVADO
PAG00004849,PED00004849,CARTAO_CREDITO,208.17,2025-10-31T20:44:10,APROVADO
PAG00004850,PED00004850,PIX,261.61,2025-10-31T20:43:03,APROVADO
PAG00004851,PED00004851,PIX,137.99,2025-10-31T11:51:50,APROVADO
PAG00004852,PED00004852,CARTAO_CREDITO,44.44,2025-10-31T13:38:33,PENDENTE
PAG00004853,PED00004853,DINHEIRO,146.78,2025-10-31T18:53:24,APROVADO
PAG00004854,PED00004854,PIX,22.83,2025-10-31T12:36:03,APROVADO
PAG00004855,PED00004855,PIX,21.17,2025-10-31T19:30:40,APROVADO
PAG00004856,PED00004856,PIX,156.09,2025-10-31T17:08:34,APROVADO
PAG00004857,PED00004857,PIX,54.56,2025-10-31T17:50:41,APROVADO
PAG00004858,PED00004858,PIX,54.66,2025-10-31T18:57:08,APROVADO
PAG00004859,PED00004859,CARTAO_CREDITO,30.93,2025-10-31T10:18:44,APROVADO
PAG00004860,PED00004860,PIX,126.58,2025-10-31T22:54:07,APROVADO
PAG00004861,PED00004861,PIX,63.5,2025-10-31T11:13:45,APROVADO
PAG00004862,PED00004862,CARTAO_CREDITO,20.53,2025-10-31T13:26:49,APROVADO
PAG00004863,PED00004863,CARTAO_CREDITO,46.05,2025-10-31T16:15:41,APROVADO
PAG00004864,PED00004864,PIX,124.05,2025-10-31T14:15:41,APROVADO
PAG00004865,PED00004865,CARTAO_CREDITO,50.6,2025-10-31T16:16:36,APROVADO
PAG00004866,PED00004866,PIX,139.07,2025-10-31T22:56:52,APROVADO
PAG00004867,PED00004867,PIX,89.3,2025-10-31T22:39:27,APROVADO
PAG00004868,PED00004868,PIX,59.16,2025-10-31T13:15:27,APROVADO
PAG00004869,PED00004869,CARTAO_DEBITO,44.45,2025-10-31T20:09:17,APROVADO
PAG00004870,PED00004870,CARTAO_CREDITO,23.45,2025-10-31T22:04:42,APROVADO
PAG00004871,PED00004871,CARTAO_CREDITO,56.95,2025-10-31T18:56:28,APROVADO
PAG00004872,PED00004872,CARTAO_DEBITO,15.08,2025-10-31T15:47:06,APROVADO
PAG00004873,PED00004873,CARTAO_DEBITO,30.71,2025-10-31T22:54:19,APROVADO
PAG00004874,PED00004874,CARTAO_DEBITO,179.51,2025-10-31T15:01:26,APROVADO
PAG00004875,PED00004875,CARTAO_CREDITO,48.53,2025-10-31T23:26:32,APROVADO
PAG00004876,PED00004876,CARTAO_CREDITO,56.71,2025-10-31T20:49:06,APROVADO
PAG00004877,PED00004877,CARTAO_CREDITO,53.89,2025-10-31T16:16:31,APROVADO
PAG00004878,PED00004878,PIX,31.95,2025-10-31T20:30:44,APROVADO
PAG00004879,PED00004879,PIX,57.64,2025-10-31T16:11:53,APROVADO
PAG00004880,PED00004880,PIX,41.95,2025-10-31T11:53:59,APROVADO
PAG00004881,PED00004881,CARTAO_DEBITO,36.67,2025-10-31T21:33:10,APROVADO
PAG00004882,PED00004882,CARTAO_CREDITO,87.52,2025-10-31T16:40:59,APROVADO
PAG00004883,PED00004883,CARTAO_CREDITO,36.64,2025-10-31T20:06:46,APROVADO
PAG00004884,PED00004884,CARTAO_CREDITO,30.63,2025-10-31T11:47:55,APROVADO
PAG00004885,PED00004885,CARTAO_CREDITO,104.57,2025-10-31T19:41:53,APROVADO
PAG00004886,PED00004886,PIX,76.83,2025-10-31T20:14:51,APROVADO
PAG00004887,PED00004887,CARTAO_CREDITO,143.7,2025-10-31T20:44:59,PENDENTE
PAG00004888,PED00004888,CARTAO_CREDITO,77.81,2025-10-31T21:38:15,APROVADO
PAG00004889,PED00004889,CARTAO_DEBITO,35.33,2025-10-31T11:31:11,APROVADO
PAG00004890,PED00004890,CARTAO_CREDITO,178.85,2025-10-31T18:49:35,APROVADO
PAG00004891,PED00004891,PIX,22.55,2025-10-31T21:39:43,APROVADO
PAG00004892,PED00004892,CARTAO_DEBITO,36.74,2025-10-31T17:44:42,APROVADO
PAG00004893,PED00004893,DINHEIRO,144.61,2025-10-31T22:16:09,PENDENTE
PAG00004894,PED00004894,CARTAO_DEBITO,273.3,2025-10-31T13:19:23,PENDENTE
PAG00004896,PED00004896,CARTAO_DEBITO,39.12,2025-10-31T19:58:17,APROVADO
