pedido_id,cliente_id,loja_id,criado_em,status,subtotal,taxa_entrega,total,canal
PED00000001,CLI00939,LJ12,2025-09-01T11:37:06,PAGO,58.6,10.61,69.21,WEB
PED00000002,CLI00652,LJ08,2025-09-01T14:14:04,CANCELADO,21.05,6.15,27.2,APP_ANDROID
PED00000003,CLI00644,LJ07,2025-09-01T11:34:22,PENDENTE,21.88,10.78,32.66,WEB
PED00000004,CLI01712,LJ06,2025-09-01T12:05:45,PAGO,105.28,7.83,113.11,APP_ANDROID
PED00000005,CLI00512,LJ02,2025-09-01T17:06:51,PAGO,40.88,5.92,46.8,APP_ANDROID
PED00000006,CLI01193,LJ10,2025-09-01T14:58:52,PAGO,157.75,5.21,162.96,WEB
PED00000007,CLI00440,LJ03,2025-09-01T14:17:28,PAGO,45.36,8.49,53.85,WEB
PED00000008,CLI00573,LJ07,2025-09-01T12:26:12,PAGO,59.1,8.39,67.49,WEB
PED00000009,CLI00554,LJ03,2025-09-01T10:20:38,PAGO,157.62,10.54,168.16,WEB
PED00000010,CLI01180,LJ07,2025-09-01T15:59:53,PENDENTE,16.28,9.88,26.16,WEB
PED00000011,CLI01941,LJ10,2025-09-01T19:09:36,CANCELADO,118.91,9.3,128.21,APP_IOS
PED00000012,CLI00698,LJ12,2025-09-01T12:58:51,PAGO,18.42,11.02,29.44,APP_IOS
PED00000013,CLI01201,LJ02,2025-09-01T15:19:20,PAGO,40.48,9.54,50.02,APP_IOS
PED00000014,CLI00458,LJ11,2025-09-01T19:52:11,PAGO,204.0,9.22,213.22,WEB
PED00000015,CLI01919,LJ08,2025-09-01T12:21:47,PAGO,35.91,10.11,46.02,APP_ANDROID
PED00000016,CLI00430,LJ04,2025-09-01T21:04:22,PAGO,6.46,7.94,14.4,APP_IOS
PED00000017,CLI01806,LJ07,2025-09-01T15:34:24,PAGO,22.95,10.92,33.87,APP_ANDROID
PED00000018,CLI01950,LJ02,2025-09-01T11:21:10,PAGO,8.73,5.65,14.38,WEB
PED00000019,CLI01443,LJ01,2025-09-01T16:41:10,PAGO,22.2,11.48,33.68,WEB
PED00000020,CLI00610,LJ04,2025-09-01T11:03:25,PAGO,44.22,5.57,49.79,APP_IOS
PED00000021,CLI00965,LJ08,2025-09-01T20:16:05,PAGO,77.41,6.84,84.25,APP_ANDROID
PED00000022,CLI01541,LJ12,2025-09-01T20:06:05,PAGO,261.14,6.65,267.79,APP_ANDROID
PED00000023,CLI01029,LJ10,2025-09-01T18:51:36,PAGO,75.72,9.78,85.5,APP_IOS
PED00000024,CLI01709,LJ10,2025-09-01T14:20:58,PAGO,141.06,5.79,146.85,APP_IOS
PED00000025,CLI01895,LJ02,2025-09-01T19:49:06,PAGO,75.91,7.81,83.72,APP_ANDROID
PED00000026,CLI01415,LJ04,2025-09-01T10:47:30,CANCELADO,60.84,8.1,68.94,APP_ANDROID
PED00000027,CLI00552,LJ12,2025-09-01T16:38:41,PAGO,63.93,5.39,69.32,APP_IOS
PED00000028,CLI00827,LJ03,2025-09-01T22:54:33,PAGO,45.98,5.4,51.38,APP_IOS
PED00000029,CLI01444,LJ04,2025-09-01T14:23:52,PAGO,26.27,11.72,37.99,APP_ANDROID
PED00000030,CLI00706,LJ03,2025-09-01T23:57:16,PAGO,31.11,6.45,37.56,WEB
PED00000031,CLI01771,LJ11,2025-09-01T10:30:58,PAGO,10.63,10.64,21.27,APP_ANDROID
PED00000032,CLI00868,LJ07,2025-09-01T23:22:29,PAGO,48.33,9.64,57.97,APP_ANDROID
PED00000033,CLI00612,LJ11,2025-09-01T11:30:04,PAGO,202.94,6.32,209.26,WEB
PED00000034,CLI01650,LJ10,2025-09-01T16:42:20,PAGO,59.62,10.71,70.33,APP_ANDROID
PED00000035,CLI01406,LJ09,2025-09-01T20:50:30,CANCELADO,123.68,10.08,133.76,WEB
PED00000036,CLI01563,LJ03,2025-09-01T20:57:21,PAGO,87.8,9.1,96.9,APP_ANDROID
PED00000037,CLI00110,LJ11,2025-09-01T19:37:39,PAGO,67.08,11.35,78.43,APP_ANDROID
PED00000038,CLI01596,LJ02,2025-09-01T17:21:40,PENDENTE,39.3,6.11,45.41,APP_IOS
PED00000039,CLI01298,LJ07,2025-09-01T16:27:30,PAGO,24.77,11.24,36.01,WEB
PED00000040,CLI01284,LJ12,2025-09-01T13:14:44,PAGO,12.1,11.64,23.74,APP_ANDROID
PED00000041,CLI00692,LJ07,2025-09-01T20:08:21,PENDENTE,50.8,6.57,57.37,APP_IOS
PED00000042,CLI01208,LJ09,2025-09-01T12:07:23,PAGO,155.57,5.14,160.71,WEB
PED00000043,CLI00779,LJ02,2025-09-01T18:16:30,PAGO,65.05,9.36,74.41,WEB
PED00000044,CLI01048,LJ12,2025-09-01T19:07:18,PAGO,24.36,10.82,35.18,APP_IOS
PED00000045,CLI00605,LJ03,2025-09-01T10:35:31,CANCELADO,76.95,5.63,82.58,WEB
PED00000046,CLI00154,LJ12,2025-09-01T21:06:57,PAGO,15.27,7.03,22.3,WEB
PED00000047,CLI00195,LJ01,2025-09-01T10:54:08,PAGO,62.1,6.88,68.98,WEB
PED00000048,CLI00375,LJ02,2025-09-01T16:25:29,PAGO,34.78,9.87,44.65,APP_IOS
PED00000049,CLI00213,LJ07,2025-09-02T19:30:51,PAGO,69.86,10.09,79.95,APP_IOS
PED00000050,CLI00232,LJ07,2025-09-02T17:02:04,PAGO,95.53,11.85,107.38,WEB
PED00000051,CLI01072,LJ12,2025-09-02T21:39:06,PAGO,111.66,9.5,121.16,APP_IOS
PED00000052,CLI01745,LJ08,2025-09-02T23:10:04,PAGO,129.07,10.72,139.79,APP_IOS
PED00000053,CLI00181,LJ08,2025-09-02T17:20:07,PENDENTE,80.63,7.13,87.76,WEB
PED00000054,CLI01947,LJ06,2025-09-02T15:52:03,PAGO,103.14,9.44,112.58,APP_ANDROID
PED00000055,CLI01438,LJ02,2025-09-02T10:57:10,PAGO,74.29,10.3,84.59,APP_IOS
PED00000056,CLI01582,LJ08,2025-09-02T17:42:37,PENDENTE,19.35,8.87,28.22,APP_ANDROID
PED00000057,CLI01894,LJ09,2025-09-02T22:58:58,PAGO,238.39,9.26,247.65,WEB
PED00000058,CLI00815,LJ06,2025-09-02T14:28:51,PAGO,94.8,9.98,104.78,WEB
PED00000059,CLI00430,LJ10,2025-09-02T21:18:43,PAGO,89.4,8.36,97.76,WEB
PED00000060,CLI01381,LJ12,2025-09-02T23:34:18,PAGO,16.01,6.87,22.88,APP_IOS
PED00000061,CLI00300,LJ01,2025-09-02T21:50:18,PAGO,79.68,6.57,86.25,WEB
PED00000062,CLI01047,LJ12,2025-09-02T14:44:42,PAGO,275.67,10.21,285.88,APP_IOS
PED00000063,CLI01700,LJ04,2025-09-02T20:45:45,PAGO,241.41,11.74,253.15,WEB
PED00000064,CLI00084,LJ07,2025-09-02T14:35:16,PAGO,35.47,9.38,44.85,WEB
PED00000065,CLI00734,LJ02,2025-09-02T22:45:20,PAGO,97.4,8.93,106.33,WEB
PED00000066,CLI00913,LJ04,2025-09-02T20:39:58,PAGO,359.02,7.08,366.1,WEB
PED00000067,CLI00169,LJ02,2025-09-02T12:49:34,PAGO,63.73,11.83,75.56,APP_ANDROID
PED00000068,CLI01530,LJ11,2025-09-02T12:01:29,PAGO,4.32,8.91,13.23,WEB
PED00000069,CLI00835,LJ07,2025-09-02T17:40:25,PAGO,15.68,10.04,25.72,APP_IOS
PED00000070,CLI01436,LJ02,2025-09-02T15:59:32,PAGO,54.53,6.54,61.07,WEB
PED00000071,CLI00605,LJ11,2025-09-02T12:19:43,PAGO,75.17,10.08,85.25,APP_IOS
PED00000072,CLI00292,LJ03,2025-09-02T12:14:39,PAGO,11.48,5.38,16.86,WEB
PED00000073,CLI00150,LJ05,2025-09-02T20:04:16,PAGO,285.52,8.4,293.92,APP_ANDROID
PED00000074,CLI01421,LJ10,2025-09-02T12:36:36,PAGO,23.82,8.05,31.87,APP_ANDROID
PED00000075,CLI01798,LJ08,2025-09-02T17:28:22,PAGO,11.98,11.24,23.22,APP_IOS
PED00000076,CLI01490,LJ02,2025-09-02T10:54:32,PAGO,130.15,11.24,141.39,WEB
PED00000077,CLI00275,LJ08,2025-09-02T18:32:05,PAGO,63.12,5.98,69.1,APP_IOS
PED00000078,CLI01508,LJ12,2025-09-02T17:22:02,PAGO,21.26,7.53,28.79,APP_ANDROID
PED00000079,CLI00082,LJ11,2025-09-02T15:06:45,PENDENTE,115.3,10.85,126.15,WEB
PED00000080,CLI01058,LJ07,2025-09-02T15:52:55,PAGO,86.07,6.31,92.38,APP_ANDROID
PED00000081,CLI01354,LJ04,2025-09-02T16:51:21,PAGO,132.41,5.3,137.71,WEB
PED00000082,CLI01290,LJ09,2025-09-02T10:57:36,PAGO,7.22,9.2,16.42,WEB
PED00000083,CLI01940,LJ02,2025-09-02T13:28:38,PENDENTE,38.17,8.17,46.34,WEB
PED00000084,CLI00790,LJ03,2025-09-02T11:01:12,PAGO,108.8,9.62,118.42,WEB
PED00000085,CLI01837,LJ11,2025-09-02T20:27:33,PAGO,131.73,7.98,139.71,APP_ANDROID
PED00000086,CLI01864,LJ02,2025-09-02T14:38:56,PAGO,49.92,7.63,57.55,APP_IOS
PED00000087,CLI00838,LJ06,2025-09-02T11:09:27,PAGO,30.27,10.28,40.55,APP_ANDROID
PED00000088,CLI00989,LJ03,2025-09-02T15:35:35,PAGO,147.78,8.85,156.63,WEB
PED00000089,CLI00330,LJ07,2025-09-02T20:00:51,PAGO,19.85,6.84,26.69,APP_ANDROID
PED00000090,CLI01484,LJ07,2025-09-02T16:39:41,PAGO,76.08,8.63,84.71,APP_IOS
PED00000091,CLI01057,LJ12,2025-09-02T13:39:10,PAGO,41.06,7.77,48.83,WEB
PED00000092,CLI01510,LJ12,2025-09-02T11:58:05,PAGO,140.82,5.03,145.85,APP_IOS
PED00000093,CLI01145,LJ02,2025-09-02T18:18:21,CANCELADO,105.11,9.77,114.88,WEB
PED00000094,CLI01766,LJ01,2025-09-02T17:07:16,PAGO,63.13,6.74,69.87,APP_IOS
PED00000095,CLI00156,LJ09,2025-09-02T12:30:20,PAGO,66.06,6.75,72.81,WEB
PED00000096,CLI00246,LJ02,2025-09-02T20:42:31,PAGO,319.72,8.44,328.16,WEB
PED00000097,CLI01537,LJ10,2025-09-02T12:03:33,PAGO,41.37,11.84,53.21,WEB
PED00000098,CLI01412,LJ01,2025-09-02T10:43:13,PAGO,28.99,8.84,37.83,APP_IOS
PED00000099,CLI00750,LJ03,2025-09-02T17:27:13,PAGO,81.89,6.89,88.78,APP_IOS
PED00000100,CLI00402,LJ03,2025-09-02T22:47:09,PAGO,27.08,10.95,38.03,WEB
PED00000101,CLI01609,LJ08,2025-09-02T14:16:35,PAGO,12.05,10.7,22.75,APP_ANDROID
PED00000102,CLI00922,LJ12,2025-09-02T15:16:23,PAGO,33.94,9.54,43.48,APP_IOS
PED00000103,CLI00728,LJ06,2025-09-02T20:32:31,PAGO,213.51,9.48,222.99,APP_ANDROID
PED00000104,CLI01739,LJ02,2025-09-02T11:10:21,PAGO,38.6,11.04,49.64,APP_ANDROID
PED00000105,CLI01978,LJ08,2025-09-03T16:10:11,PAGO,24.74,9.9,34.64,APP_IOS
PED00000106,CLI00211,LJ02,2025-09-03T11:59:56,PAGO,22.38,5.58,27.96,APP_ANDROID
PED00000107,CLI01342,LJ07,2025-09-03T14:14:15,PAGO,10.34,11.41,21.75,APP_ANDROID
PED00000108,CLI01915,LJ05,2025-09-03T18:28:08,PENDENTE,103.4,11.36,114.76,APP_ANDROID
PED00000109,CLI00905,LJ05,2025-09-03T15:26:16,PAGO,123.55,7.41,130.96,APP_ANDROID
PED00000110,CLI01940,LJ08,2025-09-03T14:00:49,PAGO,39.71,7.76,47.47,APP_IOS
PED00000111,CLI01697,LJ07,2025-09-03T13:16:05,PAGO,68.0,10.2,78.2,APP_ANDROID
PED00000112,CLI00374,LJ03,2025-09-03T14:07:40,PAGO,41.4,5.15,46.55,APP_IOS
PED00000113,CLI01465,LJ08,2025-09-03T21:00:14,PAGO,7.75,10.6,18.35,APP_ANDROID
PED00000114,CLI00677,LJ02,2025-09-03T23:48:09,PAGO,58.7,10.0,68.7,APP_ANDROID
PED00000115,CLI00507,LJ12,2025-09-03T10:12:29,PAGO,197.46,9.77,207.23,APP_ANDROID
PED00000116,CLI01289,LJ12,2025-09-03T10:47:59,PAGO,54.99,11.21,66.2,WEB
PED00000117,CLI00484,LJ11,2025-09-03T16:20:00,PAGO,21.43,9.82,31.25,APP_IOS
PED00000118,CLI00510,LJ03,2025-09-03T17:05:43,PAGO,113.14,10.64,123.78,APP_ANDROID
PED00000119,CLI01412,LJ07,2025-09-03T15:46:08,PAGO,23.31,9.88,33.19,APP_IOS
PED00000120,CLI00713,LJ06,2025-09-03T21:29:17,PAGO,60.0,9.47,69.47,APP_ANDROID
PED00000121,CLI01270,LJ06,2025-09-03T22:39:15,PAGO,115.7,9.78,125.48,WEB
PED00000122,CLI00661,LJ07,2025-09-03T20:20:07,PAGO,52.73,10.85,63.58,WEB
PED00000123,CLI00101,LJ06,2025-09-03T13:38:45,PAGO,59.39,9.96,69.35,WEB
PED00000124,CLI01504,LJ02,2025-09-03T23:19:04,CANCELADO,105.42,9.72,115.14,WEB
PED00000125,CLI01363,LJ07,2025-09-03T11:10:50,PAGO,59.16,7.21,66.37,APP_ANDROID
PED00000126,CLI01566,LJ11,2025-09-03T16:52:46,PAGO,40.84,8.17,49.01,APP_ANDROID
PED00000127,CLI00583,LJ10,2025-09-03T10:33:08,PENDENTE,109.31,9.83,119.14,APP_ANDROID
PED00000128,CLI01140,LJ10,2025-09-03T19:09:06,PAGO,12.1,5.64,17.74,APP_ANDROID
PED00000129,CLI01504,LJ02,2025-09-03T21:20:50,PAGO,27.86,5.26,33.12,WEB
PED00000130,CLI01888,LJ06,2025-09-03T15:56:52,PAGO,193.36,8.95,202.31,APP_ANDROID
PED00000131,CLI00314,LJ01,2025-09-03T20:46:25,PENDENTE,63.54,5.35,68.89,APP_ANDROID
PED00000132,CLI01028,LJ07,2025-09-03T22:44:08,PAGO,32.63,8.67,41.3,APP_IOS
PED00000133,CLI00663,LJ11,2025-09-03T19:05:07,PAGO,25.93,11.91,37.84,WEB
PED00000134,CLI01277,LJ03,2025-09-03T17:02:59,PAGO,10.13,5.6,15.73,WEB
PED00000135,CLI01780,LJ05,2025-09-03T10:21:44,PAGO,38.34,10.25,48.59,WEB
PED00000136,CLI01424,LJ12,2025-09-03T20:01:24,PAGO,43.77,5.47,49.24,WEB
PED00000137,CLI01771,LJ02,2025-09-03T10:18:55,PAGO,33.49,8.72,42.21,APP_IOS
PED00000138,CLI01149,LJ12,2025-09-03T10:02:15,CANCELADO,65.77,7.12,72.89,WEB
PED00000139,CLI00565,LJ01,2025-09-03T20:16:56,PAGO,356.42,9.01,365.43,APP_ANDROID
PED00000140,CLI00920,LJ09,2025-09-03T12:13:41,PAGO,46.29,5.95,52.24,APP_IOS
PED00000141,CLI00651,LJ02,2025-09-03T18:34:46,PAGO,65.47,7.88,73.35,APP_ANDROID
PED00000142,CLI00312,LJ04,2025-09-03T11:08:11,PAGO,119.15,10.96,130.11,APP_ANDROID
PED00000143,CLI00396,LJ04,2025-09-03T10:26:48,PENDENTE,147.37,8.2,155.57,APP_IOS
PED00000144,CLI01246,LJ12,2025-09-03T23:24:46,PAGO,145.54,11.14,156.68,APP_IOS
PED00000145,CLI01506,LJ01,2025-09-03T18:24:33,PAGO,173.6,10.06,183.66,APP_IOS
PED00000146,CLI00278,LJ07,2025-09-03T16:20:28,PAGO,38.65,9.54,48.19,WEB
PED00000147,CLI00187,LJ02,2025-09-03T21:28:40,PAGO,128.86,7.66,136.52,APP_IOS
PED00000148,CLI00333,LJ03,2025-09-03T12:49:45,PAGO,52.67,11.72,64.39,APP_IOS
PED00000149,CLI00026,LJ08,2025-09-03T17:54:31,PAGO,13.41,9.62,23.03,APP_ANDROID
PED00000150,CLI01232,LJ10,2025-09-03T10:15:56,PAGO,125.97,9.05,135.02,WEB
PED00000151,CLI00101,LJ02,2025-09-03T16:11:10,PAGO,84.19,10.38,94.57,APP_ANDROID
PED00000152,CLI01680,LJ02,2025-09-03T22:27:53,PAGO,23.79,9.87,33.66,WEB
PED00000153,CLI00180,LJ08,2025-09-03T21:44:38,CANCELADO,251.56,6.63,258.19,APP_ANDROID
PED00000154,CLI00397,LJ01,2025-09-03T11:01:29,PAGO,7.59,7.9,15.49,APP_IOS
PED00000155,CLI00024,LJ11,2025-09-03T13:44:18,PAGO,16.7,5.04,21.74,WEB
PED00000156,CLI01484,LJ10,2025-09-03T19:01:53,PAGO,116.81,8.37,125.18,WEB
PED00000157,CLI01835,LJ06,2025-09-03T17:50:52,PAGO,47.19,11.41,58.6,APP_ANDROID
PED00000158,CLI00575,LJ01,2025-09-03T15:24:40,PAGO,30.08,11.05,41.13,APP_ANDROID
PED00000159,CLI01454,LJ01,2025-09-03T14:26:05,PAGO,130.29,10.49,140.78,APP_IOS
PED00000160,CLI01037,LJ01,2025-09-03T22:30:57,PAGO,14.32,7.17,21.49,APP_ANDROID
PED00000161,CLI01684,LJ09,2025-09-03T20:08:13,PAGO,120.61,9.16,129.77,APP_IOS
PED00000162,CLI00212,LJ09,2025-09-03T22:42:47,PAGO,62.69,6.91,69.6,APP_IOS
PED00000163,CLI01963,LJ10,2025-09-03T18:32:06,PAGO,20.96,5.5,26.46,WEB
PED00000164,CLI00909,LJ01,2025-09-03T12:01:30,CANCELADO,12.81,6.25,19.06,WEB
PED00000165,CLI01826,LJ10,2025-09-03T20:53:44,PAGO,61.68,5.92,67.6,WEB
PED00000166,CLI00636,LJ11,2025-09-03T20:45:49,PAGO,58.66,9.9,68.56,WEB
PED00000167,CLI00929,LJ08,2025-09-03T10:04:30,PAGO,37.52,7.84,45.36,WEB
PED00000168,CLI01139,LJ11,2025-09-03T11:50:19,PAGO,57.64,7.38,65.02,WEB
PED00000169,CLI01162,LJ06,2025-09-04T18:44:15,PAGO,111.45,6.23,117.68,APP_ANDROID
PED00000170,CLI01404,LJ10,2025-09-04T22:52:24,PAGO,31.37,6.04,37.41,WEB
PED00000171,CLI00401,LJ04,2025-09-04T20:56:20,PAGO,66.03,8.57,74.6,APP_IOS
PED00000172,CLI00757,LJ09,2025-09-04T10:00:45,PAGO,90.78,7.69,98.47,APP_ANDROID
PED00000173,CLI00591,LJ11,2025-09-04T12:08:00,PAGO,72.53,11.82,84.35,APP_IOS
PED00000174,CLI01762,LJ08,2025-09-04T22:44:38,CANCELADO,113.76,10.93,124.69,APP_IOS
PED00000175,CLI01459,LJ09,2025-09-04T14:26:59,PAGO,22.06,5.56,27.62,WEB
PED00000176,CLI00953,LJ09,2025-09-04T11:33:56,PAGO,64.43,9.06,73.49,WEB
PED00000177,CLI01096,LJ01,2025-09-04T17:29:32,CANCELADO,104.43,10.09,114.52,WEB
PED00000178,CLI00534,LJ01,2025-09-04T20:30:37,PAGO,51.63,7.01,58.64,APP_IOS
PED00000179,CLI01744,LJ05,2025-09-04T14:08:39,PAGO,102.24,10.6,112.84,APP_IOS
PED00000180,CLI01982,LJ03,2025-09-04T19:59:52,PAGO,92.5,9.04,101.54,APP_ANDROID
PED00000181,CLI01548,LJ02,2025-09-04T10:10:29,PAGO,90.54,8.32,98.86,APP_IOS
PED00000182,CLI00025,LJ05,2025-09-04T22:28:24,PAGO,304.28,8.23,312.51,WEB
PED00000183,CLI01065,LJ06,2025-09-04T20:44:11,PAGO,37.1,5.68,42.78,APP_IOS
PED00000184,CLI00450,LJ12,2025-09-04T14:16:12,PAGO,59.3,11.0,70.3,APP_IOS
PED00000185,CLI01836,LJ02,2025-09-04T21:11:16,PAGO,87.75,6.13,93.88,APP_IOS
PED00000186,CLI00784,LJ07,2025-09-04T15:03:16,PENDENTE,42.75,8.44,51.19,APP_IOS
PED00000187,CLI00448,LJ10,2025-09-04T20:06:58,PAGO,30.82,8.48,39.3,WEB
PED00000188,CLI01362,LJ07,2025-09-04T14:09:44,PAGO,51.01,10.09,61.1,APP_IOS
PED00000189,CLI00788,LJ12,2025-09-04T23:49:30,PAGO,30.09,5.63,35.72,WEB
PED00000190,CLI00165,LJ08,2025-09-04T22:49:18,PAGO,79.25,7.09,86.34,APP_ANDROID
PED00000191,CLI00997,LJ02,2025-09-04T20:28:47,PAGO,19.68,8.42,28.1,APP_IOS
PED00000192,CLI01024,LJ09,2025-09-04T23:51:28,PENDENTE,10.18,5.3,15.48,APP_IOS
PED00000193,CLI00939,LJ11,2025-09-04T23:55:34,PAGO,83.77,9.54,93.31,APP_IOS
PED00000194,CLI01853,LJ05,2025-09-04T23:50:06,PAGO,15.37,5.8,21.17,WEB
PED00000195,CLI00130,LJ04,2025-09-04T16:21:51,PAGO,53.18,6.21,59.39,APP_IOS
PED00000196,CLI01552,LJ07,2025-09-04T12:44:23,PAGO,79.43,10.44,89.87,APP_IOS
PED00000197,CLI00014,LJ01,2025-09-04T12:59:05,PAGO,49.94,7.88,57.82,APP_IOS
PED00000198,CLI01222,LJ03,2025-09-04T21:31:39,PENDENTE,271.59,11.04,282.63,WEB
PED00000199,CLI01578,LJ11,2025-09-04T20:13:17,PAGO,11.93,8.32,20.25,APP_IOS
PED00000200,CLI00111,LJ11,2025-09-04T15:18:13,PAGO,78.23,6.23,84.46,APP_IOS
PED00000201,CLI00146,LJ04,2025-09-04T21:28:37,PAGO,45.68,6.66,52.34,APP_ANDROID
PED00000202,CLI01826,LJ04,2025-09-04T11:30:37,PAGO,31.07,9.85,40.92,APP_IOS
PED00000203,CLI01745,LJ08,2025-09-04T17:26:10,PAGO,232.27,9.05,241.32,WEB
PED00000204,CLI00844,LJ09,2025-09-04T17:55:13,PAGO,55.06,7.92,62.98,APP_IOS
PED00000205,CLI01503,LJ09,2025-09-04T10:27:33,PAGO,123.87,11.99,135.86,APP_IOS
PED00000206,CLI00332,LJ12,2025-09-04T17:54:36,PAGO,36.43,9.92,46.35,APP_IOS
PED00000207,CLI01284,LJ08,2025-09-04T21:40:00,PAGO,20.76,7.08,27.84,APP_ANDROID
PED00000208,CLI01179,LJ04,2025-09-04T22:43:05,PAGO,38.73,7.68,46.41,APP_ANDROID
PED00000209,CLI00751,LJ03,2025-09-04T20:35:45,PAGO,50.43,6.47,56.9,WEB
PED00000210,CLI00723,LJ05,2025-09-04T18:43:27,PAGO,19.8,10.81,30.61,APP_ANDROID
PED00000211,CLI01843,LJ05,2025-09-04T17:39:23,PAGO,195.25,9.88,205.13,APP_ANDROID
PED00000212,CLI01067,LJ11,2025-09-04T10:18:26,PENDENTE,42.5,5.44,47.94,APP_IOS
PED00000213,CLI01321,LJ06,2025-09-04T16:37:21,PAGO,68.81,6.2,75.01,APP_ANDROID
PED00000214,CLI01989,LJ05,2025-09-04T22:54:03,PAGO,31.85,10.88,42.73,WEB
PED00000215,CLI00331,LJ04,2025-09-04T11:02:20,PAGO,30.39,6.04,36.43,APP_ANDROID
PED00000216,CLI01093,LJ05,2025-09-04T11:58:01,PAGO,27.67,11.83,39.5,APP_ANDROID
PED00000217,CLI00971,LJ05,2025-09-04T22:36:42,PAGO,64.79,5.17,69.96,WEB
PED00000218,CLI00732,LJ02,2025-09-04T15:03:38,PAGO,91.55,11.83,103.38,APP_ANDROID
PED00000219,CLI01236,LJ10,2025-09-04T18:03:58,PAGO,80.22,7.16,87.38,APP_ANDROID
PED00000220,CLI00442,LJ12,2025-09-04T17:47:26,PAGO,102.83,9.11,111.94,APP_IOS
PED00000221,CLI00973,LJ09,2025-09-04T15:04:59,PENDENTE,46.14,6.39,52.53,APP_ANDROID
PED00000222,CLI00087,LJ05,2025-09-04T23:37:19,PAGO,49.64,11.25,60.89,APP_ANDROID
PED00000223,CLI00059,LJ02,2025-09-04T22:17:31,PENDENTE,23.75,8.05,31.8,APP_ANDROID
PED00000224,CLI01996,LJ12,2025-09-04T23:07:23,PAGO,18.76,7.53,26.29,WEB
PED00000225,CLI00100,LJ05,2025-09-04T14:33:40,CANCELADO,78.47,11.11,89.58,WEB
PED00000226,CLI01639,LJ05,2025-09-04T14:43:44,PAGO,28.74,5.96,34.7,APP_ANDROID
PED00000227,CLI00844,LJ06,2025-09-04T12:06:13,PAGO,95.42,8.72,104.14,WEB
PED00000228,CLI00855,LJ08,2025-09-04T11:07:52,PAGO,9.76,10.72,20.48,WEB
PED00000229,CLI00353,LJ12,2025-09-04T14:01:47,PAGO,31.11,5.55,36.66,WEB
PED00000230,CLI00160,LJ01,2025-09-04T22:30:48,PAGO,19.53,5.41,24.94,APP_IOS
PED00000231,CLI00136,LJ05,2025-09-04T20:00:48,PAGO,15.5,6.29,21.79,APP_ANDROID
PED00000232,CLI01733,LJ12,2025-09-04T14:37:22,PAGO,149.52,10.28,159.8,APP_IOS
PED00000233,CLI01893,LJ04,2025-09-04T18:54:45,PAGO,44.4,5.79,50.19,APP_ANDROID
PED00000234,CLI01065,LJ03,2025-09-04T17:48:23,PAGO,45.9,6.58,52.48,APP_ANDROID
PED00000235,CLI00387,LJ02,2025-09-04T23:51:30,CANCELADO,86.35,9.74,96.09,APP_IOS
PED00000236,CLI00294,LJ07,2025-09-04T16:44:37,PENDENTE,100.52,10.08,110.6,APP_ANDROID
PED00000237,CLI01549,LJ11,2025-09-04T16:22:30,PAGO,88.85,6.25,95.1,WEB
PED00000238,CLI00621,LJ10,2025-09-04T19:06:48,PAGO,64.74,8.78,73.52,APP_IOS
PED00000239,CLI00882,LJ02,2025-09-04T16:28:20,PAGO,29.91,6.15,36.06,APP_ANDROID
PED00000240,CLI00999,LJ02,2025-09-04T19:43:31,PAGO,74.85,9.74,84.59,APP_ANDROID
PED00000241,CLI01210,LJ01,2025-09-05T12:53:23,PAGO,51.36,6.71,58.07,APP_IOS
PED00000242,CLI01865,LJ12,2025-09-05T11:55:19,PAGO,19.82,11.04,30.86,WEB
PED00000243,CLI00547,LJ01,2025-09-05T21:30:37,PAGO,52.24,6.44,58.68,APP_ANDROID
PED00000244,CLI00342,LJ10,2025-09-05T14:23:27,PAGO,47.8,10.2,58.0,APP_IOS
PED00000245,CLI01213,LJ06,2025-09-05T14:04:36,PAGO,15.3,8.03,23.33,WEB
PED00000246,CLI00824,LJ05,2025-09-05T19:32:29,PAGO,14.54,9.63,24.17,WEB
PED00000247,CLI01920,LJ11,2025-09-05T18:51:39,PAGO,92.39,11.02,103.41,APP_IOS
PED00000248,CLI00547,LJ05,2025-09-05T20:10:16,PAGO,30.91,8.4,39.31,APP_ANDROID
PED00000249,CLI00414,LJ03,2025-09-05T14:08:01,PAGO,148.92,11.3,160.22,APP_ANDROID
PED00000250,CLI00813,LJ12,2025-09-05T23:08:15,PAGO,116.57,9.2,125.77,APP_ANDROID
PED00000251,CLI01651,LJ12,2025-09-05T21:15:59,PAGO,3.71,7.86,11.57,WEB
PED00000252,CLI00768,LJ12,2025-09-05T11:20:34,PAGO,81.67,9.24,90.91,WEB
PED00000253,CLI01415,LJ11,2025-09-05T13:16:35,PAGO,72.07,7.75,79.82,APP_ANDROID
PED00000254,CLI00610,LJ04,2025-09-05T23:56:10,CANCELADO,75.78,10.16,85.94,APP_ANDROID
PED00000255,CLI01470,LJ07,2025-09-05T23:06:52,PAGO,23.23,9.87,33.1,APP_IOS
PED00000256,CLI01291,LJ08,2025-09-05T22:41:08,PAGO,12.02,10.37,22.39,WEB
PED00000257,CLI01624,LJ06,2025-09-05T17:30:55,PAGO,40.86,6.27,47.13,APP_ANDROID
PED00000258,CLI00043,LJ01,2025-09-05T18:41:39,PAGO,47.38,5.1,52.48,WEB
PED00000259,CLI01695,LJ11,2025-09-05T17:07:14,PAGO,43.95,10.23,54.18,APP_ANDROID
PED00000260,CLI01229,LJ04,2025-09-05T23:18:46,PAGO,45.34,6.74,52.08,WEB
PED00000261,CLI00176,LJ01,2025-09-05T17:08:55,PAGO,62.09,11.52,73.61,APP_ANDROID
PED00000262,CLI00011,LJ05,2025-09-05T18:39:24,PAGO,22.98,8.53,31.51,APP_ANDROID
PED00000263,CLI00184,LJ06,2025-09-05T21:33:27,PAGO,77.99,11.81,89.8,APP_ANDROID
PED00000264,CLI00580,LJ05,2025-09-05T19:53:48,CANCELADO,130.69,10.97,141.66,WEB
PED00000265,CLI01304,LJ08,2025-09-05T10:12:09,PAGO,19.29,8.06,27.35,APP_ANDROID
PED00000266,CLI01453,LJ09,2025-09-05T17:29:31,PAGO,34.66,11.24,45.9,WEB
PED00000267,CLI01078,LJ10,2025-09-05T12:26:58,PAGO,69.09,5.74,74.83,APP_ANDROID
PED00000268,CLI00943,LJ12,2025-09-05T20:30:29,PAGO,66.55,11.63,78.18,WEB
PED00000269,CLI00433,LJ01,2025-09-05T22:41:18,PAGO,8.49,5.65,14.14,APP_ANDROID
PED00000270,CLI00183,LJ01,2025-09-05T23:13:10,PAGO,54.59,10.15,64.74,APP_ANDROID
PED00000271,CLI00736,LJ11,2025-09-05T11:53:23,PAGO,44.04,10.68,54.72,WEB
PED00000272,CLI00191,LJ01,2025-09-05T18:21:29,PAGO,98.67,8.34,107.01,APP_IOS
PED00000273,CLI01724,LJ04,2025-09-05T18:27:18,PAGO,55.55,6.78,62.33,APP_IOS
PED00000274,CLI00234,LJ12,2025-09-05T20:29:11,PAGO,57.39,10.67,68.06,APP_IOS
PED00000275,CLI01786,LJ11,2025-09-05T11:27:34,PAGO,30.67,10.21,40.88,WEB
PED00000276,CLI01415,LJ11,2025-09-05T21:43:25,PAGO,3.65,5.11,8.76,APP_IOS
PED00000277,CLI00986,LJ11,2025-09-05T12:41:15,PAGO,49.4,10.17,59.57,APP_ANDROID
PED00000278,CLI00041,LJ08,2025-09-05T19:15:12,PAGO,236.75,5.26,242.01,APP_ANDROID
PED00000279,CLI00475,LJ12,2025-09-05T10:33:01,PAGO,18.05,11.57,29.62,APP_ANDROID
PED00000280,CLI00043,LJ03,2025-09-05T14:46:12,PAGO,82.21,10.01,92.22,APP_ANDROID
PED00000281,CLI01481,LJ12,2025-09-05T16:26:53,CANCELADO,74.17,5.9,80.07,APP_IOS
PED00000282,CLI00321,LJ10,2025-09-05T17:06:50,PAGO,72.53,5.84,78.37,APP_IOS
PED00000283,CLI01608,LJ06,2025-09-05T22:02:49,PAGO,69.27,11.49,80.76,APP_ANDROID
PED00000284,CLI01997,LJ02,2025-09-05T22:39:39,PAGO,64.76,10.13,74.89,APP_IOS
PED00000285,CLI00686,LJ03,2025-09-05T11:54:12,PAGO,30.17,5.6,35.77,APP_ANDROID
PED00000286,CLI00739,LJ11,2025-09-05T20:15:09,PAGO,91.71,11.66,103.37,WEB
PED00000287,CLI01933,LJ01,2025-09-05T17:09:49,PAGO,47.69,9.42,57.11,WEB
PED00000288,CLI01993,LJ05,2025-09-05T16:25:56,PAGO,92.29,7.83,100.12,WEB
PED00000289,CLI01279,LJ10,2025-09-05T20:28:44,PAGO,87.79,6.5,94.29,WEB
PED00000290,CLI00698,LJ11,2025-09-05T12:01:01,PAGO,32.54,10.12,42.66,APP_ANDROID
PED00000291,CLI00726,LJ02,2025-09-05T10:48:41,CANCELADO,94.21,8.96,103.17,WEB
PED00000292,CLI01363,LJ09,2025-09-05T23:38:14,PAGO,77.3,6.73,84.03,APP_ANDROID
PED00000293,CLI01686,LJ06,2025-09-05T17:06:09,PAGO,80.52,6.85,87.37,APP_ANDROID
PED00000294,CLI01412,LJ08,2025-09-05T21:26:52,PAGO,78.47,9.86,88.33,APP_ANDROID
PED00000295,CLI01934,LJ09,2025-09-05T15:58:07,PAGO,27.86,11.94,39.8,APP_ANDROID
PED00000296,CLI01621,LJ03,2025-09-05T12:50:37,PAGO,116.88,8.17,125.05,APP_ANDROID
PED00000297,CLI01709,LJ12,2025-09-05T23:38:08,PAGO,80.05,10.6,90.65,WEB
PED00000298,CLI00477,LJ07,2025-09-05T15:34:02,PENDENTE,71.56,6.35,77.91,WEB
PED00000299,CLI01961,LJ10,2025-09-05T18:12:48,PAGO,61.28,7.24,68.52,WEB
PED00000300,CLI00697,LJ07,2025-09-05T12:26:01,PAGO,28.1,6.79,34.89,APP_IOS
PED00000301,CLI01390,LJ03,2025-09-05T10:39:20,PAGO,135.2,6.68,141.88,WEB
PED00000302,CLI01042,LJ09,2025-09-05T16:07:17,PAGO,29.43,6.88,36.31,WEB
PED00000303,CLI01563,LJ09,2025-09-05T20:50:08,PAGO,154.34,11.9,166.24,APP_IOS
PED00000304,CLI01969,LJ09,2025-09-05T17:02:00,PAGO,215.87,5.32,221.19,WEB
PED00000305,CLI00616,LJ02,2025-09-05T16:44:07,PAGO,384.33,11.86,396.19,WEB
PED00000306,CLI01357,LJ06,2025-09-05T15:13:29,PENDENTE,39.53,5.07,44.6,APP_IOS
PED00000307,CLI01562,LJ07,2025-09-05T18:05:50,PAGO,67.47,7.71,75.18,WEB
PED00000308,CLI00948,LJ06,2025-09-05T13:28:00,PAGO,26.03,6.34,32.37,WEB
PED00000309,CLI00480,LJ08,2025-09-05T15:02:17,PAGO,53.06,8.86,61.92,WEB
PED00000310,CLI00134,LJ10,2025-09-05T12:47:04,PAGO,159.09,11.18,170.27,APP_IOS
PED00000311,CLI01749,LJ06,2025-09-05T16:54:26,PAGO,126.97,7.21,134.18,APP_ANDROID
PED00000312,CLI01803,LJ10,2025-09-05T22:01:47,PAGO,38.63,5.17,43.8,WEB
PED00000313,CLI00507,LJ02,2025-09-05T17:15:21,PAGO,149.22,7.64,156.86,WEB
PED00000314,CLI00127,LJ08,2025-09-05T10:19:39,PAGO,15.76,10.95,26.71,APP_ANDROID
PED00000315,CLI00478,LJ10,2025-09-05T22:42:39,PAGO,26.44,10.48,36.92,APP_ANDROID
PED00000316,CLI00222,LJ02,2025-09-05T10:38:45,PAGO,99.95,5.96,105.91,APP_IOS
PED00000317,CLI01198,LJ07,2025-09-05T18:41:48,PAGO,95.77,6.01,101.78,APP_IOS
PED00000318,CLI00865,LJ06,2025-09-05T13:12:40,CANCELADO,213.89,7.35,221.24,APP_ANDROID
PED00000319,CLI00858,LJ06,2025-09-05T12:06:29,PAGO,57.35,6.44,63.79,APP_IOS
PED00000320,CLI00744,LJ01,2025-09-05T11:22:01,PAGO,19.06,10.36,29.42,APP_IOS
PED00000321,CLI00406,LJ05,2025-09-05T12:14:56,PAGO,14.52,5.15,19.67,APP_ANDROID
PED00000322,CLI01703,LJ11,2025-09-05T12:24:41,PAGO,6.87,7.59,14.46,APP_ANDROID
PED00000323,CLI01637,LJ10,2025-09-05T16:56:45,PAGO,6.69,8.73,15.42,WEB
PED00000324,CLI01303,LJ04,2025-09-05T10:48:39,PAGO,82.11,10.49,92.6,WEB
PED00000325,CLI01042,LJ07,2025-09-05T22:56:41,PAGO,58.86,11.69,70.55,APP_ANDROID
PED00000326,CLI01307,LJ10,2025-09-05T20:02:13,PAGO,85.24,11.55,96.79,APP_ANDROID
PED00000327,CLI00276,LJ02,2025-09-05T14:28:33,PAGO,95.95,5.17,101.12,APP_ANDROID
PED00000328,CLI00736,LJ02,2025-09-05T14:53:32,PAGO,22.65,6.75,29.4,WEB
PED00000329,CLI00391,LJ12,2025-09-05T19:08:54,PAGO,139.42,10.3,149.72,APP_IOS
PED00000330,CLI01559,LJ03,2025-09-05T23:25:14,PAGO,98.21,10.92,109.13,APP_ANDROID
PED00000331,CLI00430,LJ08,2025-09-05T17:54:35,PAGO,7.83,5.07,12.9,WEB
PED00000332,CLI00462,LJ07,2025-09-05T16:43:48,PAGO,114.51,8.98,123.49,WEB
PED00000333,CLI00781,LJ04,2025-09-05T16:04:34,PAGO,26.37,9.72,36.09,APP_IOS
PED00000334,CLI00055,LJ03,2025-09-05T13:04:58,PENDENTE,26.86,6.2,33.06,APP_ANDROID
PED00000335,CLI00265,LJ09,2025-09-05T16:30:47,PAGO,93.2,11.94,105.14,APP_ANDROID
PED00000336,CLI01239,LJ04,2025-09-05T18:21:58,PAGO,65.27,7.43,72.7,WEB
PED00000337,CLI01256,LJ03,2025-09-05T16:15:11,PAGO,68.69,6.92,75.61,WEB
PED00000338,CLI01430,LJ12,2025-09-05T21:57:13,CANCELADO,35.49,10.46,45.95,APP_ANDROID
PED00000339,CLI00924,LJ03,2025-09-05T14:13:32,PAGO,50.74,7.67,58.41,WEB
PED00000340,CLI00813,LJ01,2025-09-05T10:16:07,PAGO,49.42,5.48,54.9,WEB
PED00000341,CLI00288,LJ08,2025-09-05T23:17:53,PAGO,130.05,10.0,140.05,WEB
PED00000342,CLI01427,LJ01,2025-09-05T23:40:51,PAGO,135.11,11.5,146.61,APP_ANDROID
PED00000343,CLI00188,LJ01,2025-09-05T16:01:00,PAGO,17.26,5.68,22.94,WEB
PED00000344,CLI00091,LJ07,2025-09-05T18:06:52,PAGO,106.96,5.1,112.06,WEB
PED00000345,CLI00436,LJ08,2025-09-05T13:04:42,PAGO,36.28,11.46,47.74,WEB
PED00000346,CLI01229,LJ06,2025-09-05T20:44:24,PAGO,143.34,8.52,151.86,WEB
PED00000347,CLI00044,LJ10,2025-09-05T22:57:07,PAGO,25.6,6.67,32.27,WEB
PED00000348,CLI01514,LJ06,2025-09-05T12:17:20,PAGO,88.48,6.44,94.92,APP_IOS
PED00000349,CLI01642,LJ11,2025-09-05T21:46:14,PAGO,34.15,6.35,40.5,WEB
PED00000350,CLI00258,LJ02,2025-09-05T12:37:35,PAGO,59.43,9.45,68.88,APP_ANDROID
PED00000351,CLI00164,LJ06,2025-09-05T16:24:10,PAGO,135.7,10.33,146.03,APP_ANDROID
PED00000352,CLI01219,LJ09,2025-09-05T12:35:46,PAGO,46.09,10.0,56.09,APP_IOS
PED00000353,CLI00009,LJ01,2025-09-06T23:32:46,PAGO,37.43,9.49,46.92,WEB
PED00000354,CLI01888,LJ02,2025-09-06T16:59:36,PAGO,68.67,7.7,76.37,APP_ANDROID
PED00000355,CLI00979,LJ01,2025-09-06T23:23:40,PAGO,48.32,8.19,56.51,WEB
PED00000356,CLI01234,LJ10,2025-09-06T20:53:10,PAGO,197.57,6.16,203.73,APP_ANDROID
PED00000357,CLI01026,LJ09,2025-09-06T20:56:24,PAGO,81.63,10.24,91.87,WEB
PED00000358,CLI00014,LJ03,2025-09-06T23:31:00,PAGO,60.29,6.27,66.56,APP_IOS
PED00000359,CLI00381,LJ04,2025-09-06T10:47:11,PAGO,41.15,11.39,52.54,APP_IOS
PED00000360,CLI00164,LJ05,2025-09-06T11:24:07,PAGO,25.3,10.26,35.56,APP_IOS
PED00000361,CLI00199,LJ04,2025-09-06T18:50:00,PAGO,21.7,7.6,29.3,APP_ANDROID
PED00000362,CLI01928,LJ06,2025-09-06T20:25:24,PAGO,212.61,8.16,220.77,WEB
PED00000363,CLI01055,LJ07,2025-09-06T20:12:00,PENDENTE,86.85,11.59,98.44,APP_ANDROID
PED00000364,CLI01504,LJ07,2025-09-06T14:38:12,PAGO,276.47,11.27,287.74,APP_IOS
PED00000365,CLI00494,LJ04,2025-09-06T13:10:48,CANCELADO,68.6,6.8,75.4,APP_ANDROID
PED00000366,CLI01949,LJ11,2025-09-06T11:42:08,CANCELADO,47.82,7.64,55.46,WEB
PED00000367,CLI01522,LJ12,2025-09-06T21:24:41,PAGO,26.99,6.32,33.31,APP_IOS
PED00000368,CLI01748,LJ06,2025-09-06T16:36:47,PAGO,19.68,7.97,27.65,APP_ANDROID
PED00000369,CLI01065,LJ11,2025-09-06T19:37:14,PAGO,14.47,11.6,26.07,APP_IOS
PED00000370,CLI00302,LJ10,2025-09-06T14:09:47,PAGO,271.29,11.77,283.06,APP_IOS
PED00000371,CLI00313,LJ12,2025-09-06T13:54:46,CANCELADO,35.65,7.09,42.74,WEB
PED00000372,CLI01869,LJ03,2025-09-06T10:35:25,PAGO,94.93,7.76,102.69,APP_IOS
PED00000373,CLI01741,LJ12,2025-09-06T14:29:41,PAGO,24.75,6.47,31.22,WEB
PED00000374,CLI00742,LJ12,2025-09-06T23:36:06,PAGO,146.81,9.39,156.2,APP_ANDROID
PED00000375,CLI00494,LJ07,2025-09-06T17:19:44,PAGO,24.26,10.57,34.83,WEB
PED00000376,CLI01772,LJ11,2025-09-06T16:17:40,PAGO,53.59,5.16,58.75,WEB
PED00000377,CLI00561,LJ12,2025-09-06T21:06:50,PAGO,52.13,11.36,63.49,WEB
PED00000378,CLI00807,LJ09,2025-09-06T23:34:50,PAGO,141.52,10.27,151.79,WEB
PED00000379,CLI01766,LJ10,2025-09-06T21:11:00,PAGO,50.69,8.81,59.5,APP_ANDROID
PED00000380,CLI00509,LJ05,2025-09-06T10:33:57,PAGO,69.37,9.82,79.19,WEB
PED00000381,CLI00076,LJ04,2025-09-06T12:19:54,PAGO,170.52,11.58,182.1,APP_IOS
PED00000382,CLI01290,LJ12,2025-09-06T14:40:44,PAGO,179.52,5.18,184.7,WEB
PED00000383,CLI00256,LJ09,2025-09-06T11:43:35,PAGO,17.01,6.92,23.93,APP_IOS
PED00000384,CLI00776,LJ02,2025-09-06T22:59:07,PAGO,33.42,5.69,39.11,APP_IOS
PED00000385,CLI00371,LJ06,2025-09-06T22:47:43,PENDENTE,102.7,8.59,111.29,APP_IOS
PED00000386,CLI00776,LJ10,2025-09-06T21:17:03,CANCELADO,292.19,8.52,300.71,APP_ANDROID
PED00000387,CLI01951,LJ07,2025-09-06T18:45:56,CANCELADO,143.47,9.44,152.91,APP_IOS
PED00000388,CLI01495,LJ04,2025-09-06T11:10:36,PAGO,315.55,8.48,324.03,WEB
PED00000389,CLI01430,LJ02,2025-09-06T16:00:39,PAGO,278.95,5.3,284.25,APP_ANDROID
PED00000390,CLI01851,LJ04,2025-09-06T12:04:23,PAGO,129.71,9.75,139.46,WEB
PED00000391,CLI00595,LJ05,2025-09-06T17:18:16,PAGO,120.01,11.25,131.26,APP_ANDROID
PED00000392,CLI01261,LJ08,2025-09-06T15:19:22,PAGO,19.88,8.7,28.58,APP_IOS
PED00000393,CLI00015,LJ03,2025-09-06T22:42:16,PAGO,132.4,8.07,140.47,APP_ANDROID
PED00000394,CLI01531,LJ07,2025-09-06T10:22:56,PAGO,7.61,7.95,15.56,APP_ANDROID
PED00000395,CLI01365,LJ04,2025-09-06T17:42:17,PAGO,88.45,7.8,96.25,WEB
PED00000396,CLI00270,LJ02,2025-09-06T11:50:01,PAGO,117.29,9.18,126.47,APP_IOS
PED00000397,CLI00578,LJ08,2025-09-06T11:48:27,PAGO,19.46,5.81,25.27,APP_ANDROID
PED00000398,CLI01365,LJ07,2025-09-06T13:30:45,PAGO,23.04,11.95,34.99,WEB
PED00000399,CLI00470,LJ02,2025-09-06T12:25:02,PAGO,7.69,5.64,13.33,APP_IOS
PED00000400,CLI00628,LJ12,2025-09-06T20:14:14,PAGO,42.13,7.46,49.59,APP_ANDROID
PED00000401,CLI00373,LJ01,2025-09-06T10:03:42,PAGO,32.58,7.55,40.13,APP_ANDROID
PED00000402,CLI01399,LJ09,2025-09-06T22:55:08,PAGO,75.36,5.74,81.1,WEB
PED00000403,CLI00085,LJ10,2025-09-06T20:52:12,PAGO,14.09,10.33,24.42,WEB
PED00000404,CLI00262,LJ04,2025-09-06T16:35:45,PAGO,155.61,8.53,164.14,APP_IOS
PED00000405,CLI01427,LJ03,2025-09-06T14:02:36,PAGO,100.76,6.12,106.88,APP_IOS
PED00000406,CLI01801,LJ09,2025-09-06T17:32:45,PAGO,27.01,8.73,35.74,APP_ANDROID
PED00000407,CLI01930,LJ05,2025-09-06T12:17:55,PAGO,271.85,11.62,283.47,WEB
PED00000408,CLI00837,LJ10,2025-09-06T14:20:03,PAGO,10.36,6.24,16.6,APP_IOS
PED00000409,CLI01480,LJ12,2025-09-06T21:24:41,PAGO,139.91,6.09,146.0,APP_IOS
PED00000410,CLI00755,LJ03,2025-09-06T17:05:31,PAGO,7.55,11.6,19.15,APP_IOS
PED00000411,CLI00636,LJ03,2025-09-06T12:52:25,PAGO,3.7,11.36,15.06,APP_ANDROID
PED00000412,CLI00282,LJ12,2025-09-06T22:51:00,PAGO,27.65,6.74,34.39,APP_IOS
PED00000413,CLI01623,LJ01,2025-09-06T22:06:34,PAGO,33.15,6.14,39.29,APP_ANDROID
PED00000414,CLI00115,LJ09,2025-09-06T21:17:40,PAGO,6.37,8.58,14.95,APP_ANDROID
PED00000415,CLI00050,LJ04,2025-09-06T16:24:09,PAGO,62.45,8.44,70.89,APP_IOS
PED00000416,CLI00732,LJ02,2025-09-06T19:21:07,PAGO,94.05,7.01,101.06,APP_IOS
PED00000417,CLI01356,LJ06,2025-09-06T14:51:58,PAGO,40.86,10.44,51.3,APP_IOS
PED00000418,CLI00915,LJ12,2025-09-06T22:50:30,PAGO,151.37,5.63,157.0,APP_IOS
PED00000419,CLI00723,LJ06,2025-09-06T17:27:30,PAGO,129.36,8.85,138.21,WEB
PED00000420,CLI01099,LJ04,2025-09-06T16:05:37,PAGO,45.25,6.42,51.67,APP_IOS
PED00000421,CLI01962,LJ03,2025-09-06T11:03:58,PAGO,89.28,5.82,95.1,WEB
PED00000422,CLI01502,LJ01,2025-09-06T21:27:23,PAGO,15.4,11.09,26.49,APP_IOS
PED00000423,CLI00162,LJ04,2025-09-06T11:00:36,PAGO,36.04,8.29,44.33,WEB
PED00000424,CLI00588,LJ02,2025-09-06T12:03:56,PAGO,61.95,11.43,73.38,WEB
PED00000425,CLI00868,LJ03,2025-09-06T14:05:33,PAGO,141.5,5.38,146.88,APP_ANDROID
PED00000426,CLI00553,LJ02,2025-09-06T11:04:23,PAGO,96.47,6.88,103.35,WEB
PED00000427,CLI00094,LJ01,2025-09-06T15:05:19,PAGO,132.37,11.82,144.19,WEB
PED00000428,CLI00835,LJ12,2025-09-06T18:06:32,PAGO,44.6,11.08,55.68,APP_IOS
PED00000429,CLI01398,LJ08,2025-09-06T11:56:40,PAGO,58.75,9.56,68.31,APP_ANDROID
PED00000430,CLI00695,LJ05,2025-09-06T15:39:54,CANCELADO,35.3,6.46,41.76,WEB
PED00000431,CLI01243,LJ02,2025-09-06T12:36:40,PENDENTE,6.74,8.83,15.57,APP_IOS
PED00000432,CLI00643,LJ03,2025-09-06T14:10:04,PAGO,23.14,6.79,29.93,APP_ANDROID
PED00000433,CLI01925,LJ02,2025-09-06T19:31:02,PAGO,88.24,9.37,97.61,APP_ANDROID
PED00000434,CLI01037,LJ08,2025-09-06T14:56:56,PENDENTE,16.98,9.9,26.88,WEB
PED00000435,CLI00596,LJ07,2025-09-06T12:36:25,PAGO,52.32,10.73,63.05,APP_IOS
PED00000436,CLI01879,LJ07,2025-09-06T22:27:12,PAGO,118.64,9.92,128.56,APP_ANDROID
PED00000437,CLI00079,LJ09,2025-09-06T12:30:09,PAGO,118.6,8.01,126.61,APP_ANDROID
PED00000438,CLI01778,LJ01,2025-09-06T22:43:27,PAGO,22.97,11.25,34.22,APP_IOS
PED00000439,CLI01833,LJ07,2025-09-06T15:48:19,PAGO,37.0,7.48,44.48,WEB
PED00000440,CLI01149,LJ10,2025-09-06T13:04:46,PAGO,77.5,11.54,89.04,APP_ANDROID
PED00000441,CLI01623,LJ11,2025-09-06T16:16:33,PAGO,294.13,6.34,300.47,WEB
PED00000442,CLI00759,LJ06,2025-09-06T10:19:57,PAGO,76.42,8.21,84.63,APP_ANDROID
PED00000443,CLI01112,LJ07,2025-09-06T16:18:54,PAGO,80.64,9.55,90.19,WEB
PED00000444,CLI01017,LJ12,2025-09-06T22:39:59,PAGO,109.01,6.37,115.38,APP_ANDROID
PED00000445,CLI01982,LJ08,2025-09-06T16:58:52,PAGO,45.23,10.57,55.8,APP_ANDROID
PED00000446,CLI01844,LJ07,2025-09-06T10:00:01,PAGO,25.71,11.95,37.66,APP_IOS
PED00000447,CLI00395,LJ10,2025-09-06T20:25:53,PAGO,116.25,9.42,125.67,APP_ANDROID
PED00000448,CLI01715,LJ09,2025-09-06T12:20:13,PAGO,19.68,5.19,24.87,WEB
PED00000449,CLI01172,LJ07,2025-09-06T10:47:46,PAGO,144.94,8.75,153.69,APP_IOS
PED00000450,CLI01578,LJ05,2025-09-06T20:03:17,PAGO,19.65,5.72,25.37,APP_ANDROID
PED00000451,CLI00220,LJ03,2025-09-06T14:16:57,PAGO,15.51,7.74,23.25,APP_ANDROID
PED00000452,CLI00151,LJ08,2025-09-06T20:04:13,PAGO,33.16,6.25,39.41,WEB
PED00000453,CLI00241,LJ06,2025-09-06T15:30:39,PAGO,62.25,6.35,68.6,APP_IOS
PED00000454,CLI01049,LJ03,2025-09-06T13:55:23,PAGO,79.23,8.37,87.6,APP_IOS
PED00000455,CLI01336,LJ05,2025-09-06T17:47:51,PAGO,100.09,6.97,107.06,APP_ANDROID
PED00000456,CLI00340,LJ04,2025-09-06T21:31:27,PAGO,24.19,8.97,33.16,APP_ANDROID
PED00000457,CLI00921,LJ03,2025-09-06T10:32:16,PAGO,84.96,6.26,91.22,APP_ANDROID
PED00000458,CLI00733,LJ04,2025-09-06T11:13:42,PAGO,9.72,5.08,14.8,APP_ANDROID
PED00000459,CLI01841,LJ04,2025-09-06T18:04:24,PAGO,99.87,9.7,109.57,WEB
PED00000460,CLI01398,LJ07,2025-09-06T15:52:20,PAGO,39.65,7.95,47.6,APP_IOS
PED00000461,CLI01211,LJ07,2025-09-06T13:36:01,PAGO,46.75,8.69,55.44,APP_ANDROID
PED00000462,CLI00963,LJ02,2025-09-06T23:51:26,PAGO,21.46,7.75,29.21,WEB
PED00000463,CLI01739,LJ11,2025-09-06T11:53:23,CANCELADO,7.51,5.74,13.25,APP_ANDROID
PED00000464,CLI01765,LJ12,2025-09-06T21:27:14,PAGO,42.71,8.76,51.47,APP_IOS
PED00000465,CLI00532,LJ01,2025-09-06T11:03:19,PAGO,55.63,8.22,63.85,APP_IOS
PED00000466,CLI01543,LJ10,2025-09-06T23:57:26,PAGO,104.19,6.85,111.04,APP_ANDROID
PED00000467,CLI01144,LJ04,2025-09-06T20:41:47,PAGO,80.01,6.46,86.47,WEB
PED00000468,CLI01759,LJ06,2025-09-06T22:19:45,PAGO,19.16,11.42,30.58,APP_ANDROID
PED00000469,CLI00416,LJ07,2025-09-06T13:04:17,PAGO,138.45,6.87,145.32,APP_ANDROID
PED00000470,CLI00721,LJ05,2025-09-06T11:59:35,PAGO,17.22,5.68,22.9,WEB
PED00000471,CLI00398,LJ05,2025-09-06T13:25:11,PAGO,56.71,6.54,63.25,APP_IOS
PED00000472,CLI00489,LJ02,2025-09-06T18:06:17,PAGO,64.59,6.43,71.02,WEB
PED00000473,CLI01503,LJ01,2025-09-06T11:11:32,CANCELADO,24.37,5.99,30.36,APP_IOS
PED00000474,CLI01365,LJ08,2025-09-06T16:21:01,PAGO,17.92,9.08,27.0,APP_ANDROID
PED00000475,CLI00225,LJ01,2025-09-06T23:01:36,PAGO,26.21,10.63,36.84,APP_ANDROID
PED00000476,CLI01118,LJ05,2025-09-06T20:31:16,PAGO,9.74,8.62,18.36,WEB
PED00000477,CLI00231,LJ05,2025-09-06T20:33:46,PAGO,78.63,5.99,84.62,APP_ANDROID
PED00000478,CLI00737,LJ04,2025-09-06T21:05:12,CANCELADO,86.66,11.91,98.57,WEB
PED00000479,CLI00359,LJ05,2025-09-06T20:22:56,PAGO,78.17,11.78,89.95,APP_ANDROID
PED00000480,CLI01022,LJ11,2025-09-06T12:29:43,PAGO,83.59,10.84,94.43,APP_IOS
PED00000481,CLI01800,LJ05,2025-09-07T22:54:32,PAGO,178.32,5.22,183.54,APP_ANDROID
PED00000482,CLI00866,LJ07,2025-09-07T11:57:16,CANCELADO,75.5,8.88,84.38,APP_ANDROID
PED00000483,CLI00625,LJ02,2025-09-07T14:36:59,PAGO,44.17,7.19,51.36,WEB
PED00000484,CLI00726,LJ07,2025-09-07T17:26:26,PAGO,111.49,11.14,122.63,APP_IOS
PED00000485,CLI00258,LJ07,2025-09-07T20:00:29,PAGO,210.19,5.43,215.62,WEB
PED00000486,CLI01515,LJ12,2025-09-07T10:44:13,PAGO,143.29,10.64,153.93,WEB
PED00000487,CLI00138,LJ01,2025-09-07T12:38:56,PAGO,7.52,8.54,16.06,APP_ANDROID
PED00000488,CLI00615,LJ07,2025-09-07T17:11:52,PAGO,106.53,8.58,115.11,WEB
PED00000489,CLI00984,LJ05,2025-09-07T14:42:06,PENDENTE,27.12,7.97,35.09,APP_IOS
PED00000490,CLI01156,LJ07,2025-09-07T10:37:19,PAGO,80.78,11.87,92.65,APP_ANDROID
PED00000491,CLI00432,LJ06,2025-09-07T21:33:24,PAGO,7.77,7.38,15.15,WEB
PED00000492,CLI00571,LJ11,2025-09-07T14:59:25,PAGO,125.88,9.07,134.95,WEB
PED00000493,CLI00139,LJ01,2025-09-07T10:54:46,PAGO,8.55,7.27,15.82,APP_IOS
PED00000494,CLI00216,LJ03,2025-09-07T21:57:24,PAGO,41.43,10.34,51.77,WEB
PED00000495,CLI01892,LJ03,2025-09-07T15:06:44,PAGO,32.01,6.77,38.78,APP_ANDROID
PED00000496,CLI00413,LJ12,2025-09-07T12:27:52,PAGO,46.72,7.86,54.58,WEB
PED00000497,CLI00380,LJ11,2025-09-07T21:58:46,PAGO,48.02,8.91,56.93,APP_IOS
PED00000498,CLI00876,LJ11,2025-09-07T16:55:04,PAGO,19.14,6.61,25.75,WEB
PED00000499,CLI00459,LJ05,2025-09-07T23:16:24,PAGO,7.34,8.74,16.08,APP_IOS
PED00000500,CLI00640,LJ07,2025-09-07T19:03:34,PAGO,118.9,9.57,128.47,APP_IOS
PED00000501,CLI00411,LJ06,2025-09-07T22:03:08,PAGO,208.91,7.42,216.33,APP_IOS
PED00000502,CLI01818,LJ09,2025-09-07T17:08:17,PAGO,38.37,8.02,46.39,APP_ANDROID
PED00000503,CLI00044,LJ01,2025-09-07T10:49:50,PAGO,27.7,10.36,38.06,WEB
PED00000504,CLI01126,LJ03,2025-09-07T11:28:07,PAGO,123.65,11.11,134.76,APP_IOS
PED00000505,CLI00117,LJ03,2025-09-07T17:11:18,PAGO,115.31,5.86,121.17,APP_IOS
PED00000506,CLI00422,LJ08,2025-09-07T21:47:52,PAGO,91.43,5.38,96.81,APP_ANDROID
PED00000507,CLI00573,LJ02,2025-09-07T13:58:08,PAGO,55.32,5.25,60.57,APP_IOS
PED00000508,CLI01952,LJ02,2025-09-07T10:31:53,PAGO,20.07,8.47,28.54,APP_ANDROID
PED00000509,CLI00460,LJ04,2025-09-07T16:11:42,PAGO,8.72,11.56,20.28,WEB
PED00000510,CLI01890,LJ05,2025-09-07T22:48:37,PAGO,70.93,7.99,78.92,WEB
PED00000511,CLI01654,LJ02,2025-09-07T18:24:46,CANCELADO,83.72,11.72,95.44,APP_ANDROID
PED00000512,CLI01528,LJ04,2025-09-07T12:58:00,PAGO,47.56,9.61,57.17,WEB
PED00000513,CLI00255,LJ05,2025-09-07T19:42:20,PAGO,164.86,11.28,176.14,WEB
PED00000514,CLI00903,LJ03,2025-09-07T14:49:50,PAGO,157.72,5.29,163.01,WEB
PED00000515,CLI01998,LJ05,2025-09-07T10:43:54,PAGO,15.76,8.58,24.34,APP_IOS
PED00000516,CLI01699,LJ11,2025-09-07T16:04:41,PAGO,130.21,7.62,137.83,APP_ANDROID
PED00000517,CLI00755,LJ01,2025-09-07T14:59:09,CANCELADO,14.62,10.01,24.63,WEB
PED00000518,CLI01041,LJ10,2025-09-07T21:22:13,PAGO,148.05,11.98,160.03,WEB
PED00000519,CLI01104,LJ12,2025-09-07T11:54:56,PAGO,56.82,7.22,64.04,APP_IOS
PED00000520,CLI01866,LJ04,2025-09-07T15:15:51,PAGO,31.97,11.16,43.13,APP_ANDROID
PED00000521,CLI00157,LJ06,2025-09-07T20:30:38,PAGO,52.46,5.97,58.43,APP_ANDROID
PED00000522,CLI00643,LJ02,2025-09-07T11:26:26,PAGO,58.25,11.3,69.55,APP_ANDROID
PED00000523,CLI00858,LJ05,2025-09-07T22:35:45,CANCELADO,51.64,7.72,59.36,APP_ANDROID
PED00000524,CLI00726,LJ03,2025-09-07T16:44:35,PAGO,104.72,10.06,114.78,APP_IOS
PED00000525,CLI01946,LJ08,2025-09-07T16:40:28,PAGO,32.5,10.74,43.24,WEB
PED00000526,CLI01216,LJ10,2025-09-07T15:43:41,PAGO,18.35,7.39,25.74,WEB
PED00000527,CLI01188,LJ09,2025-09-07T23:59:27,PAGO,57.23,10.12,67.35,APP_ANDROID
PED00000528,CLI00204,LJ06,2025-09-07T14:10:07,PAGO,53.37,5.74,59.11,APP_IOS
PED00000529,CLI00197,LJ04,2025-09-07T18:53:32,PAGO,7.17,8.77,15.94,APP_IOS
PED00000530,CLI00757,LJ04,2025-09-07T14:36:27,PAGO,52.56,8.11,60.67,APP_ANDROID
PED00000531,CLI01771,LJ03,2025-09-07T14:46:42,PAGO,16.45,6.93,23.38,WEB
PED00000532,CLI01448,LJ12,2025-09-07T15:57:59,PAGO,35.05,10.89,45.94,WEB
PED00000533,CLI01944,LJ11,2025-09-07T20:00:15,PAGO,30.5,8.48,38.98,APP_IOS
PED00000534,CLI01948,LJ09,2025-09-07T23:46:47,PAGO,40.57,9.29,49.86,WEB
PED00000535,CLI00992,LJ09,2025-09-07T20:11:56,PAGO,58.01,8.37,66.38,APP_IOS
PED00000536,CLI00860,LJ08,2025-09-07T15:15:42,PAGO,29.25,7.79,37.04,APP_IOS
PED00000537,CLI01721,LJ08,2025-09-07T19:26:43,PAGO,33.85,6.83,40.68,APP_ANDROID
PED00000538,CLI00871,LJ07,2025-09-07T14:58:03,PAGO,74.23,5.77,80.0,WEB
PED00000539,CLI01239,LJ09,2025-09-07T10:46:01,PAGO,11.72,10.36,22.08,APP_IOS
PED00000540,CLI00432,LJ06,2025-09-07T18:12:10,PAGO,25.94,8.87,34.81,APP_IOS
PED00000541,CLI01732,LJ01,2025-09-07T22:33:06,PAGO,36.78,10.49,47.27,WEB
PED00000542,CLI01766,LJ02,2025-09-07T11:04:32,PAGO,94.37,10.82,105.19,APP_ANDROID
PED00000543,CLI01050,LJ12,2025-09-07T10:19:17,PAGO,32.59,8.01,40.6,APP_IOS
PED00000544,CLI00990,LJ05,2025-09-07T21:34:32,PAGO,59.26,10.34,69.6,WEB
PED00000545,CLI01184,LJ01,2025-09-07T16:49:14,PAGO,43.73,8.93,52.66,APP_IOS
PED00000546,CLI01216,LJ04,2025-09-07T11:09:25,PAGO,92.28,7.18,99.46,APP_ANDROID
PED00000547,CLI00659,LJ12,2025-09-07T19:38:26,PAGO,66.03,6.65,72.68,APP_ANDROID
PED00000548,CLI01137,LJ12,2025-09-07T21:05:58,PAGO,179.0,11.2,190.2,APP_ANDROID
PED00000549,CLI00998,LJ03,2025-09-07T21:55:35,PAGO,8.23,11.45,19.68,WEB
PED00000550,CLI01260,LJ06,2025-09-07T19:41:10,PAGO,68.85,8.24,77.09,APP_ANDROID
PED00000551,CLI00337,LJ09,2025-09-07T21:53:30,PAGO,14.27,9.86,24.13,WEB
PED00000552,CLI00126,LJ10,2025-09-07T17:38:10,PAGO,55.49,7.14,62.63,WEB
PED00000553,CLI01150,LJ09,2025-09-07T20:42:12,PAGO,11.52,8.95,20.47,APP_IOS
PED00000554,CLI00677,LJ10,2025-09-07T22:54:37,PAGO,324.42,11.27,335.69,APP_IOS
PED00000555,CLI00872,LJ11,2025-09-07T17:20:19,PAGO,40.89,9.94,50.83,APP_ANDROID
PED00000556,CLI00650,LJ09,2025-09-07T11:56:38,PAGO,277.33,8.26,285.59,WEB
PED00000557,CLI00438,LJ10,2025-09-07T18:56:58,CANCELADO,39.77,5.04,44.81,APP_ANDROID
PED00000558,CLI00673,LJ02,2025-09-07T15:58:16,PAGO,8.31,8.35,16.66,APP_IOS
PED00000559,CLI00562,LJ11,2025-09-07T10:36:52,PAGO,300.19,5.27,305.46,APP_IOS
PED00000560,CLI01446,LJ12,2025-09-07T12:55:54,PAGO,18.88,8.81,27.69,APP_IOS
PED00000561,CLI00682,LJ11,2025-09-07T23:57:20,PAGO,44.1,5.1,49.2,WEB
PED00000562,CLI00134,LJ04,2025-09-07T23:48:32,PAGO,30.91,9.45,40.36,APP_IOS
PED00000563,CLI00242,LJ06,2025-09-07T17:36:53,PAGO,73.28,6.19,79.47,APP_IOS
PED00000564,CLI00943,LJ02,2025-09-07T21:15:19,PAGO,65.43,8.96,74.39,APP_ANDROID
PED00000565,CLI00559,LJ04,2025-09-07T12:18:16,PAGO,69.82,9.42,79.24,APP_IOS
PED00000566,CLI00319,LJ09,2025-09-07T19:13:44,PAGO,225.83,10.41,236.24,APP_ANDROID
PED00000567,CLI00065,LJ02,2025-09-07T18:42:40,PAGO,15.0,9.61,24.61,APP_IOS
PED00000568,CLI01290,LJ06,2025-09-07T23:57:00,PAGO,41.84,8.83,50.67,APP_IOS
PED00000569,CLI01216,LJ10,2025-09-08T21:27:46,PAGO,163.6,7.98,171.58,APP_ANDROID
PED00000570,CLI01215,LJ01,2025-09-08T12:32:10,CANCELADO,144.98,10.61,155.59,APP_ANDROID
PED00000571,CLI00811,LJ03,2025-09-08T17:00:42,PAGO,45.11,7.41,52.52,APP_ANDROID
PED00000572,CLI01432,LJ04,2025-09-08T17:42:24,PAGO,103.93,9.72,113.65,APP_ANDROID
PED00000573,CLI00147,LJ06,2025-09-08T17:42:47,PENDENTE,21.25,7.58,28.83,APP_ANDROID
PED00000574,CLI01251,LJ10,2025-09-08T22:25:58,PAGO,31.1,6.26,37.36,APP_IOS
PED00000575,CLI01383,LJ08,2025-09-08T10:16:26,PAGO,123.28,9.59,132.87,APP_ANDROID
PED00000576,CLI00330,LJ06,2025-09-08T12:36:32,PAGO,95.61,6.81,102.42,WEB
PED00000577,CLI01029,LJ06,2025-09-08T22:30:45,PAGO,35.08,9.72,44.8,APP_IOS
PED00000578,CLI00405,LJ09,2025-09-08T23:39:46,PAGO,54.28,9.2,63.48,APP_ANDROID
PED00000579,CLI01383,LJ05,2025-09-08T22:52:01,PAGO,19.69,7.08,26.77,APP_IOS
PED00000580,CLI01499,LJ01,2025-09-08T18:47:25,PAGO,4.05,8.45,12.5,APP_ANDROID
PED00000581,CLI01412,LJ10,2025-09-08T13:58:52,CANCELADO,207.12,10.08,217.2,APP_ANDROID
PED00000582,CLI01900,LJ11,2025-09-08T21:19:27,PAGO,12.08,11.18,23.26,APP_ANDROID
PED00000583,CLI01170,LJ05,2025-09-08T14:39:32,PAGO,81.18,6.94,88.12,WEB
PED00000584,CLI01864,LJ03,2025-09-08T20:18:17,PAGO,38.48,9.44,47.92,APP_IOS
PED00000585,CLI01453,LJ06,2025-09-08T13:04:39,PAGO,43.19,7.24,50.43,APP_ANDROID
PED00000586,CLI00432,LJ09,2025-09-08T21:10:43,PAGO,138.23,5.58,143.81,WEB
PED00000587,CLI00623,LJ05,2025-09-08T22:20:28,PAGO,30.17,8.95,39.12,APP_ANDROID
PED00000588,CLI01539,LJ05,2025-09-08T18:47:31,PENDENTE,27.53,6.48,34.01,APP_IOS
PED00000589,CLI01772,LJ03,2025-09-08T22:49:47,PENDENTE,61.89,11.72,73.61,WEB
PED00000590,CLI01091,LJ07,2025-09-08T13:54:25,PAGO,50.8,8.73,59.53,APP_ANDROID
PED00000591,CLI01400,LJ02,2025-09-08T16:37:41,PAGO,35.38,5.56,40.94,WEB
PED00000592,CLI00666,LJ10,2025-09-08T13:10:36,PAGO,50.68,8.2,58.88,WEB
PED00000593,CLI00968,LJ12,2025-09-08T13:20:08,PAGO,95.19,7.32,102.51,APP_IOS
PED00000594,CLI00015,LJ12,2025-09-08T10:43:43,PAGO,269.26,8.76,278.02,WEB
PED00000595,CLI01464,LJ01,2025-09-08T17:30:52,PAGO,92.42,8.58,101.0,WEB
PED00000596,CLI00213,LJ03,2025-09-08T23:16:48,PAGO,50.9,7.31,58.21,WEB
PED00000597,CLI01542,LJ04,2025-09-08T22:16:21,PAGO,38.71,6.04,44.75,APP_ANDROID
PED00000598,CLI01155,LJ06,2025-09-08T21:18:19,CANCELADO,16.85,9.71,26.56,APP_IOS
PED00000599,CLI01524,LJ12,2025-09-08T12:09:38,PAGO,32.11,6.82,38.93,WEB
PED00000600,CLI00832,LJ08,2025-09-08T19:57:10,PENDENTE,124.92,6.23,131.15,APP_ANDROID
PED00000601,CLI00702,LJ04,2025-09-08T14:13:14,PAGO,158.55,10.92,169.47,WEB
PED00000602,CLI00745,LJ11,2025-09-08T10:25:40,PAGO,27.73,11.79,39.52,APP_IOS
PED00000603,CLI00508,LJ04,2025-09-08T14:51:47,PAGO,68.45,11.34,79.79,APP_IOS
PED00000604,CLI00426,LJ04,2025-09-08T13:37:48,PAGO,145.75,5.81,151.56,APP_IOS
PED00000605,CLI01111,LJ10,2025-09-08T13:38:31,PAGO,74.39,11.21,85.6,WEB
PED00000606,CLI00002,LJ05,2025-09-08T22:26:38,PAGO,44.98,8.52,53.5,WEB
PED00000607,CLI00999,LJ01,2025-09-08T15:57:32,PAGO,12.82,5.66,18.48,APP_ANDROID
PED00000608,CLI01685,LJ03,2025-09-08T13:49:06,PAGO,38.95,9.27,48.22,WEB
PED00000609,CLI00321,LJ04,2025-09-08T22:25:50,PAGO,17.25,11.87,29.12,WEB
PED00000610,CLI01597,LJ12,2025-09-08T14:14:59,PAGO,94.35,11.58,105.93,APP_IOS
PED00000611,CLI01323,LJ03,2025-09-08T17:49:17,PAGO,59.78,10.17,69.95,APP_IOS
PED00000612,CLI01754,LJ05,2025-09-08T11:04:15,PAGO,64.35,11.91,76.26,WEB
PED00000613,CLI00115,LJ11,2025-09-08T15:17:34,PAGO,107.78,5.62,113.4,APP_IOS
PED00000614,CLI01563,LJ11,2025-09-08T14:35:33,PAGO,59.8,10.23,70.03,APP_IOS
PED00000615,CLI00467,LJ08,2025-09-08T15:21:12,PAGO,110.08,10.82,120.9,APP_IOS
PED00000616,CLI00765,LJ01,2025-09-08T19:27:02,PENDENTE,63.26,8.59,71.85,APP_IOS
PED00000617,CLI01250,LJ11,2025-09-09T13:48:04,PAGO,29.36,6.27,35.63,WEB
PED00000618,CLI01600,LJ12,2025-09-09T21:52:27,PAGO,15.16,6.05,21.21,APP_IOS
PED00000619,CLI01091,LJ08,2025-09-09T20:42:12,PAGO,83.57,8.73,92.3,APP_IOS
PED00000620,CLI00714,LJ02,2025-09-09T15:55:20,CANCELADO,37.71,11.29,49.0,APP_ANDROID
PED00000621,CLI00253,LJ07,2025-09-09T10:28:55,PAGO,28.48,8.55,37.03,WEB
PED00000622,CLI00334,LJ04,2025-09-09T11:31:47,PAGO,49.41,5.11,54.52,APP_ANDROID
PED00000623,CLI01970,LJ02,2025-09-09T15:23:19,PAGO,33.96,7.73,41.69,APP_ANDROID
PED00000624,CLI01495,LJ11,2025-09-09T15:02:09,PAGO,6.28,9.87,16.15,APP_IOS
PED00000625,CLI01775,LJ12,2025-09-09T20:18:23,PAGO,44.03,7.14,51.17,WEB
PED00000626,CLI01274,LJ06,2025-09-09T10:50:01,PAGO,79.14,5.64,84.78,APP_IOS
PED00000627,CLI00952,LJ07,2025-09-09T23:57:34,PAGO,214.92,8.45,223.37,WEB
PED00000628,CLI01055,LJ03,2025-09-09T22:09:14,PAGO,63.91,11.82,75.73,WEB
PED00000629,CLI01183,LJ05,2025-09-09T22:57:08,PAGO,28.01,9.42,37.43,APP_IOS
PED00000630,CLI00293,LJ11,2025-09-09T10:53:50,PAGO,23.25,11.8,35.05,APP_ANDROID
PED00000631,CLI00929,LJ10,2025-09-09T14:34:28,PAGO,28.24,11.1,39.34,WEB
PED00000632,CLI01369,LJ06,2025-09-09T22:33:16,PAGO,20.75,5.78,26.53,WEB
PED00000633,CLI01789,LJ06,2025-09-09T14:28:27,PAGO,153.57,7.48,161.05,WEB
PED00000634,CLI01076,LJ01,2025-09-09T22:34:23,PAGO,51.48,10.01,61.49,WEB
PED00000635,CLI01758,LJ04,2025-09-09T14:03:25,PAGO,101.24,9.16,110.4,APP_IOS
PED00000636,CLI00288,LJ03,2025-09-09T17:52:10,PAGO,63.28,10.08,73.36,WEB
PED00000637,CLI00422,LJ08,2025-09-09T12:43:17,PAGO,8.42,10.4,18.82,WEB
PED00000638,CLI00612,LJ02,2025-09-09T18:47:39,PAGO,64.36,6.9,71.26,APP_IOS
PED00000639,CLI00232,LJ11,2025-09-09T17:27:37,PAGO,74.28,7.54,81.82,WEB
PED00000640,CLI00864,LJ01,2025-09-09T20:06:55,PAGO,142.16,9.1,151.26,APP_IOS
PED00000641,CLI00213,LJ12,2025-09-09T17:35:38,PAGO,141.08,10.56,151.64,APP_IOS
PED00000642,CLI01980,LJ04,2025-09-09T15:37:43,PAGO,82.78,11.58,94.36,WEB
PED00000643,CLI01371,LJ01,2025-09-09T13:36:11,PAGO,157.46,8.12,165.58,APP_IOS
PED00000644,CLI01575,LJ03,2025-09-09T13:35:49,PAGO,35.19,10.18,45.37,APP_IOS
PED00000645,CLI00208,LJ12,2025-09-09T11:40:25,PAGO,33.22,10.64,43.86,APP_ANDROID
PED00000646,CLI00662,LJ01,2025-09-09T11:12:37,PAGO,53.99,5.53,59.52,APP_IOS
PED00000647,CLI01746,LJ05,2025-09-09T12:45:21,PAGO,88.45,7.06,95.51,WEB
PED00000648,CLI00461,LJ08,2025-09-09T23:02:15,PAGO,163.72,6.02,169.74,APP_ANDROID
PED00000649,CLI01757,LJ10,2025-09-09T17:53:28,PAGO,95.67,6.83,102.5,APP_ANDROID
PED00000650,CLI00884,LJ06,2025-09-09T15:57:59,CANCELADO,72.38,6.73,79.11,WEB
PED00000651,CLI01186,LJ03,2025-09-09T11:58:50,PENDENTE,71.07,11.9,82.97,APP_ANDROID
PED00000652,CLI00943,LJ10,2025-09-09T17:31:37,PAGO,67.16,5.19,72.35,WEB
PED00000653,CLI00812,LJ04,2025-09-09T20:28:19,PAGO,366.22,11.04,377.26,WEB
PED00000654,CLI01204,LJ02,2025-09-09T22:04:39,PAGO,58.0,10.85,68.85,APP_IOS
PED00000655,CLI01493,LJ02,2025-09-09T15:05:06,CANCELADO,61.06,9.95,71.01,APP_ANDROID
PED00000656,CLI01024,LJ02,2025-09-09T12:16:25,PAGO,59.35,11.16,70.51,APP_IOS
PED00000657,CLI01399,LJ06,2025-09-09T11:10:00,PENDENTE,72.18,11.02,83.2,APP_IOS
PED00000658,CLI00373,LJ09,2025-09-09T13:22:06,PAGO,113.56,8.76,122.32,APP_IOS
PED00000659,CLI01915,LJ05,2025-09-09T11:22:43,PAGO,54.21,11.56,65.77,WEB
PED00000660,CLI01606,LJ08,2025-09-09T11:42:35,PAGO,26.53,5.41,31.94,APP_ANDROID
PED00000661,CLI01737,LJ09,2025-09-09T11:42:41,PAGO,65.95,7.24,73.19,APP_ANDROID
PED00000662,CLI01934,LJ11,2025-09-09T16:25:27,PAGO,48.81,10.5,59.31,APP_ANDROID
PED00000663,CLI01081,LJ01,2025-09-09T13:05:19,PAGO,58.31,8.76,67.07,WEB
PED00000664,CLI01074,LJ03,2025-09-09T18:23:43,PAGO,62.27,6.44,68.71,WEB
PED00000665,CLI00010,LJ04,2025-09-09T20:52:58,PAGO,220.49,6.43,226.92,WEB
PED00000666,CLI00839,LJ12,2025-09-09T10:26:52,PAGO,32.91,7.77,40.68,WEB
PED00000667,CLI01358,LJ12,2025-09-09T13:04:40,PAGO,21.11,7.29,28.4,WEB
PED00000668,CLI00584,LJ09,2025-09-09T14:18:54,PAGO,8.72,6.41,15.13,APP_IOS
PED00000669,CLI00412,LJ03,2025-09-09T18:02:30,PAGO,37.77,10.34,48.11,APP_IOS
PED00000670,CLI00898,LJ12,2025-09-09T12:28:38,PAGO,118.84,11.65,130.49,APP_IOS
PED00000671,CLI01847,LJ11,2025-09-09T10:25:24,PAGO,33.77,11.1,44.87,APP_IOS
PED00000672,CLI00590,LJ09,2025-09-09T12:09:35,PENDENTE,16.53,5.12,21.65,WEB
PED00000673,CLI00759,LJ01,2025-09-10T12:57:06,PAGO,13.41,10.38,23.79,APP_IOS
PED00000674,CLI01155,LJ09,2025-09-10T11:01:41,PAGO,74.75,6.66,81.41,APP_ANDROID
PED00000675,CLI01304,LJ08,2025-09-10T17:58:57,PAGO,22.15,11.99,34.14,APP_IOS
PED00000676,CLI00885,LJ05,2025-09-10T12:02:29,PAGO,79.74,8.24,87.98,APP_ANDROID
PED00000677,CLI00273,LJ12,2025-09-10T18:13:15,PAGO,48.49,10.49,58.98,APP_ANDROID
PED00000678,CLI01767,LJ07,2025-09-10T15:41:19,PAGO,8.36,11.33,19.69,WEB
PED00000679,CLI00445,LJ06,2025-09-10T18:56:10,PAGO,74.03,9.03,83.06,APP_IOS
PED00000680,CLI00960,LJ04,2025-09-10T23:47:08,PAGO,124.44,5.68,130.12,APP_IOS
PED00000681,CLI01885,LJ01,2025-09-10T15:54:05,PAGO,120.84,7.03,127.87,APP_IOS
PED00000682,CLI01845,LJ03,2025-09-10T12:26:07,PAGO,159.84,11.62,171.46,APP_ANDROID
PED00000683,CLI00278,LJ07,2025-09-10T17:24:30,PAGO,140.83,8.09,148.92,WEB
PED00000684,CLI01988,LJ08,2025-09-10T20:36:22,PAGO,75.42,5.58,81.0,WEB
PED00000685,CLI00033,LJ10,2025-09-10T19:26:10,PAGO,26.71,6.17,32.88,WEB
PED00000686,CLI00539,LJ08,2025-09-10T16:21:02,PAGO,115.79,9.7,125.49,WEB
PED00000687,CLI01645,LJ09,2025-09-10T23:50:27,PAGO,47.97,8.15,56.12,WEB
PED00000688,CLI01765,LJ09,2025-09-10T11:01:51,PAGO,39.16,5.09,44.25,APP_ANDROID
PED00000689,CLI00320,LJ10,2025-09-10T20:55:29,PAGO,28.28,11.49,39.77,APP_IOS
PED00000690,CLI00008,LJ07,2025-09-10T22:43:14,PAGO,183.62,7.02,190.64,WEB
PED00000691,CLI00907,LJ03,2025-09-10T18:00:05,PAGO,22.97,6.33,29.3,APP_IOS
PED00000692,CLI00386,LJ03,2025-09-10T23:20:48,PENDENTE,96.99,7.89,104.88,WEB
PED00000693,CLI00514,LJ06,2025-09-10T21:15:33,PAGO,57.33,11.29,68.62,APP_ANDROID
PED00000694,CLI00653,LJ10,2025-09-10T22:58:58,PAGO,340.89,7.1,347.99,APP_ANDROID
PED00000695,CLI00468,LJ10,2025-09-10T12:02:44,PAGO,46.29,8.17,54.46,APP_IOS
PED00000696,CLI00860,LJ01,2025-09-10T23:08:50,PAGO,71.08,8.48,79.56,APP_IOS
PED00000697,CLI00569,LJ04,2025-09-10T13:31:38,PAGO,20.34,11.67,32.01,WEB
PED00000698,CLI00290,LJ04,2025-09-10T18:31:51,PAGO,50.41,5.85,56.26,APP_IOS
PED00000699,CLI01485,LJ06,2025-09-10T22:44:55,PAGO,44.61,7.19,51.8,APP_ANDROID
PED00000700,CLI00698,LJ10,2025-09-10T22:21:44,PAGO,29.91,11.38,41.29,WEB
PED00000701,CLI01666,LJ04,2025-09-10T17:36:30,PAGO,22.01,8.24,30.25,WEB
PED00000702,CLI00798,LJ04,2025-09-10T22:49:17,PAGO,26.88,9.34,36.22,WEB
PED00000703,CLI01960,LJ06,2025-09-10T17:20:38,PAGO,77.99,5.42,83.41,APP_IOS
PED00000704,CLI00579,LJ04,2025-09-10T22:24:27,PAGO,110.0,7.67,117.67,APP_IOS
PED00000705,CLI00221,LJ05,2025-09-10T17:17:12,PAGO,14.21,8.87,23.08,APP_ANDROID
PED00000706,CLI01127,LJ01,2025-09-10T20:27:41,PAGO,85.24,6.98,92.22,WEB
PED00000707,CLI01809,LJ09,2025-09-10T10:46:45,PAGO,26.99,5.64,32.63,APP_ANDROID
PED00000708,CLI00167,LJ07,2025-09-10T15:48:04,PAGO,53.23,10.7,63.93,APP_ANDROID
PED00000709,CLI00466,LJ04,2025-09-10T10:41:43,PAGO,22.45,5.3,27.75,APP_IOS
PED00000710,CLI01026,LJ06,2025-09-10T15:24:48,PAGO,108.73,5.48,114.21,APP_IOS
PED00000711,CLI00471,LJ10,2025-09-10T17:00:22,PAGO,54.35,6.86,61.21,APP_ANDROID
PED00000712,CLI01710,LJ04,2025-09-10T22:38:16,PAGO,36.36,9.56,45.92,WEB
PED00000713,CLI00379,LJ02,2025-09-10T10:24:51,PAGO,89.09,6.61,95.7,APP_ANDROID
PED00000714,CLI00635,LJ01,2025-09-10T13:53:11,PAGO,60.79,8.44,69.23,WEB
PED00000715,CLI00160,LJ10,2025-09-10T11:56:00,PAGO,185.35,7.58,192.93,WEB
PED00000716,CLI01520,LJ06,2025-09-10T11:17:26,PAGO,55.96,11.88,67.84,APP_IOS
PED00000717,CLI01803,LJ08,2025-09-10T12:00:07,PAGO,54.55,8.36,62.91,WEB
PED00000718,CLI00134,LJ07,2025-09-10T20:24:01,PAGO,130.39,11.72,142.11,APP_ANDROID
PED00000719,CLI00416,LJ05,2025-09-10T10:42:17,PENDENTE,22.61,9.55,32.16,WEB
PED00000720,CLI01145,LJ12,2025-09-10T17:50:14,PAGO,160.4,8.86,169.26,APP_IOS
PED00000721,CLI00834,LJ03,2025-09-10T19:25:23,PAGO,22.51,7.52,30.03,APP_ANDROID
PED00000722,CLI01813,LJ03,2025-09-10T15:59:22,PAGO,122.16,11.88,134.04,APP_IOS
PED00000723,CLI01296,LJ12,2025-09-10T12:54:51,PAGO,194.07,9.79,203.86,APP_ANDROID
PED00000724,CLI01499,LJ06,2025-09-10T18:59:25,PAGO,167.45,5.0,172.45,WEB
PED00000725,CLI00296,LJ02,2025-09-10T21:19:15,PAGO,22.3,7.07,29.37,APP_IOS
PED00000726,CLI00138,LJ05,2025-09-10T17:07:27,CANCELADO,74.14,9.3,83.44,APP_IOS
PED00000727,CLI01391,LJ08,2025-09-10T10:31:20,PAGO,171.32,9.11,180.43,APP_ANDROID
PED00000728,CLI00056,LJ07,2025-09-10T10:31:48,CANCELADO,42.84,8.18,51.02,WEB
PED00000729,CLI00691,LJ04,2025-09-10T19:30:02,PAGO,174.43,11.55,185.98,APP_ANDROID
PED00000730,CLI00949,LJ05,2025-09-10T21:36:24,PAGO,35.02,8.16,43.18,APP_IOS
PED00000731,CLI00874,LJ02,2025-09-10T20:09:53,PAGO,39.76,7.64,47.4,APP_ANDROID
PED00000732,CLI01773,LJ11,2025-09-10T19:54:31,PAGO,72.55,11.63,84.18,WEB
PED00000733,CLI00751,LJ12,2025-09-10T16:01:45,PAGO,51.64,11.14,62.78,WEB
PED00000734,CLI01039,LJ04,2025-09-10T12:07:01,PAGO,106.81,9.07,115.88,APP_IOS
PED00000735,CLI00415,LJ03,2025-09-10T14:08:47,PAGO,12.37,8.67,21.04,APP_ANDROID
PED00000736,CLI00622,LJ03,2025-09-10T15:58:15,PAGO,86.78,8.57,95.35,APP_IOS
PED00000737,CLI01160,LJ03,2025-09-11T13:40:48,PAGO,90.7,10.09,100.79,APP_ANDROID
PED00000738,CLI01534,LJ03,2025-09-11T17:39:50,PAGO,51.52,5.53,57.05,WEB
PED00000739,CLI01151,LJ02,2025-09-11T21:57:49,PAGO,164.35,11.44,175.79,APP_ANDROID
PED00000740,CLI01552,LJ12,2025-09-11T19:44:35,CANCELADO,77.62,5.44,83.06,WEB
PED00000741,CLI00550,LJ05,2025-09-11T23:18:38,PAGO,14.47,10.78,25.25,WEB
PED00000742,CLI00541,LJ10,2025-09-11T16:42:42,PAGO,43.22,10.59,53.81,WEB
PED00000743,CLI01484,LJ12,2025-09-11T14:40:15,PAGO,88.19,8.21,96.4,APP_ANDROID
PED00000744,CLI00518,LJ02,2025-09-11T16:52:35,PENDENTE,46.24,8.47,54.71,WEB
PED00000745,CLI01047,LJ10,2025-09-11T16:12:17,PAGO,50.15,5.86,56.01,APP_IOS
PED00000746,CLI00569,LJ02,2025-09-11T18:34:17,PAGO,34.65,11.24,45.89,WEB
PED00000747,CLI00692,LJ10,2025-09-11T21:17:18,PAGO,60.1,6.06,66.16,WEB
PED00000748,CLI00352,LJ07,2025-09-11T13:34:39,PAGO,46.84,6.89,53.73,APP_ANDROID
PED00000749,CLI01732,LJ07,2025-09-11T13:15:29,PAGO,53.18,7.86,61.04,APP_ANDROID
PED00000750,CLI01743,LJ10,2025-09-11T22:24:01,PAGO,34.12,8.49,42.61,WEB
PED00000751,CLI01243,LJ04,2025-09-11T15:09:45,PAGO,66.45,11.72,78.17,WEB
PED00000752,CLI01322,LJ12,2025-09-11T11:28:45,PAGO,59.13,5.63,64.76,APP_ANDROID
PED00000753,CLI00751,LJ05,2025-09-11T17:10:10,PAGO,67.14,11.41,78.55,APP_IOS
PED00000754,CLI00103,LJ05,2025-09-11T11:33:59,PAGO,22.3,11.41,33.71,APP_IOS
PED00000755,CLI01067,LJ02,2025-09-11T13:55:05,PAGO,121.5,10.65,132.15,APP_IOS
PED00000756,CLI00138,LJ02,2025-09-11T14:52:50,PAGO,37.3,6.25,43.55,WEB
PED00000757,CLI01612,LJ01,2025-09-11T15:54:10,PAGO,25.83,6.09,31.92,APP_IOS
PED00000758,CLI01176,LJ05,2025-09-11T17:15:29,PAGO,7.98,5.3,13.28,APP_ANDROID
PED00000759,CLI00944,LJ09,2025-09-11T22:31:43,PAGO,152.22,7.84,160.06,APP_ANDROID
PED00000760,CLI00342,LJ09,2025-09-11T23:31:08,PAGO,197.4,7.63,205.03,APP_ANDROID
PED00000761,CLI00407,LJ01,2025-09-11T13:27:49,PAGO,15.39,5.98,21.37,APP_ANDROID
PED00000762,CLI00034,LJ04,2025-09-11T17:16:31,PAGO,233.8,7.07,240.87,APP_IOS
PED00000763,CLI01817,LJ11,2025-09-11T23:27:04,PAGO,81.02,7.32,88.34,APP_ANDROID
PED00000764,CLI00023,LJ02,2025-09-11T12:47:45,PAGO,19.94,5.17,25.11,APP_ANDROID
PED00000765,CLI00711,LJ10,2025-09-11T15:18:23,PAGO,62.75,10.46,73.21,WEB
PED00000766,CLI00138,LJ03,2025-09-11T23:24:21,PAGO,97.17,7.69,104.86,APP_ANDROID
PED00000767,CLI00621,LJ01,2025-09-11T12:12:26,PAGO,60.19,5.0,65.19,APP_IOS
PED00000768,CLI00544,LJ12,2025-09-11T17:50:04,PAGO,82.58,9.04,91.62,WEB
PED00000769,CLI01294,LJ11,2025-09-11T15:33:09,PAGO,138.41,11.81,150.22,APP_ANDROID
PED00000770,CLI01642,LJ05,2025-09-11T11:52:09,PAGO,117.64,5.57,123.21,APP_IOS
PED00000771,CLI01588,LJ06,2025-09-11T10:27:25,PAGO,223.03,7.59,230.62,APP_ANDROID
PED00000772,CLI01901,LJ07,2025-09-11T19:13:25,PAGO,30.58,10.97,41.55,APP_IOS
PED00000773,CLI00308,LJ09,2025-09-11T16:31:57,PAGO,121.37,6.16,127.53,APP_ANDROID
PED00000774,CLI01194,LJ02,2025-09-11T10:39:00,PAGO,23.54,8.43,31.97,APP_ANDROID
PED00000775,CLI00147,LJ10,2025-09-11T14:08:04,PAGO,45.05,8.17,53.22,WEB
PED00000776,CLI00857,LJ04,2025-09-11T22:54:19,PAGO,22.61,6.03,28.64,APP_ANDROID
PED00000777,CLI00579,LJ06,2025-09-11T21:20:37,PAGO,46.38,11.56,57.94,APP_IOS
PED00000778,CLI00746,LJ03,2025-09-11T16:12:22,PAGO,44.5,10.69,55.19,APP_ANDROID
PED00000779,CLI01606,LJ12,2025-09-11T23:20:28,PAGO,44.82,6.29,51.11,APP_IOS
PED00000780,CLI00191,LJ08,2025-09-11T15:09:02,PAGO,52.65,10.4,63.05,WEB
PED00000781,CLI01639,LJ10,2025-09-11T15:21:00,PAGO,89.55,8.7,98.25,WEB
PED00000782,CLI00891,LJ12,2025-09-11T22:02:29,PENDENTE,69.62,8.32,77.94,APP_ANDROID
PED00000783,CLI01891,LJ06,2025-09-11T23:37:14,PAGO,198.71,6.86,205.57,WEB
PED00000784,CLI01950,LJ08,2025-09-11T13:25:00,PAGO,278.25,9.06,287.31,WEB
PED00000785,CLI01597,LJ02,2025-09-11T23:15:59,PENDENTE,45.2,5.7,50.9,WEB
PED00000786,CLI01347,LJ05,2025-09-11T20:16:26,PAGO,18.66,9.84,28.5,WEB
PED00000787,CLI01789,LJ02,2025-09-11T23:59:00,PENDENTE,34.15,11.76,45.91,APP_IOS
PED00000788,CLI00249,LJ09,2025-09-11T22:53:49,PAGO,63.5,6.23,69.73,APP_IOS
PED00000789,CLI01486,LJ01,2025-09-11T19:51:50,PAGO,119.93,10.68,130.61,APP_IOS
PED00000790,CLI01585,LJ10,2025-09-11T21:44:04,PENDENTE,89.88,5.29,95.17,APP_ANDROID
PED00000791,CLI00036,LJ11,2025-09-11T15:41:21,PAGO,112.96,10.33,123.29,APP_IOS
PED00000792,CLI01611,LJ11,2025-09-11T15:15:19,PAGO,64.03,9.87,73.9,APP_ANDROID
PED00000793,CLI00697,LJ07,2025-09-11T11:33:23,PAGO,24.87,11.09,35.96,WEB
PED00000794,CLI00743,LJ02,2025-09-11T11:16:49,PAGO,77.53,8.84,86.37,WEB
PED00000795,CLI00609,LJ09,2025-09-11T20:19:06,PAGO,25.3,11.61,36.91,APP_IOS
PED00000796,CLI00088,LJ08,2025-09-11T22:23:25,PAGO,100.57,9.54,110.11,WEB
PED00000797,CLI01292,LJ01,2025-09-11T17:13:46,PAGO,45.04,11.93,56.97,APP_IOS
PED00000798,CLI01182,LJ12,2025-09-11T22:53:12,PAGO,59.54,5.95,65.49,WEB
PED00000799,CLI00552,LJ04,2025-09-11T19:54:56,PAGO,55.17,6.77,61.94,APP_IOS
PED00000800,CLI01981,LJ11,2025-09-11T13:08:45,PAGO,57.11,6.01,63.12,WEB
PED00000801,CLI01780,LJ06,2025-09-11T15:26:24,PAGO,85.98,6.7,92.68,APP_ANDROID
PED00000802,CLI00101,LJ05,2025-09-11T10:27:29,PAGO,23.95,7.98,31.93,APP_IOS
PED00000803,CLI00134,LJ10,2025-09-11T17:22:19,PAGO,86.69,8.07,94.76,APP_IOS
PED00000804,CLI01322,LJ08,2025-09-11T16:14:35,PAGO,74.43,11.19,85.62,APP_IOS
PED00000805,CLI01659,LJ04,2025-09-11T22:42:59,PAGO,146.06,9.83,155.89,WEB
PED00000806,CLI00003,LJ08,2025-09-11T13:11:06,PAGO,118.63,7.5,126.13,APP_ANDROID
PED00000807,CLI01824,LJ04,2025-09-11T15:02:54,PAGO,163.1,5.53,168.63,WEB
PED00000808,CLI00842,LJ01,2025-09-11T13:29:26,PAGO,75.9,6.8,82.7,WEB
PED00000809,CLI01317,LJ10,2025-09-12T17:57:13,PAGO,65.84,9.87,75.71,APP_IOS
PED00000810,CLI01674,LJ04,2025-09-12T22:26:56,PAGO,15.01,5.0,20.01,WEB
PED00000811,CLI01543,LJ08,2025-09-12T18:44:10,PAGO,33.55,6.35,39.9,APP_IOS
PED00000812,CLI01501,LJ03,2025-09-12T13:52:13,PAGO,22.85,10.07,32.92,APP_ANDROID
PED00000813,CLI01710,LJ11,2025-09-12T16:09:44,PAGO,66.7,5.76,72.46,APP_IOS
PED00000814,CLI00546,LJ12,2025-09-12T18:45:35,PAGO,56.62,8.17,64.79,WEB
PED00000815,CLI01954,LJ08,2025-09-12T16:11:39,PAGO,46.52,6.37,52.89,APP_ANDROID
PED00000816,CLI00953,LJ02,2025-09-12T23:37:07,PAGO,6.63,11.65,18.28,APP_IOS
PED00000817,CLI01863,LJ11,2025-09-12T19:45:47,PAGO,7.4,5.88,13.28,APP_IOS
PED00000818,CLI01812,LJ02,2025-09-12T13:34:35,PAGO,25.89,8.43,34.32,APP_IOS
PED00000819,CLI01432,LJ11,2025-09-12T11:33:09,PAGO,34.2,10.32,44.52,APP_ANDROID
PED00000820,CLI01736,LJ06,2025-09-12T10:02:48,PAGO,51.3,10.06,61.36,APP_IOS
PED00000821,CLI00170,LJ12,2025-09-12T13:30:51,PAGO,118.81,7.65,126.46,APP_IOS
PED00000822,CLI01323,LJ05,2025-09-12T22:18:16,PAGO,30.43,10.38,40.81,APP_IOS
PED00000823,CLI01027,LJ10,2025-09-12T22:02:20,PAGO,24.62,5.34,29.96,WEB
PED00000824,CLI00774,LJ06,2025-09-12T20:21:05,PAGO,23.71,6.89,30.6,APP_IOS
PED00000825,CLI01355,LJ01,2025-09-12T15:19:52,PAGO,61.21,8.91,70.12,WEB
PED00000826,CLI01582,LJ10,2025-09-12T22:40:54,CANCELADO,4.33,11.5,15.83,APP_ANDROID
PED00000827,CLI00518,LJ09,2025-09-12T11:56:35,CANCELADO,86.92,8.61,95.53,APP_ANDROID
PED00000828,CLI01471,LJ04,2025-09-12T18:41:04,PAGO,62.53,8.65,71.18,WEB
PED00000829,CLI00835,LJ05,2025-09-12T12:01:15,PAGO,56.85,5.29,62.14,APP_ANDROID
PED00000830,CLI00321,LJ06,2025-09-12T22:23:48,PAGO,65.55,8.29,73.84,APP_ANDROID
PED00000831,CLI01768,LJ05,2025-09-12T18:36:52,PAGO,79.52,9.27,88.79,WEB
PED00000832,CLI00077,LJ05,2025-09-12T20:40:03,PENDENTE,109.42,8.68,118.1,WEB
PED00000833,CLI00809,LJ12,2025-09-12T13:51:09,PAGO,23.86,10.05,33.91,APP_IOS
PED00000834,CLI00494,LJ10,2025-09-12T11:40:43,PAGO,81.01,10.06,91.07,APP_IOS
PED00000835,CLI01018,LJ06,2025-09-12T16:06:29,PENDENTE,92.31,7.91,100.22,WEB
PED00000836,CLI01894,LJ01,2025-09-12T13:44:24,PAGO,114.08,9.76,123.84,APP_ANDROID
PED00000837,CLI00275,LJ01,2025-09-12T11:19:38,PAGO,60.15,5.76,65.91,APP_ANDROID
PED00000838,CLI01086,LJ08,2025-09-12T15:53:01,PAGO,55.73,6.93,62.66,APP_ANDROID
PED00000839,CLI00523,LJ01,2025-09-12T21:47:54,PAGO,40.78,10.81,51.59,WEB
PED00000840,CLI00487,LJ08,2025-09-12T16:27:27,PENDENTE,105.73,5.39,111.12,APP_IOS
PED00000841,CLI01812,LJ10,2025-09-12T11:52:55,PAGO,44.85,10.37,55.22,APP_ANDROID
PED00000842,CLI00107,LJ07,2025-09-12T18:35:11,PAGO,98.25,8.93,107.18,APP_IOS
PED00000843,CLI01703,LJ05,2025-09-12T14:47:02,PAGO,75.77,6.66,82.43,WEB
PED00000844,CLI00280,LJ07,2025-09-12T10:13:14,PAGO,65.64,8.95,74.59,WEB
PED00000845,CLI00586,LJ10,2025-09-12T12:59:01,PAGO,38.39,11.6,49.99,APP_ANDROID
PED00000846,CLI01781,LJ11,2025-09-12T14:53:35,PAGO,60.66,9.05,69.71,WEB
PED00000847,CLI00301,LJ06,2025-09-12T19:06:18,PAGO,24.76,6.33,31.09,APP_IOS
PED00000848,CLI00603,LJ03,2025-09-12T22:27:25,PAGO,79.81,11.96,91.77,APP_IOS
PED00000849,CLI00668,LJ11,2025-09-12T20:38:58,PAGO,31.94,6.99,38.93,APP_IOS
PED00000850,CLI01818,LJ11,2025-09-12T11:09:57,PAGO,40.3,9.63,49.93,APP_IOS
PED00000851,CLI01174,LJ07,2025-09-12T15:26:40,PAGO,58.73,10.25,68.98,APP_ANDROID
PED00000852,CLI00817,LJ09,2025-09-12T12:15:37,PAGO,28.53,8.35,36.88,APP_IOS
PED00000853,CLI00890,LJ10,2025-09-12T16:58:56,PAGO,142.55,9.54,152.09,APP_IOS
PED00000854,CLI01757,LJ12,2025-09-12T15:03:29,PAGO,34.23,11.65,45.88,WEB
PED00000855,CLI00104,LJ12,2025-09-12T15:14:40,PAGO,38.17,7.74,45.91,APP_IOS
PED00000856,CLI01814,LJ03,2025-09-12T21:25:48,PAGO,61.1,7.69,68.79,APP_IOS
PED00000857,CLI01576,LJ05,2025-09-12T10:25:59,PAGO,68.61,11.68,80.29,APP_ANDROID
PED00000858,CLI00415,LJ06,2025-09-12T16:06:29,PAGO,6.82,11.35,18.17,WEB
PED00000859,CLI00001,LJ07,2025-09-12T11:14:48,PAGO,80.09,6.85,86.94,APP_IOS
PED00000860,CLI01771,LJ10,2025-09-12T15:03:09,PAGO,82.96,8.16,91.12,WEB
PED00000861,CLI00816,LJ08,2025-09-12T18:06:59,PAGO,28.39,6.13,34.52,APP_IOS
PED00000862,CLI01695,LJ03,2025-09-12T11:40:12,PAGO,209.89,10.76,220.65,APP_IOS
PED00000863,CLI00363,LJ09,2025-09-12T20:20:26,PAGO,79.52,10.03,89.55,APP_ANDROID
PED00000864,CLI00929,LJ08,2025-09-12T21:03:25,PAGO,35.89,10.35,46.24,APP_ANDROID
PED00000865,CLI01350,LJ03,2025-09-12T12:14:40,PAGO,334.46,9.81,344.27,APP_ANDROID
PED00000866,CLI01071,LJ11,2025-09-12T22:59:11,PAGO,71.87,6.65,78.52,WEB
PED00000867,CLI01605,LJ09,2025-09-12T23:01:10,PAGO,109.94,11.78,121.72,WEB
PED00000868,CLI01733,LJ12,2025-09-12T19:32:35,PAGO,56.65,5.64,62.29,APP_IOS
PED00000869,CLI00823,LJ08,2025-09-12T16:30:12,PAGO,99.85,9.02,108.87,APP_ANDROID
PED00000870,CLI01715,LJ03,2025-09-12T15:33:36,PAGO,93.85,10.29,104.14,APP_ANDROID
PED00000871,CLI01405,LJ08,2025-09-12T19:02:01,PAGO,14.18,7.4,21.58,APP_ANDROID
PED00000872,CLI01914,LJ09,2025-09-12T16:29:37,PAGO,44.07,9.47,53.54,WEB
PED00000873,CLI01515,LJ10,2025-09-12T23:17:50,PAGO,156.39,8.73,165.12,APP_ANDROID
PED00000874,CLI00365,LJ06,2025-09-12T16:10:36,PAGO,131.62,7.58,139.2,APP_IOS
PED00000875,CLI01063,LJ05,2025-09-12T16:54:35,PAGO,53.85,9.73,63.58,WEB
PED00000876,CLI01898,LJ02,2025-09-12T17:38:30,PAGO,22.68,6.88,29.56,APP_IOS
PED00000877,CLI00431,LJ07,2025-09-12T14:05:20,PAGO,7.21,10.1,17.31,APP_ANDROID
PED00000878,CLI01675,LJ07,2025-09-12T17:46:54,PENDENTE,22.57,5.32,27.89,WEB
PED00000879,CLI01428,LJ11,2025-09-12T22:06:18,PENDENTE,71.93,8.93,80.86,WEB
PED00000880,CLI01552,LJ08,2025-09-12T10:17:23,PAGO,94.75,7.27,102.02,WEB
PED00000881,CLI01104,LJ08,2025-09-12T14:19:55,PAGO,41.55,7.38,48.93,WEB
PED00000882,CLI01632,LJ06,2025-09-12T22:45:53,PAGO,3.84,5.83,9.67,APP_IOS
PED00000883,CLI00681,LJ01,2025-09-12T12:59:54,PAGO,22.51,6.61,29.12,WEB
PED00000884,CLI01963,LJ04,2025-09-12T12:41:56,PAGO,85.5,10.96,96.46,WEB
PED00000885,CLI01202,LJ10,2025-09-12T21:31:09,PAGO,88.78,11.89,100.67,WEB
PED00000886,CLI00590,LJ04,2025-09-12T11:33:13,PAGO,114.69,5.94,120.63,APP_IOS
PED00000887,CLI01800,LJ11,2025-09-12T10:40:19,PAGO,11.41,6.71,18.12,APP_ANDROID
PED00000888,CLI01470,LJ09,2025-09-12T17:22:01,PAGO,62.48,10.23,72.71,APP_ANDROID
PED00000889,CLI00991,LJ03,2025-09-12T16:09:55,PAGO,11.41,10.43,21.84,WEB
PED00000890,CLI01843,LJ11,2025-09-12T18:15:46,PAGO,7.45,5.85,13.3,APP_ANDROID
PED00000891,CLI01408,LJ04,2025-09-12T13:28:50,PAGO,91.01,6.21,97.22,WEB
PED00000892,CLI01518,LJ07,2025-09-12T12:06:46,PAGO,30.45,11.28,41.73,APP_ANDROID
PED00000893,CLI01617,LJ10,2025-09-12T23:57:34,PAGO,58.06,7.75,65.81,APP_IOS
PED00000894,CLI00535,LJ05,2025-09-12T19:51:49,PAGO,55.84,5.49,61.33,APP_IOS
PED00000895,CLI01556,LJ09,2025-09-12T17:46:07,PAGO,131.11,10.27,141.38,APP_IOS
PED00000896,CLI00814,LJ12,2025-09-12T22:46:55,PAGO,38.08,8.88,46.96,WEB
PED00000897,CLI01063,LJ09,2025-09-12T18:55:36,PAGO,89.16,5.43,94.59,APP_IOS
PED00000898,CLI00619,LJ04,2025-09-12T16:41:05,PAGO,159.39,6.04,165.43,WEB
PED00000899,CLI01360,LJ01,2025-09-12T11:19:12,PAGO,178.21,9.81,188.02,APP_ANDROID
PED00000900,CLI00298,LJ07,2025-09-12T10:40:09,PAGO,3.87,9.9,13.77,APP_ANDROID
PED00000901,CLI00110,LJ02,2025-09-12T19:49:47,PAGO,24.84,6.26,31.1,APP_IOS
PED00000902,CLI00915,LJ03,2025-09-12T21:21:42,PAGO,153.39,7.06,160.45,APP_IOS
PED00000903,CLI00427,LJ09,2025-09-12T10:42:11,PAGO,86.52,5.98,92.5,APP_ANDROID
PED00000904,CLI00276,LJ03,2025-09-12T19:18:24,PAGO,109.81,9.67,119.48,WEB
PED00000905,CLI01687,LJ01,2025-09-12T22:06:14,PENDENTE,8.87,8.85,17.72,WEB
PED00000906,CLI01562,LJ03,2025-09-12T13:54:01,PAGO,34.01,11.93,45.94,APP_IOS
PED00000907,CLI01258,LJ03,2025-09-12T17:14:35,PAGO,44.45,10.05,54.5,APP_IOS
PED00000908,CLI00845,LJ04,2025-09-12T12:08:55,PAGO,62.68,9.97,72.65,APP_ANDROID
PED00000909,CLI00256,LJ01,2025-09-12T19:23:58,CANCELADO,191.02,6.72,197.74,APP_ANDROID
PED00000910,CLI01724,LJ02,2025-09-12T12:53:51,PAGO,16.63,5.27,21.9,APP_IOS
PED00000911,CLI01135,LJ04,2025-09-12T11:28:25,PAGO,81.42,5.76,87.18,APP_ANDROID
PED00000912,CLI00173,LJ04,2025-09-12T18:02:26,PAGO,93.92,11.79,105.71,APP_ANDROID
PED00000913,CLI01641,LJ07,2025-09-12T12:07:45,PAGO,12.94,8.7,21.64,APP_ANDROID
PED00000914,CLI01221,LJ05,2025-09-12T17:01:13,PAGO,97.68,10.44,108.12,WEB
PED00000915,CLI01889,LJ05,2025-09-12T23:27:56,PAGO,91.31,7.17,98.48,APP_ANDROID
PED00000916,CLI01547,LJ02,2025-09-12T22:07:03,PAGO,37.47,6.65,44.12,WEB
PED00000917,CLI01176,LJ01,2025-09-12T15:15:42,PENDENTE,10.63,9.26,19.89,APP_IOS
PED00000918,CLI01325,LJ10,2025-09-12T23:31:59,CANCELADO,317.04,7.68,324.72,WEB
PED00000919,CLI01536,LJ05,2025-09-12T11:26:58,PAGO,16.52,8.4,24.92,WEB
PED00000920,CLI01702,LJ03,2025-09-12T22:20:27,PAGO,117.27,9.98,127.25,APP_ANDROID
PED00000921,CLI01737,LJ11,2025-09-13T12:01:13,PAGO,50.56,6.11,56.67,WEB
PED00000922,CLI00195,LJ09,2025-09-13T22:05:15,PAGO,120.21,11.83,132.04,APP_IOS
PED00000923,CLI01032,LJ11,2025-09-13T19:18:59,PAGO,47.12,11.5,58.62,APP_ANDROID
PED00000924,CLI00330,LJ02,2025-09-13T17:56:56,PAGO,48.75,8.77,57.52,APP_IOS
PED00000925,CLI01107,LJ01,2025-09-13T16:30:20,PAGO,7.27,8.94,16.21,APP_ANDROID
PED00000926,CLI01566,LJ11,2025-09-13T20:05:59,PAGO,140.79,9.69,150.48,APP_ANDROID
PED00000927,CLI00548,LJ01,2025-09-13T19:22:14,PAGO,19.01,11.3,30.31,WEB
PED00000928,CLI00582,LJ11,2025-09-13T22:44:35,PAGO,65.68,9.61,75.29,WEB
PED00000929,CLI01311,LJ01,2025-09-13T19:59:26,PAGO,41.97,5.18,47.15,APP_ANDROID
PED00000930,CLI00133,LJ08,2025-09-13T10:09:35,PAGO,55.98,6.93,62.91,WEB
PED00000931,CLI01982,LJ10,2025-09-13T22:49:14,PAGO,38.54,7.77,46.31,APP_IOS
PED00000932,CLI00912,LJ10,2025-09-13T19:04:27,PAGO,67.16,10.75,77.91,APP_IOS
PED00000933,CLI00477,LJ04,2025-09-13T17:46:26,PAGO,47.11,10.46,57.57,WEB
PED00000934,CLI00738,LJ05,2025-09-13T22:19:31,PAGO,8.53,11.11,19.64,WEB
PED00000935,CLI01614,LJ10,2025-09-13T16:25:54,PAGO,147.54,8.83,156.37,APP_IOS
PED00000936,CLI01775,LJ07,2025-09-13T17:53:35,PAGO,31.96,9.36,41.32,APP_ANDROID
PED00000937,CLI01119,LJ07,2025-09-13T19:42:34,PAGO,250.29,9.12,259.41,APP_ANDROID
PED00000938,CLI00227,LJ02,2025-09-13T19:08:46,PAGO,22.45,7.53,29.98,WEB
PED00000939,CLI00720,LJ02,2025-09-13T11:30:05,PAGO,81.93,9.97,91.9,APP_IOS
PED00000940,CLI00672,LJ06,2025-09-13T19:03:24,PAGO,45.02,10.65,55.67,APP_ANDROID
PED00000941,CLI00367,LJ01,2025-09-13T14:58:24,PENDENTE,98.67,6.83,105.5,APP_IOS
PED00000942,CLI00645,LJ07,2025-09-13T23:23:31,PAGO,33.56,6.35,39.91,WEB
PED00000943,CLI00871,LJ03,2025-09-13T13:54:50,PAGO,41.09,9.43,50.52,WEB
PED00000944,CLI01896,LJ01,2025-09-13T10:44:59,PAGO,3.67,6.27,9.94,APP_ANDROID
PED00000945,CLI01422,LJ11,2025-09-13T17:19:25,PAGO,12.05,5.65,17.7,WEB
PED00000946,CLI01093,LJ09,2025-09-13T20:24:03,PAGO,484.12,11.18,495.3,APP_ANDROID
PED00000947,CLI01907,LJ05,2025-09-13T17:08:45,PAGO,23.19,5.37,28.56,WEB
PED00000948,CLI00701,LJ04,2025-09-13T16:22:44,PAGO,142.13,7.58,149.71,APP_ANDROID
PED00000949,CLI00635,LJ03,2025-09-13T11:42:35,PAGO,186.35,5.22,191.57,APP_ANDROID
PED00000950,CLI00585,LJ11,2025-09-13T17:21:47,PAGO,6.65,6.35,13.0,WEB
PED00000951,CLI01577,LJ09,2025-09-13T19:48:47,PAGO,85.69,10.35,96.04,APP_IOS
PED00000952,CLI01003,LJ03,2025-09-13T10:12:55,PAGO,51.76,8.8,60.56,APP_IOS
PED00000953,CLI01971,LJ04,2025-09-13T23:02:16,PAGO,29.17,6.61,35.78,APP_IOS
PED00000954,CLI00074,LJ12,2025-09-13T22:40:47,PAGO,14.96,7.01,21.97,APP_IOS
PED00000955,CLI00353,LJ05,2025-09-13T14:16:58,PAGO,66.75,9.82,76.57,APP_ANDROID
PED00000956,CLI00923,LJ12,2025-09-13T22:35:06,PAGO,84.82,8.59,93.41,APP_ANDROID
PED00000957,CLI01647,LJ10,2025-09-13T19:37:27,PENDENTE,34.66,11.9,46.56,APP_ANDROID
PED00000958,CLI01716,LJ08,2025-09-13T11:17:53,PAGO,13.3,11.03,24.33,WEB
PED00000959,CLI01456,LJ05,2025-09-13T12:17:08,CANCELADO,90.0,7.74,97.74,APP_IOS
PED00000960,CLI01933,LJ10,2025-09-13T13:11:33,PAGO,39.13,8.65,47.78,APP_ANDROID
PED00000961,CLI00093,LJ01,2025-09-13T18:53:40,PAGO,72.1,10.07,82.17,WEB
PED00000962,CLI01331,LJ04,2025-09-13T20:05:37,PAGO,19.43,10.37,29.8,WEB
PED00000963,CLI00645,LJ05,2025-09-13T16:55:37,PAGO,155.42,7.59,163.01,APP_ANDROID
PED00000964,CLI00897,LJ02,2025-09-13T15:01:57,PAGO,24.91,7.75,32.66,APP_ANDROID
PED00000965,CLI01452,LJ02,2025-09-13T21:53:57,PENDENTE,18.46,11.46,29.92,WEB
PED00000966,CLI00086,LJ09,2025-09-13T19:00:23,PAGO,74.52,7.72,82.24,APP_ANDROID
PED00000967,CLI00480,LJ09,2025-09-13T16:35:35,PAGO,68.0,9.14,77.14,APP_IOS
PED00000968,CLI01167,LJ08,2025-09-13T16:01:44,PAGO,4.36,10.35,14.71,APP_ANDROID
PED00000969,CLI01183,LJ09,2025-09-13T23:55:11,PAGO,22.38,11.59,33.97,APP_ANDROID
PED00000970,CLI00644,LJ02,2025-09-13T17:31:29,PAGO,11.66,9.21,20.87,APP_IOS
PED00000971,CLI00297,LJ05,2025-09-13T11:38:45,PAGO,188.96,6.85,195.81,WEB
PED00000972,CLI00216,LJ09,2025-09-13T15:43:18,PAGO,40.57,11.57,52.14,APP_IOS
PED00000973,CLI00450,LJ12,2025-09-13T15:26:17,PENDENTE,60.87,6.14,67.01,WEB
PED00000974,CLI00011,LJ01,2025-09-13T11:31:33,PAGO,179.49,7.61,187.1,APP_ANDROID
PED00000975,CLI01932,LJ09,2025-09-13T20:44:48,CANCELADO,28.31,6.25,34.56,APP_ANDROID
PED00000976,CLI01815,LJ02,2025-09-13T23:42:05,PAGO,122.26,8.08,130.34,WEB
PED00000977,CLI00068,LJ08,2025-09-13T11:51:27,PAGO,162.79,8.93,171.72,APP_ANDROID
PED00000978,CLI01661,LJ11,2025-09-13T12:51:36,PAGO,54.27,6.95,61.22,APP_ANDROID
PED00000979,CLI01713,LJ12,2025-09-13T11:39:50,PAGO,83.03,8.93,91.96,WEB
PED00000980,CLI00141,LJ08,2025-09-13T14:13:56,PAGO,34.45,11.03,45.48,WEB
PED00000981,CLI00918,LJ04,2025-09-13T19:35:14,PENDENTE,167.02,5.33,172.35,APP_ANDROID
PED00000982,CLI01899,LJ05,2025-09-13T21:03:25,PAGO,21.19,11.56,32.75,APP_ANDROID
PED00000983,CLI01289,LJ12,2025-09-13T14:46:01,PAGO,29.15,5.13,34.28,APP_ANDROID
PED00000984,CLI01397,LJ07,2025-09-13T10:43:44,PAGO,70.87,6.24,77.11,APP_IOS
PED00000985,CLI00374,LJ08,2025-09-13T15:50:50,CANCELADO,74.87,5.55,80.42,APP_IOS
PED00000986,CLI00691,LJ04,2025-09-13T23:46:59,PAGO,76.05,9.93,85.98,APP_IOS
PED00000987,CLI00102,LJ06,2025-09-13T21:47:37,PAGO,114.71,11.79,126.5,WEB
PED00000988,CLI00007,LJ05,2025-09-13T15:08:02,PAGO,71.06,9.39,80.45,APP_IOS
PED00000989,CLI01804,LJ10,2025-09-13T19:57:11,PENDENTE,65.87,7.53,73.4,APP_IOS
PED00000990,CLI01974,LJ08,2025-09-13T19:36:00,PAGO,100.55,10.02,110.57,APP_ANDROID
PED00000991,CLI00981,LJ09,2025-09-13T14:44:43,PAGO,114.57,10.94,125.51,APP_IOS
PED00000992,CLI00447,LJ03,2025-09-13T20:22:53,PAGO,24.81,8.76,33.57,APP_IOS
PED00000993,CLI01355,LJ10,2025-09-13T21:49:09,PAGO,92.79,9.5,102.29,APP_ANDROID
PED00000994,CLI00730,LJ04,2025-09-13T10:40:48,PENDENTE,72.15,5.95,78.1,APP_IOS
PED00000995,CLI01962,LJ08,2025-09-13T15:48:56,PENDENTE,72.09,6.17,78.26,APP_IOS
PED00000996,CLI00859,LJ11,2025-09-13T22:56:11,PAGO,130.67,5.64,136.31,APP_ANDROID
PED00000997,CLI01462,LJ09,2025-09-13T10:11:12,PAGO,165.33,5.74,171.07,APP_IOS
PED00000998,CLI01097,LJ06,2025-09-13T15:35:35,PAGO,63.61,5.35,68.96,APP_ANDROID
PED00000999,CLI01096,LJ12,2025-09-13T19:54:13,PAGO,211.26,8.34,219.6,APP_IOS
PED00001000,CLI00438,LJ10,2025-09-13T14:34:08,PAGO,257.12,8.67,265.79,APP_IOS
PED00001001,CLI01183,LJ10,2025-09-13T21:12:44,PAGO,47.66,9.44,57.1,APP_IOS
PED00001002,CLI00449,LJ03,2025-09-13T12:45:28,PAGO,84.32,6.77,91.09,APP_IOS
PED00001003,CLI00706,LJ12,2025-09-13T22:38:14,CANCELADO,51.57,10.38,61.95,WEB
PED00001004,CLI00047,LJ11,2025-09-13T12:38:05,PAGO,272.9,5.2,278.1,APP_IOS
PED00001005,CLI01682,LJ05,2025-09-13T11:39:24,PAGO,24.45,5.83,30.28,APP_ANDROID
PED00001006,CLI00752,LJ07,2025-09-13T18:56:23,PENDENTE,55.35,9.9,65.25,APP_IOS
PED00001007,CLI01647,LJ07,2025-09-13T15:23:03,PAGO,44.96,11.86,56.82,WEB
PED00001008,CLI01469,LJ04,2025-09-13T19:26:22,PAGO,59.43,11.78,71.21,APP_ANDROID
PED00001009,CLI01363,LJ03,2025-09-13T23:47:21,CANCELADO,125.67,8.45,134.12,WEB
PED00001010,CLI01947,LJ11,2025-09-13T19:06:47,PAGO,39.05,9.0,48.05,APP_ANDROID
PED00001011,CLI01147,LJ06,2025-09-13T22:15:56,PAGO,187.14,5.55,192.69,APP_ANDROID
PED00001012,CLI01023,LJ07,2025-09-13T10:23:46,PAGO,122.47,10.05,132.52,WEB
PED00001013,CLI00739,LJ04,2025-09-13T16:23:36,PAGO,61.68,7.59,69.27,WEB
PED00001014,CLI01173,LJ06,2025-09-13T23:59:39,CANCELADO,49.75,11.58,61.33,WEB
PED00001015,CLI00781,LJ07,2025-09-13T14:54:28,PAGO,47.4,7.0,54.4,WEB
PED00001016,CLI01196,LJ04,2025-09-13T13:50:57,PAGO,12.88,8.17,21.05,APP_ANDROID
PED00001017,CLI00463,LJ02,2025-09-13T20:57:01,PAGO,33.73,8.84,42.57,APP_IOS
PED00001018,CLI00576,LJ06,2025-09-13T12:13:23,PAGO,136.44,9.75,146.19,APP_IOS
PED00001019,CLI01317,LJ03,2025-09-13T23:41:59,PAGO,39.17,10.19,49.36,APP_IOS
PED00001020,CLI00948,LJ08,2025-09-13T12:36:27,PAGO,59.25,5.33,64.58,WEB
PED00001021,CLI01667,LJ08,2025-09-13T18:04:01,CANCELADO,40.87,10.99,51.86,APP_IOS
PED00001022,CLI01494,LJ03,2025-09-13T11:19:11,PAGO,27.45,10.34,37.79,WEB
PED00001023,CLI01013,LJ03,2025-09-13T10:12:07,PAGO,87.97,9.42,97.39,APP_ANDROID
PED00001024,CLI00262,LJ12,2025-09-13T15:39:22,PAGO,83.12,6.22,89.34,APP_ANDROID
PED00001025,CLI01416,LJ12,2025-09-13T23:57:50,PAGO,55.98,8.86,64.84,APP_ANDROID
PED00001026,CLI00797,LJ10,2025-09-13T17:50:07,PAGO,149.1,11.74,160.84,WEB
PED00001027,CLI01447,LJ02,2025-09-13T23:31:42,PAGO,35.74,5.92,41.66,APP_IOS
PED00001028,CLI01415,LJ03,2025-09-13T12:10:58,PAGO,12.34,11.98,24.32,APP_ANDROID
PED00001029,CLI01470,LJ11,2025-09-13T20:40:55,PAGO,76.83,11.3,88.13,APP_IOS
PED00001030,CLI01771,LJ04,2025-09-13T11:54:41,PAGO,38.67,5.73,44.4,APP_IOS
PED00001031,CLI00470,LJ09,2025-09-13T14:49:07,PAGO,58.91,5.4,64.31,APP_ANDROID
PED00001032,CLI01170,LJ12,2025-09-13T17:42:23,PAGO,33.82,6.22,40.04,WEB
PED00001033,CLI00178,LJ07,2025-09-13T21:17:04,PAGO,74.71,6.48,81.19,APP_ANDROID
PED00001034,CLI00733,LJ03,2025-09-13T10:30:51,PAGO,8.9,9.67,18.57,APP_IOS
PED00001035,CLI00197,LJ03,2025-09-13T21:42:05,PAGO,16.2,8.01,24.21,WEB
PED00001036,CLI01161,LJ11,2025-09-13T17:25:02,PAGO,21.06,9.21,30.27,APP_IOS
PED00001037,CLI01383,LJ01,2025-09-13T17:21:44,PAGO,39.97,6.46,46.43,WEB
PED00001038,CLI00416,LJ02,2025-09-13T19:05:40,PAGO,44.1,6.27,50.37,APP_IOS
PED00001039,CLI00248,LJ10,2025-09-13T11:22:53,PAGO,68.92,6.99,75.91,APP_IOS
PED00001040,CLI00288,LJ07,2025-09-13T18:29:25,PAGO,51.23,7.17,58.4,APP_IOS
PED00001041,CLI00790,LJ06,2025-09-13T16:44:02,PAGO,24.35,9.12,33.47,APP_ANDROID
PED00001042,CLI01263,LJ03,2025-09-13T17:28:05,PAGO,69.47,5.06,74.53,APP_ANDROID
PED00001043,CLI01084,LJ03,2025-09-13T17:26:43,PAGO,39.77,10.88,50.65,APP_ANDROID
PED00001044,CLI01890,LJ05,2025-09-13T16:42:27,PAGO,126.28,10.27,136.55,APP_IOS
PED00001045,CLI00565,LJ10,2025-09-13T17:18:14,PAGO,113.91,6.2,120.11,APP_IOS
PED00001046,CLI01026,LJ07,2025-09-13T12:38:46,PAGO,170.43,10.32,180.75,APP_ANDROID
PED00001047,CLI00236,LJ08,2025-09-13T22:02:30,PAGO,174.57,5.3,179.87,APP_ANDROID
PED00001048,CLI00782,LJ02,2025-09-13T12:46:39,PAGO,6.65,7.49,14.14,APP_IOS
PED00001049,CLI01503,LJ08,2025-09-14T15:54:25,PAGO,60.01,11.75,71.76,WEB
PED00001050,CLI01890,LJ10,2025-09-14T19:13:04,PAGO,33.4,6.56,39.96,WEB
PED00001051,CLI01813,LJ04,2025-09-14T14:56:11,PAGO,27.31,7.05,34.36,APP_ANDROID
PED00001052,CLI00039,LJ05,2025-09-14T13:42:28,PAGO,75.63,5.2,80.83,WEB
PED00001053,CLI01456,LJ12,2025-09-14T12:36:55,PAGO,128.36,6.84,135.2,APP_IOS
PED00001054,CLI00120,LJ03,2025-09-14T13:34:50,PAGO,95.4,7.37,102.77,APP_ANDROID
PED00001055,CLI00408,LJ04,2025-09-14T12:33:09,PAGO,177.45,11.14,188.59,APP_IOS
PED00001056,CLI00520,LJ07,2025-09-14T17:28:04,PAGO,13.74,11.53,25.27,APP_IOS
PED00001057,CLI00291,LJ08,2025-09-14T19:39:22,PAGO,51.55,11.59,63.14,APP_IOS
PED00001058,CLI01577,LJ05,2025-09-14T23:31:10,PAGO,79.86,5.48,85.34,WEB
PED00001059,CLI00187,LJ08,2025-09-14T21:10:10,PAGO,37.28,10.7,47.98,WEB
PED00001060,CLI01353,LJ09,2025-09-14T17:46:49,PENDENTE,169.14,7.7,176.84,WEB
PED00001061,CLI01787,LJ08,2025-09-14T12:50:43,PAGO,114.2,6.09,120.29,WEB
PED00001062,CLI00790,LJ07,2025-09-14T22:34:18,PAGO,102.06,11.86,113.92,APP_IOS
PED00001063,CLI00086,LJ04,2025-09-14T21:22:44,PAGO,149.58,11.53,161.11,WEB
PED00001064,CLI01204,LJ10,2025-09-14T19:16:44,PAGO,105.23,6.78,112.01,APP_IOS
PED00001065,CLI00335,LJ01,2025-09-14T15:54:18,PAGO,7.46,10.68,18.14,WEB
PED00001066,CLI01741,LJ04,2025-09-14T13:47:47,PAGO,25.42,5.13,30.55,WEB
PED00001067,CLI01042,LJ10,2025-09-14T19:59:21,PAGO,57.18,9.79,66.97,APP_IOS
PED00001068,CLI00389,LJ11,2025-09-14T17:31:16,PAGO,181.68,10.56,192.24,APP_IOS
PED00001069,CLI00036,LJ07,2025-09-14T11:56:25,PAGO,31.16,7.58,38.74,WEB
PED00001070,CLI01214,LJ05,2025-09-14T11:04:20,CANCELADO,86.42,9.36,95.78,APP_ANDROID
PED00001071,CLI01361,LJ03,2025-09-14T10:27:24,PAGO,61.61,10.32,71.93,APP_IOS
PED00001072,CLI01745,LJ04,2025-09-14T21:54:10,PAGO,41.15,11.18,52.33,WEB
PED00001073,CLI01782,LJ07,2025-09-14T18:26:34,PAGO,15.28,8.76,24.04,APP_ANDROID
PED00001074,CLI01537,LJ03,2025-09-14T23:53:43,PAGO,40.14,7.29,47.43,WEB
PED00001075,CLI00578,LJ07,2025-09-14T21:19:49,PAGO,28.63,5.53,34.16,APP_IOS
PED00001076,CLI00094,LJ05,2025-09-14T12:39:16,PAGO,146.04,8.3,154.34,WEB
PED00001077,CLI01205,LJ10,2025-09-14T19:39:17,PAGO,28.83,6.54,35.37,APP_ANDROID
PED00001078,CLI01511,LJ12,2025-09-14T21:10:45,PAGO,6.67,7.36,14.03,WEB
PED00001079,CLI00008,LJ06,2025-09-14T20:02:20,PAGO,25.16,9.82,34.98,APP_ANDROID
PED00001080,CLI01352,LJ10,2025-09-14T22:39:03,PAGO,45.81,6.59,52.4,WEB
PED00001081,CLI01807,LJ09,2025-09-14T19:57:24,PAGO,167.71,10.38,178.09,APP_IOS
PED00001082,CLI00508,LJ07,2025-09-14T18:19:49,PAGO,101.64,9.2,110.84,APP_IOS
PED00001083,CLI01451,LJ12,2025-09-14T21:01:25,PENDENTE,44.59,9.07,53.66,APP_IOS
PED00001084,CLI01071,LJ02,2025-09-14T23:41:52,PAGO,40.96,7.93,48.89,WEB
PED00001085,CLI01419,LJ05,2025-09-14T15:42:31,PAGO,110.05,6.2,116.25,APP_ANDROID
PED00001086,CLI00284,LJ06,2025-09-14T17:13:19,PAGO,156.42,10.17,166.59,APP_IOS
PED00001087,CLI00912,LJ05,2025-09-14T20:30:09,PAGO,197.36,8.39,205.75,WEB
PED00001088,CLI00629,LJ11,2025-09-14T20:31:16,PAGO,156.22,5.79,162.01,APP_ANDROID
PED00001089,CLI01063,LJ11,2025-09-14T15:13:25,PAGO,40.43,7.03,47.46,APP_IOS
PED00001090,CLI01358,LJ11,2025-09-14T18:51:25,PAGO,10.22,8.21,18.43,APP_ANDROID
PED00001091,CLI01233,LJ01,2025-09-14T10:53:34,PAGO,24.53,9.01,33.54,APP_IOS
PED00001092,CLI00676,LJ08,2025-09-14T14:42:52,PAGO,65.25,7.43,72.68,APP_IOS
PED00001093,CLI01615,LJ06,2025-09-14T10:03:00,PAGO,61.86,11.38,73.24,APP_ANDROID
PED00001094,CLI01143,LJ05,2025-09-14T22:36:12,PAGO,178.05,5.24,183.29,APP_IOS
PED00001095,CLI00876,LJ06,2025-09-14T21:07:03,PAGO,123.69,10.73,134.42,APP_ANDROID
PED00001096,CLI00774,LJ03,2025-09-14T22:49:08,PAGO,51.0,6.51,57.51,WEB
PED00001097,CLI00901,LJ01,2025-09-14T14:31:19,PAGO,40.47,7.28,47.75,APP_IOS
PED00001098,CLI01095,LJ04,2025-09-14T15:00:31,PAGO,65.98,10.02,76.0,APP_ANDROID
PED00001099,CLI01298,LJ08,2025-09-14T17:10:27,PAGO,80.65,8.88,89.53,APP_IOS
PED00001100,CLI00349,LJ11,2025-09-14T23:22:08,PAGO,49.13,5.47,54.6,APP_ANDROID
PED00001101,CLI01745,LJ11,2025-09-14T10:23:19,PAGO,40.03,10.41,50.44,APP_ANDROID
PED00001102,CLI01499,LJ12,2025-09-14T23:46:18,PAGO,99.13,9.22,108.35,APP_IOS
PED00001103,CLI01046,LJ09,2025-09-14T10:14:12,PAGO,32.12,11.43,43.55,APP_IOS
PED00001104,CLI01051,LJ08,2025-09-14T18:34:56,PAGO,76.48,8.12,84.6,APP_ANDROID
PED00001105,CLI01898,LJ06,2025-09-14T21:14:30,PAGO,23.29,8.48,31.77,WEB
PED00001106,CLI01912,LJ03,2025-09-14T19:51:25,PAGO,8.77,5.96,14.73,WEB
PED00001107,CLI01289,LJ07,2025-09-14T14:57:21,PAGO,69.74,8.72,78.46,APP_IOS
PED00001108,CLI00336,LJ02,2025-09-14T21:05:34,PAGO,125.21,10.26,135.47,WEB
PED00001109,CLI01194,LJ06,2025-09-14T17:10:35,CANCELADO,88.69,5.88,94.57,WEB
PED00001110,CLI01520,LJ02,2025-09-14T23:37:03,PAGO,24.35,9.26,33.61,WEB
PED00001111,CLI01680,LJ03,2025-09-14T14:33:34,PAGO,75.18,11.48,86.66,APP_IOS
PED00001112,CLI00872,LJ08,2025-09-14T22:55:10,PAGO,42.28,8.52,50.8,APP_ANDROID
PED00001113,CLI01588,LJ02,2025-09-14T19:15:39,PENDENTE,41.36,5.16,46.52,WEB
PED00001114,CLI01707,LJ02,2025-09-14T17:29:36,PAGO,139.85,7.62,147.47,WEB
PED00001115,CLI01525,LJ09,2025-09-14T18:48:01,PAGO,22.37,5.14,27.51,WEB
PED00001116,CLI01613,LJ10,2025-09-14T11:00:15,PENDENTE,26.15,5.85,32.0,WEB
PED00001117,CLI01414,LJ09,2025-09-14T15:52:34,PAGO,80.46,10.51,90.97,APP_ANDROID
PED00001118,CLI00287,LJ08,2025-09-14T11:13:44,PAGO,67.3,11.83,79.13,APP_ANDROID
PED00001119,CLI00923,LJ11,2025-09-14T13:05:41,PAGO,20.7,5.81,26.51,APP_ANDROID
PED00001120,CLI01959,LJ11,2025-09-14T19:02:42,PAGO,54.47,7.95,62.42,WEB
PED00001121,CLI00703,LJ04,2025-09-14T14:11:33,PAGO,229.02,8.75,237.77,WEB
PED00001122,CLI01697,LJ05,2025-09-14T10:23:07,PAGO,39.93,11.0,50.93,APP_IOS
PED00001123,CLI01386,LJ05,2025-09-14T17:07:33,PAGO,61.66,7.93,69.59,APP_ANDROID
PED00001124,CLI01167,LJ03,2025-09-14T12:32:34,PAGO,38.44,5.78,44.22,WEB
PED00001125,CLI01102,LJ12,2025-09-14T17:08:54,PAGO,87.96,11.9,99.86,APP_IOS
PED00001126,CLI01589,LJ12,2025-09-14T22:53:02,PAGO,96.13,7.83,103.96,APP_ANDROID
PED00001127,CLI00194,LJ04,2025-09-14T21:00:38,PAGO,70.37,11.47,81.84,APP_IOS
PED00001128,CLI01767,LJ04,2025-09-14T11:39:02,PAGO,26.58,9.83,36.41,WEB
PED00001129,CLI00205,LJ10,2025-09-14T13:10:17,PAGO,97.04,6.01,103.05,APP_ANDROID
PED00001130,CLI00058,LJ10,2025-09-14T21:47:35,PAGO,175.91,6.3,182.21,APP_IOS
PED00001131,CLI00354,LJ07,2025-09-14T11:06:34,PAGO,7.92,5.69,13.61,APP_ANDROID
PED00001132,CLI00025,LJ03,2025-09-14T18:25:28,PAGO,42.56,5.22,47.78,APP_ANDROID
PED00001133,CLI00801,LJ07,2025-09-14T21:08:04,PAGO,37.85,8.25,46.1,WEB
PED00001134,CLI00197,LJ08,2025-09-14T13:08:21,PENDENTE,46.19,6.12,52.31,APP_IOS
PED00001135,CLI01160,LJ01,2025-09-14T21:32:30,PAGO,102.62,7.85,110.47,APP_IOS
PED00001136,CLI01167,LJ03,2025-09-14T18:51:04,PAGO,8.42,11.88,20.3,APP_IOS
PED00001137,CLI00601,LJ03,2025-09-15T12:23:09,PAGO,17.97,11.68,29.65,WEB
PED00001138,CLI00625,LJ12,2025-09-15T23:28:51,PAGO,93.96,9.22,103.18,APP_ANDROID
PED00001139,CLI01988,LJ11,2025-09-15T12:17:22,PAGO,43.16,5.77,48.93,WEB
PED00001140,CLI00350,LJ07,2025-09-15T18:56:25,PENDENTE,117.34,9.72,127.06,APP_IOS
PED00001141,CLI00121,LJ01,2025-09-15T18:33:17,PAGO,90.97,8.95,99.92,WEB
PED00001142,CLI01270,LJ10,2025-09-15T12:05:27,PAGO,45.88,11.53,57.41,APP_IOS
PED00001143,CLI01708,LJ04,2025-09-15T22:20:14,PAGO,25.97,9.02,34.99,WEB
PED00001144,CLI00885,LJ03,2025-09-15T12:45:54,PAGO,3.89,9.8,13.69,WEB
PED00001145,CLI00736,LJ06,2025-09-15T10:56:13,PAGO,6.51,6.74,13.25,APP_ANDROID
PED00001146,CLI00929,LJ04,2025-09-15T19:07:39,PAGO,49.04,10.59,59.63,APP_IOS
PED00001147,CLI00788,LJ10,2025-09-15T22:47:40,PAGO,107.07,11.62,118.69,WEB
PED00001148,CLI00796,LJ01,2025-09-15T18:50:46,PAGO,138.65,12.0,150.65,APP_ANDROID
PED00001149,CLI00048,LJ10,2025-09-15T23:53:37,PAGO,116.32,5.6,121.92,APP_IOS
PED00001150,CLI01323,LJ06,2025-09-15T21:16:21,PAGO,52.11,7.27,59.38,APP_IOS
PED00001151,CLI00062,LJ08,2025-09-15T15:24:36,PAGO,112.26,5.38,117.64,APP_IOS
PED00001152,CLI01805,LJ11,2025-09-15T21:01:51,PAGO,52.42,11.78,64.2,APP_IOS
PED00001153,CLI00289,LJ01,2025-09-15T18:22:32,PAGO,34.83,11.8,46.63,APP_ANDROID
PED00001154,CLI00706,LJ08,2025-09-15T10:00:18,PAGO,64.55,6.24,70.79,WEB
PED00001155,CLI01157,LJ01,2025-09-15T14:42:55,PAGO,6.57,6.53,13.1,APP_ANDROID
PED00001156,CLI00111,LJ02,2025-09-15T12:35:15,PAGO,13.98,5.89,19.87,WEB
PED00001157,CLI00141,LJ06,2025-09-15T11:08:01,PAGO,81.18,6.57,87.75,WEB
PED00001158,CLI00640,LJ07,2025-09-15T21:02:56,PAGO,45.23,6.53,51.76,WEB
PED00001159,CLI00220,LJ10,2025-09-15T11:21:15,PAGO,49.73,6.82,56.55,APP_ANDROID
PED00001160,CLI00171,LJ08,2025-09-15T16:34:10,PAGO,67.03,8.17,75.2,APP_IOS
PED00001161,CLI01441,LJ07,2025-09-15T15:59:44,PAGO,169.26,9.64,178.9,WEB
PED00001162,CLI00741,LJ01,2025-09-15T10:26:59,PAGO,45.49,6.9,52.39,APP_IOS
PED00001163,CLI01487,LJ07,2025-09-15T21:48:24,PAGO,146.15,7.8,153.95,WEB
PED00001164,CLI01317,LJ02,2025-09-15T22:07:06,PAGO,52.25,6.58,58.83,WEB
PED00001165,CLI01025,LJ09,2025-09-15T22:11:46,PAGO,116.47,5.13,121.6,APP_IOS
PED00001166,CLI00373,LJ02,2025-09-15T12:52:56,PAGO,12.26,6.31,18.57,APP_IOS
PED00001167,CLI00105,LJ05,2025-09-15T19:47:33,PAGO,202.24,9.16,211.4,WEB
PED00001168,CLI00165,LJ02,2025-09-15T22:17:02,CANCELADO,50.75,10.23,60.98,WEB
PED00001169,CLI01685,LJ08,2025-09-15T22:41:35,PAGO,98.38,10.26,108.64,APP_IOS
PED00001170,CLI00202,LJ10,2025-09-15T20:18:54,PENDENTE,38.31,11.71,50.02,APP_ANDROID
PED00001171,CLI00340,LJ12,2025-09-15T11:01:30,CANCELADO,146.03,6.59,152.62,APP_IOS
PED00001172,CLI01937,LJ07,2025-09-15T11:27:01,PAGO,37.95,9.17,47.12,WEB
PED00001173,CLI00515,LJ08,2025-09-15T17:49:07,PAGO,32.24,11.32,43.56,APP_IOS
PED00001174,CLI00031,LJ11,2025-09-15T21:45:35,PAGO,97.37,7.05,104.42,APP_IOS
PED00001175,CLI01975,LJ03,2025-09-15T12:52:07,PAGO,39.72,8.86,48.58,APP_ANDROID
PED00001176,CLI00041,LJ07,2025-09-15T22:28:43,PAGO,43.56,10.95,54.51,APP_ANDROID
PED00001177,CLI00184,LJ06,2025-09-15T10:47:07,PAGO,150.82,11.25,162.07,APP_IOS
PED00001178,CLI01440,LJ12,2025-09-15T21:07:39,PAGO,22.89,7.11,30.0,APP_IOS
PED00001179,CLI01668,LJ01,2025-09-15T15:54:14,PAGO,6.88,7.55,14.43,WEB
PED00001180,CLI01431,LJ05,2025-09-15T16:45:50,PAGO,46.18,10.33,56.51,APP_ANDROID
PED00001181,CLI01005,LJ09,2025-09-15T23:51:37,PAGO,48.01,7.31,55.32,APP_IOS
PED00001182,CLI01567,LJ10,2025-09-15T17:32:06,PAGO,111.5,6.13,117.63,WEB
PED00001183,CLI00606,LJ05,2025-09-15T16:48:47,PAGO,20.57,5.71,26.28,APP_ANDROID
PED00001184,CLI00950,LJ02,2025-09-15T15:24:51,PAGO,307.28,6.6,313.88,APP_IOS
PED00001185,CLI00608,LJ02,2025-09-16T23:19:32,PAGO,52.16,11.87,64.03,APP_ANDROID
PED00001186,CLI01708,LJ05,2025-09-16T10:28:26,PAGO,56.0,6.45,62.45,APP_ANDROID
PED00001187,CLI01932,LJ06,2025-09-16T13:46:35,PENDENTE,41.96,10.05,52.01,APP_ANDROID
PED00001188,CLI01835,LJ11,2025-09-16T21:01:51,PAGO,276.44,8.67,285.11,WEB
PED00001189,CLI00410,LJ10,2025-09-16T16:47:05,PENDENTE,26.24,9.59,35.83,APP_ANDROID
PED00001190,CLI01509,LJ08,2025-09-16T18:38:56,PAGO,66.07,6.03,72.1,APP_IOS
PED00001191,CLI01536,LJ03,2025-09-16T17:46:13,PAGO,141.14,8.43,149.57,WEB
PED00001192,CLI00219,LJ07,2025-09-16T12:03:49,PAGO,61.72,5.72,67.44,APP_ANDROID
PED00001193,CLI00425,LJ10,2025-09-16T23:51:11,PAGO,90.73,7.96,98.69,APP_IOS
PED00001194,CLI00952,LJ01,2025-09-16T13:51:05,PAGO,21.5,9.8,31.3,APP_IOS
PED00001195,CLI00428,LJ03,2025-09-16T16:53:29,PAGO,140.57,6.56,147.13,WEB
PED00001196,CLI01549,LJ06,2025-09-16T14:03:10,PAGO,116.94,6.11,123.05,APP_ANDROID
PED00001197,CLI00328,LJ10,2025-09-16T11:52:24,PAGO,139.52,7.32,146.84,APP_IOS
PED00001198,CLI01133,LJ11,2025-09-16T14:22:13,PAGO,91.98,8.82,100.8,APP_ANDROID
PED00001199,CLI01533,LJ08,2025-09-16T15:48:26,PAGO,13.21,11.46,24.67,WEB
PED00001200,CLI01219,LJ01,2025-09-16T12:11:49,PAGO,69.9,8.8,78.7,APP_IOS
PED00001201,CLI01841,LJ03,2025-09-16T15:12:15,PAGO,3.64,6.08,9.72,APP_ANDROID
PED00001202,CLI00705,LJ01,2025-09-16T11:39:56,PAGO,81.57,6.35,87.92,APP_IOS
PED00001203,CLI00808,LJ03,2025-09-16T19:27:08,PAGO,36.16,11.76,47.92,APP_ANDROID
PED00001204,CLI00332,LJ10,2025-09-16T10:28:49,PAGO,78.1,6.39,84.49,APP_ANDROID
PED00001205,CLI00570,LJ03,2025-09-16T11:58:00,PAGO,64.34,7.77,72.11,APP_IOS
PED00001206,CLI00987,LJ06,2025-09-16T13:46:25,PAGO,32.04,6.76,38.8,APP_IOS
PED00001207,CLI01437,LJ01,2025-09-16T19:27:07,PAGO,64.41,5.43,69.84,APP_IOS
PED00001208,CLI00725,LJ12,2025-09-16T13:55:21,PAGO,16.8,6.66,23.46,APP_IOS
PED00001209,CLI00994,LJ10,2025-09-16T17:40:08,PAGO,56.26,6.78,63.04,WEB
PED00001210,CLI01621,LJ02,2025-09-16T19:11:47,CANCELADO,21.78,8.02,29.8,WEB
PED00001211,CLI00783,LJ10,2025-09-16T13:13:56,PAGO,177.55,5.67,183.22,WEB
PED00001212,CLI00697,LJ08,2025-09-16T21:34:42,PAGO,97.21,8.69,105.9,APP_IOS
PED00001213,CLI00352,LJ06,2025-09-16T21:27:45,PAGO,11.16,6.86,18.02,APP_ANDROID
PED00001214,CLI00743,LJ05,2025-09-16T13:55:49,PAGO,17.33,11.09,28.42,APP_IOS
PED00001215,CLI00376,LJ06,2025-09-16T21:50:42,CANCELADO,71.45,10.32,81.77,APP_IOS
PED00001216,CLI01324,LJ01,2025-09-16T11:54:10,PAGO,16.38,9.24,25.62,WEB
PED00001217,CLI01703,LJ12,2025-09-16T17:02:08,PAGO,40.75,10.87,51.62,WEB
PED00001218,CLI00380,LJ02,2025-09-16T17:53:18,PAGO,22.63,10.32,32.95,WEB
PED00001219,CLI01563,LJ04,2025-09-16T18:39:11,PAGO,34.77,5.33,40.1,APP_IOS
PED00001220,CLI00945,LJ08,2025-09-16T20:02:20,PAGO,28.39,11.09,39.48,APP_ANDROID
PED00001221,CLI01461,LJ06,2025-09-16T10:00:36,PAGO,22.05,6.56,28.61,APP_IOS
PED00001222,CLI01611,LJ07,2025-09-16T11:00:41,CANCELADO,43.15,10.72,53.87,APP_IOS
PED00001223,CLI01875,LJ12,2025-09-16T13:29:11,PAGO,180.23,6.76,186.99,APP_ANDROID
PED00001224,CLI01677,LJ05,2025-09-16T16:51:04,PAGO,74.71,7.01,81.72,APP_IOS
PED00001225,CLI01581,LJ05,2025-09-16T11:49:31,PAGO,160.12,8.14,168.26,APP_IOS
PED00001226,CLI01583,LJ09,2025-09-16T15:47:14,PAGO,85.5,9.57,95.07,APP_IOS
PED00001227,CLI01026,LJ06,2025-09-16T20:56:20,PAGO,59.98,6.83,66.81,APP_ANDROID
PED00001228,CLI01734,LJ11,2025-09-16T20:26:47,PAGO,247.46,10.09,257.55,APP_IOS
PED00001229,CLI01727,LJ11,2025-09-16T23:22:56,PAGO,105.15,9.86,115.01,WEB
PED00001230,CLI01529,LJ10,2025-09-16T19:02:03,PAGO,31.44,5.29,36.73,APP_ANDROID
PED00001231,CLI00042,LJ05,2025-09-16T13:23:26,PAGO,74.24,9.14,83.38,APP_IOS
PED00001232,CLI00990,LJ11,2025-09-16T17:42:13,PAGO,152.77,6.28,159.05,APP_ANDROID
PED00001233,CLI01867,LJ10,2025-09-16T20:17:49,PAGO,40.39,8.02,48.41,APP_IOS
PED00001234,CLI01385,LJ10,2025-09-16T22:52:02,PAGO,126.16,8.37,134.53,APP_ANDROID
PED00001235,CLI01636,LJ11,2025-09-16T15:54:01,PAGO,54.02,10.35,64.37,WEB
PED00001236,CLI00061,LJ07,2025-09-16T16:13:11,PAGO,180.98,6.24,187.22,WEB
PED00001237,CLI01379,LJ10,2025-09-16T23:34:59,PAGO,7.47,11.18,18.65,APP_IOS
PED00001238,CLI00950,LJ02,2025-09-16T17:47:58,CANCELADO,52.94,5.21,58.15,WEB
PED00001239,CLI01425,LJ10,2025-09-16T18:43:42,PAGO,112.11,8.15,120.26,APP_ANDROID
PED00001240,CLI01264,LJ06,2025-09-16T23:34:28,PAGO,40.02,10.2,50.22,APP_ANDROID
PED00001241,CLI01663,LJ01,2025-09-17T21:09:50,PAGO,27.56,11.68,39.24,APP_ANDROID
PED00001242,CLI00704,LJ11,2025-09-17T18:37:55,PAGO,127.57,6.4,133.97,APP_ANDROID
PED00001243,CLI00975,LJ01,2025-09-17T19:09:26,PAGO,6.58,9.4,15.98,APP_IOS
PED00001244,CLI00931,LJ03,2025-09-17T16:09:33,PAGO,108.93,8.55,117.48,WEB
PED00001245,CLI01314,LJ11,2025-09-17T17:40:17,PAGO,26.2,7.69,33.89,APP_IOS
PED00001246,CLI00832,LJ07,2025-09-17T12:00:35,PAGO,6.25,5.4,11.65,APP_IOS
PED00001247,CLI00399,LJ11,2025-09-17T14:17:17,PAGO,97.1,7.07,104.17,WEB
PED00001248,CLI00611,LJ03,2025-09-17T20:56:23,PAGO,38.35,8.16,46.51,WEB
PED00001249,CLI01330,LJ08,2025-09-17T10:08:58,PAGO,21.88,6.56,28.44,APP_ANDROID
PED00001250,CLI01434,LJ09,2025-09-17T23:28:50,PAGO,141.89,8.16,150.05,APP_ANDROID
PED00001251,CLI00567,LJ12,2025-09-17T16:26:09,PENDENTE,101.23,11.21,112.44,APP_IOS
PED00001252,CLI01949,LJ05,2025-09-17T12:38:33,PAGO,24.84,7.69,32.53,APP_ANDROID
PED00001253,CLI01943,LJ10,2025-09-17T19:26:11,PAGO,229.26,11.4,240.66,WEB
PED00001254,CLI00508,LJ04,2025-09-17T15:48:35,PAGO,86.23,5.34,91.57,APP_ANDROID
PED00001255,CLI00196,LJ06,2025-09-17T13:38:33,PAGO,106.84,11.61,118.45,APP_ANDROID
PED00001256,CLI01747,LJ01,2025-09-17T23:18:46,CANCELADO,8.25,10.68,18.93,APP_ANDROID
PED00001257,CLI00659,LJ03,2025-09-17T20:53:34,PAGO,30.23,10.83,41.06,APP_ANDROID
PED00001258,CLI00608,LJ01,2025-09-17T15:39:45,PAGO,3.93,5.22,9.15,APP_ANDROID
PED00001259,CLI01247,LJ02,2025-09-17T19:16:35,CANCELADO,66.67,11.85,78.52,APP_IOS
PED00001260,CLI01330,LJ06,2025-09-17T16:34:08,PAGO,33.42,5.02,38.44,WEB
PED00001261,CLI01918,LJ09,2025-09-17T16:36:21,PENDENTE,33.46,11.75,45.21,APP_ANDROID
PED00001262,CLI00635,LJ04,2025-09-17T22:19:31,PAGO,39.74,8.47,48.21,APP_ANDROID
PED00001263,CLI00151,LJ08,2025-09-17T15:03:14,PAGO,118.1,5.5,123.6,APP_IOS
PED00001264,CLI00431,LJ08,2025-09-17T10:12:19,PAGO,174.82,11.06,185.88,APP_IOS
PED00001265,CLI01891,LJ01,2025-09-17T21:53:30,PAGO,33.64,9.41,43.05,WEB
PED00001266,CLI00184,LJ08,2025-09-17T21:15:42,PAGO,100.16,10.7,110.86,WEB
PED00001267,CLI00003,LJ06,2025-09-17T15:34:47,PAGO,50.83,9.66,60.49,APP_ANDROID
PED00001268,CLI01682,LJ08,2025-09-17T10:03:18,PAGO,103.11,6.93,110.04,APP_IOS
PED00001269,CLI01238,LJ12,2025-09-17T18:09:11,PAGO,27.69,10.12,37.81,APP_IOS
PED00001270,CLI01136,LJ07,2025-09-17T20:17:40,PENDENTE,52.93,7.67,60.6,WEB
PED00001271,CLI01776,LJ04,2025-09-17T21:15:21,PAGO,39.41,8.28,47.69,APP_ANDROID
PED00001272,CLI01860,LJ09,2025-09-17T10:48:49,PAGO,276.76,6.18,282.94,WEB
PED00001273,CLI01108,LJ12,2025-09-17T23:44:40,PAGO,54.06,7.65,61.71,APP_IOS
PED00001274,CLI01134,LJ06,2025-09-17T18:03:21,PAGO,43.28,8.18,51.46,WEB
PED00001275,CLI00301,LJ01,2025-09-17T15:14:38,CANCELADO,185.29,8.72,194.01,WEB
PED00001276,CLI01583,LJ03,2025-09-17T20:57:12,PAGO,62.21,8.4,70.61,APP_ANDROID
PED00001277,CLI01788,LJ07,2025-09-17T12:15:20,PAGO,35.79,7.62,43.41,WEB
PED00001278,CLI00443,LJ07,2025-09-17T18:25:03,PAGO,51.03,6.86,57.89,APP_IOS
PED00001279,CLI00023,LJ04,2025-09-17T19:02:37,PAGO,33.15,6.0,39.15,APP_IOS
PED00001280,CLI00695,LJ03,2025-09-17T21:12:49,CANCELADO,85.26,5.35,90.61,WEB
PED00001281,CLI01093,LJ07,2025-09-17T10:08:55,PENDENTE,63.97,11.87,75.84,WEB
PED00001282,CLI00654,LJ05,2025-09-17T21:35:38,PAGO,29.51,10.03,39.54,WEB
PED00001283,CLI01085,LJ04,2025-09-17T14:56:53,PAGO,161.07,5.37,166.44,WEB
PED00001284,CLI00481,LJ07,2025-09-17T11:51:26,PAGO,121.75,7.95,129.7,APP_ANDROID
PED00001285,CLI00724,LJ02,2025-09-17T15:32:23,PAGO,46.7,5.63,52.33,APP_ANDROID
PED00001286,CLI00867,LJ01,2025-09-17T15:33:28,PAGO,19.14,8.97,28.11,APP_IOS
PED00001287,CLI01499,LJ12,2025-09-17T15:13:06,PAGO,37.16,10.15,47.31,WEB
PED00001288,CLI00815,LJ07,2025-09-17T21:59:19,PAGO,23.76,7.26,31.02,WEB
PED00001289,CLI00811,LJ09,2025-09-17T10:23:43,PAGO,132.6,10.64,143.24,APP_IOS
PED00001290,CLI00053,LJ10,2025-09-17T15:27:31,PAGO,7.65,9.89,17.54,APP_IOS
PED00001291,CLI00431,LJ10,2025-09-17T23:25:18,PAGO,117.28,10.34,127.62,APP_ANDROID
PED00001292,CLI00771,LJ10,2025-09-17T23:37:41,PAGO,114.78,9.96,124.74,APP_IOS
PED00001293,CLI01335,LJ03,2025-09-17T10:08:15,PAGO,4.41,5.46,9.87,WEB
PED00001294,CLI01058,LJ05,2025-09-17T14:08:13,PENDENTE,33.95,8.38,42.33,APP_ANDROID
PED00001295,CLI01726,LJ05,2025-09-17T21:21:08,PAGO,13.71,9.83,23.54,WEB
PED00001296,CLI01965,LJ04,2025-09-17T11:01:00,PAGO,102.98,11.95,114.93,WEB
PED00001297,CLI01010,LJ08,2025-09-17T17:29:13,PAGO,21.11,5.24,26.35,APP_ANDROID
PED00001298,CLI01496,LJ08,2025-09-17T10:59:51,PAGO,16.16,9.37,25.53,APP_ANDROID
PED00001299,CLI00174,LJ12,2025-09-17T23:02:40,PAGO,47.47,8.54,56.01,APP_ANDROID
PED00001300,CLI00761,LJ10,2025-09-17T10:53:59,PAGO,7.65,6.34,13.99,WEB
PED00001301,CLI01300,LJ07,2025-09-17T22:16:26,PAGO,50.77,11.48,62.25,WEB
PED00001302,CLI01534,LJ10,2025-09-17T23:34:45,PAGO,147.73,10.76,158.49,APP_ANDROID
PED00001303,CLI00270,LJ12,2025-09-17T13:37:16,PAGO,4.22,9.93,14.15,WEB
PED00001304,CLI01353,LJ02,2025-09-17T15:39:18,PAGO,20.0,9.89,29.89,APP_IOS
PED00001305,CLI01673,LJ10,2025-09-18T18:45:58,PAGO,27.66,10.23,37.89,WEB
PED00001306,CLI01586,LJ09,2025-09-18T18:09:58,PENDENTE,67.12,10.93,78.05,APP_IOS
PED00001307,CLI00788,LJ12,2025-09-18T11:46:12,PAGO,176.58,11.81,188.39,APP_ANDROID
PED00001308,CLI01056,LJ07,2025-09-18T20:28:39,PAGO,154.75,7.76,162.51,APP_IOS
PED00001309,CLI00122,LJ10,2025-09-18T12:26:05,PAGO,8.28,7.23,15.51,APP_ANDROID
PED00001310,CLI01948,LJ05,2025-09-18T15:31:42,CANCELADO,33.61,8.12,41.73,WEB
PED00001311,CLI01612,LJ07,2025-09-18T22:33:54,PAGO,24.75,5.48,30.23,WEB
PED00001312,CLI01911,LJ05,2025-09-18T10:09:51,PAGO,53.2,10.86,64.06,APP_ANDROID
PED00001313,CLI00927,LJ01,2025-09-18T13:26:12,PAGO,82.67,10.12,92.79,WEB
PED00001314,CLI00458,LJ01,2025-09-18T19:49:55,PAGO,24.26,10.39,34.65,WEB
PED00001315,CLI01222,LJ08,2025-09-18T23:54:58,PAGO,45.12,5.09,50.21,APP_ANDROID
PED00001316,CLI00420,LJ06,2025-09-18T22:49:24,PAGO,247.28,6.56,253.84,APP_ANDROID
PED00001317,CLI01198,LJ11,2025-09-18T22:35:02,PAGO,42.05,9.27,51.32,APP_IOS
PED00001318,CLI00315,LJ01,2025-09-18T13:06:36,PAGO,61.88,11.3,73.18,WEB
PED00001319,CLI01478,LJ03,2025-09-18T13:00:32,PAGO,207.71,7.94,215.65,APP_IOS
PED00001320,CLI00345,LJ07,2025-09-18T10:47:41,PAGO,72.64,11.5,84.14,APP_IOS
PED00001321,CLI00395,LJ12,2025-09-18T10:24:25,PAGO,337.97,5.63,343.6,WEB
PED00001322,CLI01596,LJ03,2025-09-18T16:52:23,PAGO,87.81,6.54,94.35,APP_ANDROID
PED00001323,CLI01938,LJ10,2025-09-18T10:09:56,PAGO,37.88,7.21,45.09,APP_ANDROID
PED00001324,CLI01286,LJ11,2025-09-18T17:03:42,PAGO,240.69,8.12,248.81,APP_ANDROID
PED00001325,CLI01216,LJ09,2025-09-18T11:52:56,PAGO,31.53,9.08,40.61,APP_ANDROID
PED00001326,CLI01143,LJ10,2025-09-18T14:23:32,PENDENTE,90.75,5.16,95.91,APP_IOS
PED00001327,CLI00817,LJ02,2025-09-18T12:15:37,PAGO,25.92,9.22,35.14,WEB
PED00001328,CLI01121,LJ09,2025-09-18T11:09:59,PAGO,116.23,10.79,127.02,APP_IOS
PED00001329,CLI01465,LJ10,2025-09-18T10:55:07,PAGO,41.99,9.95,51.94,WEB
PED00001330,CLI01355,LJ05,2025-09-18T19:57:29,CANCELADO,47.36,8.63,55.99,WEB
PED00001331,CLI01772,LJ04,2025-09-18T13:21:22,PAGO,38.71,10.36,49.07,WEB
PED00001332,CLI00206,LJ06,2025-09-18T15:21:40,PAGO,99.43,10.76,110.19,APP_ANDROID
PED00001333,CLI01043,LJ09,2025-09-18T13:06:04,PAGO,241.72,6.59,248.31,WEB
PED00001334,CLI00407,LJ07,2025-09-18T18:28:07,PAGO,170.69,8.12,178.81,APP_IOS
PED00001335,CLI00476,LJ11,2025-09-18T14:51:49,PAGO,56.74,11.4,68.14,APP_IOS
PED00001336,CLI01487,LJ07,2025-09-18T14:52:01,PAGO,33.53,11.08,44.61,APP_ANDROID
PED00001337,CLI00750,LJ08,2025-09-18T21:58:10,PAGO,62.49,8.95,71.44,APP_IOS
PED00001338,CLI01888,LJ12,2025-09-18T20:19:41,PAGO,136.59,7.72,144.31,APP_ANDROID
PED00001339,CLI00598,LJ07,2025-09-18T23:30:45,PAGO,4.26,7.5,11.76,APP_ANDROID
PED00001340,CLI00549,LJ12,2025-09-18T19:07:27,PAGO,40.55,5.54,46.09,WEB
PED00001341,CLI00148,LJ11,2025-09-18T23:18:57,PENDENTE,49.92,9.94,59.86,APP_ANDROID
PED00001342,CLI01422,LJ08,2025-09-18T22:28:18,PAGO,292.7,10.24,302.94,WEB
PED00001343,CLI01449,LJ03,2025-09-18T11:35:57,PAGO,46.34,5.01,51.35,APP_ANDROID
PED00001344,CLI00570,LJ03,2025-09-18T22:58:02,PAGO,42.29,6.54,48.83,APP_ANDROID
PED00001345,CLI00193,LJ08,2025-09-18T23:28:39,PAGO,8.42,6.92,15.34,APP_IOS
PED00001346,CLI00503,LJ06,2025-09-18T11:29:19,PAGO,142.46,9.09,151.55,APP_ANDROID
PED00001347,CLI01831,LJ10,2025-09-18T20:21:22,PAGO,7.55,10.96,18.51,APP_ANDROID
PED00001348,CLI01245,LJ01,2025-09-18T10:13:59,PAGO,38.66,10.82,49.48,APP_ANDROID
PED00001349,CLI01793,LJ09,2025-09-18T16:30:09,PAGO,110.17,9.81,119.98,APP_ANDROID
PED00001350,CLI00305,LJ06,2025-09-18T11:07:16,PAGO,61.02,7.26,68.28,APP_IOS
PED00001351,CLI00871,LJ02,2025-09-18T18:12:03,PAGO,57.71,6.6,64.31,APP_ANDROID
PED00001352,CLI01293,LJ02,2025-09-18T22:00:31,PAGO,19.12,7.84,26.96,WEB
PED00001353,CLI00264,LJ06,2025-09-18T22:29:53,PAGO,222.52,7.61,230.13,APP_ANDROID
PED00001354,CLI00026,LJ07,2025-09-18T10:03:11,PAGO,39.14,9.53,48.67,APP_ANDROID
PED00001355,CLI01383,LJ06,2025-09-18T23:08:10,PAGO,24.29,7.86,32.15,APP_IOS
PED00001356,CLI00525,LJ06,2025-09-18T21:37:36,PAGO,15.59,6.44,22.03,WEB
PED00001357,CLI00278,LJ03,2025-09-18T14:02:02,PENDENTE,27.68,5.19,32.87,WEB
PED00001358,CLI01742,LJ02,2025-09-18T11:48:13,PAGO,31.28,7.65,38.93,APP_IOS
PED00001359,CLI00499,LJ12,2025-09-18T19:16:21,PAGO,15.71,10.63,26.34,WEB
PED00001360,CLI00355,LJ05,2025-09-18T19:32:27,PAGO,22.42,9.46,31.88,APP_ANDROID
PED00001361,CLI00567,LJ11,2025-09-18T19:35:40,PAGO,111.77,10.84,122.61,APP_IOS
PED00001362,CLI00786,LJ07,2025-09-18T15:52:21,PAGO,56.08,6.1,62.18,APP_IOS
PED00001363,CLI00125,LJ10,2025-09-18T16:26:19,PAGO,52.99,11.15,64.14,APP_ANDROID
PED00001364,CLI00890,LJ12,2025-09-18T15:42:14,PAGO,78.37,6.75,85.12,APP_ANDROID
PED00001365,CLI01012,LJ10,2025-09-18T12:19:06,PAGO,33.48,11.54,45.02,APP_IOS
PED00001366,CLI01908,LJ04,2025-09-18T15:17:13,CANCELADO,42.98,10.49,53.47,APP_ANDROID
PED00001367,CLI01497,LJ09,2025-09-18T12:18:36,PAGO,111.79,11.62,123.41,APP_IOS
PED00001368,CLI01344,LJ04,2025-09-18T21:29:05,PAGO,10.5,5.41,15.91,WEB
PED00001369,CLI01932,LJ02,2025-09-18T14:34:39,PAGO,120.72,9.02,129.74,APP_IOS
PED00001370,CLI00585,LJ07,2025-09-18T22:12:37,PAGO,111.65,9.92,121.57,APP_ANDROID
PED00001371,CLI01879,LJ04,2025-09-18T19:06:29,PAGO,117.85,9.49,127.34,WEB
PED00001372,CLI01162,LJ08,2025-09-18T11:39:26,PAGO,53.31,6.19,59.5,WEB
PED00001373,CLI01590,LJ12,2025-09-18T13:36:38,PAGO,151.9,8.37,160.27,APP_IOS
PED00001374,CLI01093,LJ02,2025-09-18T14:02:52,PAGO,41.6,11.36,52.96,APP_IOS
PED00001375,CLI01998,LJ05,2025-09-18T19:41:45,PAGO,113.85,10.82,124.67,APP_ANDROID
PED00001376,CLI00828,LJ09,2025-09-18T10:47:04,PAGO,49.91,8.87,58.78,APP_IOS
PED00001377,CLI00654,LJ04,2025-09-19T11:27:03,PAGO,68.58,10.51,79.09,APP_IOS
PED00001378,CLI01620,LJ08,2025-09-19T11:13:56,PAGO,68.15,6.13,74.28,WEB
PED00001379,CLI00593,LJ02,2025-09-19T11:08:53,PAGO,59.9,7.06,66.96,APP_ANDROID
PED00001380,CLI00490,LJ09,2025-09-19T22:05:02,CANCELADO,194.62,7.0,201.62,APP_IOS
PED00001381,CLI01314,LJ03,2025-09-19T11:22:18,PAGO,7.77,7.32,15.09,APP_ANDROID
PED00001382,CLI01978,LJ11,2025-09-19T12:24:04,PAGO,21.79,7.18,28.97,APP_IOS
PED00001383,CLI00580,LJ08,2025-09-19T21:51:04,CANCELADO,81.68,7.98,89.66,WEB
PED00001384,CLI00579,LJ09,2025-09-19T19:38:14,PENDENTE,8.51,10.11,18.62,APP_ANDROID
PED00001385,CLI00427,LJ06,2025-09-19T15:49:32,PAGO,7.77,8.19,15.96,APP_ANDROID
PED00001386,CLI00830,LJ06,2025-09-19T10:16:24,PAGO,111.31,6.56,117.87,APP_ANDROID
PED00001387,CLI01764,LJ03,2025-09-19T14:02:50,PAGO,206.61,8.79,215.4,APP_IOS
PED00001388,CLI00996,LJ03,2025-09-19T18:09:00,PAGO,57.44,11.09,68.53,WEB
PED00001389,CLI00293,LJ09,2025-09-19T12:11:11,PAGO,27.05,9.24,36.29,WEB
PED00001390,CLI00559,LJ02,2025-09-19T10:46:48,PAGO,21.24,6.72,27.96,WEB
PED00001391,CLI00398,LJ06,2025-09-19T22:28:59,PAGO,74.02,7.52,81.54,APP_ANDROID
PED00001392,CLI01227,LJ08,2025-09-19T18:15:01,PAGO,20.92,9.99,30.91,APP_ANDROID
PED00001393,CLI01256,LJ06,2025-09-19T23:48:08,PAGO,23.86,8.18,32.04,WEB
PED00001394,CLI01128,LJ01,2025-09-19T12:05:41,PAGO,88.64,9.72,98.36,APP_IOS
PED00001395,CLI01368,LJ03,2025-09-19T11:14:52,PAGO,61.14,7.32,68.46,APP_ANDROID
PED00001396,CLI01607,LJ06,2025-09-19T19:36:19,PAGO,10.98,10.16,21.14,APP_ANDROID
PED00001397,CLI01161,LJ11,2025-09-19T10:44:19,PAGO,88.77,7.64,96.41,WEB
PED00001398,CLI00861,LJ08,2025-09-19T13:14:28,PAGO,14.12,6.56,20.68,WEB
PED00001399,CLI01204,LJ09,2025-09-19T10:08:22,PAGO,8.69,9.31,18.0,APP_IOS
PED00001400,CLI00606,LJ05,2025-09-19T14:29:49,PAGO,45.62,10.37,55.99,APP_ANDROID
PED00001401,CLI00631,LJ02,2025-09-19T21:21:21,PAGO,139.25,5.1,144.35,APP_ANDROID
PED00001402,CLI00126,LJ04,2025-09-19T22:13:14,PAGO,83.62,5.98,89.6,APP_ANDROID
PED00001403,CLI00042,LJ03,2025-09-19T19:27:25,PAGO,76.04,11.49,87.53,APP_IOS
PED00001404,CLI01402,LJ04,2025-09-19T19:11:57,PAGO,160.71,5.85,166.56,APP_IOS
PED00001405,CLI00093,LJ05,2025-09-19T18:49:52,PAGO,13.22,5.34,18.56,WEB
PED00001406,CLI00434,LJ06,2025-09-19T19:14:31,PAGO,6.59,6.29,12.88,WEB
PED00001407,CLI00204,LJ07,2025-09-19T12:11:53,PAGO,90.56,9.06,99.62,WEB
PED00001408,CLI00465,LJ01,2025-09-19T14:50:49,PAGO,75.85,10.14,85.99,APP_IOS
PED00001409,CLI01260,LJ05,2025-09-19T22:22:12,PAGO,75.83,9.61,85.44,WEB
PED00001410,CLI00138,LJ03,2025-09-19T10:50:36,PAGO,35.62,5.38,41.0,WEB
PED00001411,CLI00320,LJ03,2025-09-19T13:04:43,PAGO,97.96,7.99,105.95,APP_ANDROID
PED00001412,CLI00407,LJ11,2025-09-19T17:07:34,PAGO,7.74,8.62,16.36,APP_ANDROID
PED00001413,CLI00849,LJ04,2025-09-19T17:05:05,PAGO,8.11,11.57,19.68,APP_IOS
PED00001414,CLI01583,LJ04,2025-09-19T19:48:34,PAGO,60.21,7.66,67.87,WEB
PED00001415,CLI01547,LJ09,2025-09-19T21:16:06,PAGO,54.95,5.29,60.24,APP_IOS
PED00001416,CLI01669,LJ07,2025-09-19T22:22:10,PAGO,15.05,5.45,20.5,APP_IOS
PED00001417,CLI00648,LJ06,2025-09-19T13:51:58,PAGO,131.52,9.96,141.48,APP_IOS
PED00001418,CLI01281,LJ03,2025-09-19T15:00:26,PAGO,122.45,6.62,129.07,APP_ANDROID
PED00001419,CLI01197,LJ04,2025-09-19T14:43:56,PAGO,7.45,11.08,18.53,WEB
PED00001420,CLI00382,LJ03,2025-09-19T22:12:18,PAGO,70.36,11.37,81.73,APP_ANDROID
PED00001421,CLI01758,LJ03,2025-09-19T15:07:55,PAGO,77.61,11.63,89.24,APP_IOS
PED00001422,CLI00911,LJ11,2025-09-19T21:56:09,PAGO,152.83,5.98,158.81,WEB
PED00001423,CLI00232,LJ02,2025-09-19T12:56:50,PAGO,7.79,9.73,17.52,APP_ANDROID
PED00001424,CLI00260,LJ07,2025-09-19T23:16:49,PENDENTE,107.18,5.16,112.34,WEB
PED00001425,CLI01240,LJ07,2025-09-19T17:46:47,PAGO,44.25,5.93,50.18,WEB
PED00001426,CLI00574,LJ10,2025-09-19T21:53:03,PAGO,26.17,5.66,31.83,WEB
PED00001427,CLI00103,LJ11,2025-09-19T23:00:04,PAGO,26.76,9.96,36.72,APP_IOS
PED00001428,CLI00444,LJ09,2025-09-19T21:32:36,PAGO,17.09,8.56,25.65,APP_IOS
PED00001429,CLI00392,LJ09,2025-09-19T20:41:06,PAGO,54.75,8.61,63.36,APP_ANDROID
PED00001430,CLI00226,LJ08,2025-09-19T23:52:28,PAGO,19.99,8.24,28.23,WEB
PED00001431,CLI01422,LJ09,2025-09-19T20:45:13,PAGO,4.21,7.72,11.93,WEB
PED00001432,CLI00175,LJ10,2025-09-19T19:30:52,PAGO,61.16,8.34,69.5,APP_IOS
PED00001433,CLI00682,LJ09,2025-09-19T13:23:12,PAGO,80.68,6.73,87.41,WEB
PED00001434,CLI00335,LJ05,2025-09-19T12:24:25,PAGO,20.66,8.92,29.58,APP_IOS
PED00001435,CLI01668,LJ05,2025-09-19T16:27:35,PAGO,62.26,9.15,71.41,WEB
PED00001436,CLI00143,LJ11,2025-09-19T15:51:47,PAGO,22.51,7.1,29.61,APP_IOS
PED00001437,CLI01647,LJ09,2025-09-19T17:52:12,CANCELADO,13.76,11.2,24.96,APP_IOS
PED00001438,CLI01309,LJ08,2025-09-19T22:53:14,PAGO,96.98,8.51,105.49,APP_IOS
PED00001439,CLI01337,LJ09,2025-09-19T16:12:00,PAGO,109.39,5.34,114.73,APP_IOS
PED00001440,CLI00289,LJ04,2025-09-19T14:43:18,PAGO,92.98,11.54,104.52,WEB
PED00001441,CLI00222,LJ07,2025-09-19T15:45:39,PAGO,83.4,7.01,90.41,APP_ANDROID
PED00001442,CLI00312,LJ03,2025-09-19T23:53:18,CANCELADO,130.69,7.53,138.22,APP_ANDROID
PED00001443,CLI00980,LJ11,2025-09-19T13:26:03,PAGO,70.92,9.91,80.83,APP_IOS
PED00001444,CLI00859,LJ01,2025-09-19T10:32:02,PAGO,60.21,8.19,68.4,WEB
PED00001445,CLI00452,LJ06,2025-09-19T14:32:32,PAGO,23.63,5.64,29.27,APP_ANDROID
PED00001446,CLI01893,LJ07,2025-09-19T20:24:54,PAGO,76.25,5.99,82.24,APP_ANDROID
PED00001447,CLI01758,LJ10,2025-09-19T12:46:31,PAGO,74.16,8.82,82.98,WEB
PED00001448,CLI01366,LJ12,2025-09-19T16:50:01,PAGO,216.37,5.4,221.77,WEB
PED00001449,CLI00481,LJ06,2025-09-19T16:54:41,CANCELADO,48.46,5.4,53.86,APP_IOS
PED00001450,CLI01207,LJ01,2025-09-19T18:52:38,PAGO,38.66,10.67,49.33,APP_ANDROID
PED00001451,CLI01981,LJ01,2025-09-19T12:33:41,PENDENTE,257.18,6.26,263.44,WEB
PED00001452,CLI00102,LJ05,2025-09-19T21:14:40,PAGO,137.18,10.52,147.7,APP_IOS
PED00001453,CLI01382,LJ11,2025-09-19T16:33:04,PAGO,223.2,11.86,235.06,WEB
PED00001454,CLI01382,LJ12,2025-09-19T13:00:55,PAGO,121.85,9.09,130.94,APP_IOS
PED00001455,CLI01367,LJ07,2025-09-19T19:14:30,PENDENTE,93.27,8.47,101.74,APP_ANDROID
PED00001456,CLI01348,LJ09,2025-09-19T18:51:13,PAGO,50.59,7.78,58.37,WEB
PED00001457,CLI00353,LJ10,2025-09-19T12:11:27,PAGO,56.91,7.78,64.69,APP_ANDROID
PED00001458,CLI00347,LJ03,2025-09-19T18:58:41,PAGO,272.34,8.25,280.59,APP_ANDROID
PED00001459,CLI00779,LJ05,2025-09-19T10:35:53,PAGO,37.5,5.77,43.27,APP_ANDROID
PED00001460,CLI01194,LJ04,2025-09-19T19:04:52,PAGO,78.15,5.03,83.18,WEB
PED00001461,CLI01218,LJ12,2025-09-19T20:11:33,CANCELADO,44.34,5.86,50.2,WEB
PED00001462,CLI01797,LJ03,2025-09-19T15:40:00,PAGO,30.45,7.81,38.26,WEB
PED00001463,CLI00372,LJ03,2025-09-19T13:54:12,PAGO,33.68,11.67,45.35,WEB
PED00001464,CLI01664,LJ05,2025-09-19T22:11:57,PAGO,73.61,5.17,78.78,APP_ANDROID
PED00001465,CLI01653,LJ11,2025-09-19T22:17:19,PAGO,118.09,10.52,128.61,APP_ANDROID
PED00001466,CLI01925,LJ06,2025-09-19T13:16:21,PAGO,92.38,11.49,103.87,WEB
PED00001467,CLI01038,LJ04,2025-09-19T22:18:35,PAGO,53.93,10.82,64.75,APP_IOS
PED00001468,CLI01700,LJ05,2025-09-19T18:20:15,PAGO,76.07,9.27,85.34,APP_IOS
PED00001469,CLI00616,LJ04,2025-09-19T23:46:27,PENDENTE,58.28,5.22,63.5,APP_IOS
PED00001470,CLI00950,LJ03,2025-09-19T21:52:00,PAGO,23.39,10.31,33.7,WEB
PED00001471,CLI00916,LJ04,2025-09-19T21:31:58,PAGO,65.76,5.93,71.69,WEB
PED00001472,CLI00704,LJ01,2025-09-19T20:11:35,PAGO,84.52,9.81,94.33,WEB
PED00001473,CLI01538,LJ08,2025-09-19T19:54:53,PAGO,34.03,5.78,39.81,APP_IOS
PED00001474,CLI00563,LJ03,2025-09-19T16:22:11,PAGO,116.95,8.88,125.83,WEB
PED00001475,CLI00701,LJ02,2025-09-19T14:40:48,PAGO,90.52,9.09,99.61,APP_ANDROID
PED00001476,CLI01364,LJ05,2025-09-19T15:53:22,PAGO,162.81,6.4,169.21,APP_ANDROID
PED00001477,CLI01728,LJ03,2025-09-19T23:05:42,PAGO,51.53,11.18,62.71,APP_IOS
PED00001478,CLI01053,LJ05,2025-09-19T18:07:32,PENDENTE,32.48,5.14,37.62,APP_IOS
PED00001479,CLI01946,LJ02,2025-09-19T16:47:31,CANCELADO,34.39,10.75,45.14,WEB
PED00001480,CLI01442,LJ12,2025-09-19T16:28:14,PAGO,44.3,10.47,54.77,WEB
PED00001481,CLI01961,LJ01,2025-09-19T14:32:22,PAGO,24.37,7.59,31.96,APP_IOS
PED00001482,CLI00095,LJ11,2025-09-19T12:35:11,PAGO,29.42,6.29,35.71,WEB
PED00001483,CLI00600,LJ10,2025-09-19T10:47:18,PAGO,8.57,9.53,18.1,APP_IOS
PED00001484,CLI00461,LJ02,2025-09-19T10:43:41,PAGO,55.32,9.71,65.03,APP_ANDROID
PED00001485,CLI01850,LJ06,2025-09-19T22:04:58,PAGO,107.92,8.85,116.77,APP_ANDROID
PED00001486,CLI01612,LJ06,2025-09-19T17:13:43,PAGO,54.8,10.95,65.75,WEB
PED00001487,CLI00765,LJ04,2025-09-19T10:16:17,PAGO,3.9,7.64,11.54,WEB
PED00001488,CLI01137,LJ10,2025-09-19T10:56:13,PAGO,77.15,7.78,84.93,APP_IOS
PED00001489,CLI00558,LJ01,2025-09-20T19:49:46,PAGO,75.98,10.07,86.05,APP_IOS
PED00001490,CLI01035,LJ02,2025-09-20T10:04:56,PAGO,28.87,6.71,35.58,APP_ANDROID
PED00001491,CLI00636,LJ03,2025-09-20T12:00:06,PAGO,78.76,9.7,88.46,WEB
PED00001492,CLI00456,LJ07,2025-09-20T23:00:15,PAGO,264.69,9.15,273.84,APP_ANDROID
PED00001493,CLI00988,LJ03,2025-09-20T10:02:01,PAGO,36.7,11.77,48.47,APP_IOS
PED00001494,CLI00495,LJ05,2025-09-20T18:23:55,PAGO,78.38,11.18,89.56,WEB
PED00001495,CLI01636,LJ11,2025-09-20T14:23:16,CANCELADO,37.74,6.3,44.04,APP_ANDROID
PED00001496,CLI01021,LJ02,2025-09-20T13:28:28,PAGO,103.08,7.67,110.75,APP_ANDROID
PED00001497,CLI00763,LJ06,2025-09-20T17:13:29,PAGO,102.36,5.98,108.34,WEB
PED00001498,CLI01367,LJ07,2025-09-20T11:19:19,PAGO,30.5,9.38,39.88,APP_IOS
PED00001499,CLI01048,LJ04,2025-09-20T11:38:25,PENDENTE,86.17,7.71,93.88,WEB
PED00001500,CLI00444,LJ07,2025-09-20T18:35:49,PENDENTE,16.98,9.22,26.2,WEB
PED00001501,CLI01414,LJ02,2025-09-20T22:22:36,PENDENTE,138.83,9.19,148.02,APP_ANDROID
PED00001502,CLI00103,LJ07,2025-09-20T21:59:43,PAGO,38.32,6.1,44.42,APP_ANDROID
PED00001503,CLI00042,LJ02,2025-09-20T18:07:28,PAGO,105.05,8.64,113.69,APP_ANDROID
PED00001504,CLI01832,LJ05,2025-09-20T19:39:28,PAGO,21.97,8.43,30.4,APP_IOS
PED00001505,CLI01620,LJ06,2025-09-20T16:22:33,PAGO,164.36,10.98,175.34,WEB
PED00001506,CLI00194,LJ07,2025-09-20T13:53:06,PAGO,70.78,5.72,76.5,WEB
PED00001507,CLI00447,LJ08,2025-09-20T18:32:04,PAGO,87.11,6.45,93.56,APP_IOS
PED00001508,CLI01012,LJ06,2025-09-20T13:50:43,PAGO,48.31,7.95,56.26,APP_IOS
PED00001509,CLI00158,LJ08,2025-09-20T19:55:33,PAGO,167.52,7.07,174.59,WEB
PED00001510,CLI00461,LJ06,2025-09-20T21:26:57,PENDENTE,147.2,7.26,154.46,APP_ANDROID
PED00001511,CLI00143,LJ10,2025-09-20T21:47:11,PAGO,214.04,11.94,225.98,WEB
PED00001512,CLI00249,LJ12,2025-09-20T18:25:14,PAGO,29.65,5.66,35.31,APP_ANDROID
PED00001513,CLI01236,LJ04,2025-09-20T10:57:49,PAGO,108.97,10.52,119.49,WEB
PED00001514,CLI01874,LJ12,2025-09-20T10:35:47,PAGO,161.68,6.51,168.19,WEB
PED00001515,CLI00928,LJ01,2025-09-20T17:44:08,PAGO,29.64,11.62,41.26,APP_IOS
PED00001516,CLI01802,LJ12,2025-09-20T13:51:51,PAGO,31.12,7.17,38.29,APP_ANDROID
PED00001517,CLI01788,LJ05,2025-09-20T12:42:42,PAGO,94.54,5.64,100.18,WEB
PED00001518,CLI01347,LJ02,2025-09-20T15:26:17,PAGO,67.63,7.1,74.73,APP_ANDROID
PED00001519,CLI01042,LJ03,2025-09-20T16:55:04,PAGO,60.51,8.36,68.87,WEB
PED00001520,CLI01229,LJ03,2025-09-20T22:10:36,PAGO,20.32,10.48,30.8,APP_IOS
PED00001521,CLI01712,LJ10,2025-09-20T22:14:50,PAGO,47.76,5.02,52.78,APP_ANDROID
PED00001522,CLI01526,LJ04,2025-09-20T14:26:12,PAGO,46.61,5.72,52.33,WEB
PED00001523,CLI01849,LJ10,2025-09-20T14:46:02,PAGO,170.29,7.4,177.69,APP_ANDROID
PED00001524,CLI01682,LJ01,2025-09-20T19:55:22,PAGO,147.74,10.9,158.64,APP_IOS
PED00001525,CLI01653,LJ10,2025-09-20T23:27:18,PAGO,34.99,10.62,45.61,WEB
PED00001526,CLI01561,LJ10,2025-09-20T22:37:21,PAGO,83.01,8.04,91.05,APP_ANDROID
PED00001527,CLI00936,LJ01,2025-09-20T16:44:06,PAGO,43.28,6.5,49.78,WEB
PED00001528,CLI00211,LJ06,2025-09-20T16:30:53,PAGO,68.98,5.14,74.12,APP_IOS
PED00001529,CLI00535,LJ10,2025-09-20T21:43:11,PAGO,141.8,7.27,149.07,APP_IOS
PED00001530,CLI00837,LJ12,2025-09-20T19:50:14,PAGO,75.88,8.04,83.92,APP_ANDROID
PED00001531,CLI01204,LJ03,2025-09-20T15:51:28,PAGO,176.2,10.53,186.73,WEB
PED00001532,CLI01060,LJ11,2025-09-20T14:36:15,PAGO,129.22,5.13,134.35,APP_IOS
PED00001533,CLI01742,LJ03,2025-09-20T17:35:36,PAGO,43.11,11.02,54.13,APP_IOS
PED00001534,CLI00942,LJ06,2025-09-20T18:24:48,PAGO,75.14,9.18,84.32,WEB
PED00001535,CLI00477,LJ02,2025-09-20T18:04:43,PENDENTE,19.64,8.34,27.98,WEB
PED00001536,CLI01808,LJ04,2025-09-20T23:07:56,PAGO,32.4,7.72,40.12,APP_ANDROID
PED00001537,CLI01427,LJ01,2025-09-20T18:39:57,CANCELADO,98.59,8.52,107.11,APP_ANDROID
PED00001538,CLI00284,LJ10,2025-09-20T15:54:12,PAGO,85.5,8.26,93.76,WEB
PED00001539,CLI00544,LJ03,2025-09-20T10:55:30,PAGO,25.09,8.3,33.39,APP_IOS
PED00001540,CLI00122,LJ10,2025-09-20T19:03:50,PAGO,136.3,7.03,143.33,APP_ANDROID
PED00001541,CLI01964,LJ06,2025-09-20T20:42:27,PAGO,46.27,5.22,51.49,WEB
PED00001542,CLI01765,LJ01,2025-09-20T14:29:01,PAGO,44.91,5.55,50.46,WEB
PED00001543,CLI01163,LJ10,2025-09-20T21:25:53,PAGO,20.67,8.52,29.19,WEB
PED00001544,CLI00823,LJ07,2025-09-20T11:19:46,PAGO,39.96,5.0,44.96,WEB
PED00001545,CLI00819,LJ11,2025-09-20T20:54:50,PAGO,40.16,7.4,47.56,WEB
PED00001546,CLI01079,LJ11,2025-09-20T19:04:17,PAGO,63.42,6.95,70.37,APP_ANDROID
PED00001547,CLI00865,LJ03,2025-09-20T12:04:16,PAGO,6.82,5.23,12.05,APP_ANDROID
PED00001548,CLI00437,LJ09,2025-09-20T19:53:05,PAGO,78.66,6.97,85.63,APP_IOS
PED00001549,CLI01877,LJ12,2025-09-20T13:50:32,PAGO,155.85,7.84,163.69,APP_ANDROID
PED00001550,CLI00982,LJ05,2025-09-20T11:13:05,PENDENTE,80.28,7.44,87.72,WEB
PED00001551,CLI00747,LJ11,2025-09-20T12:44:07,PAGO,173.81,5.53,179.34,APP_IOS
PED00001552,CLI00769,LJ06,2025-09-20T15:51:33,PAGO,213.22,10.13,223.35,APP_IOS
PED00001553,CLI01678,LJ05,2025-09-20T23:24:12,PAGO,51.7,11.85,63.55,APP_IOS
PED00001554,CLI00356,LJ02,2025-09-20T18:20:09,PAGO,49.37,7.81,57.18,APP_IOS
PED00001555,CLI01808,LJ11,2025-09-20T15:23:12,PAGO,104.31,8.84,113.15,WEB
PED00001556,CLI00936,LJ07,2025-09-20T21:53:45,PAGO,29.02,7.85,36.87,WEB
PED00001557,CLI00699,LJ03,2025-09-20T10:26:19,PAGO,239.26,11.27,250.53,WEB
PED00001558,CLI00328,LJ11,2025-09-20T14:08:51,PAGO,11.24,10.67,21.91,APP_ANDROID
PED00001559,CLI00350,LJ11,2025-09-20T22:24:53,PAGO,32.5,7.42,39.92,APP_IOS
PED00001560,CLI01009,LJ03,2025-09-20T22:08:35,PAGO,7.53,11.72,19.25,WEB
PED00001561,CLI01145,LJ06,2025-09-20T19:31:47,PAGO,106.13,11.48,117.61,WEB
PED00001562,CLI01871,LJ11,2025-09-20T18:25:01,PAGO,20.48,10.82,31.3,APP_ANDROID
PED00001563,CLI01736,LJ05,2025-09-20T17:16:28,PENDENTE,186.05,9.44,195.49,WEB
PED00001564,CLI00893,LJ07,2025-09-20T21:16:13,PAGO,135.62,7.98,143.6,WEB
PED00001565,CLI00152,LJ04,2025-09-20T16:42:03,PAGO,6.96,11.19,18.15,APP_IOS
PED00001566,CLI01139,LJ07,2025-09-20T10:59:17,PAGO,79.58,5.85,85.43,WEB
PED00001567,CLI01202,LJ06,2025-09-20T21:15:35,PAGO,66.18,6.63,72.81,APP_ANDROID
PED00001568,CLI01206,LJ06,2025-09-20T11:47:26,PAGO,64.67,8.57,73.24,WEB
PED00001569,CLI01533,LJ07,2025-09-20T23:51:21,PAGO,209.58,11.34,220.92,WEB
PED00001570,CLI01557,LJ02,2025-09-20T18:13:09,PAGO,102.79,11.59,114.38,APP_ANDROID
PED00001571,CLI01309,LJ08,2025-09-20T18:01:39,CANCELADO,47.45,10.82,58.27,APP_ANDROID
PED00001572,CLI00686,LJ03,2025-09-20T11:14:22,PAGO,18.61,10.51,29.12,APP_ANDROID
PED00001573,CLI01892,LJ09,2025-09-20T21:39:31,PAGO,86.61,6.1,92.71,APP_ANDROID
PED00001574,CLI01719,LJ12,2025-09-20T20:07:50,PAGO,33.63,10.37,44.0,WEB
PED00001575,CLI01253,LJ07,2025-09-20T17:33:38,PAGO,67.1,10.31,77.41,APP_ANDROID
PED00001576,CLI00354,LJ05,2025-09-20T12:08:33,PAGO,26.94,8.87,35.81,WEB
PED00001577,CLI00893,LJ11,2025-09-20T21:03:05,PAGO,94.51,10.56,105.07,WEB
PED00001578,CLI00214,LJ06,2025-09-20T15:16:17,PAGO,16.42,5.29,21.71,APP_ANDROID
PED00001579,CLI01908,LJ12,2025-09-20T23:25:40,PAGO,100.12,7.09,107.21,WEB
PED00001580,CLI01456,LJ09,2025-09-20T23:22:26,PAGO,69.78,7.25,77.03,WEB
PED00001581,CLI01141,LJ04,2025-09-20T23:01:43,PAGO,26.53,6.52,33.05,WEB
PED00001582,CLI01314,LJ09,2025-09-20T14:18:47,PAGO,151.23,10.47,161.7,WEB
PED00001583,CLI01244,LJ09,2025-09-20T11:29:30,PAGO,43.7,5.67,49.37,APP_ANDROID
PED00001584,CLI00695,LJ04,2025-09-20T20:06:27,CANCELADO,56.01,8.11,64.12,APP_ANDROID
PED00001585,CLI00777,LJ06,2025-09-20T19:57:02,PAGO,58.05,7.14,65.19,APP_ANDROID
PED00001586,CLI00209,LJ06,2025-09-20T23:26:51,PAGO,108.83,5.87,114.7,APP_IOS
PED00001587,CLI00253,LJ06,2025-09-20T20:16:29,PAGO,42.05,6.84,48.89,WEB
PED00001588,CLI00722,LJ06,2025-09-20T17:32:21,PAGO,10.36,9.44,19.8,APP_ANDROID
PED00001589,CLI00674,LJ11,2025-09-20T15:29:13,PAGO,56.99,10.43,67.42,WEB
PED00001590,CLI00996,LJ12,2025-09-20T19:19:53,PAGO,103.08,6.67,109.75,WEB
PED00001591,CLI00910,LJ01,2025-09-20T14:01:29,PAGO,189.98,8.45,198.43,WEB
PED00001592,CLI01996,LJ05,2025-09-20T11:35:22,PAGO,36.27,9.26,45.53,APP_ANDROID
PED00001593,CLI00943,LJ06,2025-09-20T19:43:01,PAGO,8.01,7.68,15.69,WEB
PED00001594,CLI01177,LJ01,2025-09-20T17:34:27,PAGO,20.26,7.79,28.05,WEB
PED00001595,CLI01185,LJ04,2025-09-20T20:35:49,PAGO,76.59,7.49,84.08,WEB
PED00001596,CLI01002,LJ01,2025-09-20T17:08:08,PAGO,21.06,6.36,27.42,APP_IOS
PED00001597,CLI00097,LJ10,2025-09-20T17:58:54,PAGO,179.88,7.2,187.08,WEB
PED00001598,CLI00905,LJ02,2025-09-20T21:17:33,PENDENTE,67.96,5.08,73.04,APP_IOS
PED00001599,CLI01648,LJ06,2025-09-20T22:40:27,PAGO,86.43,8.3,94.73,WEB
PED00001600,CLI00290,LJ09,2025-09-20T23:48:33,PAGO,58.51,7.64,66.15,APP_IOS
PED00001601,CLI01163,LJ03,2025-09-20T23:21:51,PAGO,57.46,11.4,68.86,WEB
PED00001602,CLI01406,LJ06,2025-09-20T14:18:59,PAGO,55.75,5.6,61.35,APP_ANDROID
PED00001603,CLI01047,LJ01,2025-09-20T20:21:09,PAGO,86.25,5.7,91.95,APP_ANDROID
PED00001604,CLI00533,LJ07,2025-09-20T20:08:10,PAGO,32.0,7.27,39.27,APP_IOS
PED00001605,CLI00379,LJ08,2025-09-20T12:34:13,CANCELADO,13.49,7.76,21.25,APP_ANDROID
PED00001606,CLI00960,LJ08,2025-09-20T10:46:36,PAGO,51.54,6.01,57.55,WEB
PED00001607,CLI00863,LJ11,2025-09-20T17:44:53,PAGO,47.88,8.93,56.81,WEB
PED00001608,CLI00799,LJ10,2025-09-20T13:02:14,PAGO,119.71,5.58,125.29,APP_IOS
PED00001609,CLI01248,LJ11,2025-09-20T10:24:50,CANCELADO,58.99,9.63,68.62,APP_IOS
PED00001610,CLI01445,LJ10,2025-09-20T17:43:03,PAGO,15.11,6.31,21.42,WEB
PED00001611,CLI00952,LJ01,2025-09-20T17:17:11,PAGO,21.0,11.12,32.12,APP_IOS
PED00001612,CLI00288,LJ03,2025-09-20T11:27:36,PAGO,115.27,6.39,121.66,APP_ANDROID
PED00001613,CLI01695,LJ05,2025-09-20T13:43:53,PAGO,25.13,10.62,35.75,APP_IOS
PED00001614,CLI01881,LJ05,2025-09-20T16:36:13,PAGO,19.78,6.71,26.49,APP_IOS
PED00001615,CLI01052,LJ11,2025-09-20T19:45:30,PAGO,8.1,9.22,17.32,APP_IOS
PED00001616,CLI00167,LJ08,2025-09-20T21:01:12,PAGO,126.15,11.53,137.68,APP_ANDROID
PED00001617,CLI01973,LJ07,2025-09-21T14:34:51,PAGO,97.91,7.83,105.74,APP_ANDROID
PED00001618,CLI01757,LJ01,2025-09-21T10:24:17,PAGO,136.55,9.68,146.23,APP_IOS
PED00001619,CLI01558,LJ04,2025-09-21T10:14:14,PAGO,169.66,11.08,180.74,APP_IOS
PED00001620,CLI01112,LJ05,2025-09-21T18:54:02,PAGO,76.6,7.03,83.63,APP_ANDROID
PED00001621,CLI01675,LJ10,2025-09-21T21:56:19,PAGO,33.23,8.15,41.38,APP_ANDROID
PED00001622,CLI00857,LJ06,2025-09-21T17:09:32,PAGO,24.27,11.92,36.19,APP_IOS
PED00001623,CLI01247,LJ09,2025-09-21T14:43:24,PAGO,36.84,11.46,48.3,WEB
PED00001624,CLI00139,LJ04,2025-09-21T18:08:59,PAGO,33.95,9.17,43.12,APP_ANDROID
PED00001625,CLI01167,LJ10,2025-09-21T23:26:09,PAGO,77.86,10.5,88.36,APP_IOS
PED00001626,CLI00733,LJ02,2025-09-21T12:35:38,PAGO,10.94,11.31,22.25,APP_IOS
PED00001627,CLI00475,LJ04,2025-09-21T20:49:15,PAGO,28.99,6.96,35.95,APP_IOS
PED00001628,CLI01710,LJ07,2025-09-21T19:16:45,PAGO,68.17,6.7,74.87,WEB
PED00001629,CLI01609,LJ07,2025-09-21T23:16:16,PAGO,123.52,7.53,131.05,APP_ANDROID
PED00001630,CLI01643,LJ01,2025-09-21T15:15:28,PAGO,113.45,11.66,125.11,APP_IOS
PED00001631,CLI01879,LJ08,2025-09-21T10:57:57,PAGO,150.2,8.48,158.68,WEB
PED00001632,CLI01650,LJ05,2025-09-21T19:23:51,PAGO,27.61,8.79,36.4,WEB
PED00001633,CLI00040,LJ06,2025-09-21T11:44:02,PAGO,34.94,9.92,44.86,APP_IOS
PED00001634,CLI00740,LJ05,2025-09-21T15:17:04,PAGO,19.8,7.84,27.64,APP_IOS
PED00001635,CLI01332,LJ12,2025-09-21T10:49:06,PAGO,54.36,10.05,64.41,APP_IOS
PED00001636,CLI00599,LJ12,2025-09-21T18:59:51,PAGO,19.79,11.31,31.1,WEB
PED00001637,CLI01096,LJ12,2025-09-21T20:00:27,PAGO,8.91,6.07,14.98,APP_IOS
PED00001638,CLI00549,LJ12,2025-09-21T20:34:21,PAGO,31.67,5.31,36.98,APP_IOS
PED00001639,CLI01248,LJ08,2025-09-21T20:08:01,PAGO,34.68,7.47,42.15,APP_IOS
PED00001640,CLI01986,LJ10,2025-09-21T17:53:00,PAGO,31.86,9.42,41.28,APP_ANDROID
PED00001641,CLI00159,LJ07,2025-09-21T23:13:51,PAGO,47.07,11.55,58.62,APP_ANDROID
PED00001642,CLI01622,LJ05,2025-09-21T12:19:35,PAGO,104.9,11.77,116.67,APP_ANDROID
PED00001643,CLI01556,LJ11,2025-09-21T16:45:50,PAGO,10.56,7.14,17.7,WEB
PED00001644,CLI01276,LJ08,2025-09-21T18:31:10,PAGO,124.61,11.41,136.02,APP_IOS
PED00001645,CLI00554,LJ09,2025-09-21T20:01:41,PAGO,109.28,7.01,116.29,WEB
PED00001646,CLI00990,LJ04,2025-09-21T17:26:08,PAGO,40.52,10.83,51.35,APP_IOS
PED00001647,CLI01890,LJ01,2025-09-21T13:26:50,PAGO,11.4,11.46,22.86,WEB
PED00001648,CLI01391,LJ06,2025-09-21T12:29:15,PAGO,257.74,9.0,266.74,APP_IOS
PED00001649,CLI01069,LJ05,2025-09-21T12:58:39,PAGO,47.81,6.11,53.92,WEB
PED00001650,CLI01263,LJ07,2025-09-21T20:26:58,PAGO,117.58,6.14,123.72,APP_ANDROID
PED00001651,CLI00825,LJ06,2025-09-21T10:02:46,PAGO,68.61,9.51,78.12,APP_ANDROID
PED00001652,CLI01002,LJ04,2025-09-21T23:47:45,PAGO,35.42,8.45,43.87,APP_IOS
PED00001653,CLI01505,LJ07,2025-09-21T17:23:51,PAGO,89.45,6.28,95.73,WEB
PED00001654,CLI00961,LJ09,2025-09-21T21:14:21,PAGO,71.01,6.63,77.64,APP_ANDROID
PED00001655,CLI00104,LJ03,2025-09-21T13:27:19,PAGO,26.61,5.15,31.76,WEB
PED00001656,CLI01464,LJ08,2025-09-21T12:03:15,PAGO,6.59,6.74,13.33,APP_IOS
PED00001657,CLI00999,LJ12,2025-09-21T11:23:22,PAGO,97.68,7.39,105.07,APP_ANDROID
PED00001658,CLI00761,LJ06,2025-09-21T23:05:08,PAGO,26.58,6.75,33.33,WEB
PED00001659,CLI01851,LJ01,2025-09-21T15:45:47,PAGO,203.79,10.3,214.09,APP_ANDROID
PED00001660,CLI01832,LJ07,2025-09-21T16:51:14,PAGO,24.25,5.84,30.09,APP_ANDROID
PED00001661,CLI01375,LJ11,2025-09-21T23:34:42,PAGO,45.48,7.7,53.18,APP_ANDROID
PED00001662,CLI01220,LJ08,2025-09-21T17:56:04,PAGO,164.36,11.42,175.78,APP_ANDROID
PED00001663,CLI01501,LJ04,2025-09-21T19:09:31,PAGO,26.9,7.74,34.64,APP_IOS
PED00001664,CLI01137,LJ09,2025-09-21T11:26:32,PAGO,72.17,5.32,77.49,APP_ANDROID
PED00001665,CLI00685,LJ07,2025-09-21T22:35:34,PAGO,18.24,5.01,23.25,WEB
PED00001666,CLI01379,LJ11,2025-09-21T23:18:28,PAGO,15.46,8.26,23.72,APP_IOS
PED00001667,CLI01965,LJ09,2025-09-21T13:03:49,PAGO,209.39,9.49,218.88,APP_ANDROID
PED00001668,CLI00419,LJ07,2025-09-21T17:57:05,PAGO,54.27,7.61,61.88,WEB
PED00001669,CLI01830,LJ02,2025-09-21T11:27:19,PAGO,48.83,7.82,56.65,APP_ANDROID
PED00001670,CLI01032,LJ01,2025-09-21T20:41:28,PAGO,186.95,10.56,197.51,APP_IOS
PED00001671,CLI00776,LJ08,2025-09-21T21:35:30,PAGO,60.55,5.4,65.95,APP_ANDROID
PED00001672,CLI00691,LJ06,2025-09-21T10:42:03,PENDENTE,32.99,8.85,41.84,APP_IOS
PED00001673,CLI00823,LJ11,2025-09-21T17:15:33,PAGO,12.53,6.42,18.95,APP_ANDROID
PED00001674,CLI01582,LJ11,2025-09-21T10:01:01,PAGO,16.28,9.84,26.12,WEB
PED00001675,CLI01164,LJ10,2025-09-21T20:26:20,PENDENTE,24.47,9.24,33.71,APP_ANDROID
PED00001676,CLI00318,LJ08,2025-09-21T22:20:40,PAGO,3.66,11.28,14.94,APP_ANDROID
PED00001677,CLI01523,LJ08,2025-09-21T17:54:54,PENDENTE,9.77,8.95,18.72,APP_IOS
PED00001678,CLI01891,LJ09,2025-09-21T23:40:10,PAGO,32.94,10.61,43.55,APP_IOS
PED00001679,CLI01000,LJ09,2025-09-21T18:18:49,PAGO,65.51,8.86,74.37,APP_ANDROID
PED00001680,CLI00031,LJ03,2025-09-21T12:51:16,PAGO,39.37,10.07,49.44,APP_IOS
PED00001681,CLI00947,LJ02,2025-09-21T14:23:02,PAGO,46.86,5.22,52.08,APP_IOS
PED00001682,CLI01293,LJ10,2025-09-21T22:07:58,PAGO,10.98,5.04,16.02,APP_IOS
PED00001683,CLI01907,LJ02,2025-09-21T23:32:36,PAGO,25.97,9.31,35.28,WEB
PED00001684,CLI01959,LJ11,2025-09-21T20:38:09,PAGO,42.24,6.39,48.63,APP_IOS
PED00001685,CLI01934,LJ09,2025-09-21T20:06:19,PAGO,55.16,10.55,65.71,APP_ANDROID
PED00001686,CLI01353,LJ09,2025-09-21T17:33:13,PAGO,50.25,11.37,61.62,APP_ANDROID
PED00001687,CLI01939,LJ03,2025-09-21T17:20:42,PENDENTE,31.35,9.39,40.74,WEB
PED00001688,CLI00922,LJ01,2025-09-21T19:14:15,PAGO,197.56,10.83,208.39,APP_IOS
PED00001689,CLI01555,LJ08,2025-09-21T15:14:04,PAGO,33.07,7.84,40.91,APP_ANDROID
PED00001690,CLI00340,LJ06,2025-09-21T13:25:02,PAGO,46.56,11.14,57.7,APP_ANDROID
PED00001691,CLI01211,LJ05,2025-09-21T18:16:33,PAGO,17.01,5.18,22.19,APP_IOS
PED00001692,CLI01635,LJ08,2025-09-21T10:48:04,PAGO,141.65,5.77,147.42,APP_IOS
PED00001693,CLI01705,LJ01,2025-09-21T10:17:39,PAGO,79.55,9.65,89.2,WEB
PED00001694,CLI00767,LJ03,2025-09-21T13:36:06,PAGO,67.51,10.58,78.09,WEB
PED00001695,CLI00713,LJ04,2025-09-21T21:24:45,PAGO,197.17,9.86,207.03,APP_IOS
PED00001696,CLI01470,LJ12,2025-09-21T12:59:58,PAGO,250.33,8.35,258.68,APP_ANDROID
PED00001697,CLI00535,LJ12,2025-09-21T11:59:15,PAGO,56.25,8.01,64.26,APP_ANDROID
PED00001698,CLI00979,LJ04,2025-09-21T23:20:29,PAGO,11.47,5.17,16.64,WEB
PED00001699,CLI01255,LJ04,2025-09-21T15:48:16,PAGO,35.02,9.64,44.66,WEB
PED00001700,CLI00996,LJ01,2025-09-21T23:55:14,PAGO,30.03,7.78,37.81,WEB
PED00001701,CLI00742,LJ06,2025-09-21T12:38:53,PAGO,18.86,11.89,30.75,APP_IOS
PED00001702,CLI01606,LJ02,2025-09-21T20:49:47,PAGO,96.36,11.63,107.99,APP_IOS
PED00001703,CLI01049,LJ03,2025-09-21T20:48:12,PAGO,112.53,11.39,123.92,WEB
PED00001704,CLI00262,LJ04,2025-09-21T20:59:13,PAGO,58.25,9.4,67.65,WEB
PED00001705,CLI01986,LJ06,2025-09-22T21:26:04,PAGO,12.64,5.95,18.59,APP_IOS
PED00001706,CLI01538,LJ02,2025-09-22T18:46:25,PAGO,13.07,11.82,24.89,APP_IOS
PED00001707,CLI00389,LJ07,2025-09-22T14:48:07,PAGO,36.2,7.9,44.1,APP_ANDROID
PED00001708,CLI01714,LJ04,2025-09-22T12:14:50,PAGO,45.41,11.84,57.25,APP_IOS
PED00001709,CLI00306,LJ11,2025-09-22T22:25:51,PAGO,75.39,9.08,84.47,WEB
PED00001710,CLI01732,LJ03,2025-09-22T12:20:11,CANCELADO,33.52,11.45,44.97,WEB
PED00001711,CLI00880,LJ12,2025-09-22T21:34:27,PAGO,53.91,10.89,64.8,APP_ANDROID
PED00001712,CLI01579,LJ11,2025-09-22T16:44:56,PAGO,121.57,6.06,127.63,WEB
PED00001713,CLI01954,LJ04,2025-09-22T17:10:07,PAGO,51.5,9.13,60.63,APP_ANDROID
PED00001714,CLI01478,LJ08,2025-09-22T22:36:12,PAGO,121.67,10.71,132.38,APP_ANDROID
PED00001715,CLI01398,LJ02,2025-09-22T11:04:30Z,PAGO,242.34,6.44,248.78,APP_IOS
PED00001716,CLI00088,LJ06,2025-09-22T16:15:02,PAGO,109.95,8.58,118.53,APP_IOS
PED00001717,CLI01638,LJ02,2025-09-22T10:56:30,PAGO,32.85,10.34,43.19,APP_ANDROID
PED00001718,CLI00377,LJ01,2025-09-22T17:08:00,PAGO,31.76,8.06,39.82,WEB
PED00001719,CLI01561,LJ04,2025-09-22T20:25:20,PAGO,115.44,5.8,121.24,APP_ANDROID
PED00001720,CLI01455,LJ03,2025-09-22T12:27:56,PAGO,31.19,6.62,37.81,WEB
PED00001721,CLI01399,LJ03,2025-09-22T23:40:17,PAGO,47.79,11.7,59.49,APP_IOS
PED00001722,CLI01785,LJ07,2025-09-22T21:25:14,PAGO,86.48,5.45,91.93,APP_IOS
PED00001723,CLI00801,LJ05,2025-09-22T19:29:00,PAGO,31.72,5.66,37.38,APP_ANDROID
PED00001724,CLI01701,LJ12,2025-09-22T12:33:00,PAGO,28.66,7.86,36.52,WEB
PED00001725,CLI00203,LJ12,2025-09-22T21:49:12,PAGO,190.73,11.89,202.62,WEB
PED00001726,CLI00482,LJ06,2025-09-22T14:47:03,PENDENTE,81.8,6.11,87.91,APP_ANDROID
PED00001727,CLI01710,LJ03,2025-09-22T17:28:45,PAGO,31.43,11.79,43.22,APP_IOS
PED00001728,CLI01644,LJ09,2025-09-22T22:32:00,PAGO,136.23,11.94,148.17,APP_IOS
PED00001729,CLI01966,LJ12,2025-09-22T22:18:42,PAGO,61.79,10.97,72.76,APP_IOS
PED00001730,CLI01214,LJ09,2025-09-22T13:01:45,PAGO,162.71,5.73,168.44,APP_ANDROID
PED00001731,CLI01983,LJ09,2025-09-22T19:29:58,CANCELADO,45.34,10.44,55.78,APP_IOS
PED00001732,CLI00016,LJ09,2025-09-22T13:17:29,PAGO,33.8,8.47,42.27,APP_ANDROID
PED00001733,CLI01532,LJ04,2025-09-22T21:53:36,PAGO,107.02,5.34,112.36,APP_IOS
PED00001734,CLI01533,LJ09,2025-09-22T18:43:22,PAGO,31.08,8.93,40.01,WEB
PED00001735,CLI01336,LJ02,2025-09-22T18:49:49,PAGO,50.66,5.06,55.72,APP_IOS
PED00001736,CLI01203,LJ05,2025-09-22T19:37:39,PAGO,148.26,8.16,156.42,WEB
PED00001737,CLI01524,LJ07,2025-09-22T12:24:40,PAGO,32.04,9.83,41.87,APP_IOS
PED00001738,CLI00511,LJ06,2025-09-22T19:41:58,PAGO,385.35,10.99,396.34,APP_ANDROID
PED00001739,CLI01889,LJ11,2025-09-22T17:21:26,PAGO,29.36,6.47,35.83,APP_ANDROID
PED00001740,CLI01652,LJ11,2025-09-22T23:29:29,PENDENTE,21.44,7.21,28.65,APP_IOS
PED00001741,CLI01008,LJ09,2025-09-22T18:13:24,PAGO,23.7,6.98,30.68,APP_IOS
PED00001742,CLI01192,LJ10,2025-09-22T19:21:08,PENDENTE,23.74,11.51,35.25,WEB
PED00001743,CLI00401,LJ03,2025-09-22T17:15:20,PAGO,22.51,6.87,29.38,APP_ANDROID
PED00001744,CLI01623,LJ10,2025-09-22T15:56:02,PAGO,70.78,5.52,76.3,APP_ANDROID
PED00001745,CLI01920,LJ06,2025-09-22T19:17:51,PAGO,58.82,11.7,70.52,APP_IOS
PED00001746,CLI01726,LJ07,2025-09-22T15:01:28,PAGO,3.67,11.85,15.52,WEB
PED00001747,CLI00747,LJ07,2025-09-22T14:18:26,PAGO,26.44,9.06,35.5,APP_IOS
PED00001748,CLI00435,LJ12,2025-09-22T15:27:00,PAGO,80.88,5.96,86.84,APP_ANDROID
PED00001749,CLI01181,LJ12,2025-09-22T19:03:16,PAGO,20.8,10.05,30.85,APP_IOS
PED00001750,CLI01823,LJ10,2025-09-22T10:11:43,PAGO,37.18,5.16,42.34,APP_IOS
PED00001751,CLI00885,LJ11,2025-09-22T17:01:58,PAGO,93.86,8.86,102.72,APP_IOS
PED00001752,CLI01205,LJ12,2025-09-22T20:54:53,PAGO,115.97,6.12,122.09,APP_ANDROID
PED00001753,CLI01839,LJ09,2025-09-23T12:56:09,PAGO,85.94,8.75,94.69,APP_ANDROID
PED00001754,CLI01912,LJ03,2025-09-23T10:25:12,PAGO,211.76,5.37,217.13,APP_ANDROID
PED00001755,CLI00749,LJ09,2025-09-23T19:20:08,PAGO,34.41,7.99,42.4,APP_ANDROID
PED00001756,CLI01878,LJ06,2025-09-23T12:23:29,PAGO,64.8,6.91,71.71,APP_ANDROID
PED00001757,CLI01589,LJ01,2025-09-23T16:05:09,CANCELADO,50.76,5.43,56.19,WEB
PED00001758,CLI00280,LJ09,2025-09-23T22:09:57,PAGO,88.62,8.61,97.23,APP_ANDROID
PED00001759,CLI01493,LJ12,2025-09-23T16:34:32,PAGO,85.27,11.09,96.36,APP_ANDROID
PED00001760,CLI00955,LJ10,2025-09-23T18:12:57,PAGO,126.01,9.79,135.8,APP_IOS
PED00001761,CLI00171,LJ07,2025-09-23T22:01:05,PAGO,29.09,5.14,34.23,APP_ANDROID
PED00001762,CLI00966,LJ01,2025-09-23T21:32:49,PAGO,57.59,10.07,67.66,APP_IOS
PED00001763,CLI00120,LJ05,2025-09-23T13:14:27,PENDENTE,48.22,11.82,60.04,APP_IOS
PED00001764,CLI00105,LJ11,2025-09-23T17:03:52,PAGO,35.76,10.34,46.1,WEB
PED00001765,CLI00068,LJ02,2025-09-23T10:43:11,PAGO,147.74,7.96,155.7,WEB
PED00001766,CLI01533,LJ05,2025-09-23T14:53:48,PAGO,50.07,10.19,60.26,WEB
PED00001767,CLI00577,LJ02,2025-09-23T16:18:07,PAGO,92.1,8.21,100.31,WEB
PED00001768,CLI01617,LJ07,2025-09-23T22:48:25,PAGO,129.61,7.24,136.85,APP_ANDROID
PED00001769,CLI00617,LJ10,2025-09-23T20:02:51,PAGO,32.42,8.61,41.03,APP_IOS
PED00001770,CLI01031,LJ07,2025-09-23T12:18:47,PAGO,37.71,6.28,43.99,APP_ANDROID
PED00001771,CLI00298,LJ08,2025-09-23T21:37:06,PAGO,148.67,8.63,157.3,WEB
PED00001772,CLI00513,LJ07,2025-09-23T20:27:57,PAGO,45.12,6.47,51.59,WEB
PED00001773,CLI01333,LJ05,2025-09-23T21:59:54,PAGO,237.62,7.32,244.94,WEB
PED00001774,CLI01782,LJ08,2025-09-23T22:35:55,PAGO,270.89,7.71,278.6,APP_ANDROID
PED00001775,CLI01916,LJ08,2025-09-23T11:30:46,PAGO,239.43,6.28,245.71,APP_ANDROID
PED00001776,CLI00705,LJ03,2025-09-23T19:53:57,PAGO,75.06,11.95,87.01,WEB
PED00001777,CLI00678,LJ05,2025-09-23T14:21:32,PAGO,105.87,11.97,117.84,WEB
PED00001778,CLI00852,LJ01,2025-09-23T21:21:38,PAGO,58.59,5.78,64.37,APP_ANDROID
PED00001779,CLI00587,LJ05,2025-09-23T17:38:15,PAGO,92.82,9.91,102.73,APP_IOS
PED00001780,CLI01979,LJ08,2025-09-23T10:42:26,PAGO,48.91,5.91,54.82,WEB
PED00001781,CLI00509,LJ01,2025-09-23T13:53:28,PENDENTE,42.29,11.36,53.65,APP_IOS
PED00001782,CLI00583,LJ05,2025-09-23T17:55:55,PAGO,12.1,9.38,21.48,APP_IOS
PED00001783,CLI01007,LJ09,2025-09-23T23:11:35,CANCELADO,15.15,7.43,22.58,WEB
PED00001784,CLI00679,LJ09,2025-09-23T16:24:14,PAGO,14.25,9.76,24.01,APP_IOS
PED00001785,CLI01922,LJ03,2025-09-23T20:33:45,PAGO,53.31,10.0,63.31,WEB
PED00001786,CLI01100,LJ09,2025-09-23T12:44:53,PAGO,14.34,9.72,24.06,WEB
PED00001787,CLI00187,LJ12,2025-09-23T22:55:10,PAGO,6.46,7.67,14.13,APP_ANDROID
PED00001788,CLI01614,LJ08,2025-09-23T23:47:30,PAGO,61.36,6.3,67.66,APP_IOS
PED00001789,CLI00060,LJ12,2025-09-23T13:09:00,PAGO,335.72,9.43,345.15,WEB
PED00001790,CLI00498,LJ06,2025-09-23T16:11:12,PENDENTE,65.09,9.51,74.6,APP_IOS
PED00001791,CLI00437,LJ06,2025-09-23T18:22:45,PAGO,58.73,8.86,67.59,APP_ANDROID
PED00001792,CLI00640,LJ12,2025-09-23T12:50:16,PAGO,49.47,9.05,58.52,APP_ANDROID
PED00001793,CLI01330,LJ01,2025-09-23T14:06:06,PAGO,291.58,9.26,300.84,APP_ANDROID
PED00001794,CLI01055,LJ11,2025-09-23T14:47:42,PAGO,32.0,8.74,40.74,WEB
PED00001795,CLI01351,LJ07,2025-09-23T12:15:43,PAGO,243.2,5.6,248.8,WEB
PED00001796,CLI01180,LJ09,2025-09-23T10:44:07,PAGO,93.99,5.53,99.52,WEB
PED00001797,CLI00750,LJ04,2025-09-23T13:29:17,PAGO,24.84,9.59,34.43,APP_ANDROID
PED00001798,CLI00146,LJ06,2025-09-23T16:23:38,PAGO,84.4,7.6,92.0,APP_ANDROID
PED00001799,CLI00664,LJ11,2025-09-23T13:44:40,PAGO,64.39,6.57,70.96,APP_ANDROID
PED00001800,CLI00269,LJ12,2025-09-23T23:42:57,PAGO,91.41,9.27,100.68,WEB
PED00001801,CLI01705,LJ06,2025-09-23T17:18:45,PAGO,11.22,9.65,20.87,APP_ANDROID
PED00001802,CLI00949,LJ04,2025-09-23T10:32:46,PAGO,6.65,9.78,16.43,APP_IOS
PED00001803,CLI01610,LJ03,2025-09-23T21:18:56,PENDENTE,11.54,10.41,21.95,APP_IOS
PED00001804,CLI01180,LJ05,2025-09-23T11:11:51,PAGO,49.15,9.25,58.4,APP_ANDROID
PED00001805,CLI01852,LJ03,2025-09-23T15:19:26,PAGO,159.12,8.52,167.64,APP_ANDROID
PED00001806,CLI00439,LJ10,2025-09-23T22:43:39,PAGO,37.48,6.3,43.78,APP_IOS
PED00001807,CLI00238,LJ02,2025-09-23T12:01:49,PAGO,35.71,11.96,47.67,APP_IOS
PED00001808,CLI01148,LJ01,2025-09-23T12:39:33Z,PENDENTE,60.96,9.05,70.01,WEB
PED00001809,CLI00324,LJ04,2025-09-24T11:52:36,PAGO,91.45,5.66,97.11,APP_IOS
PED00001810,CLI01805,LJ11,2025-09-24T16:31:03,PENDENTE,178.52,5.25,183.77,APP_IOS
PED00001811,CLI01601,LJ03,2025-09-24T10:48:56,PENDENTE,85.46,11.26,96.72,APP_ANDROID
PED00001812,CLI00119,LJ12,2025-09-24T17:29:22,PAGO,71.11,6.58,77.69,APP_ANDROID
PED00001813,CLI00241,LJ07,2025-09-24T10:53:12,PAGO,190.18,9.01,199.19,APP_ANDROID
PED00001814,CLI00124,LJ07,2025-09-24T16:55:29,PAGO,60.06,9.8,69.86,APP_IOS
PED00001815,CLI01569,LJ04,2025-09-24T13:44:29,PAGO,55.44,11.07,66.51,APP_IOS
PED00001816,CLI01146,LJ07,2025-09-24T13:15:11,PAGO,33.11,7.0,40.11,WEB
PED00001817,CLI01131,LJ04,2025-09-24T19:56:41,PAGO,65.17,11.23,76.4,WEB
PED00001818,CLI01405,LJ06,2025-09-24T18:21:47,PAGO,33.94,10.47,44.41,APP_IOS
PED00001819,CLI01766,LJ03,2025-09-24T22:48:15,PAGO,22.95,9.44,32.39,APP_IOS
PED00001820,CLI00035,LJ01,2025-09-24T14:44:15,PAGO,30.56,8.36,38.92,WEB
PED00001821,CLI00473,LJ08,2025-09-24T22:05:08,PAGO,49.14,5.85,54.99,APP_ANDROID
PED00001822,CLI01051,LJ02,2025-09-24T11:47:49,PAGO,105.54,8.77,114.31,APP_IOS
PED00001823,CLI01879,LJ01,2025-09-24T23:12:56,PAGO,15.27,5.15,20.42,APP_ANDROID
PED00001824,CLI00777,LJ06,2025-09-24T14:11:47,PAGO,157.13,9.8,166.93,APP_ANDROID
PED00001825,CLI01382,LJ07,2025-09-24T22:27:01,PAGO,150.96,5.69,156.65,WEB
PED00001826,CLI01524,LJ04,2025-09-24T16:51:33,PAGO,128.47,5.15,133.62,WEB
PED00001827,CLI01600,LJ12,2025-09-24T19:36:05,PAGO,84.63,9.4,94.03,WEB
PED00001828,CLI01665,LJ08,2025-09-24T10:00:44,PAGO,90.79,7.71,98.5,WEB
PED00001829,CLI01711,LJ02,2025-09-24T21:48:44,PAGO,73.41,10.2,83.61,WEB
PED00001830,CLI00420,LJ05,2025-09-24T14:29:37,PAGO,41.2,9.98,51.18,WEB
PED00001831,CLI00866,LJ05,2025-09-24T21:32:38,PAGO,94.57,8.11,102.68,APP_ANDROID
PED00001832,CLI00257,LJ11,2025-09-24T21:39:18,PAGO,166.2,11.99,178.19,WEB
PED00001833,CLI00185,LJ12,2025-09-24T23:18:11,PAGO,124.34,8.74,133.08,APP_ANDROID
PED00001834,CLI01349,LJ08,2025-09-24T19:35:07,PAGO,7.47,6.92,14.39,APP_ANDROID
PED00001835,CLI00197,LJ02,2025-09-24T15:33:35,PAGO,315.26,11.53,326.79,APP_IOS
PED00001836,CLI00238,LJ07,2025-09-24T11:04:19,CANCELADO,89.28,6.69,95.97,WEB
PED00001837,CLI00937,LJ06,2025-09-24T22:19:11,PAGO,36.97,8.83,45.8,WEB
PED00001838,CLI00494,LJ08,2025-09-24T21:42:30,PENDENTE,103.16,6.7,109.86,APP_ANDROID
PED00001839,CLI00178,LJ11,2025-09-24T21:49:35,PAGO,220.59,5.14,225.73,WEB
PED00001840,CLI01125,LJ04,2025-09-24T23:36:41,PENDENTE,47.8,10.38,58.18,APP_IOS
PED00001841,CLI01399,LJ12,2025-09-24T17:00:53,PAGO,83.31,11.43,94.74,WEB
PED00001842,CLI00337,LJ01,2025-09-24T17:51:53,PAGO,205.12,8.44,213.56,APP_ANDROID
PED00001843,CLI01913,LJ11,2025-09-24T12:39:26,PAGO,46.47,8.57,55.04,WEB
PED00001844,CLI01021,LJ08,2025-09-24T19:22:00,PAGO,34.24,10.2,44.44,WEB
PED00001845,CLI00708,LJ03,2025-09-24T15:28:14,PAGO,129.45,6.59,136.04,APP_IOS
PED00001846,CLI00301,LJ11,2025-09-24T12:17:29,PAGO,20.3,9.15,29.45,APP_IOS
PED00001847,CLI01722,LJ04,2025-09-24T16:46:59,PAGO,23.09,7.8,30.89,WEB
PED00001848,CLI01834,LJ04,2025-09-24T17:43:11,PAGO,69.24,5.05,74.29,WEB
PED00001849,CLI01342,LJ04,2025-09-24T14:59:57,PAGO,78.8,8.6,87.4,WEB
PED00001850,CLI01300,LJ02,2025-09-24T12:23:41,PAGO,25.82,9.98,35.8,WEB
PED00001851,CLI00978,LJ07,2025-09-24T19:42:24,PAGO,159.61,10.54,170.15,APP_ANDROID
PED00001852,CLI00892,LJ05,2025-09-24T10:20:13,PAGO,64.92,5.93,70.85,WEB
PED00001853,CLI00453,LJ10,2025-09-24T17:39:58,PAGO,114.47,9.72,124.19,APP_ANDROID
PED00001854,CLI01395,LJ11,2025-09-24T21:01:08,PAGO,119.71,5.26,124.97,WEB
PED00001855,CLI01013,LJ07,2025-09-24T17:05:55,PAGO,96.79,8.69,105.48,APP_IOS
PED00001856,CLI00781,LJ03,2025-09-24T12:06:20,PAGO,79.11,7.36,86.47,WEB
PED00001857,CLI01140,LJ10,2025-09-24T15:20:50,PAGO,46.84,8.43,55.27,APP_IOS
PED00001858,CLI00033,LJ11,2025-09-24T12:47:51,CANCELADO,251.42,11.63,263.05,APP_IOS
PED00001859,CLI00584,LJ09,2025-09-24T17:17:36,PAGO,115.81,10.22,126.03,APP_ANDROID
PED00001860,CLI01585,LJ09,2025-09-24T19:40:44,PAGO,39.01,10.56,49.57,WEB
PED00001861,CLI01016,LJ02,2025-09-24T16:18:58,CANCELADO,154.47,7.93,162.4,WEB
PED00001862,CLI01711,LJ05,2025-09-24T14:58:31,PAGO,63.99,8.51,72.5,WEB
PED00001863,CLI00797,LJ07,2025-09-24T15:58:05,PAGO,85.92,10.28,96.2,WEB
PED00001864,CLI00561,LJ04,2025-09-24T23:16:22,PAGO,53.99,9.71,63.7,APP_ANDROID
PED00001865,CLI00544,LJ04,2025-09-24T14:49:55,PAGO,29.0,7.49,36.49,APP_IOS
PED00001866,CLI00926,LJ02,2025-09-24T10:33:34,PAGO,29.28,10.62,39.9,APP_IOS
PED00001867,CLI00904,LJ05,2025-09-24T17:27:47,CANCELADO,70.87,6.3,77.17,APP_IOS
PED00001868,CLI01664,LJ06,2025-09-24T10:48:15,PAGO,255.16,10.51,265.67,APP_ANDROID
PED00001869,CLI01234,LJ04,2025-09-24T13:13:23,PAGO,60.59,7.21,67.8,APP_IOS
PED00001870,CLI00343,LJ10,2025-09-24T15:50:54,PAGO,35.2,11.74,46.94,APP_IOS
PED00001871,CLI00789,LJ12,2025-09-24T20:51:05,PAGO,99.05,9.03,108.08,WEB
PED00001872,CLI01707,LJ10,2025-09-24T16:34:28,PAGO,52.46,11.64,64.1,WEB
PED00001873,CLI01539,LJ09,2025-09-25T21:50:54,CANCELADO,144.46,9.14,153.6,APP_IOS
PED00001874,CLI01665,LJ03,2025-09-25T11:48:12,PAGO,25.91,9.66,35.57,APP_IOS
PED00001875,CLI01917,LJ08,2025-09-25T17:23:33,PAGO,48.59,11.43,60.02,APP_IOS
PED00001876,CLI01477,LJ01,2025-09-25T20:14:58,PAGO,33.35,5.77,39.12,WEB
PED00001877,CLI01111,LJ02,2025-09-25T11:42:46,PAGO,152.33,9.09,161.42,WEB
PED00001878,CLI01190,LJ12,2025-09-25T12:03:27,PAGO,41.35,8.53,49.88,WEB
PED00001879,CLI01733,LJ01,2025-09-25T19:45:24,PAGO,94.94,10.9,105.84,APP_ANDROID
PED00001880,CLI00830,LJ05,2025-09-25T22:06:44,PAGO,101.09,11.35,112.44,APP_ANDROID
PED00001881,CLI01722,LJ04,2025-09-25T14:27:36,PAGO,27.65,10.18,37.83,WEB
PED00001882,CLI01418,LJ08,2025-09-25T14:21:25,PAGO,76.45,6.92,83.37,APP_ANDROID
PED00001883,CLI00595,LJ10,2025-09-25T15:29:59,PAGO,54.98,9.23,64.21,WEB
PED00001884,CLI00092,LJ02,2025-09-25T16:54:18,PAGO,58.08,8.63,66.71,WEB
PED00001885,CLI01979,LJ11,2025-09-25T16:08:38,PAGO,135.34,9.42,144.76,WEB
PED00001886,CLI00256,LJ07,2025-09-25T15:24:10,PAGO,267.63,10.02,277.65,APP_IOS
PED00001887,CLI00368,LJ04,2025-09-25T15:09:21,PAGO,21.56,9.2,30.76,APP_IOS
PED00001888,CLI00742,LJ01,2025-09-25T15:49:09,PAGO,81.33,8.61,89.94,APP_ANDROID
PED00001889,CLI00675,LJ10,2025-09-25T23:39:14,PAGO,3.88,5.87,9.75,WEB
PED00001890,CLI01887,LJ10,2025-09-25T14:58:16,PAGO,46.5,11.03,57.53,WEB
PED00001891,CLI01049,LJ04,2025-09-25T14:44:58,PAGO,23.35,8.37,31.72,WEB
PED00001892,CLI00093,LJ03,2025-09-25T11:59:07,PAGO,100.88,8.62,109.5,WEB
PED00001893,CLI01967,LJ01,2025-09-25T22:43:36,PAGO,124.06,11.81,135.87,APP_ANDROID
PED00001894,CLI00437,LJ12,2025-09-25T14:32:33,PENDENTE,35.68,9.39,45.07,APP_ANDROID
PED00001895,CLI00263,LJ11,2025-09-25T15:12:20,PAGO,145.86,11.74,157.6,APP_IOS
PED00001896,CLI00904,LJ07,2025-09-25T17:27:24,CANCELADO,53.65,9.66,63.31,APP_IOS
PED00001897,CLI01282,LJ08,2025-09-25T15:13:04,PAGO,130.88,10.89,141.77,WEB
PED00001898,CLI00527,LJ05,2025-09-25T13:00:40,PAGO,13.44,7.49,20.93,WEB
PED00001899,CLI01908,LJ05,2025-09-25T15:45:29,PAGO,127.23,9.06,136.29,APP_ANDROID
PED00001900,CLI01725,LJ10,2025-09-25T17:01:05,PAGO,23.23,7.06,30.29,WEB
PED00001901,CLI01514,LJ12,2025-09-25T18:44:22,PAGO,78.89,11.97,90.86,APP_IOS
PED00001902,CLI01023,LJ10,2025-09-25T14:13:29,PAGO,125.62,6.85,132.47,APP_IOS
PED00001903,CLI00029,LJ05,2025-09-25T17:13:43,PAGO,45.36,7.17,52.53,APP_ANDROID
PED00001904,CLI00524,LJ01,2025-09-25T17:01:14,PAGO,216.32,10.02,226.34,APP_IOS
PED00001905,CLI01746,LJ03,2025-09-25T11:55:11,PAGO,138.34,8.89,147.23,APP_ANDROID
PED00001906,CLI00874,LJ05,2025-09-25T21:50:13,PAGO,39.87,7.52,47.39,WEB
PED00001907,CLI01168,LJ03,2025-09-25T20:48:02,CANCELADO,126.59,6.42,133.01,WEB
PED00001908,CLI01873,LJ05,2025-09-25T13:21:33,PAGO,141.99,10.59,152.58,APP_ANDROID
PED00001909,CLI00372,LJ02,2025-09-25T10:55:24,PAGO,23.56,11.57,35.13,APP_ANDROID
PED00001910,CLI00195,LJ02,2025-09-25T21:26:46,PAGO,62.93,11.52,74.45,APP_IOS
PED00001911,CLI01024,LJ10,2025-09-25T22:12:58,PAGO,58.15,8.33,66.48,APP_ANDROID
PED00001912,CLI01615,LJ09,2025-09-25T16:04:13,PAGO,34.39,11.97,46.36,APP_IOS
PED00001913,CLI01638,LJ05,2025-09-25T12:27:50,PAGO,22.55,10.68,33.23,APP_ANDROID
PED00001914,CLI00068,LJ02,2025-09-25T11:05:14,PAGO,245.51,6.76,252.27,WEB
PED00001915,CLI00536,LJ10,2025-09-25T19:00:05,PAGO,96.13,7.18,103.31,WEB
PED00001916,CLI00702,LJ08,2025-09-25T13:33:42,CANCELADO,104.76,11.84,116.6,WEB
PED00001917,CLI01384,LJ07,2025-09-25T11:02:51,PAGO,7.39,6.21,13.6,APP_ANDROID
PED00001918,CLI01163,LJ10,2025-09-25T17:10:57,PAGO,53.92,8.11,62.03,APP_IOS
PED00001919,CLI00957,LJ01,2025-09-25T11:07:43,PAGO,115.38,10.72,126.1,WEB
PED00001920,CLI00833,LJ09,2025-09-25T18:44:34,PAGO,77.69,7.65,85.34,APP_ANDROID
PED00001921,CLI01699,LJ04,2025-09-25T21:58:12,PENDENTE,61.6,10.88,72.48,WEB
PED00001922,CLI01218,LJ07,2025-09-25T22:55:51,PAGO,71.08,6.86,77.94,APP_ANDROID
PED00001923,CLI00725,LJ11,2025-09-25T22:47:15,PAGO,86.57,10.42,96.99,APP_IOS
PED00001924,CLI01230,LJ11,2025-09-25T10:35:46,PAGO,96.12,11.59,107.71,APP_ANDROID
PED00001925,CLI00471,LJ09,2025-09-25T13:12:46,PAGO,195.34,5.2,200.54,APP_IOS
PED00001926,CLI01982,LJ05,2025-09-25T11:22:00,PAGO,30.47,10.62,41.09,APP_IOS
PED00001927,CLI00472,LJ09,2025-09-25T17:40:37,PAGO,84.46,11.98,96.44,APP_ANDROID
PED00001928,CLI00508,LJ04,2025-09-25T23:54:08,CANCELADO,21.74,5.78,27.52,WEB
PED00001929,CLI00301,LJ01,2025-09-25T21:48:36,PAGO,105.57,11.84,117.41,APP_ANDROID
PED00001930,CLI00975,LJ10,2025-09-25T20:30:12,PAGO,282.18,10.66,292.84,APP_ANDROID
PED00001931,CLI00840,LJ01,2025-09-25T12:48:29,PAGO,57.65,10.92,68.57,WEB
PED00001932,CLI01929,LJ03,2025-09-25T19:11:15,PAGO,29.17,7.55,36.72,WEB
PED00001933,CLI01966,LJ11,2025-09-25T11:44:47,PENDENTE,107.18,10.62,117.8,APP_ANDROID
PED00001934,CLI00244,LJ01,2025-09-25T23:27:17,PAGO,38.79,9.77,48.56,APP_ANDROID
PED00001935,CLI01050,LJ04,2025-09-25T22:00:14,PAGO,68.62,8.6,77.22,WEB
PED00001936,CLI01776,LJ08,2025-09-25T18:55:52,PAGO,101.28,9.37,110.65,APP_ANDROID
PED00001937,CLI01821,LJ01,2025-09-25T18:35:42,PAGO,66.14,9.38,75.52,APP_ANDROID
PED00001938,CLI00317,LJ07,2025-09-25T19:39:49,PAGO,87.64,6.37,94.01,APP_IOS
PED00001939,CLI01865,LJ04,2025-09-25T15:54:25,PAGO,68.66,11.82,80.48,WEB
PED00001940,CLI01144,LJ06,2025-09-25T10:01:18,PAGO,18.98,11.98,30.96,APP_ANDROID
PED00001941,CLI01655,LJ01,2025-09-25T14:33:55,PAGO,121.5,8.61,130.11,APP_ANDROID
PED00001942,CLI01229,LJ08,2025-09-25T13:37:51,PAGO,74.72,6.1,80.82,APP_IOS
PED00001943,CLI01567,LJ09,2025-09-25T23:08:27,CANCELADO,103.91,10.07,113.98,APP_ANDROID
PED00001944,CLI01854,LJ06,2025-09-25T19:02:15,PAGO,53.76,6.83,60.59,WEB
PED00001945,CLI01383,LJ06,2025-09-26T10:52:45,PAGO,89.44,8.57,98.01,APP_IOS
PED00001946,CLI00834,LJ12,2025-09-26T14:02:15,CANCELADO,41.8,7.53,49.33,APP_ANDROID
PED00001947,CLI01232,LJ12,2025-09-26T22:49:59,PAGO,124.13,9.39,133.52,APP_ANDROID
PED00001948,CLI00758,LJ05,2025-09-26T21:07:08,PAGO,18.57,9.31,27.88,APP_IOS
PED00001949,CLI01791,LJ06,2025-09-26T15:38:18,PAGO,88.32,5.74,94.06,APP_ANDROID
PED00001950,CLI01615,LJ07,2025-09-26T20:54:31,PAGO,22.37,8.13,30.5,WEB
PED00001951,CLI00770,LJ05,2025-09-26T11:50:09,CANCELADO,231.48,5.35,236.83,APP_ANDROID
PED00001952,CLI00580,LJ06,2025-09-26T15:35:15,PAGO,246.92,11.71,258.63,APP_ANDROID
PED00001953,CLI00417,LJ06,2025-09-26T22:59:42,PAGO,213.64,6.41,220.05,APP_ANDROID
PED00001954,CLI01394,LJ08,2025-09-26T18:20:49,PAGO,122.39,6.7,129.09,APP_IOS
PED00001955,CLI00074,LJ09,2025-09-26T19:56:33,PENDENTE,65.25,8.86,74.11,WEB
PED00001956,CLI00757,LJ04,2025-09-26T12:02:10,PAGO,45.53,10.13,55.66,WEB
PED00001957,CLI00498,LJ08,2025-09-26T19:02:11,CANCELADO,54.92,8.7,63.62,APP_ANDROID
PED00001958,CLI01951,LJ08,2025-09-26T18:06:48,PAGO,90.57,8.59,99.16,APP_IOS
PED00001959,CLI01522,LJ07,2025-09-26T16:18:30,PAGO,62.06,8.46,70.52,APP_ANDROID
PED00001960,CLI01217,LJ11,2025-09-26T15:33:05,PAGO,140.4,8.69,149.09,WEB
PED00001961,CLI00787,LJ10,2025-09-26T13:50:36,PAGO,50.97,6.37,57.34,APP_ANDROID
PED00001962,CLI01284,LJ07,2025-09-26T22:50:37,PAGO,152.34,10.88,163.22,WEB
PED00001963,CLI00498,LJ11,2025-09-26T22:41:40,PENDENTE,47.22,10.41,57.63,APP_IOS
PED00001964,CLI00418,LJ09,2025-09-26T16:31:58,PAGO,320.46,10.43,330.89,WEB
PED00001965,CLI01691,LJ08,2025-09-26T18:24:35,PAGO,10.25,5.92,16.17,APP_ANDROID
PED00001966,CLI01335,LJ07,2025-09-26T14:40:16,CANCELADO,87.3,11.73,99.03,APP_ANDROID
PED00001967,CLI00396,LJ05,2025-09-26T22:16:11,PAGO,69.76,11.06,80.82,APP_IOS
PED00001968,CLI00170,LJ11,2025-09-26T19:05:36,PENDENTE,45.15,7.22,52.37,WEB
PED00001969,CLI00180,LJ11,2025-09-26T14:12:58,PAGO,31.08,11.29,42.37,APP_ANDROID
PED00001970,CLI00382,LJ08,2025-09-26T20:37:44,PAGO,89.6,5.54,95.14,APP_ANDROID
PED00001971,CLI00310,LJ03,2025-09-26T19:05:33,PAGO,40.7,7.53,48.23,WEB
PED00001972,CLI00969,LJ01,2025-09-26T21:11:22,PAGO,109.94,5.31,115.25,APP_IOS
PED00001973,CLI01499,LJ12,2025-09-26T21:23:07,PAGO,92.11,8.85,100.96,APP_ANDROID
PED00001974,CLI01686,LJ08,2025-09-26T11:18:28,PAGO,36.71,6.55,43.26,APP_ANDROID
PED00001975,CLI01983,LJ06,2025-09-26T15:32:01,PAGO,18.59,7.95,26.54,APP_IOS
PED00001976,CLI00830,LJ11,2025-09-26T17:47:03,PAGO,86.38,8.41,94.79,APP_ANDROID
PED00001977,CLI00947,LJ02,2025-09-26T22:04:11,PAGO,29.97,6.69,36.66,APP_IOS
PED00001978,CLI01557,LJ12,2025-09-26T13:01:40,PAGO,51.0,8.31,59.31,APP_IOS
PED00001979,CLI00386,LJ03,2025-09-26T23:06:45,PAGO,8.66,7.89,16.55,WEB
PED00001980,CLI01514,LJ02,2025-09-26T19:01:09,PAGO,53.24,5.23,58.47,APP_ANDROID
PED00001981,CLI00390,LJ05,2025-09-26T16:49:23,PAGO,32.9,9.9,42.8,APP_IOS
PED00001982,CLI00006,LJ10,2025-09-26T23:34:57,PAGO,27.67,10.5,38.17,APP_IOS
PED00001983,CLI00903,LJ01,2025-09-26T11:52:11,PAGO,104.84,10.21,115.05,APP_IOS
PED00001984,CLI00767,LJ07,2025-09-26T18:06:29,PAGO,24.6,8.94,33.54,APP_IOS
PED00001985,CLI00118,LJ11,2025-09-26T15:46:23,PAGO,70.08,7.63,77.71,WEB
PED00001986,CLI01234,LJ12,2025-09-26T23:16:46,PAGO,117.76,6.04,123.8,WEB
PED00001987,CLI01908,LJ06,2025-09-26T17:01:42,PAGO,143.04,6.28,149.32,APP_IOS
PED00001988,CLI00842,LJ01,2025-09-26T22:08:59,PAGO,49.82,11.93,61.75,APP_IOS
PED00001989,CLI01204,LJ11,2025-09-26T11:37:17,PAGO,19.84,5.34,25.18,APP_IOS
PED00001990,CLI01414,LJ07,2025-09-26T20:10:33,PAGO,157.22,7.7,164.92,APP_IOS
PED00001991,CLI00216,LJ10,2025-09-26T15:27:41,PAGO,82.4,8.94,91.34,APP_IOS
PED00001992,CLI00306,LJ01,2025-09-26T15:55:52,CANCELADO,15.39,11.49,26.88,WEB
PED00001993,CLI01913,LJ12,2025-09-26T20:29:51,PAGO,61.26,8.27,69.53,APP_ANDROID
PED00001994,CLI00853,LJ11,2025-09-26T17:12:23,PAGO,47.1,7.62,54.72,WEB
PED00001995,CLI01341,LJ09,2025-09-26T14:13:34,PAGO,38.36,10.9,49.26,WEB
PED00001996,CLI01827,LJ05,2025-09-26T16:40:36,PAGO,174.08,6.48,180.56,APP_IOS
PED00001997,CLI01285,LJ02,2025-09-26T13:48:35,PAGO,90.83,8.34,99.17,APP_IOS
PED00001998,CLI00365,LJ07,2025-09-26T21:10:03,PAGO,78.2,9.65,87.85,APP_IOS
PED00001999,CLI00251,LJ08,2025-09-26T13:36:10,PAGO,8.01,8.57,16.58,APP_ANDROID
PED00002000,CLI01625,LJ04,2025-09-26T19:41:17,PAGO,168.71,8.21,176.92,APP_IOS
PED00002001,CLI01371,LJ05,2025-09-26T13:19:41,PAGO,126.06,11.0,137.06,APP_IOS
PED00002002,CLI00324,LJ01,2025-09-26T19:17:32,PAGO,108.45,6.4,114.85,APP_IOS
PED00002003,CLI01823,LJ08,2025-09-26T10:51:33,PAGO,91.55,6.91,98.46,APP_IOS
PED00002004,CLI00033,LJ05,2025-09-26T12:54:31,PAGO,46.05,5.5,51.55,WEB
PED00002005,CLI01252,LJ10,2025-09-26T20:07:13,PENDENTE,264.58,9.44,274.02,APP_IOS
PED00002006,CLI00077,LJ04,2025-09-26T14:29:23,PAGO,148.38,7.34,155.72,APP_ANDROID
PED00002007,CLI00007,LJ03,2025-09-26T11:53:14,PAGO,50.94,5.03,55.97,APP_IOS
PED00002008,CLI01365,LJ05,2025-09-26T13:17:24,PAGO,32.18,11.48,43.66,APP_ANDROID
PED00002009,CLI00855,LJ01,2025-09-26T22:50:15,CANCELADO,25.79,7.36,33.15,APP_IOS
PED00002010,CLI00532,LJ11,2025-09-26T22:47:05,PAGO,3.85,8.41,12.26,APP_ANDROID
PED00002011,CLI00086,LJ10,2025-09-26T15:27:16,PAGO,140.45,5.85,146.3,APP_IOS
PED00002012,CLI00803,LJ06,2025-09-26T21:51:00,PAGO,99.69,7.24,106.93,APP_IOS
PED00002013,CLI01366,LJ06,2025-09-26T21:30:35,PAGO,10.2,9.15,19.35,APP_IOS
PED00002014,CLI01318,LJ11,2025-09-26T11:41:18,PAGO,68.22,9.85,78.07,APP_ANDROID
PED00002015,CLI01189,LJ02,2025-09-26T14:54:10,PAGO,6.67,9.97,16.64,APP_IOS
PED00002016,CLI00312,LJ01,2025-09-26T19:57:32,PAGO,95.29,6.03,101.32,APP_IOS
PED00002017,CLI00507,LJ11,2025-09-26T16:29:56,PAGO,142.14,5.18,147.32,APP_IOS
PED00002018,CLI01060,LJ06,2025-09-26T12:13:06,PAGO,93.52,10.14,103.66,APP_ANDROID
PED00002019,CLI00977,LJ02,2025-09-26T20:15:49,PAGO,155.02,10.12,165.14,WEB
PED00002020,CLI01011,LJ11,2025-09-26T21:58:57,PAGO,93.8,8.41,102.21,APP_IOS
PED00002021,CLI01332,LJ06,2025-09-26T12:50:18,PAGO,48.34,11.18,59.52,APP_ANDROID
PED00002022,CLI01409,LJ11,2025-09-26T23:51:48,PAGO,151.98,11.92,163.9,WEB
PED00002023,CLI00995,LJ07,2025-09-26T22:46:48,PAGO,80.79,6.18,86.97,WEB
PED00002024,CLI01328,LJ04,2025-09-26T20:40:10,PAGO,117.69,6.92,124.61,WEB
PED00002025,CLI01851,LJ08,2025-09-26T22:41:14,PAGO,46.06,6.34,52.4,APP_IOS
PED00002026,CLI01475,LJ01,2025-09-26T15:00:52,PAGO,135.27,11.39,146.66,APP_IOS
PED00002027,CLI00774,LJ09,2025-09-26T16:45:26,PAGO,123.12,11.38,134.5,APP_ANDROID
PED00002028,CLI01132,LJ05,2025-09-26T21:22:17,PAGO,19.48,6.37,25.85,APP_IOS
PED00002029,CLI01255,LJ02,2025-09-26T15:18:06,PAGO,93.34,9.18,102.52,APP_ANDROID
PED00002030,CLI01378,LJ04,2025-09-26T23:51:59,PAGO,35.39,5.45,40.84,APP_IOS
PED00002031,CLI00289,LJ04,2025-09-26T14:08:26,PAGO,135.15,11.69,146.84,WEB
PED00002032,CLI00230,LJ03,2025-09-26T18:05:28,PAGO,172.74,9.77,182.51,WEB
PED00002033,CLI01955,LJ02,2025-09-26T11:57:10,PAGO,140.77,5.61,146.38,WEB
PED00002034,CLI00489,LJ02,2025-09-26T10:34:32,PAGO,258.02,7.92,265.94,WEB
PED00002035,CLI01388,LJ01,2025-09-26T10:08:04,PAGO,30.88,11.81,42.69,APP_IOS
PED00002036,CLI00964,LJ09,2025-09-26T17:41:50,PAGO,4.24,8.35,12.59,APP_IOS
PED00002037,CLI01972,LJ01,2025-09-26T14:12:41,PAGO,27.01,5.46,32.47,APP_IOS
PED00002038,CLI01728,LJ07,2025-09-26T10:04:00,PAGO,4.14,11.72,15.86,APP_ANDROID
PED00002039,CLI00097,LJ12,2025-09-26T17:48:09,PAGO,15.57,10.29,25.86,WEB
PED00002040,CLI01002,LJ07,2025-09-26T22:49:04,PAGO,187.22,7.6,194.82,APP_IOS
PED00002041,CLI00952,LJ11,2025-09-26T11:08:50,PAGO,290.59,5.29,295.88,WEB
PED00002042,CLI00564,LJ06,2025-09-26T11:37:16,PAGO,114.77,8.77,123.54,WEB
PED00002043,CLI01596,LJ05,2025-09-26T21:43:02,PAGO,38.4,8.78,47.18,APP_ANDROID
PED00002044,CLI01476,LJ03,2025-09-26T10:23:57,PAGO,42.92,6.76,49.68,APP_ANDROID
PED00002045,CLI01736,LJ07,2025-09-26T17:00:08,PENDENTE,72.43,9.78,82.21,APP_ANDROID
PED00002046,CLI01380,LJ06,2025-09-26T14:18:59,PAGO,65.51,9.15,74.66,APP_ANDROID
PED00002047,CLI01792,LJ09,2025-09-26T18:51:37,CANCELADO,68.8,11.81,80.61,APP_IOS
PED00002048,CLI01562,LJ01,2025-09-26T21:02:29,PAGO,121.63,7.07,128.7,APP_IOS
PED00002049,CLI01370,LJ08,2025-09-26T18:44:00,PAGO,23.88,5.57,29.45,APP_ANDROID
PED00002050,CLI00306,LJ07,2025-09-26T12:49:18,PAGO,103.02,6.7,109.72,APP_ANDROID
PED00002051,CLI01420,LJ05,2025-09-26T20:18:14,PAGO,8.17,9.62,17.79,WEB
PED00002052,CLI01347,LJ05,2025-09-26T19:51:51,PAGO,101.65,10.18,111.83,WEB
PED00002053,CLI00828,LJ10,2025-09-26T12:18:29,PAGO,147.47,7.5,154.97,APP_ANDROID
PED00002054,CLI01045,LJ02,2025-09-26T12:29:23,PAGO,102.56,7.07,109.63,WEB
PED00002055,CLI00283,LJ06,2025-09-26T11:56:41,PAGO,41.24,11.44,52.68,APP_IOS
PED00002056,CLI00777,LJ01,2025-09-26T17:06:15,PAGO,30.66,11.05,41.71,APP_ANDROID
PED00002057,CLI01533,LJ06,2025-09-27T23:12:35,PAGO,20.98,7.87,28.85,WEB
PED00002058,CLI00554,LJ12,2025-09-27T12:26:50,PAGO,103.69,7.22,110.91,APP_IOS
PED00002059,CLI01475,LJ11,2025-09-27T19:23:03,PAGO,129.62,6.34,135.96,APP_IOS
PED00002060,CLI01215,LJ04,2025-09-27T23:22:32,PAGO,70.86,5.21,76.07,APP_IOS
PED00002061,CLI00648,LJ01,2025-09-27T23:31:45,PAGO,100.29,8.16,108.45,APP_IOS
PED00002062,CLI01868,LJ03,2025-09-27T15:11:17,PAGO,43.81,10.56,54.37,APP_IOS
PED00002063,CLI00579,LJ01,2025-09-27T10:27:00,PAGO,159.72,9.7,169.42,APP_ANDROID
PED00002064,CLI01018,LJ08,2025-09-27T19:14:50,PAGO,182.76,7.48,190.24,APP_IOS
PED00002065,CLI00190,LJ07,2025-09-27T10:36:53,PENDENTE,65.54,5.73,71.27,APP_ANDROID
PED00002066,CLI01405,LJ07,2025-09-27T22:03:13,PAGO,7.64,9.85,17.49,WEB
PED00002067,CLI01914,LJ09,2025-09-27T14:17:09,PAGO,30.55,6.84,37.39,APP_ANDROID
PED00002068,CLI01457,LJ10,2025-09-27T15:53:29,PAGO,73.67,6.6,80.27,APP_IOS
PED00002069,CLI01848,LJ01,2025-09-27T12:13:38,PENDENTE,107.51,6.89,114.4,APP_IOS
PED00002070,CLI00083,LJ05,2025-09-27T21:59:24,PAGO,23.3,5.11,28.41,APP_IOS
PED00002071,CLI01090,LJ12,2025-09-27T19:10:02,PAGO,132.81,11.52,144.33,APP_ANDROID
PED00002072,CLI00374,LJ04,2025-09-27T19:13:20,PAGO,25.17,5.93,31.1,APP_ANDROID
PED00002073,CLI01246,LJ07,2025-09-27T22:47:37,PAGO,77.67,9.88,87.55,APP_ANDROID
PED00002074,CLI01990,LJ06,2025-09-27T13:55:31,PAGO,57.9,11.92,69.82,APP_IOS
PED00002075,CLI01723,LJ04,2025-09-27T17:28:54,PAGO,55.19,10.19,65.38,WEB
PED00002076,CLI01402,LJ12,2025-09-27T17:42:58,PENDENTE,70.08,6.21,76.29,WEB
PED00002077,CLI00175,LJ03,2025-09-27T22:07:33,PAGO,68.74,5.53,74.27,APP_ANDROID
PED00002078,CLI01478,LJ08,2025-09-27T15:07:29,PAGO,71.63,11.2,82.83,APP_ANDROID
PED00002079,CLI00689,LJ01,2025-09-27T12:50:46,PAGO,70.14,11.65,81.79,APP_IOS
PED00002080,CLI00622,LJ06,2025-09-27T10:18:39,PAGO,31.39,6.25,37.64,APP_ANDROID
PED00002081,CLI01107,LJ02,2025-09-27T14:49:44,PAGO,40.99,9.77,50.76,WEB
PED00002082,CLI00300,LJ02,2025-09-27T17:56:24,PAGO,24.74,9.02,33.76,APP_ANDROID
PED00002083,CLI00920,LJ05,2025-09-27T10:28:35,PAGO,136.16,7.2,143.36,APP_ANDROID
PED00002084,CLI00112,LJ07,2025-09-27T20:51:59,PAGO,109.22,6.52,115.74,APP_ANDROID
PED00002085,CLI00571,LJ10,2025-09-27T13:56:53,PAGO,146.46,5.1,151.56,APP_ANDROID
PED00002086,CLI00989,LJ11,2025-09-27T19:12:24,PAGO,138.54,11.58,150.12,APP_IOS
PED00002087,CLI00962,LJ04,2025-09-27T15:49:31,PAGO,17.45,5.19,22.64,APP_ANDROID
PED00002088,CLI01767,LJ10,2025-09-27T15:50:37,PAGO,36.24,8.78,45.02,WEB
PED00002089,CLI01878,LJ08,2025-09-27T22:34:13,PAGO,261.19,7.84,269.03,WEB
PED00002090,CLI00662,LJ07,2025-09-27T21:59:34,PAGO,284.45,11.57,296.02,APP_IOS
PED00002091,CLI00507,LJ08,2025-09-27T10:03:50,PAGO,145.94,10.1,156.04,APP_ANDROID
PED00002092,CLI00895,LJ03,2025-09-27T23:05:58,PAGO,71.04,10.83,81.87,APP_ANDROID
PED00002093,CLI00306,LJ05,2025-09-27T22:34:46,PAGO,7.49,6.64,14.13,APP_IOS
PED00002094,CLI01026,LJ08,2025-09-27T12:26:13,PAGO,117.17,10.89,128.06,APP_IOS
PED00002095,CLI00030,LJ08,2025-09-27T21:52:07,PAGO,163.05,11.65,174.7,WEB
PED00002096,CLI00015,LJ05,2025-09-27T15:26:35,PAGO,47.16,9.57,56.73,APP_ANDROID
PED00002097,CLI01540,LJ07,2025-09-27T15:52:30,PAGO,20.36,8.5,28.86,WEB
PED00002098,CLI01201,LJ07,2025-09-27T14:21:56,PAGO,37.0,9.36,46.36,WEB
PED00002099,CLI01216,LJ09,2025-09-27T18:31:09,PAGO,20.75,9.85,30.6,APP_ANDROID
PED00002100,CLI01219,LJ09,2025-09-27T17:50:43,PAGO,105.79,7.9,113.69,APP_ANDROID
PED00002101,CLI00504,LJ03,2025-09-27T22:55:05,PAGO,8.14,8.97,17.11,APP_IOS
PED00002102,CLI01837,LJ02,2025-09-27T11:58:07,PAGO,55.44,8.49,63.93,APP_ANDROID
PED00002103,CLI00729,LJ03,2025-09-27T19:25:06,PAGO,61.09,6.48,67.57,APP_IOS
PED00002104,CLI00410,LJ11,2025-09-27T18:29:45,CANCELADO,93.91,10.66,104.57,WEB
PED00002105,CLI01459,LJ10,2025-09-27T15:45:56,PAGO,15.84,7.71,23.55,APP_IOS
PED00002106,CLI01588,LJ12,2025-09-27T16:08:16,PAGO,61.47,10.86,72.33,APP_ANDROID
PED00002107,CLI00392,LJ07,2025-09-27T17:36:46,PAGO,44.22,9.34,53.56,WEB
PED00002108,CLI01714,LJ01,2025-09-27T13:34:42,PAGO,3.94,7.56,11.5,APP_IOS
PED00002109,CLI01842,LJ06,2025-09-27T21:50:24,PAGO,15.88,7.98,23.86,APP_IOS
PED00002110,CLI01233,LJ04,2025-09-27T20:22:02,PAGO,34.19,6.94,41.13,APP_IOS
PED00002111,CLI00643,LJ06,2025-09-27T23:38:48,PAGO,38.81,6.33,45.14,APP_ANDROID
PED00002112,CLI00756,LJ01,2025-09-27T22:47:38,PAGO,137.38,6.42,143.8,APP_IOS
PED00002113,CLI00959,LJ08,2025-09-27T11:42:35,PAGO,98.11,7.48,105.59,APP_ANDROID
PED00002114,CLI00897,LJ03,2025-09-27T17:22:30,CANCELADO,126.1,7.73,133.83,APP_ANDROID
PED00002115,CLI00217,LJ06,2025-09-27T20:15:37,PAGO,124.33,11.54,135.87,APP_IOS
PED00002116,CLI01701,LJ04,2025-09-27T20:15:36,PAGO,89.75,9.29,99.04,APP_ANDROID
PED00002117,CLI01664,LJ08,2025-09-27T17:12:13,PAGO,164.24,6.7,170.94,WEB
PED00002118,CLI00947,LJ11,2025-09-27T11:18:51,PAGO,91.63,7.28,98.91,APP_IOS
PED00002119,CLI01709,LJ05,2025-09-27T13:25:16,PAGO,45.58,7.93,53.51,APP_IOS
PED00002120,CLI01414,LJ12,2025-09-27T10:40:03,PAGO,41.16,10.02,51.18,APP_IOS
PED00002121,CLI01042,LJ01,2025-09-27T23:40:32,CANCELADO,40.56,11.3,51.86,WEB
PED00002122,CLI00867,LJ04,2025-09-27T20:08:21,PAGO,315.57,9.58,325.15,APP_IOS
PED00002123,CLI01307,LJ04,2025-09-27T13:11:45,PAGO,128.41,11.57,139.98,APP_IOS
PED00002124,CLI01505,LJ04,2025-09-27T15:07:29,PAGO,21.56,11.95,33.51,APP_ANDROID
PED00002125,CLI00736,LJ12,2025-09-27T23:36:23,CANCELADO,42.06,11.5,53.56,WEB
PED00002126,CLI00449,LJ08,2025-09-27T21:20:09,PAGO,71.73,8.36,80.09,WEB
PED00002127,CLI00929,LJ11,2025-09-27T12:14:31,PAGO,4.38,7.15,11.53,APP_IOS
PED00002128,CLI00095,LJ09,2025-09-27T11:14:50,PAGO,18.94,10.45,29.39,APP_ANDROID
PED00002129,CLI00638,LJ11,2025-09-27T13:38:09,PAGO,181.74,5.18,186.92,APP_ANDROID
PED00002130,CLI00406,LJ10,2025-09-27T10:58:34,PAGO,258.75,8.02,266.77,APP_ANDROID
PED00002131,CLI01409,LJ09,2025-09-27T13:27:59,PAGO,43.41,7.86,51.27,APP_IOS
PED00002132,CLI01855,LJ12,2025-09-27T10:33:20,PAGO,31.61,8.34,39.95,APP_IOS
PED00002133,CLI00432,LJ03,2025-09-27T15:28:47,PAGO,115.02,10.02,125.04,WEB
PED00002134,CLI01491,LJ11,2025-09-27T14:29:11,PAGO,93.84,11.69,105.53,WEB
PED00002135,CLI00179,LJ09,2025-09-27T10:24:55,PAGO,15.39,10.22,25.61,WEB
PED00002136,CLI01931,LJ10,2025-09-27T12:17:16,PAGO,96.67,6.91,103.58,WEB
PED00002137,CLI01425,LJ11,2025-09-27T13:55:06,PAGO,25.75,10.63,36.38,WEB
PED00002138,CLI01012,LJ08,2025-09-27T19:50:15,PAGO,24.71,8.51,33.22,APP_ANDROID
PED00002139,CLI01285,LJ03,2025-09-27T13:37:06,PAGO,46.54,9.75,56.29,APP_ANDROID
PED00002140,CLI00364,LJ02,2025-09-27T12:31:02,PAGO,89.26,5.24,94.5,APP_IOS
PED00002141,CLI01238,LJ01,2025-09-27T23:15:06,PAGO,51.11,5.04,56.15,APP_IOS
PED00002142,CLI01949,LJ08,2025-09-27T16:55:21,PAGO,76.03,5.51,81.54,APP_ANDROID
PED00002143,CLI00892,LJ10,2025-09-27T11:07:29,PENDENTE,35.53,5.93,41.46,APP_IOS
PED00002144,CLI01856,LJ01,2025-09-27T23:16:03,PAGO,49.29,6.98,56.27,WEB
PED00002145,CLI00367,LJ04,2025-09-27T12:07:24,PAGO,61.6,6.5,68.1,APP_ANDROID
PED00002146,CLI00479,LJ03,2025-09-27T20:47:48,PAGO,27.55,8.95,36.5,WEB
PED00002147,CLI01955,LJ12,2025-09-27T13:10:56,PAGO,202.73,10.81,213.54,WEB
PED00002148,CLI01952,LJ10,2025-09-27T10:11:20,PAGO,79.37,8.03,87.4,APP_IOS
PED00002149,CLI00351,LJ01,2025-09-27T19:36:19,PAGO,60.63,9.26,69.89,APP_ANDROID
PED00002150,CLI01362,LJ06,2025-09-27T10:28:20,PAGO,16.43,7.04,23.47,APP_ANDROID
PED00002151,CLI01601,LJ08,2025-09-27T18:16:27Z,PAGO,108.31,7.75,116.06,WEB
PED00002152,CLI00696,LJ09,2025-09-27T13:20:20,PAGO,112.74,8.18,120.92,WEB
PED00002153,CLI01905,LJ12,2025-09-27T12:35:11,PAGO,23.17,5.08,28.25,APP_IOS
PED00002154,CLI00130,LJ04,2025-09-27T14:01:27,PAGO,55.98,10.82,66.8,APP_ANDROID
PED00002155,CLI00944,LJ01,2025-09-27T20:25:17,PAGO,138.11,8.13,146.24,WEB
PED00002156,CLI01300,LJ05,2025-09-27T18:43:05,CANCELADO,40.5,11.64,52.14,APP_ANDROID
PED00002157,CLI01682,LJ06,2025-09-27T21:26:31,PAGO,43.51,7.79,51.3,APP_IOS
PED00002158,CLI01164,LJ03,2025-09-27T22:06:28,PAGO,97.02,11.19,108.21,WEB
PED00002159,CLI00516,LJ12,2025-09-27T15:14:19,PAGO,183.94,8.67,192.61,WEB
PED00002160,CLI00739,LJ12,2025-09-27T18:31:11,PENDENTE,236.32,8.52,244.84,WEB
PED00002161,CLI00632,LJ07,2025-09-27T14:34:18,PAGO,61.78,5.54,67.32,WEB
PED00002162,CLI00830,LJ03,2025-09-27T22:09:30,PAGO,113.4,11.14,124.54,APP_IOS
PED00002163,CLI00524,LJ12,2025-09-27T15:11:55,PAGO,87.87,8.22,96.09,APP_ANDROID
PED00002164,CLI00744,LJ12,2025-09-27T11:47:58,PAGO,121.65,9.49,131.14,APP_IOS
PED00002165,CLI01294,LJ09,2025-09-27T18:45:19,PAGO,34.71,6.91,41.62,APP_ANDROID
PED00002166,CLI01848,LJ05,2025-09-27T20:24:18,PAGO,386.87,11.18,398.05,APP_ANDROID
PED00002167,CLI00738,LJ04,2025-09-27T23:00:03,PAGO,67.27,7.38,74.65,APP_ANDROID
PED00002168,CLI00533,LJ06,2025-09-27T21:12:04,PAGO,88.79,8.75,97.54,WEB
PED00002169,CLI01925,LJ03,2025-09-27T14:13:47,PAGO,147.44,7.89,155.33,WEB
PED00002170,CLI01244,LJ02,2025-09-27T22:09:51,PAGO,14.43,9.4,23.83,APP_ANDROID
PED00002171,CLI00159,LJ05,2025-09-27T17:05:22,PAGO,6.56,10.09,16.65,APP_IOS
PED00002172,CLI00004,LJ05,2025-09-27T22:03:11,CANCELADO,161.33,8.58,169.91,APP_IOS
PED00002173,CLI01309,LJ03,2025-09-27T11:59:11,PAGO,23.93,10.95,34.88,WEB
PED00002174,CLI01266,LJ10,2025-09-27T23:40:48,PENDENTE,24.68,10.87,35.55,APP_IOS
PED00002175,CLI01315,LJ08,2025-09-27T13:53:31,PAGO,203.52,9.19,212.71,WEB
PED00002176,CLI01352,LJ08,2025-09-27T21:27:13,PAGO,110.63,10.82,121.45,APP_ANDROID
PED00002177,CLI00961,LJ05,2025-09-27T21:40:06,PAGO,64.78,11.83,76.61,APP_ANDROID
PED00002178,CLI01520,LJ01,2025-09-27T23:08:33,PAGO,93.22,8.28,101.5,APP_ANDROID
PED00002179,CLI00669,LJ02,2025-09-27T22:10:05,PAGO,20.82,11.4,32.22,WEB
PED00002180,CLI01751,LJ05,2025-09-27T15:37:18,PAGO,57.21,10.61,67.82,WEB
PED00002181,CLI01565,LJ12,2025-09-27T19:21:02,PAGO,129.64,8.92,138.56,WEB
PED00002182,CLI01490,LJ12,2025-09-27T12:21:04,PAGO,76.58,6.1,82.68,APP_ANDROID
PED00002183,CLI01273,LJ05,2025-09-27T19:43:48,PAGO,33.36,9.09,42.45,WEB
PED00002184,CLI00124,LJ04,2025-09-27T20:33:21,PAGO,32.31,5.9,38.21,APP_IOS
PED00002185,CLI00963,LJ06,2025-09-28T13:53:44,PAGO,23.96,8.37,32.33,WEB
PED00002186,CLI01260,LJ05,2025-09-28T16:04:19,PAGO,13.43,6.72,20.15,APP_ANDROID
PED00002187,CLI00142,LJ09,2025-09-28T19:31:33,PAGO,143.14,6.32,149.46,APP_IOS
PED00002188,CLI00588,LJ02,2025-09-28T21:39:04,PAGO,145.93,9.55,155.48,APP_IOS
PED00002189,CLI00112,LJ11,2025-09-28T12:43:01,PAGO,44.66,10.06,54.72,APP_ANDROID
PED00002190,CLI01604,LJ08,2025-09-28T17:15:54,PAGO,54.36,5.78,60.14,APP_ANDROID
PED00002191,CLI00414,LJ06,2025-09-28T22:47:46,PAGO,43.66,9.57,53.23,APP_IOS
PED00002192,CLI00638,LJ11,2025-09-28T18:20:21,PAGO,6.34,8.03,14.37,APP_ANDROID
PED00002193,CLI00577,LJ12,2025-09-28T11:20:40,PENDENTE,108.57,8.94,117.51,APP_IOS
PED00002194,CLI01354,LJ03,2025-09-28T17:44:56,PAGO,132.39,9.67,142.06,APP_IOS
PED00002195,CLI01039,LJ10,2025-09-28T13:29:29,PAGO,19.43,11.9,31.33,WEB
PED00002196,CLI01212,LJ11,2025-09-28T23:45:37,PENDENTE,78.68,5.47,84.15,WEB
PED00002197,CLI00643,LJ07,2025-09-28T20:18:19,PAGO,14.3,11.13,25.43,WEB
PED00002198,CLI01103,LJ06,2025-09-28T15:16:31,PAGO,111.42,8.16,119.58,APP_IOS
PED00002199,CLI00868,LJ08,2025-09-28T12:48:41,PENDENTE,47.05,6.69,53.74,WEB
PED00002200,CLI01379,LJ04,2025-09-28T11:26:06,PAGO,55.43,11.2,66.63,APP_ANDROID
PED00002201,CLI01000,LJ06,2025-09-28T14:41:11,PAGO,221.64,5.63,227.27,APP_ANDROID
PED00002202,CLI01859,LJ07,2025-09-28T18:59:32,PAGO,33.44,11.02,44.46,APP_ANDROID
PED00002203,CLI00089,LJ10,2025-09-28T13:26:59,PAGO,51.36,7.89,59.25,APP_IOS
PED00002204,CLI00851,LJ04,2025-09-28T12:08:16,CANCELADO,73.94,7.18,81.12,WEB
PED00002205,CLI01797,LJ07,2025-09-28T19:31:35,PAGO,103.33,7.97,111.3,APP_IOS
PED00002206,CLI01014,LJ11,2025-09-28T10:16:45,PAGO,160.46,11.59,172.05,APP_IOS
PED00002207,CLI01201,LJ12,2025-09-28T22:00:07,PAGO,26.97,8.27,35.24,WEB
PED00002208,CLI00744,LJ11,2025-09-28T15:14:51,PAGO,11.49,9.49,20.98,APP_ANDROID
PED00002209,CLI00802,LJ10,2025-09-28T21:18:10,PAGO,18.46,5.25,23.71,WEB
PED00002210,CLI00038,LJ04,2025-09-28T22:08:19,PAGO,19.27,7.67,26.94,WEB
PED00002211,CLI01400,LJ12,2025-09-28T13:50:21,PAGO,40.81,5.09,45.9,APP_IOS
PED00002212,CLI00007,LJ11,2025-09-28T23:27:54,PAGO,193.18,11.77,204.95,APP_IOS
PED00002213,CLI01344,LJ03,2025-09-28T18:48:05,PAGO,103.79,7.13,110.92,APP_IOS
PED00002214,CLI00325,LJ07,2025-09-28T23:20:37,PAGO,22.46,9.65,32.11,APP_ANDROID
PED00002215,CLI01706,LJ04,2025-09-28T17:23:13,PAGO,84.64,9.82,94.46,APP_ANDROID
PED00002216,CLI01193,LJ11,2025-09-28T15:03:52,PAGO,49.8,7.79,57.59,APP_IOS
PED00002217,CLI01630,LJ09,2025-09-28T19:04:32,PAGO,318.74,6.94,325.68,APP_ANDROID
PED00002218,CLI00550,LJ10,2025-09-28T11:15:25,PAGO,28.45,11.71,40.16,WEB
PED00002219,CLI00223,LJ10,2025-09-28T20:20:42,PAGO,229.26,10.18,239.44,APP_ANDROID
PED00002220,CLI01769,LJ07,2025-09-28T11:46:56,PAGO,35.58,11.41,46.99,WEB
PED00002221,CLI01429,LJ06,2025-09-28T19:22:46,PAGO,44.23,10.35,54.58,WEB
PED00002222,CLI01653,LJ01,2025-09-28T11:37:49,PAGO,18.68,8.93,27.61,APP_ANDROID
PED00002223,CLI00071,LJ12,2025-09-28T18:31:34,PAGO,112.71,5.08,117.79,WEB
PED00002224,CLI01746,LJ08,2025-09-28T16:14:28,PAGO,32.32,6.75,39.07,APP_IOS
PED00002225,CLI00741,LJ07,2025-09-28T17:00:29,PAGO,63.14,7.86,71.0,APP_ANDROID
PED00002226,CLI00801,LJ08,2025-09-28T13:38:15,PAGO,25.39,8.85,34.24,WEB
PED00002227,CLI01472,LJ11,2025-09-28T10:48:22,PAGO,30.1,11.77,41.87,APP_IOS
PED00002228,CLI00262,LJ06,2025-09-28T14:31:49,PAGO,13.02,7.14,20.16,APP_IOS
PED00002229,CLI00251,LJ06,2025-09-28T19:50:29,PAGO,6.55,5.39,11.94,APP_IOS
PED00002230,CLI01038,LJ06,2025-09-28T14:25:28,CANCELADO,113.14,5.23,118.37,WEB
PED00002231,CLI00566,LJ02,2025-09-28T13:06:36,PAGO,100.78,9.97,110.75,APP_ANDROID
PED00002232,CLI00178,LJ10,2025-09-28T20:02:12Z,PAGO,41.38,9.35,50.73,WEB
PED00002233,CLI01493,LJ11,2025-09-28T13:48:49,PAGO,93.05,10.1,103.15,WEB
PED00002234,CLI01832,LJ04,2025-09-28T22:53:19,PAGO,104.6,9.68,114.28,WEB
PED00002235,CLI00205,LJ09,2025-09-28T13:26:15,PAGO,125.25,8.57,133.82,APP_IOS
PED00002236,CLI01912,LJ05,2025-09-28T18:05:35,PAGO,79.22,8.06,87.28,APP_ANDROID
PED00002237,CLI01011,LJ02,2025-09-28T19:08:45,PAGO,102.38,5.23,107.61,WEB
PED00002238,CLI00488,LJ11,2025-09-28T23:00:13,PAGO,58.3,9.18,67.48,WEB
PED00002239,CLI00663,LJ06,2025-09-28T22:56:29,PAGO,82.17,10.03,92.2,APP_ANDROID
PED00002240,CLI01090,LJ03,2025-09-28T23:20:08,PAGO,65.41,5.79,71.2,WEB
PED00002241,CLI01613,LJ04,2025-09-28T18:55:22,PAGO,44.13,7.9,52.03,WEB
PED00002242,CLI00415,LJ09,2025-09-28T21:13:04,PAGO,34.15,8.0,42.15,APP_IOS
PED00002243,CLI01529,LJ12,2025-09-28T15:24:12,PAGO,57.63,11.16,68.79,APP_ANDROID
PED00002244,CLI01923,LJ11,2025-09-28T12:25:12,PAGO,15.95,6.89,22.84,WEB
PED00002245,CLI00951,LJ02,2025-09-28T16:07:42,PAGO,143.44,8.37,151.81,WEB
PED00002246,CLI01296,LJ08,2025-09-28T10:13:43,PAGO,101.66,6.32,107.98,APP_IOS
PED00002247,CLI00367,LJ12,2025-09-28T19:17:05,PAGO,78.25,7.74,85.99,APP_ANDROID
PED00002248,CLI01777,LJ12,2025-09-28T11:58:32,PAGO,12.48,11.21,23.69,APP_IOS
PED00002249,CLI00105,LJ04,2025-09-28T15:25:14,PAGO,120.73,7.66,128.39,APP_ANDROID
PED00002250,CLI01197,LJ12,2025-09-28T16:41:08,PAGO,34.13,7.92,42.05,WEB
PED00002251,CLI00643,LJ07,2025-09-28T14:40:13,PAGO,70.05,6.19,76.24,APP_ANDROID
PED00002252,CLI01067,LJ10,2025-09-28T22:41:40,PAGO,28.67,10.96,39.63,APP_ANDROID
PED00002253,CLI00961,LJ03,2025-09-28T21:25:57,PAGO,106.94,9.67,116.61,APP_ANDROID
PED00002254,CLI00888,LJ04,2025-09-28T14:54:41,PAGO,76.81,6.01,82.82,APP_ANDROID
PED00002255,CLI00627,LJ02,2025-09-28T14:48:00,PAGO,105.97,7.46,113.43,APP_IOS
PED00002256,CLI00640,LJ09,2025-09-28T16:05:02,PAGO,120.52,10.81,131.33,WEB
PED00002257,CLI01826,LJ03,2025-09-28T14:17:04,PENDENTE,156.39,6.55,162.94,APP_IOS
PED00002258,CLI00716,LJ01,2025-09-28T23:11:58,PAGO,23.87,7.43,31.3,WEB
PED00002259,CLI00944,LJ02,2025-09-28T22:04:41,CANCELADO,96.6,10.24,106.84,APP_ANDROID
PED00002260,CLI00889,LJ08,2025-09-28T11:16:34,PAGO,48.33,10.6,58.93,WEB
PED00002261,CLI01544,LJ10,2025-09-28T12:10:00,PAGO,94.77,10.5,105.27,APP_IOS
PED00002262,CLI00285,LJ02,2025-09-28T23:28:55,PAGO,7.58,6.16,13.74,APP_IOS
PED00002263,CLI00978,LJ12,2025-09-28T13:45:08,PAGO,83.26,9.2,92.46,APP_IOS
PED00002264,CLI01150,LJ04,2025-09-28T18:18:18,PAGO,176.1,8.67,184.77,APP_IOS
PED00002265,CLI01071,LJ07,2025-09-28T20:16:52,PAGO,38.3,10.81,49.11,WEB
PED00002266,CLI01354,LJ02,2025-09-28T15:37:01,PAGO,22.72,6.19,28.91,APP_IOS
PED00002267,CLI00519,LJ05,2025-09-28T14:30:36,PAGO,83.31,8.7,92.01,WEB
PED00002268,CLI00812,LJ06,2025-09-28T20:59:31,PAGO,87.72,6.53,94.25,APP_ANDROID
PED00002269,CLI01744,LJ08,2025-09-28T14:06:09,PAGO,6.51,6.47,12.98,WEB
PED00002270,CLI01619,LJ09,2025-09-28T20:37:40,PAGO,27.47,10.42,37.89,APP_ANDROID
PED00002271,CLI00765,LJ03,2025-09-28T21:58:27,PAGO,127.56,8.29,135.85,APP_IOS
PED00002272,CLI00536,LJ11,2025-09-28T18:04:15,PAGO,47.26,9.29,56.55,APP_IOS
PED00002273,CLI00493,LJ10,2025-09-29T15:08:47,PAGO,171.28,5.59,176.87,WEB
PED00002274,CLI01712,LJ12,2025-09-29T14:29:21,PAGO,117.89,11.67,129.56,APP_IOS
PED00002275,CLI00940,LJ09,2025-09-29T11:38:19,PAGO,92.63,10.41,103.04,APP_ANDROID
PED00002276,CLI00422,LJ07,2025-09-29T18:57:54,PAGO,13.32,7.05,20.37,APP_IOS
PED00002277,CLI01980,LJ06,2025-09-29T16:39:40,PAGO,129.17,9.62,138.79,WEB
PED00002278,CLI01643,LJ02,2025-09-29T20:46:27,PENDENTE,22.5,8.77,31.27,APP_ANDROID
PED00002279,CLI01879,LJ12,2025-09-29T16:28:59,CANCELADO,47.34,8.94,56.28,WEB
PED00002280,CLI01737,LJ09,2025-09-29T18:23:58,PAGO,46.35,5.7,52.05,WEB
PED00002281,CLI01794,LJ06,2025-09-29T13:29:45,PAGO,46.38,8.45,54.83,APP_IOS
PED00002282,CLI00523,LJ09,2025-09-29T21:59:54,PAGO,27.67,11.03,38.7,APP_IOS
PED00002283,CLI00640,LJ01,2025-09-29T17:49:38,PAGO,133.62,11.47,145.09,WEB
PED00002284,CLI01180,LJ12,2025-09-29T19:09:57,PAGO,22.72,9.83,32.55,APP_ANDROID
PED00002285,CLI00565,LJ08,2025-09-29T21:23:32,CANCELADO,74.43,11.37,85.8,APP_IOS
PED00002286,CLI01720,LJ12,2025-09-29T15:12:37,PAGO,47.3,8.01,55.31,APP_ANDROID
PED00002287,CLI00400,LJ12,2025-09-29T16:00:49,PAGO,81.9,7.64,89.54,APP_IOS
PED00002288,CLI00412,LJ02,2025-09-29T16:43:25,PAGO,26.23,8.14,34.37,WEB
PED00002289,CLI00211,LJ08,2025-09-29T16:13:47,PENDENTE,22.04,12.0,34.04,APP_ANDROID
PED00002290,CLI01409,LJ05,2025-09-29T13:32:35,PAGO,66.4,8.07,74.47,APP_IOS
PED00002291,CLI00505,LJ02,2025-09-29T16:40:14,PAGO,118.43,10.78,129.21,APP_ANDROID
PED00002292,CLI00323,LJ11,2025-09-29T10:43:13,PAGO,70.12,10.57,80.69,APP_ANDROID
PED00002293,CLI00805,LJ02,2025-09-29T13:16:01,PAGO,115.46,7.01,122.47,APP_IOS
PED00002294,CLI00569,LJ03,2025-09-29T20:41:07,PAGO,27.1,10.22,37.32,APP_IOS
PED00002295,CLI00749,LJ09,2025-09-29T11:15:33,PAGO,75.42,10.3,85.72,WEB
PED00002296,CLI00731,LJ06,2025-09-29T23:23:08,PAGO,44.77,5.06,49.83,APP_IOS
PED00002297,CLI00074,LJ09,2025-09-29T16:34:31,PAGO,24.94,10.96,35.9,WEB
PED00002298,CLI01344,LJ03,2025-09-29T15:35:25,PAGO,88.06,10.29,98.35,WEB
PED00002299,CLI01774,LJ10,2025-09-29T13:30:56,PAGO,126.82,8.71,135.53,APP_IOS
PED00002300,CLI00867,LJ12,2025-09-29T12:07:12,CANCELADO,12.93,10.63,23.56,APP_ANDROID
PED00002301,CLI01578,LJ06,2025-09-29T13:09:51,PAGO,94.76,9.08,103.84,APP_ANDROID
PED00002302,CLI00559,LJ01,2025-09-29T22:53:35,PAGO,81.82,11.48,93.3,APP_IOS
PED00002303,CLI01068,LJ01,2025-09-29T15:32:34,PAGO,32.11,10.88,42.99,APP_ANDROID
PED00002304,CLI01718,LJ12,2025-09-29T11:44:46,PAGO,73.08,10.67,83.75,WEB
PED00002305,CLI01970,LJ02,2025-09-29T22:15:04,PAGO,138.92,8.01,146.93,APP_ANDROID
PED00002306,CLI00296,LJ09,2025-09-29T11:09:45,PAGO,50.64,8.92,59.56,APP_ANDROID
PED00002307,CLI01227,LJ02,2025-09-29T23:11:24,PAGO,166.22,10.01,176.23,APP_IOS
PED00002308,CLI00726,LJ08,2025-09-29T23:55:58,PAGO,6.55,7.42,13.97,APP_IOS
PED00002309,CLI01167,LJ11,2025-09-29T22:25:18,PAGO,31.38,11.14,42.52,APP_IOS
PED00002310,CLI01575,LJ03,2025-09-29T23:14:01,PAGO,53.44,8.87,62.31,APP_ANDROID
PED00002311,CLI01878,LJ03,2025-09-29T16:06:57,PAGO,106.53,9.04,115.57,APP_ANDROID
PED00002312,CLI01062,LJ04,2025-09-29T15:17:40,PAGO,51.35,8.57,59.92,WEB
PED00002313,CLI01254,LJ07,2025-09-29T15:24:39,PAGO,50.76,6.68,57.44,WEB
PED00002314,CLI00963,LJ06,2025-09-29T13:57:16,PAGO,157.0,8.29,165.29,WEB
PED00002315,CLI00330,LJ03,2025-09-29T18:01:05,PAGO,211.88,5.12,217.0,WEB
PED00002316,CLI00548,LJ08,2025-09-29T13:49:23,PAGO,63.09,6.52,69.61,APP_IOS
PED00002317,CLI01694,LJ09,2025-09-29T16:53:42,PAGO,74.73,5.43,80.16,APP_IOS
PED00002318,CLI00513,LJ04,2025-09-29T21:29:54,PAGO,69.27,10.27,79.54,WEB
PED00002319,CLI00292,LJ03,2025-09-29T15:13:37,PAGO,32.85,8.12,40.97,APP_ANDROID
PED00002320,CLI01349,LJ09,2025-09-29T18:56:22,PAGO,6.77,11.97,18.74,APP_IOS
PED00002321,CLI01088,LJ04,2025-09-30T19:52:25,PAGO,145.56,10.24,155.8,WEB
PED00002322,CLI01844,LJ12,2025-09-30T20:44:56,PAGO,61.61,10.06,71.67,APP_IOS
PED00002323,CLI01078,LJ06,2025-09-30T13:08:41,PAGO,6.84,10.97,17.81,WEB
PED00002324,CLI01213,LJ05,2025-09-30T16:47:28,PAGO,41.04,10.02,51.06,WEB
PED00002325,CLI01782,LJ10,2025-09-30T15:39:45,PAGO,49.64,9.43,59.07,WEB
PED00002326,CLI00944,LJ04,2025-09-30T17:31:36,PAGO,92.51,10.36,102.87,WEB
PED00002327,CLI01391,LJ08,2025-09-30T19:05:45,PAGO,34.11,10.2,44.31,APP_IOS
PED00002328,CLI01368,LJ07,2025-09-30T19:03:25,PAGO,18.6,6.77,25.37,WEB
PED00002329,CLI01158,LJ12,2025-09-30T16:28:06,PAGO,50.44,6.28,56.72,APP_IOS
PED00002330,CLI01757,LJ11,2025-09-30T20:18:56,PENDENTE,87.62,7.42,95.04,APP_ANDROID
PED00002331,CLI00319,LJ12,2025-09-30T15:04:11,PAGO,85.8,10.06,95.86,APP_IOS
PED00002332,CLI01090,LJ08,2025-09-30T15:03:13,PAGO,35.48,5.65,41.13,APP_IOS
PED00002333,CLI00154,LJ11,2025-09-30T20:40:11,PAGO,22.76,11.94,34.7,WEB
PED00002334,CLI00808,LJ07,2025-09-30T21:26:38,PAGO,80.16,8.5,88.66,APP_IOS
PED00002335,CLI00447,LJ03,2025-09-30T15:48:12,PAGO,131.89,9.63,141.52,APP_IOS
PED00002336,CLI01337,LJ10,2025-09-30T14:51:29,PAGO,28.37,6.82,35.19,WEB
PED00002337,CLI01345,LJ07,2025-09-30T20:59:15,PAGO,59.36,9.08,68.44,APP_IOS
PED00002338,CLI00806,LJ07,2025-09-30T13:01:03,PAGO,23.41,6.81,30.22,APP_ANDROID
PED00002339,CLI01785,LJ05,2025-09-30T23:58:32,PAGO,45.57,10.11,55.68,WEB
PED00002340,CLI01238,LJ07,2025-09-30T15:59:10,PAGO,91.87,7.52,99.39,WEB
PED00002341,CLI00972,LJ02,2025-09-30T12:44:37,CANCELADO,56.07,10.75,66.82,APP_ANDROID
PED00002342,CLI00020,LJ01,2025-09-30T20:08:36,PAGO,40.01,5.45,45.46,APP_ANDROID
PED00002343,CLI00589,LJ02,2025-09-30T15:31:30,PAGO,179.27,6.21,185.48,WEB
PED00002344,CLI01480,LJ10,2025-09-30T15:50:26,PAGO,252.96,9.85,262.81,APP_ANDROID
PED00002345,CLI00662,LJ09,2025-09-30T17:42:01,PAGO,43.03,8.8,51.83,APP_ANDROID
PED00002346,CLI00213,LJ06,2025-09-30T21:57:12,PAGO,87.68,8.18,95.86,APP_IOS
PED00002347,CLI00211,LJ01,2025-09-30T11:35:22,PAGO,19.98,7.21,27.19,WEB
PED00002348,CLI01537,LJ01,2025-09-30T21:43:21,PAGO,237.97,8.44,246.41,APP_ANDROID
PED00002349,CLI00163,LJ10,2025-09-30T13:28:34,PAGO,68.61,7.1,75.71,APP_ANDROID
PED00002350,CLI01995,LJ04,2025-09-30T13:30:36,PAGO,66.66,11.44,78.1,APP_IOS
PED00002351,CLI00707,LJ01,2025-09-30T12:13:31,PAGO,42.66,5.81,48.47,APP_ANDROID
PED00002352,CLI00518,LJ08,2025-09-30T12:48:26,PAGO,35.23,9.11,44.34,APP_ANDROID
PED00002353,CLI00774,LJ01,2025-09-30T19:34:48,PAGO,23.51,6.62,30.13,APP_ANDROID
PED00002354,CLI01323,LJ09,2025-09-30T18:22:33,PAGO,44.64,5.82,50.46,APP_IOS
PED00002355,CLI00519,LJ05,2025-09-30T14:50:46,PAGO,24.16,8.34,32.5,APP_ANDROID
PED00002356,CLI01312,LJ03,2025-09-30T11:09:14,PAGO,52.45,5.57,58.02,WEB
PED00002357,CLI00961,LJ06,2025-09-30T15:31:37,PAGO,22.97,11.43,34.4,APP_ANDROID
PED00002358,CLI00588,LJ06,2025-09-30T21:07:28,PAGO,24.21,7.12,31.33,APP_IOS
PED00002359,CLI01761,LJ11,2025-09-30T21:55:30,PAGO,15.55,11.37,26.92,APP_ANDROID
PED00002360,CLI00762,LJ04,2025-09-30T21:23:39,CANCELADO,55.76,6.1,61.86,APP_IOS
PED00002361,CLI01496,LJ12,2025-09-30T11:38:25,CANCELADO,73.81,8.86,82.67,WEB
PED00002362,CLI01612,LJ08,2025-09-30T13:29:54,CANCELADO,133.77,6.73,140.5,APP_ANDROID
PED00002363,CLI01732,LJ07,2025-09-30T16:01:36,PAGO,170.46,6.94,177.4,APP_ANDROID
PED00002364,CLI01443,LJ03,2025-09-30T19:25:10,CANCELADO,293.87,6.03,299.9,WEB
PED00002365,CLI00325,LJ06,2025-09-30T14:24:15,PAGO,45.02,10.39,55.41,WEB
PED00002366,CLI00338,LJ05,2025-09-30T22:40:20,PAGO,137.05,7.31,144.36,APP_ANDROID
PED00002367,CLI01652,LJ01,2025-09-30T15:12:47,PAGO,63.38,5.17,68.55,APP_IOS
PED00002368,CLI00838,LJ10,2025-09-30T16:28:11,PAGO,4.22,8.87,13.09,APP_IOS
PED00002369,CLI00991,LJ09,2025-09-30T15:14:28,PAGO,88.5,6.35,94.85,APP_IOS
PED00002370,CLI00762,LJ09,2025-09-30T13:02:26Z,PAGO,94.24,8.75,102.99,APP_ANDROID
PED00002371,CLI00095,LJ07,2025-09-30T17:30:23,PENDENTE,39.63,5.7,45.33,APP_IOS
PED00002372,CLI00986,LJ11,2025-09-30T12:22:00,PAGO,73.18,9.56,82.74,WEB
PED00002373,CLI00053,LJ11,2025-09-30T18:58:20,PAGO,30.01,9.4,39.41,APP_IOS
PED00002374,CLI00591,LJ02,2025-09-30T10:50:18,PAGO,59.17,7.12,66.29,APP_IOS
PED00002375,CLI00029,LJ09,2025-09-30T20:07:27,PAGO,225.31,5.29,230.6,APP_ANDROID
PED00002376,CLI00070,LJ11,2025-09-30T18:37:08,PAGO,94.7,7.17,101.87,APP_ANDROID
PED00002377,CLI00896,LJ11,2025-10-01T15:47:44,PAGO,167.36,5.98,173.34,APP_IOS
PED00002378,CLI01580,LJ09,2025-10-01T21:06:31,PAGO,23.04,11.1,34.14,WEB
PED00002379,CLI00823,LJ12,2025-10-01T13:42:38,PAGO,6.31,11.35,17.66,WEB
PED00002380,CLI01437,LJ12,2025-10-01T18:55:48,PAGO,75.74,8.95,84.69,WEB
PED00002381,CLI00151,LJ08,2025-10-01T23:00:37,PAGO,161.91,11.38,173.29,APP_IOS
PED00002382,CLI00471,LJ11,2025-10-01T18:18:24,PAGO,56.51,8.07,64.58,APP_IOS
PED00002383,CLI00449,LJ07,2025-10-01T11:08:28,PAGO,47.33,7.48,54.81,APP_ANDROID
PED00002384,CLI01001,LJ05,2025-10-01T15:02:35,PAGO,187.48,5.66,193.14,APP_ANDROID
PED00002385,CLI00354,LJ07,2025-10-01T23:05:16,PAGO,65.15,6.99,72.14,APP_ANDROID
PED00002386,CLI01516,LJ11,2025-10-01T12:38:57,PAGO,105.79,11.52,117.31,APP_ANDROID
PED00002387,CLI01219,LJ09,2025-10-01T17:53:27,PAGO,49.98,10.72,60.7,WEB
PED00002388,CLI00577,LJ11,2025-10-01T20:07:19,PAGO,72.27,6.0,78.27,APP_ANDROID
PED00002389,CLI00426,LJ09,2025-10-01T14:07:55,PAGO,60.52,9.4,69.92,APP_IOS
PED00002390,CLI00014,LJ06,2025-10-01T16:57:34,PAGO,7.16,11.46,18.62,WEB
PED00002391,CLI00965,LJ02,2025-10-01T12:25:12,PAGO,16.7,8.42,25.12,APP_IOS
PED00002392,CLI00311,LJ07,2025-10-01T17:10:28,PAGO,12.83,10.05,22.88,APP_ANDROID
PED00002393,CLI01867,LJ09,2025-10-01T22:32:55,PAGO,98.47,9.03,107.5,APP_ANDROID
PED00002394,CLI01613,LJ02,2025-10-01T13:26:31,PAGO,144.69,6.61,151.3,WEB
PED00002395,CLI01324,LJ09,2025-10-01T13:48:11,PAGO,25.73,6.44,32.17,APP_IOS
PED00002396,CLI00700,LJ04,2025-10-01T14:02:58,PAGO,58.51,5.74,64.25,APP_ANDROID
PED00002397,CLI00323,LJ04,2025-10-01T16:08:34,PAGO,14.94,9.85,24.79,WEB
PED00002398,CLI01956,LJ04,2025-10-01T11:07:22,PAGO,151.74,7.64,159.38,APP_ANDROID
PED00002399,CLI01733,LJ03,2025-10-01T13:45:24,PAGO,93.21,11.04,104.25,APP_ANDROID
PED00002400,CLI00297,LJ06,2025-10-01T11:40:50,PAGO,114.58,5.88,120.46,APP_IOS
PED00002401,CLI00159,LJ06,2025-10-01T23:30:54,PAGO,69.41,9.5,78.91,APP_IOS
PED00002402,CLI01088,LJ07,2025-10-01T16:59:23,PAGO,147.95,6.15,154.1,APP_ANDROID
PED00002403,CLI00965,LJ04,2025-10-01T10:33:43,PENDENTE,25.7,6.37,32.07,APP_IOS
PED00002404,CLI00054,LJ01,2025-10-01T15:54:50,PAGO,55.38,6.99,62.37,APP_ANDROID
PED00002405,CLI01829,LJ11,2025-10-01T17:39:33,PAGO,153.28,9.02,162.3,WEB
PED00002406,CLI00525,LJ01,2025-10-01T11:18:37,PAGO,87.56,8.76,96.32,APP_ANDROID
PED00002407,CLI00931,LJ09,2025-10-01T10:03:30,PAGO,140.02,9.55,149.57,WEB
PED00002408,CLI01115,LJ04,2025-10-01T18:31:23,PAGO,199.86,10.36,210.22,WEB
PED00002409,CLI00580,LJ04,2025-10-01T13:15:07,PAGO,29.31,5.22,34.53,WEB
PED00002410,CLI00670,LJ03,2025-10-01T10:54:59,PAGO,236.32,11.33,247.65,APP_IOS
PED00002411,CLI00131,LJ08,2025-10-01T11:44:28,PAGO,62.6,5.2,67.8,APP_IOS
PED00002412,CLI00012,LJ06,2025-10-01T16:49:28,PAGO,25.41,8.3,33.71,APP_ANDROID
PED00002413,CLI00541,LJ02,2025-10-01T13:41:01,PAGO,85.15,7.63,92.78,APP_IOS
PED00002414,CLI00669,LJ12,2025-10-01T16:01:10,PAGO,15.71,8.11,23.82,APP_IOS
PED00002415,CLI00753,LJ08,2025-10-01T11:31:21,PAGO,114.81,9.33,124.14,APP_ANDROID
PED00002416,CLI00335,LJ07,2025-10-01T11:20:33,PAGO,172.98,7.22,180.2,APP_IOS
PED00002417,CLI00333,LJ12,2025-10-01T14:07:10,PAGO,250.61,11.19,261.8,APP_ANDROID
PED00002418,CLI01398,LJ07,2025-10-01T16:38:20,PAGO,135.93,11.18,147.11,APP_IOS
PED00002419,CLI00214,LJ04,2025-10-01T20:56:02,PAGO,53.4,5.21,58.61,APP_IOS
PED00002420,CLI01203,LJ07,2025-10-01T15:53:27,PAGO,15.31,9.55,24.86,WEB
PED00002421,CLI01753,LJ03,2025-10-01T22:25:46,PAGO,66.54,9.95,76.49,APP_IOS
PED00002422,CLI01800,LJ08,2025-10-01T15:56:18,PAGO,35.21,10.58,45.79,APP_ANDROID
PED00002423,CLI00820,LJ01,2025-10-01T13:33:51,CANCELADO,48.04,5.45,53.49,APP_ANDROID
PED00002424,CLI00588,LJ07,2025-10-01T14:20:12,PAGO,48.63,10.45,59.08,WEB
PED00002425,CLI00197,LJ12,2025-10-01T13:30:59,PAGO,170.85,5.32,176.17,APP_ANDROID
PED00002426,CLI00928,LJ12,2025-10-01T16:03:07Z,PAGO,154.31,10.86,165.17,APP_IOS
PED00002427,CLI00761,LJ11,2025-10-01T23:41:54,PAGO,65.08,6.09,71.17,APP_ANDROID
PED00002428,CLI01364,LJ12,2025-10-01T17:51:55,PAGO,25.6,8.63,34.23,WEB
PED00002429,CLI00551,LJ11,2025-10-01T10:47:39,PAGO,53.72,8.71,62.43,APP_ANDROID
PED00002430,CLI00816,LJ09,2025-10-01T10:25:13,PAGO,185.72,10.69,196.41,WEB
PED00002431,CLI00364,LJ12,2025-10-01T17:32:41,PAGO,297.18,6.05,303.23,WEB
PED00002432,CLI01919,LJ10,2025-10-01T15:38:08,PAGO,43.69,11.69,55.38,APP_IOS
PED00002433,CLI01021,LJ03,2025-10-01T15:00:52,PAGO,169.59,6.22,175.81,WEB
PED00002434,CLI00295,LJ04,2025-10-01T15:41:31,PAGO,109.94,5.08,115.02,APP_ANDROID
PED00002435,CLI01217,LJ04,2025-10-01T17:16:07,PAGO,16.73,9.64,26.37,WEB
PED00002436,CLI00464,LJ11,2025-10-01T22:58:00,PAGO,105.97,9.7,115.67,APP_IOS
PED00002437,CLI01199,LJ06,2025-10-01T17:09:14,PAGO,170.85,11.22,182.07,APP_IOS
PED00002438,CLI00104,LJ02,2025-10-01T10:30:21,PAGO,325.9,6.48,332.38,WEB
PED00002439,CLI01754,LJ03,2025-10-01T10:35:30,PAGO,80.95,10.35,91.3,WEB
PED00002440,CLI00510,LJ08,2025-10-01T10:33:22,PAGO,24.53,7.97,32.5,WEB
PED00002441,CLI00770,LJ11,2025-10-02T10:33:00,PAGO,76.43,10.63,87.06,WEB
PED00002442,CLI01307,LJ05,2025-10-02T20:28:56,PAGO,22.75,6.87,29.62,APP_IOS
PED00002443,CLI00642,LJ05,2025-10-02T10:28:54,PAGO,64.3,8.89,73.19,APP_IOS
PED00002444,CLI01060,LJ06,2025-10-02T10:51:59,PAGO,137.5,10.39,147.89,APP_IOS
PED00002445,CLI00444,LJ12,2025-10-02T10:28:49,PAGO,115.15,10.36,125.51,APP_IOS
PED00002446,CLI01472,LJ07,2025-10-02T21:05:06,PENDENTE,52.09,6.61,58.7,APP_ANDROID
PED00002447,CLI00018,LJ04,2025-10-02T17:36:40,PAGO,25.4,11.15,36.55,APP_IOS
PED00002448,CLI01060,LJ03,2025-10-02T10:30:09,PAGO,16.3,6.89,23.19,APP_ANDROID
PED00002449,CLI01801,LJ06,2025-10-02T10:49:27,CANCELADO,159.39,11.91,171.3,WEB
PED00002450,CLI01492,LJ01,2025-10-02T19:22:30,PAGO,234.22,9.23,243.45,APP_ANDROID
PED00002451,CLI00569,LJ06,2025-10-02T16:20:45,PAGO,109.1,7.59,116.69,WEB
PED00002452,CLI00992,LJ05,2025-10-02T10:36:50,PAGO,39.86,9.21,49.07,WEB
PED00002453,CLI01894,LJ01,2025-10-02T11:14:56,PAGO,100.95,6.78,107.73,APP_ANDROID
PED00002454,CLI00634,LJ09,2025-10-02T14:00:03,PAGO,120.86,8.09,128.95,APP_IOS
PED00002455,CLI00578,LJ09,2025-10-02T19:38:09,PAGO,54.32,9.88,64.2,WEB
PED00002456,CLI00183,LJ09,2025-10-02T11:10:42,PAGO,56.34,7.16,63.5,APP_IOS
PED00002457,CLI00900,LJ02,2025-10-02T22:31:16,PAGO,40.52,7.71,48.23,APP_IOS
PED00002458,CLI01282,LJ01,2025-10-02T21:57:14,PAGO,7.87,8.3,16.17,APP_IOS
PED00002459,CLI00205,LJ07,2025-10-02T18:16:58,PAGO,47.57,6.26,53.83,WEB
PED00002460,CLI00467,LJ03,2025-10-02T18:57:49,PAGO,33.89,9.43,43.32,APP_ANDROID
PED00002461,CLI01572,LJ08,2025-10-02T21:38:52,PAGO,114.5,11.37,125.87,WEB
PED00002462,CLI01821,LJ01,2025-10-02T19:42:19,PAGO,146.98,8.92,155.9,WEB
PED00002463,CLI00980,LJ07,2025-10-02T20:40:43,PAGO,65.93,6.74,72.67,APP_IOS
PED00002464,CLI01752,LJ09,2025-10-02T17:07:27,PAGO,57.31,7.8,65.11,APP_IOS
PED00002465,CLI01205,LJ02,2025-10-02T19:12:57,PAGO,56.16,8.05,64.21,WEB
PED00002466,CLI01088,LJ06,2025-10-02T16:48:54,PAGO,78.77,10.77,89.54,APP_ANDROID
PED00002467,CLI01753,LJ05,2025-10-02T22:28:30,PENDENTE,135.81,7.58,143.39,APP_ANDROID
PED00002468,CLI00074,LJ11,2025-10-02T23:50:39,PAGO,79.4,7.36,86.76,APP_ANDROID
PED00002469,CLI00800,LJ11,2025-10-02T16:13:15,PAGO,136.04,9.8,145.84,APP_IOS
PED00002470,CLI00268,LJ09,2025-10-02T20:45:44,PAGO,56.49,8.89,65.38,APP_ANDROID
PED00002471,CLI01507,LJ11,2025-10-02T16:52:25,PAGO,111.32,8.05,119.37,APP_ANDROID
PED00002472,CLI01314,LJ10,2025-10-02T23:51:18,PAGO,155.68,6.57,162.25,APP_ANDROID
PED00002473,CLI01395,LJ09,2025-10-02T14:08:17,PAGO,25.03,8.0,33.03,APP_ANDROID
PED00002474,CLI01645,LJ03,2025-10-02T15:38:11,PAGO,14.79,8.34,23.13,APP_IOS
PED00002475,CLI00291,LJ04,2025-10-02T10:30:42,PAGO,59.59,5.99,65.58,APP_ANDROID
PED00002476,CLI01703,LJ07,2025-10-02T19:55:45,PAGO,61.17,5.82,66.99,WEB
PED00002477,CLI00862,LJ05,2025-10-02T10:15:04,PENDENTE,44.57,9.13,53.7,APP_IOS
PED00002478,CLI00057,LJ04,2025-10-02T23:14:36,PAGO,268.25,9.02,277.27,APP_ANDROID
PED00002479,CLI01477,LJ08,2025-10-02T15:56:55,PAGO,134.54,6.71,141.25,WEB
PED00002480,CLI00973,LJ03,2025-10-02T20:50:05,PENDENTE,53.44,9.24,62.68,APP_ANDROID
PED00002481,CLI01384,LJ12,2025-10-02T18:15:44,PAGO,98.09,8.57,106.66,WEB
PED00002482,CLI01763,LJ10,2025-10-02T11:51:10,PAGO,91.71,11.06,102.77,APP_ANDROID
PED00002483,CLI00206,LJ12,2025-10-02T15:31:14,PAGO,15.6,10.64,26.24,WEB
PED00002484,CLI00511,LJ12,2025-10-02T13:29:03,PENDENTE,20.64,7.04,27.68,APP_ANDROID
PED00002485,CLI00651,LJ01,2025-10-02T11:37:13,PAGO,60.59,5.4,65.99,APP_IOS
PED00002486,CLI01361,LJ12,2025-10-02T17:17:36,PAGO,231.8,8.12,239.92,APP_ANDROID
PED00002487,CLI01662,LJ11,2025-10-02T20:02:05,PAGO,57.94,11.65,69.59,WEB
PED00002488,CLI00001,LJ07,2025-10-02T11:13:33,PAGO,31.42,10.99,42.41,APP_ANDROID
PED00002489,CLI01479,LJ01,2025-10-02T23:17:53,PAGO,56.9,10.5,67.4,APP_ANDROID
PED00002490,CLI01832,LJ06,2025-10-02T21:15:59,PAGO,30.92,11.73,42.65,WEB
PED00002491,CLI00987,LJ07,2025-10-02T19:49:12,PAGO,268.64,11.39,280.03,APP_ANDROID
PED00002492,CLI00968,LJ06,2025-10-02T10:53:17,PAGO,98.03,9.85,107.88,APP_ANDROID
PED00002493,CLI00692,LJ05,2025-10-02T11:47:33,PAGO,140.01,11.63,151.64,WEB
PED00002494,CLI00726,LJ08,2025-10-02T10:35:10,PAGO,108.92,6.95,115.87,APP_IOS
PED00002495,CLI01569,LJ03,2025-10-02T21:25:31,PAGO,19.59,5.31,24.9,APP_ANDROID
PED00002496,CLI00898,LJ11,2025-10-02T18:42:26,PENDENTE,72.65,11.35,84.0,APP_IOS
PED00002497,CLI01351,LJ09,2025-10-02T11:28:41,PAGO,43.61,11.52,55.13,WEB
PED00002498,CLI00802,LJ07,2025-10-02T21:06:43,PAGO,20.88,5.1,25.98,WEB
PED00002499,CLI00713,LJ02,2025-10-02T21:47:34,PAGO,114.01,6.25,120.26,APP_ANDROID
PED00002500,CLI00936,LJ07,2025-10-02T11:33:40,PAGO,22.34,6.12,28.46,APP_IOS
PED00002501,CLI00614,LJ10,2025-10-02T23:07:16,PAGO,181.59,5.38,186.97,WEB
PED00002502,CLI00350,LJ11,2025-10-02T22:02:22,PAGO,53.9,6.16,60.06,APP_ANDROID
PED00002503,CLI01090,LJ04,2025-10-02T16:06:47,PAGO,97.11,5.33,102.44,WEB
PED00002504,CLI00938,LJ01,2025-10-02T13:57:23,CANCELADO,59.63,6.06,65.69,WEB
PED00002505,CLI00832,LJ06,2025-10-02T18:55:25,CANCELADO,121.8,6.01,127.81,APP_IOS
PED00002506,CLI01268,LJ03,2025-10-02T12:20:55,PAGO,248.68,7.71,256.39,APP_ANDROID
PED00002507,CLI01146,LJ08,2025-10-02T23:13:52,PENDENTE,59.39,5.39,64.78,APP_IOS
PED00002508,CLI00798,LJ06,2025-10-02T18:18:32,PAGO,152.51,8.74,161.25,WEB
PED00002509,CLI01818,LJ01,2025-10-02T16:17:36,PAGO,68.12,10.23,78.35,APP_IOS
PED00002510,CLI00031,LJ03,2025-10-02T17:41:33,PAGO,37.3,11.98,49.28,APP_IOS
PED00002511,CLI00657,LJ11,2025-10-02T22:03:57,PAGO,170.26,5.17,175.43,APP_IOS
PED00002512,CLI00667,LJ01,2025-10-02T17:10:22,PAGO,31.07,7.53,38.6,APP_ANDROID
PED00002513,CLI00240,LJ04,2025-10-03T15:10:16,PAGO,37.7,10.33,48.03,APP_ANDROID
PED00002514,CLI00251,LJ04,2025-10-03T23:39:47,PAGO,92.95,9.42,102.37,APP_IOS
PED00002515,CLI00139,LJ06,2025-10-03T16:37:38,CANCELADO,69.33,7.68,77.01,WEB
PED00002516,CLI01830,LJ10,2025-10-03T14:28:14,PAGO,77.63,5.32,82.95,APP_IOS
PED00002517,CLI00417,LJ08,2025-10-03T13:39:54,PAGO,17.31,5.49,22.8,APP_IOS
PED00002518,CLI01185,LJ05,2025-10-03T23:12:27,PAGO,145.97,10.28,156.25,WEB
PED00002519,CLI01877,LJ05,2025-10-03T16:44:14,PAGO,52.25,6.09,58.34,APP_IOS
PED00002520,CLI01417,LJ09,2025-10-03T18:40:48,PAGO,39.78,5.17,44.95,APP_ANDROID
PED00002521,CLI01878,LJ07,2025-10-03T16:27:32,PAGO,56.07,10.17,66.24,APP_ANDROID
PED00002522,CLI01242,LJ07,2025-10-03T16:12:26,PAGO,80.6,6.03,86.63,APP_IOS
PED00002523,CLI01156,LJ08,2025-10-03T10:05:38,PAGO,111.7,5.73,117.43,WEB
PED00002524,CLI01720,LJ04,2025-10-03T16:29:33,CANCELADO,89.79,11.29,101.08,WEB
PED00002525,CLI01395,LJ09,2025-10-03T11:56:58,PAGO,50.92,8.82,59.74,APP_IOS
PED00002526,CLI00322,LJ11,2025-10-03T14:06:42,PAGO,58.16,8.82,66.98,APP_ANDROID
PED00002527,CLI00528,LJ09,2025-10-03T17:35:36,PAGO,194.94,7.71,202.65,APP_IOS
PED00002528,CLI01373,LJ09,2025-10-03T21:01:27,PAGO,110.69,5.17,115.86,APP_ANDROID
PED00002529,CLI01725,LJ12,2025-10-03T13:28:33,PAGO,122.37,8.41,130.78,WEB
PED00002530,CLI00411,LJ12,2025-10-03T11:18:52,PAGO,184.8,10.65,195.45,APP_ANDROID
PED00002531,CLI00837,LJ07,2025-10-03T12:02:33,PAGO,13.49,11.41,24.9,APP_ANDROID
PED00002532,CLI00681,LJ08,2025-10-03T17:18:26,PENDENTE,44.64,9.64,54.28,APP_ANDROID
PED00002533,CLI00648,LJ06,2025-10-03T20:54:19,PAGO,36.76,11.96,48.72,APP_IOS
PED00002534,CLI00968,LJ10,2025-10-03T14:02:27,PAGO,10.6,6.15,16.75,WEB
PED00002535,CLI01141,LJ07,2025-10-03T20:34:33,PAGO,73.18,5.96,79.14,APP_ANDROID
PED00002536,CLI00867,LJ11,2025-10-03T18:47:26,PAGO,167.78,9.49,177.27,APP_IOS
PED00002537,CLI00412,LJ08,2025-10-03T20:59:05,PAGO,72.69,7.0,79.69,APP_ANDROID
PED00002538,CLI01200,LJ07,2025-10-03T11:18:38,PAGO,47.86,7.38,55.24,APP_ANDROID
PED00002539,CLI00080,LJ01,2025-10-03T11:30:56,PAGO,71.95,9.56,81.51,APP_IOS
PED00002540,CLI01867,LJ11,2025-10-03T15:11:52,PAGO,47.41,6.38,53.79,APP_ANDROID
PED00002541,CLI00324,LJ02,2025-10-03T16:25:23,PAGO,146.15,6.49,152.64,APP_ANDROID
PED00002542,CLI00733,LJ01,2025-10-03T10:26:17,PAGO,183.22,6.35,189.57,APP_ANDROID
PED00002543,CLI00163,LJ02,2025-10-03T16:00:10,PAGO,116.3,11.3,127.6,APP_ANDROID
PED00002544,CLI00122,LJ05,2025-10-03T21:04:43,PAGO,180.09,5.35,185.44,APP_IOS
PED00002545,CLI01493,LJ04,2025-10-03T10:58:42,PAGO,72.4,11.43,83.83,APP_ANDROID
PED00002546,CLI01799,LJ12,2025-10-03T10:18:54,PAGO,133.09,10.41,143.5,APP_IOS
PED00002547,CLI00840,LJ08,2025-10-03T20:57:50,PAGO,12.92,7.04,19.96,APP_IOS
PED00002548,CLI01186,LJ10,2025-10-03T13:04:24,PAGO,7.54,8.54,16.08,WEB
PED00002549,CLI01982,LJ03,2025-10-03T14:33:37,PAGO,28.63,8.7,37.33,APP_ANDROID
PED00002550,CLI01828,LJ07,2025-10-03T15:07:41,PAGO,40.12,10.97,51.09,APP_IOS
PED00002551,CLI01211,LJ06,2025-10-03T19:41:18,PAGO,206.16,6.14,212.3,WEB
PED00002552,CLI00374,LJ07,2025-10-03T14:40:09,PAGO,255.04,8.19,263.23,APP_ANDROID
PED00002553,CLI00910,LJ01,2025-10-03T19:23:41,PAGO,40.83,11.14,51.97,APP_IOS
PED00002554,CLI00928,LJ03,2025-10-03T10:49:31,PAGO,23.76,9.35,33.11,WEB
PED00002555,CLI00904,LJ10,2025-10-03T18:31:31,PAGO,16.65,8.04,24.69,APP_IOS
PED00002556,CLI01661,LJ09,2025-10-03T14:23:17,PAGO,217.27,9.23,226.5,APP_IOS
PED00002557,CLI00215,LJ06,2025-10-03T19:46:36,PAGO,40.0,5.69,45.69,WEB
PED00002558,CLI00396,LJ04,2025-10-03T11:41:28,PAGO,140.67,7.96,148.63,APP_IOS
PED00002559,CLI00739,LJ11,2025-10-03T10:09:07,PAGO,115.9,11.15,127.05,APP_IOS
PED00002560,CLI00248,LJ11,2025-10-03T12:20:14,PAGO,41.19,11.28,52.47,WEB
PED00002561,CLI00958,LJ11,2025-10-03T19:58:52,PAGO,111.77,9.28,121.05,APP_ANDROID
PED00002562,CLI01530,LJ06,2025-10-03T12:42:16,PAGO,38.29,10.13,48.42,APP_ANDROID
PED00002563,CLI00515,LJ11,2025-10-03T19:17:51,PAGO,24.18,7.21,31.39,WEB
PED00002564,CLI00361,LJ11,2025-10-03T14:42:12,PAGO,91.34,5.99,97.33,APP_ANDROID
PED00002565,CLI01729,LJ06,2025-10-03T17:54:59,PAGO,45.52,11.36,56.88,APP_IOS
PED00002566,CLI01338,LJ09,2025-10-03T16:28:08,PENDENTE,38.2,11.38,49.58,WEB
PED00002567,CLI01492,LJ08,2025-10-03T20:24:50,PAGO,9.67,6.9,16.57,APP_IOS
PED00002568,CLI00380,LJ07,2025-10-03T20:23:21,PAGO,93.4,10.08,103.48,WEB
PED00002569,CLI01996,LJ05,2025-10-03T11:48:03,PAGO,62.42,5.38,67.8,APP_ANDROID
PED00002570,CLI01559,LJ12,2025-10-03T12:07:19,PAGO,211.47,10.85,222.32,APP_IOS
PED00002571,CLI00338,LJ09,2025-10-03T19:00:31,PAGO,39.95,6.42,46.37,WEB
PED00002572,CLI00229,LJ06,2025-10-03T23:03:30,PAGO,59.78,10.88,70.66,WEB
PED00002573,CLI00908,LJ10,2025-10-03T16:43:12,PAGO,77.52,10.79,88.31,APP_IOS
PED00002574,CLI00449,LJ01,2025-10-03T18:42:48,PAGO,64.45,6.79,71.24,APP_IOS
PED00002575,CLI01088,LJ12,2025-10-03T16:34:43,PAGO,49.41,9.87,59.28,APP_IOS
PED00002576,CLI01168,LJ12,2025-10-03T17:04:57,PAGO,43.94,10.33,54.27,APP_IOS
PED00002577,CLI01489,LJ11,2025-10-03T11:04:53,PAGO,36.3,6.28,42.58,APP_ANDROID
PED00002578,CLI00632,LJ10,2025-10-03T20:53:53,PAGO,87.56,11.34,98.9,APP_ANDROID
PED00002579,CLI01104,LJ02,2025-10-03T22:14:07,PAGO,119.21,8.03,127.24,APP_ANDROID
PED00002580,CLI00123,LJ06,2025-10-03T20:51:34,PAGO,10.63,6.09,16.72,WEB
PED00002581,CLI01773,LJ12,2025-10-03T20:04:39,PENDENTE,66.03,5.15,71.18,WEB
PED00002582,CLI01961,LJ11,2025-10-03T10:40:27,PAGO,88.87,7.99,96.86,WEB
PED00002583,CLI00977,LJ08,2025-10-03T20:09:53,PAGO,13.48,5.35,18.83,APP_IOS
PED00002584,CLI01524,LJ06,2025-10-03T18:09:17,PENDENTE,44.63,9.79,54.42,WEB
PED00002585,CLI00362,LJ05,2025-10-03T10:02:14,PAGO,12.63,7.9,20.53,APP_ANDROID
PED00002586,CLI00365,LJ03,2025-10-03T20:19:39,PAGO,134.71,9.01,143.72,APP_IOS
PED00002587,CLI00476,LJ04,2025-10-03T14:59:39,PAGO,226.09,6.85,232.94,WEB
PED00002588,CLI01614,LJ03,2025-10-03T11:15:33,PAGO,29.22,7.84,37.06,APP_ANDROID
PED00002589,CLI01782,LJ02,2025-10-03T13:39:34,PAGO,99.19,5.1,104.29,APP_IOS
PED00002590,CLI00241,LJ08,2025-10-03T15:57:10,PAGO,11.64,6.76,18.4,APP_IOS
PED00002591,CLI01166,LJ06,2025-10-03T22:47:30,PAGO,130.84,7.28,138.12,WEB
PED00002592,CLI01602,LJ09,2025-10-03T12:39:57,PAGO,40.54,8.08,48.62,APP_IOS
PED00002593,CLI00048,LJ07,2025-10-03T22:10:40,PAGO,109.5,9.65,119.15,APP_ANDROID
PED00002594,CLI01740,LJ01,2025-10-03T11:05:23,PAGO,59.47,6.51,65.98,APP_ANDROID
PED00002595,CLI01920,LJ08,2025-10-03T17:59:21,PAGO,310.03,10.66,320.69,APP_ANDROID
PED00002596,CLI01106,LJ10,2025-10-03T18:47:04,PAGO,153.68,7.55,161.23,APP_IOS
PED00002597,CLI01623,LJ07,2025-10-03T14:51:18,PAGO,57.35,6.18,63.53,APP_IOS
PED00002598,CLI01608,LJ05,2025-10-03T22:26:53,PAGO,20.66,8.13,28.79,WEB
PED00002599,CLI00091,LJ12,2025-10-03T16:36:37,PAGO,53.08,8.63,61.71,APP_IOS
PED00002600,CLI00781,LJ03,2025-10-03T19:33:46,PAGO,61.96,5.4,67.36,APP_ANDROID
PED00002601,CLI00738,LJ07,2025-10-03T19:21:41,PENDENTE,44.48,8.83,53.31,WEB
PED00002602,CLI01388,LJ09,2025-10-03T18:48:48,PAGO,19.09,9.17,28.26,APP_IOS
PED00002603,CLI01442,LJ07,2025-10-03T10:15:49,PENDENTE,94.78,10.39,105.17,APP_IOS
PED00002604,CLI00276,LJ02,2025-10-03T23:12:11,PAGO,59.46,9.11,68.57,WEB
PED00002605,CLI01641,LJ05,2025-10-03T13:32:57,PAGO,41.14,8.59,49.73,APP_ANDROID
PED00002606,CLI00249,LJ09,2025-10-03T22:02:04,PAGO,65.03,7.16,72.19,APP_IOS
PED00002607,CLI01406,LJ04,2025-10-03T11:08:04,PAGO,32.07,9.92,41.99,APP_IOS
PED00002608,CLI01078,LJ09,2025-10-03T18:05:55,PAGO,48.31,7.41,55.72,APP_ANDROID
PED00002609,CLI00184,LJ09,2025-10-03T19:06:00,PAGO,14.81,10.87,25.68,APP_ANDROID
PED00002610,CLI01777,LJ11,2025-10-03T12:09:12,PAGO,24.78,6.24,31.02,WEB
PED00002611,CLI01706,LJ10,2025-10-03T14:00:04,PAGO,62.17,8.44,70.61,APP_IOS
PED00002612,CLI00747,LJ01,2025-10-03T21:45:36,PENDENTE,69.29,9.8,79.09,APP_ANDROID
PED00002613,CLI00743,LJ01,2025-10-03T11:25:45,PAGO,4.34,9.03,13.37,APP_ANDROID
PED00002614,CLI00501,LJ01,2025-10-03T15:42:04,PAGO,104.21,7.05,111.26,APP_IOS
PED00002615,CLI01307,LJ04,2025-10-03T15:36:40,PAGO,29.69,8.62,38.31,APP_ANDROID
PED00002616,CLI00454,LJ10,2025-10-03T11:37:20,PAGO,6.53,5.71,12.24,APP_IOS
PED00002617,CLI00739,LJ01,2025-10-03T11:45:19,PAGO,26.02,6.79,32.81,WEB
PED00002618,CLI01777,LJ06,2025-10-03T18:45:43,PAGO,264.88,8.66,273.54,WEB
PED00002619,CLI01727,LJ10,2025-10-03T11:54:31,PAGO,10.38,9.05,19.43,APP_IOS
PED00002620,CLI00970,LJ11,2025-10-03T15:51:01,PAGO,39.33,9.72,49.05,WEB
PED00002621,CLI00402,LJ12,2025-10-03T19:43:27,PAGO,105.44,6.15,111.59,APP_IOS
PED00002622,CLI01732,LJ09,2025-10-03T17:05:56,PAGO,68.84,6.77,75.61,APP_IOS
PED00002623,CLI00236,LJ11,2025-10-03T19:59:28,CANCELADO,45.57,11.73,57.3,APP_IOS
PED00002624,CLI00298,LJ11,2025-10-03T19:57:01,PENDENTE,53.46,9.15,62.61,APP_IOS
PED00002625,CLI00078,LJ10,2025-10-04T10:36:33,CANCELADO,42.07,5.29,47.36,APP_IOS
PED00002626,CLI00857,LJ01,2025-10-04T17:18:07,PAGO,64.68,10.2,74.88,APP_ANDROID
PED00002627,CLI01119,LJ01,2025-10-04T19:22:19,CANCELADO,118.79,5.25,124.04,WEB
PED00002628,CLI00550,LJ09,2025-10-04T12:35:07,PAGO,84.62,11.23,95.85,WEB
PED00002629,CLI01335,LJ11,2025-10-04T15:27:06,PAGO,44.03,6.94,50.97,APP_ANDROID
PED00002630,CLI00771,LJ05,2025-10-04T17:35:52,PAGO,6.74,7.47,14.21,WEB
PED00002631,CLI00508,LJ10,2025-10-04T19:36:09,PAGO,79.04,9.73,88.77,APP_IOS
PED00002632,CLI00289,LJ01,2025-10-04T13:11:59,PAGO,77.63,8.7,86.33,APP_ANDROID
PED00002633,CLI01658,LJ10,2025-10-04T22:56:02,PAGO,84.93,6.57,91.5,APP_IOS
PED00002634,CLI00593,LJ01,2025-10-04T11:47:27,PAGO,34.08,5.86,39.94,APP_IOS
PED00002635,CLI01805,LJ02,2025-10-04T19:29:02,PAGO,259.49,8.87,268.36,APP_ANDROID
PED00002636,CLI01526,LJ06,2025-10-04T16:31:27,PAGO,91.16,6.85,98.01,APP_IOS
PED00002637,CLI00391,LJ11,2025-10-04T23:40:39,PAGO,77.14,6.64,83.78,APP_IOS
PED00002638,CLI00814,LJ09,2025-10-04T20:54:14,PAGO,73.91,10.05,83.96,APP_IOS
PED00002639,CLI01623,LJ01,2025-10-04T12:43:17,PAGO,27.69,5.32,33.01,APP_IOS
PED00002640,CLI00539,LJ04,2025-10-04T14:04:12,PAGO,43.31,7.67,50.98,APP_IOS
PED00002641,CLI00523,LJ08,2025-10-04T18:30:56,PAGO,70.82,7.92,78.74,APP_ANDROID
PED00002642,CLI00132,LJ11,2025-10-04T11:49:25,PAGO,54.49,11.08,65.57,WEB
PED00002643,CLI00458,LJ09,2025-10-04T13:02:07,PAGO,62.02,11.23,73.25,APP_ANDROID
PED00002644,CLI01401,LJ10,2025-10-04T10:48:42,PAGO,134.26,8.27,142.53,APP_ANDROID
PED00002645,CLI01900,LJ09,2025-10-04T17:13:48,PAGO,31.06,5.05,36.11,APP_ANDROID
PED00002646,CLI00007,LJ11,2025-10-04T18:50:47,PAGO,47.9,7.85,55.75,APP_IOS
PED00002647,CLI01897,LJ12,2025-10-04T17:41:08,PAGO,116.59,5.72,122.31,APP_IOS
PED00002648,CLI01350,LJ10,2025-10-04T12:23:44,PAGO,24.74,6.67,31.41,WEB
PED00002649,CLI01555,LJ09,2025-10-04T17:25:00,PAGO,257.14,8.72,265.86,APP_IOS
PED00002650,CLI00509,LJ10,2025-10-04T11:26:30,PAGO,59.37,9.44,68.81,WEB
PED00002651,CLI01855,LJ11,2025-10-04T19:14:48,PENDENTE,38.54,7.44,45.98,WEB
PED00002652,CLI01209,LJ09,2025-10-04T21:09:15,CANCELADO,43.96,11.23,55.19,APP_IOS
PED00002653,CLI00474,LJ01,2025-10-04T23:44:24,PAGO,32.62,5.26,37.88,APP_IOS
PED00002654,CLI01739,LJ03,2025-10-04T18:56:00,PAGO,59.22,6.99,66.21,APP_ANDROID
PED00002655,CLI00825,LJ03,2025-10-04T13:52:28,PAGO,237.2,9.48,246.68,WEB
PED00002656,CLI01166,LJ10,2025-10-04T10:27:23,PAGO,41.06,7.83,48.89,WEB
PED00002657,CLI00975,LJ12,2025-10-04T23:53:23,PAGO,14.78,7.4,22.18,APP_ANDROID
PED00002658,CLI01822,LJ09,2025-10-04T15:36:08,PAGO,268.67,8.59,277.26,WEB
PED00002659,CLI00640,LJ09,2025-10-04T19:57:10,PAGO,65.63,5.44,71.07,APP_IOS
PED00002660,CLI00355,LJ10,2025-10-04T15:50:37,PAGO,112.02,8.56,120.58,WEB
PED00002661,CLI00439,LJ08,2025-10-04T14:05:40,PAGO,41.79,10.97,52.76,WEB
PED00002662,CLI01880,LJ01,2025-10-04T23:31:54,PAGO,53.25,6.17,59.42,APP_ANDROID
PED00002663,CLI00372,LJ06,2025-10-04T10:04:56,CANCELADO,60.09,8.89,68.98,APP_IOS
PED00002664,CLI01404,LJ11,2025-10-04T17:42:47,PAGO,84.42,5.81,90.23,WEB
PED00002665,CLI01529,LJ07,2025-10-04T16:52:07,PAGO,246.43,8.57,255.0,APP_ANDROID
PED00002666,CLI01776,LJ10,2025-10-04T17:21:29,PAGO,44.13,6.65,50.78,WEB
PED00002667,CLI01246,LJ12,2025-10-04T19:27:37,PAGO,187.27,5.25,192.52,APP_IOS
PED00002668,CLI00396,LJ07,2025-10-04T13:19:33,PAGO,35.99,8.15,44.14,APP_IOS
PED00002669,CLI01342,LJ12,2025-10-04T19:13:56,PAGO,29.14,7.26,36.4,APP_ANDROID
PED00002670,CLI01884,LJ01,2025-10-04T17:11:21,PAGO,43.85,11.83,55.68,APP_ANDROID
PED00002671,CLI00224,LJ01,2025-10-04T14:06:15,PAGO,178.66,6.41,185.07,APP_IOS
PED00002672,CLI00556,LJ10,2025-10-04T16:30:13,PAGO,242.0,6.85,248.85,APP_IOS
PED00002673,CLI01444,LJ10,2025-10-04T21:17:57,PAGO,57.67,8.41,66.08,WEB
PED00002674,CLI01238,LJ10,2025-10-04T16:38:55,PAGO,148.09,5.27,153.36,WEB
PED00002675,CLI01250,LJ01,2025-10-04T20:18:50,PAGO,17.31,6.05,23.36,WEB
PED00002676,CLI01233,LJ06,2025-10-04T14:29:52,PAGO,75.34,5.87,81.21,APP_ANDROID
PED00002677,CLI00490,LJ08,2025-10-04T18:10:35,CANCELADO,20.69,9.27,29.96,APP_IOS
PED00002678,CLI01385,LJ01,2025-10-04T18:41:41,PAGO,28.91,9.58,38.49,WEB
PED00002679,CLI00661,LJ07,2025-10-04T17:53:39Z,CANCELADO,214.63,10.36,224.99,WEB
PED00002680,CLI00843,LJ02,2025-10-04T16:57:14,PAGO,54.98,9.79,64.77,WEB
PED00002681,CLI00056,LJ10,2025-10-04T14:25:25,PAGO,92.48,5.92,98.4,WEB
PED00002682,CLI00100,LJ09,2025-10-04T20:02:54,PAGO,62.07,11.43,73.5,APP_IOS
PED00002683,CLI01618,LJ11,2025-10-04T19:10:52,PAGO,32.28,7.93,40.21,APP_IOS
PED00002684,CLI01232,LJ03,2025-10-04T13:12:05,PAGO,97.73,9.46,107.19,APP_ANDROID
PED00002685,CLI01424,LJ03,2025-10-04T17:27:33,PAGO,197.37,8.05,205.42,WEB
PED00002686,CLI00041,LJ02,2025-10-04T18:17:16,PAGO,47.92,9.03,56.95,WEB
PED00002687,CLI01498,LJ07,2025-10-04T14:04:00,PAGO,128.46,9.47,137.93,APP_ANDROID
PED00002688,CLI00524,LJ11,2025-10-04T16:23:44,PAGO,133.49,10.32,143.81,APP_ANDROID
PED00002689,CLI00932,LJ11,2025-10-04T12:27:16,PAGO,23.22,8.59,31.81,APP_IOS
PED00002690,CLI01840,LJ10,2025-10-04T11:57:19,PAGO,291.67,7.96,299.63,WEB
PED00002691,CLI01421,LJ09,2025-10-04T11:53:48,PAGO,242.02,7.62,249.64,WEB
PED00002692,CLI01372,LJ05,2025-10-04T10:48:22,PAGO,20.59,9.63,30.22,WEB
PED00002693,CLI01279,LJ12,2025-10-04T15:49:37,PAGO,25.34,9.17,34.51,APP_ANDROID
PED00002694,CLI01121,LJ01,2025-10-04T21:20:16,PAGO,11.66,6.47,18.13,WEB
PED00002695,CLI01958,LJ08,2025-10-04T18:31:15,PAGO,67.74,7.72,75.46,APP_IOS
PED00002696,CLI01575,LJ12,2025-10-04T15:45:22,CANCELADO,116.93,8.82,125.75,APP_IOS
PED00002697,CLI01709,LJ04,2025-10-04T19:15:38,PAGO,54.7,7.47,62.17,APP_ANDROID
PED00002698,CLI01887,LJ03,2025-10-04T22:56:33,CANCELADO,14.97,10.08,25.05,WEB
PED00002699,CLI00497,LJ10,2025-10-04T17:33:12,PAGO,154.61,5.12,159.73,APP_ANDROID
PED00002700,CLI01780,LJ07,2025-10-04T12:42:20,PAGO,26.28,10.65,36.93,WEB
PED00002701,CLI00926,LJ06,2025-10-04T10:50:37,PAGO,3.74,11.87,15.61,APP_IOS
PED00002702,CLI01625,LJ10,2025-10-04T10:56:29,PENDENTE,33.91,8.46,42.37,WEB
PED00002703,CLI00611,LJ11,2025-10-04T22:16:52,PAGO,64.47,9.57,74.04,WEB
PED00002704,CLI00139,LJ03,2025-10-04T10:48:12,PAGO,24.69,9.41,34.1,APP_IOS
PED00002705,CLI01308,LJ07,2025-10-04T16:42:26,PAGO,13.1,7.43,20.53,APP_ANDROID
PED00002706,CLI00277,LJ12,2025-10-04T21:01:34,PAGO,167.71,11.68,179.39,APP_ANDROID
PED00002707,CLI01795,LJ07,2025-10-04T21:44:17,PAGO,12.64,8.89,21.53,WEB
PED00002708,CLI01006,LJ03,2025-10-04T13:08:54,PENDENTE,15.65,7.75,23.4,APP_ANDROID
PED00002709,CLI01007,LJ08,2025-10-04T18:34:56,PAGO,8.01,8.21,16.22,WEB
PED00002710,CLI00965,LJ10,2025-10-04T22:53:34,PAGO,143.09,7.32,150.41,WEB
PED00002711,CLI00922,LJ10,2025-10-04T10:56:14,PAGO,67.5,6.96,74.46,APP_ANDROID
PED00002712,CLI01707,LJ01,2025-10-04T23:37:48,PAGO,75.49,10.4,85.89,WEB
PED00002713,CLI01720,LJ04,2025-10-04T13:16:56,PAGO,122.04,6.08,128.12,APP_ANDROID
PED00002714,CLI00915,LJ06,2025-10-04T13:51:45,PAGO,36.88,5.56,42.44,APP_ANDROID
PED00002715,CLI01680,LJ11,2025-10-04T13:03:12,PAGO,51.59,9.8,61.39,APP_IOS
PED00002716,CLI01604,LJ12,2025-10-04T14:35:59,PENDENTE,102.93,11.16,114.09,APP_IOS
PED00002717,CLI01396,LJ08,2025-10-04T17:08:05,PAGO,51.45,11.89,63.34,WEB
PED00002718,CLI01844,LJ07,2025-10-04T13:58:23,PAGO,44.98,8.16,53.14,APP_IOS
PED00002719,CLI00841,LJ09,2025-10-04T20:27:17,PAGO,33.58,6.34,39.92,APP_ANDROID
PED00002720,CLI00703,LJ03,2025-10-04T15:29:28,CANCELADO,39.69,9.76,49.45,WEB
PED00002721,CLI00766,LJ02,2025-10-04T16:40:57,PAGO,80.37,5.7,86.07,WEB
PED00002722,CLI01460,LJ11,2025-10-04T10:43:28,PAGO,130.53,11.38,141.91,APP_IOS
PED00002723,CLI00155,LJ12,2025-10-04T11:23:40,PENDENTE,77.11,5.88,82.99,WEB
PED00002724,CLI00890,LJ03,2025-10-04T18:47:48,PAGO,138.37,5.19,143.56,WEB
PED00002725,CLI01929,LJ02,2025-10-04T20:33:13,PAGO,33.79,11.97,45.76,WEB
PED00002726,CLI00583,LJ08,2025-10-04T12:18:57,PAGO,24.88,10.61,35.49,APP_ANDROID
PED00002727,CLI00043,LJ10,2025-10-04T16:18:31,PAGO,65.12,9.09,74.21,APP_ANDROID
PED00002728,CLI01148,LJ12,2025-10-04T19:02:35,PAGO,120.77,11.03,131.8,APP_IOS
PED00002729,CLI00268,LJ11,2025-10-04T22:53:35,CANCELADO,23.1,11.07,34.17,APP_ANDROID
PED00002730,CLI00536,LJ08,2025-10-04T16:21:45,PAGO,87.65,8.34,95.99,APP_IOS
PED00002731,CLI00761,LJ12,2025-10-04T20:09:40,PAGO,41.29,7.48,48.77,APP_ANDROID
PED00002732,CLI01453,LJ09,2025-10-04T10:31:26,PAGO,35.32,8.05,43.37,APP_ANDROID
PED00002733,CLI00403,LJ06,2025-10-04T19:18:34,PAGO,42.84,7.55,50.39,APP_IOS
PED00002734,CLI00869,LJ12,2025-10-04T23:22:19,PAGO,62.51,11.21,73.72,WEB
PED00002735,CLI01679,LJ11,2025-10-04T13:51:20,PAGO,28.34,11.21,39.55,APP_ANDROID
PED00002736,CLI00789,LJ11,2025-10-04T18:21:12,PAGO,32.35,9.6,41.95,APP_IOS
PED00002737,CLI01219,LJ12,2025-10-04T12:10:36,PAGO,97.54,5.89,103.43,APP_ANDROID
PED00002738,CLI00928,LJ03,2025-10-04T18:00:59,PAGO,37.82,9.68,47.5,APP_IOS
PED00002739,CLI01048,LJ01,2025-10-04T10:44:15,PAGO,94.48,9.41,103.89,WEB
PED00002740,CLI00105,LJ04,2025-10-04T10:29:04,PAGO,90.66,6.88,97.54,APP_ANDROID
PED00002741,CLI01998,LJ10,2025-10-04T18:03:28,PAGO,77.87,11.53,89.4,WEB
PED00002742,CLI00681,LJ09,2025-10-04T22:54:15,PAGO,13.88,10.4,24.28,WEB
PED00002743,CLI01321,LJ11,2025-10-04T14:39:20,PAGO,15.31,6.61,21.92,APP_IOS
PED00002744,CLI01033,LJ06,2025-10-04T17:54:09,PAGO,144.14,7.45,151.59,WEB
PED00002745,CLI00038,LJ12,2025-10-04T20:09:37,PAGO,113.59,11.54,125.13,APP_ANDROID
PED00002746,CLI01160,LJ06,2025-10-04T20:42:10,PAGO,44.74,9.78,54.52,WEB
PED00002747,CLI01743,LJ05,2025-10-04T18:05:51,PAGO,90.33,11.38,101.71,WEB
PED00002748,CLI01506,LJ09,2025-10-04T23:01:56,PAGO,39.22,9.63,48.85,APP_ANDROID
PED00002749,CLI00165,LJ10,2025-10-04T17:18:55,PAGO,218.1,11.33,229.43,APP_ANDROID
PED00002750,CLI01025,LJ01,2025-10-04T21:44:35,PAGO,82.0,9.52,91.52,WEB
PED00002751,CLI01390,LJ01,2025-10-04T10:08:58,PAGO,42.29,7.52,49.81,APP_ANDROID
PED00002752,CLI01716,LJ05,2025-10-04T18:30:31,PAGO,106.26,9.69,115.95,WEB
PED00002753,CLI01759,LJ11,2025-10-05T10:02:45,PAGO,57.73,10.74,68.47,APP_IOS
PED00002754,CLI00322,LJ04,2025-10-05T10:20:49,PAGO,87.86,10.42,98.28,APP_IOS
PED00002755,CLI00775,LJ06,2025-10-05T17:23:46,PAGO,39.1,7.69,46.79,WEB
PED00002756,CLI01561,LJ07,2025-10-05T14:32:30,PAGO,58.77,9.49,68.26,APP_ANDROID
PED00002757,CLI00586,LJ08,2025-10-05T19:32:22,PAGO,213.27,9.83,223.1,APP_ANDROID
PED00002758,CLI01365,LJ12,2025-10-05T16:13:48,PAGO,90.73,10.97,101.7,WEB
PED00002759,CLI01328,LJ02,2025-10-05T13:34:41,PAGO,89.74,9.31,99.05,WEB
PED00002760,CLI01473,LJ02,2025-10-05T11:33:00,PAGO,115.15,11.8,126.95,WEB
PED00002761,CLI00899,LJ02,2025-10-05T14:14:43,PAGO,107.21,6.49,113.7,WEB
PED00002762,CLI01295,LJ12,2025-10-05T11:44:59,PAGO,58.49,7.05,65.54,APP_IOS
PED00002763,CLI01300,LJ06,2025-10-05T12:46:04,CANCELADO,83.14,5.45,88.59,APP_ANDROID
PED00002764,CLI00041,LJ06,2025-10-05T15:44:54,PAGO,21.32,10.27,31.59,APP_ANDROID
PED00002765,CLI01102,LJ08,2025-10-05T16:36:20,PAGO,54.24,7.44,61.68,APP_ANDROID
PED00002766,CLI01567,LJ12,2025-10-05T14:20:37,PAGO,33.56,10.86,44.42,APP_IOS
PED00002767,CLI00367,LJ12,2025-10-05T17:17:49,PAGO,10.49,10.75,21.24,APP_IOS
PED00002768,CLI00316,LJ04,2025-10-05T11:29:16,PAGO,80.8,11.77,92.57,WEB
PED00002769,CLI00504,LJ12,2025-10-05T15:25:17,PAGO,25.92,6.06,31.98,APP_ANDROID
PED00002770,CLI00551,LJ11,2025-10-05T20:46:14,CANCELADO,64.49,7.72,72.21,WEB
PED00002771,CLI01810,LJ03,2025-10-05T23:46:15,PAGO,91.05,5.32,96.37,APP_ANDROID
PED00002772,CLI00463,LJ10,2025-10-05T10:00:17,PAGO,30.82,8.55,39.37,APP_IOS
PED00002773,CLI01152,LJ11,2025-10-05T13:14:21,PAGO,24.05,6.82,30.87,APP_IOS
PED00002774,CLI00609,LJ09,2025-10-05T22:24:37,PAGO,29.67,11.71,41.38,APP_IOS
PED00002775,CLI00944,LJ10,2025-10-05T21:08:25,PAGO,16.18,8.19,24.37,APP_ANDROID
PED00002776,CLI01654,LJ06,2025-10-05T10:21:26,PAGO,56.81,9.52,66.33,APP_ANDROID
PED00002777,CLI01777,LJ10,2025-10-05T17:55:50,PAGO,22.25,5.74,27.99,APP_IOS
PED00002778,CLI01717,LJ02,2025-10-05T21:54:15,PAGO,25.84,10.03,35.87,APP_IOS
PED00002779,CLI01122,LJ07,2025-10-05T11:08:52,PAGO,40.31,10.32,50.63,APP_ANDROID
PED00002780,CLI01303,LJ05,2025-10-05T15:19:08,PAGO,18.7,6.33,25.03,APP_ANDROID
PED00002781,CLI01116,LJ11,2025-10-05T20:10:16,PAGO,45.22,6.61,51.83,APP_IOS
PED00002782,CLI00239,LJ11,2025-10-05T17:26:11,PAGO,143.21,8.21,151.42,APP_ANDROID
PED00002783,CLI01854,LJ05,2025-10-05T10:35:12,PAGO,21.11,8.4,29.51,APP_IOS
PED00002784,CLI00867,LJ08,2025-10-05T23:46:10,PAGO,47.59,10.68,58.27,WEB
PED00002785,CLI01450,LJ08,2025-10-05T23:29:12,PAGO,30.63,6.12,36.75,WEB
PED00002786,CLI01070,LJ12,2025-10-05T22:05:12,PAGO,269.5,10.73,280.23,APP_IOS
PED00002787,CLI00570,LJ05,2025-10-05T11:10:19,PAGO,174.36,7.59,181.95,APP_ANDROID
PED00002788,CLI01363,LJ11,2025-10-05T19:14:36,PAGO,174.9,6.38,181.28,APP_ANDROID
PED00002789,CLI00425,LJ12,2025-10-05T18:28:32,PAGO,119.62,10.21,129.83,APP_ANDROID
PED00002790,CLI01169,LJ06,2025-10-05T10:32:44,PENDENTE,48.02,5.04,53.06,APP_IOS
PED00002791,CLI01142,LJ07,2025-10-05T19:52:19,PAGO,80.75,9.34,90.09,APP_ANDROID
PED00002792,CLI01955,LJ11,2025-10-05T16:55:23,PAGO,55.36,7.33,62.69,APP_IOS
PED00002793,CLI01645,LJ11,2025-10-05T20:45:16,PAGO,12.05,10.25,22.3,APP_ANDROID
PED00002794,CLI00365,LJ11,2025-10-05T14:04:09,PAGO,110.39,6.86,117.25,APP_IOS
PED00002795,CLI00619,LJ08,2025-10-05T10:15:12,PAGO,18.83,5.16,23.99,APP_ANDROID
PED00002796,CLI00288,LJ07,2025-10-05T20:04:18,PENDENTE,43.54,8.35,51.89,APP_ANDROID
PED00002797,CLI00390,LJ02,2025-10-05T10:38:04,PAGO,69.02,11.94,80.96,APP_IOS
PED00002798,CLI00565,LJ10,2025-10-05T17:18:28,PAGO,57.65,7.03,64.68,APP_IOS
PED00002799,CLI00076,LJ08,2025-10-05T20:47:01,PAGO,19.95,5.76,25.71,APP_ANDROID
PED00002800,CLI01073,LJ01,2025-10-05T15:25:38,PAGO,44.49,10.06,54.55,APP_ANDROID
PED00002801,CLI01409,LJ02,2025-10-05T21:53:51,PAGO,63.28,5.51,68.79,APP_ANDROID
PED00002802,CLI01403,LJ04,2025-10-05T11:01:51,PAGO,73.65,8.11,81.76,APP_ANDROID
PED00002803,CLI00238,LJ05,2025-10-05T18:14:22,CANCELADO,24.36,5.36,29.72,APP_IOS
PED00002804,CLI00134,LJ06,2025-10-05T22:14:34,PAGO,9.48,9.97,19.45,APP_IOS
PED00002805,CLI01733,LJ02,2025-10-05T14:13:48,PAGO,4.03,11.0,15.03,APP_ANDROID
PED00002806,CLI01954,LJ12,2025-10-05T23:31:11,CANCELADO,39.16,6.02,45.18,APP_ANDROID
PED00002807,CLI00298,LJ06,2025-10-05T21:02:34,PAGO,28.68,10.03,38.71,APP_IOS
PED00002808,CLI01381,LJ10,2025-10-05T12:20:49,CANCELADO,133.3,11.61,144.91,WEB
PED00002809,CLI01715,LJ05,2025-10-05T22:03:01,PAGO,94.9,9.63,104.53,WEB
PED00002810,CLI00917,LJ05,2025-10-05T21:04:21,PAGO,121.04,6.7,127.74,WEB
PED00002811,CLI01721,LJ07,2025-10-05T14:35:04,PAGO,48.74,9.48,58.22,APP_IOS
PED00002812,CLI00304,LJ05,2025-10-05T13:01:47,PAGO,66.45,8.45,74.9,WEB
PED00002813,CLI00515,LJ01,2025-10-05T18:39:50,PAGO,59.83,7.49,67.32,WEB
PED00002814,CLI01376,LJ04,2025-10-05T22:27:24,PAGO,236.52,9.75,246.27,APP_ANDROID
PED00002815,CLI00119,LJ11,2025-10-05T18:58:55,PAGO,47.07,6.26,53.33,WEB
PED00002816,CLI00801,LJ08,2025-10-05T13:48:26,PAGO,61.23,7.43,68.66,APP_ANDROID
PED00002817,CLI01317,LJ08,2025-10-05T16:00:50,PAGO,117.31,9.26,126.57,WEB
PED00002818,CLI01282,LJ10,2025-10-05T12:23:03,PAGO,205.29,10.24,215.53,APP_IOS
PED00002819,CLI00433,LJ07,2025-10-05T11:25:03,PAGO,233.07,8.53,241.6,WEB
PED00002820,CLI01252,LJ09,2025-10-05T13:26:31,PAGO,57.74,8.35,66.09,APP_ANDROID
PED00002821,CLI01985,LJ12,2025-10-05T20:50:02,PAGO,89.82,5.37,95.19,WEB
PED00002822,CLI00074,LJ04,2025-10-05T19:03:13,PAGO,50.9,6.42,57.32,APP_ANDROID
PED00002823,CLI00509,LJ05,2025-10-05T20:44:31,PAGO,73.73,8.45,82.18,APP_IOS
PED00002824,CLI00007,LJ04,2025-10-05T20:09:51,PAGO,29.2,9.8,39.0,APP_IOS
PED00002825,CLI01002,LJ12,2025-10-05T18:34:51,PAGO,25.96,8.49,34.45,APP_ANDROID
PED00002826,CLI01835,LJ10,2025-10-05T10:17:14,PAGO,63.87,5.99,69.86,WEB
PED00002827,CLI01413,LJ08,2025-10-05T12:27:06,PAGO,62.56,10.95,73.51,WEB
PED00002828,CLI00729,LJ12,2025-10-05T15:37:09,CANCELADO,65.18,6.34,71.52,WEB
PED00002829,CLI00922,LJ05,2025-10-05T15:12:56,PAGO,6.53,8.9,15.43,APP_ANDROID
PED00002830,CLI00622,LJ05,2025-10-05T13:46:45,PAGO,59.78,7.38,67.16,WEB
PED00002831,CLI00907,LJ07,2025-10-05T22:13:06,PAGO,15.34,6.16,21.5,APP_ANDROID
PED00002832,CLI00322,LJ04,2025-10-05T14:25:46,PENDENTE,13.1,6.12,19.22,APP_ANDROID
PED00002833,CLI01681,LJ09,2025-10-05T19:26:02,PAGO,34.25,6.12,40.37,APP_ANDROID
PED00002834,CLI01736,LJ07,2025-10-05T15:35:08,PAGO,14.66,10.05,24.71,WEB
PED00002835,CLI01805,LJ10,2025-10-05T18:25:12,PAGO,136.66,9.24,145.9,APP_ANDROID
PED00002836,CLI00376,LJ11,2025-10-05T18:45:57,PAGO,94.27,5.12,99.39,WEB
PED00002837,CLI01266,LJ01,2025-10-05T22:18:45,PAGO,87.46,10.61,98.07,APP_IOS
PED00002838,CLI01658,LJ06,2025-10-05T11:11:38,PAGO,81.17,7.13,88.3,APP_ANDROID
PED00002839,CLI00297,LJ06,2025-10-05T10:29:51,CANCELADO,38.06,9.55,47.61,APP_IOS
PED00002840,CLI00908,LJ09,2025-10-05T16:28:28,PAGO,31.15,10.95,42.1,WEB
PED00002841,CLI01461,LJ01,2025-10-06T20:14:25,PAGO,28.78,7.49,36.27,APP_IOS
PED00002842,CLI00307,LJ10,2025-10-06T15:27:26,PAGO,151.23,7.39,158.62,APP_ANDROID
PED00002843,CLI01396,LJ06,2025-10-06T21:31:30,PAGO,21.75,5.18,26.93,WEB
PED00002844,CLI00671,LJ07,2025-10-06T20:32:50,PAGO,199.46,6.82,206.28,APP_IOS
PED00002845,CLI01561,LJ02,2025-10-06T14:22:07,PAGO,159.46,10.73,170.19,WEB
PED00002846,CLI00371,LJ10,2025-10-06T13:58:42,PAGO,36.78,6.64,43.42,APP_ANDROID
PED00002847,CLI01549,LJ10,2025-10-06T13:38:28,PAGO,19.11,9.05,28.16,APP_ANDROID
PED00002848,CLI01814,LJ05,2025-10-06T17:55:25,PAGO,110.62,9.25,119.87,APP_ANDROID
PED00002849,CLI01048,LJ09,2025-10-06T15:57:46,PAGO,263.11,9.34,272.45,WEB
PED00002850,CLI01125,LJ06,2025-10-06T14:17:55,PAGO,69.81,11.23,81.04,WEB
PED00002851,CLI01105,LJ12,2025-10-06T17:25:12,PAGO,201.47,7.39,208.86,APP_ANDROID
PED00002852,CLI00322,LJ02,2025-10-06T21:31:13,PAGO,22.72,9.89,32.61,APP_IOS
PED00002853,CLI00815,LJ07,2025-10-06T16:55:49,PAGO,70.71,9.04,79.75,WEB
PED00002854,CLI00353,LJ12,2025-10-06T11:32:08,PAGO,87.25,11.5,98.75,APP_ANDROID
PED00002855,CLI00210,LJ07,2025-10-06T23:28:05,PAGO,49.67,6.21,55.88,APP_ANDROID
PED00002856,CLI00113,LJ01,2025-10-06T22:39:12,PAGO,21.26,6.89,28.15,APP_ANDROID
PED00002857,CLI01975,LJ02,2025-10-06T15:56:20,PAGO,22.93,10.79,33.72,APP_ANDROID
PED00002858,CLI01602,LJ10,2025-10-06T10:28:52,PAGO,79.13,5.68,84.81,APP_ANDROID
PED00002859,CLI00641,LJ04,2025-10-06T18:12:12,PAGO,101.79,9.86,111.65,WEB
PED00002860,CLI01670,LJ12,2025-10-06T11:02:06,PAGO,128.0,8.3,136.3,APP_IOS
PED00002861,CLI00004,LJ06,2025-10-06T16:34:42,PAGO,57.11,7.15,64.26,APP_ANDROID
PED00002862,CLI01609,LJ07,2025-10-06T23:30:39,PAGO,71.88,9.06,80.94,APP_IOS
PED00002863,CLI01907,LJ04,2025-10-06T22:08:50,PAGO,95.61,6.92,102.53,WEB
PED00002864,CLI01549,LJ02,2025-10-06T11:39:53,PAGO,34.39,8.38,42.77,APP_IOS
PED00002865,CLI01030,LJ08,2025-10-06T12:55:07,PAGO,146.44,5.02,151.46,WEB
PED00002866,CLI01274,LJ06,2025-10-06T14:31:27,PAGO,44.8,5.22,50.02,APP_ANDROID
PED00002867,CLI01783,LJ07,2025-10-06T18:01:05,PAGO,86.68,6.3,92.98,WEB
PED00002868,CLI01864,LJ06,2025-10-06T14:36:21,PAGO,91.59,11.95,103.54,WEB
PED00002869,CLI01234,LJ02,2025-10-06T13:24:18,PAGO,174.99,10.5,185.49,APP_IOS
PED00002870,CLI01823,LJ02,2025-10-06T16:52:33,PAGO,184.28,7.1,191.38,WEB
PED00002871,CLI01342,LJ05,2025-10-06T19:31:13,PAGO,31.13,7.6,38.73,APP_ANDROID
PED00002872,CLI00735,LJ04,2025-10-06T12:50:49,PAGO,64.43,9.53,73.96,WEB
PED00002873,CLI00036,LJ05,2025-10-06T19:31:02,PAGO,33.02,6.47,39.49,WEB
PED00002874,CLI01828,LJ11,2025-10-06T17:48:50,PAGO,36.69,10.43,47.12,APP_IOS
PED00002875,CLI01020,LJ08,2025-10-06T20:01:39,PAGO,70.46,11.98,82.44,WEB
PED00002876,CLI01203,LJ03,2025-10-06T15:49:58,PAGO,112.08,6.07,118.15,APP_ANDROID
PED00002877,CLI00839,LJ10,2025-10-06T20:44:19,PAGO,32.31,11.83,44.14,WEB
PED00002878,CLI01893,LJ05,2025-10-06T10:20:03,PAGO,110.32,7.5,117.82,WEB
PED00002879,CLI01397,LJ04,2025-10-06T20:16:32,CANCELADO,24.22,6.16,30.38,APP_ANDROID
PED00002880,CLI01811,LJ04,2025-10-06T21:36:24,PAGO,81.77,11.38,93.15,APP_IOS
PED00002881,CLI00249,LJ06,2025-10-06T12:37:16,PAGO,85.59,5.95,91.54,WEB
PED00002882,CLI00270,LJ02,2025-10-06T16:52:50,PAGO,43.17,11.84,55.01,APP_IOS
PED00002883,CLI01188,LJ07,2025-10-06T15:23:40,PENDENTE,59.64,7.05,66.69,APP_ANDROID
PED00002884,CLI00359,LJ09,2025-10-06T10:47:31,PAGO,241.05,9.3,250.35,APP_IOS
PED00002885,CLI00332,LJ09,2025-10-06T20:04:27,PAGO,122.9,6.3,129.2,APP_ANDROID
PED00002886,CLI01953,LJ01,2025-10-06T23:23:37,PAGO,217.9,9.36,227.26,APP_ANDROID
PED00002887,CLI00288,LJ03,2025-10-06T11:30:12,PAGO,75.28,5.42,80.7,APP_IOS
PED00002888,CLI01265,LJ02,2025-10-06T20:59:29,PENDENTE,22.4,9.38,31.78,APP_ANDROID
PED00002889,CLI00501,LJ02,2025-10-07T14:23:48,PAGO,9.62,11.19,20.81,APP_ANDROID
PED00002890,CLI00033,LJ01,2025-10-07T11:07:13,PAGO,22.96,9.75,32.71,WEB
PED00002891,CLI00688,LJ11,2025-10-07T19:08:47,PAGO,31.85,8.26,40.11,WEB
PED00002892,CLI01255,LJ10,2025-10-07T21:33:59,PAGO,38.45,10.46,48.91,APP_IOS
PED00002893,CLI00032,LJ08,2025-10-07T21:27:50,PAGO,50.76,5.79,56.55,APP_IOS
PED00002894,CLI01023,LJ06,2025-10-07T10:42:49,PAGO,6.27,10.9,17.17,APP_ANDROID
PED00002895,CLI01500,LJ05,2025-10-07T12:08:44,PAGO,22.48,7.84,30.32,APP_IOS
PED00002896,CLI01513,LJ10,2025-10-07T20:30:19,PAGO,73.29,8.46,81.75,APP_ANDROID
PED00002897,CLI01871,LJ04,2025-10-07T17:07:20,PAGO,80.4,7.0,87.4,APP_ANDROID
PED00002898,CLI00914,LJ02,2025-10-07T22:17:29,PAGO,37.21,5.46,42.67,APP_ANDROID
PED00002899,CLI00572,LJ01,2025-10-07T10:09:46,PAGO,108.43,10.78,119.21,APP_ANDROID
PED00002900,CLI00587,LJ05,2025-10-07T18:48:25,PAGO,74.2,7.07,81.27,APP_ANDROID
PED00002901,CLI00898,LJ09,2025-10-07T21:18:23,PAGO,73.29,10.81,84.1,WEB
PED00002902,CLI01015,LJ06,2025-10-07T23:18:07,PAGO,90.32,8.22,98.54,WEB
PED00002903,CLI01315,LJ01,2025-10-07T23:19:40,PAGO,26.94,6.84,33.78,APP_IOS
PED00002904,CLI01204,LJ03,2025-10-07T11:40:11,PAGO,133.29,10.96,144.25,APP_IOS
PED00002905,CLI01300,LJ09,2025-10-07T15:27:20,PAGO,71.47,6.08,77.55,APP_IOS
PED00002906,CLI00150,LJ01,2025-10-07T16:18:57,PAGO,7.34,5.43,12.77,WEB
PED00002907,CLI01052,LJ08,2025-10-07T16:03:39,PAGO,127.84,5.01,132.85,WEB
PED00002908,CLI01831,LJ10,2025-10-07T16:58:40,PAGO,97.49,5.51,103.0,WEB
PED00002909,CLI01628,LJ11,2025-10-07T12:02:34,PAGO,32.61,6.31,38.92,APP_ANDROID
PED00002910,CLI00646,LJ02,2025-10-07T19:24:30,PAGO,29.32,8.01,37.33,APP_IOS
PED00002911,CLI01391,LJ04,2025-10-07T14:57:11,PAGO,72.01,8.2,80.21,APP_IOS
PED00002912,CLI00520,LJ10,2025-10-07T19:55:21,CANCELADO,40.66,11.21,51.87,WEB
PED00002913,CLI00965,LJ11,2025-10-07T23:33:28,PENDENTE,114.67,6.56,121.23,APP_IOS
PED00002914,CLI01012,LJ06,2025-10-07T10:17:18,PAGO,126.59,9.99,136.58,APP_ANDROID
PED00002915,CLI00666,LJ11,2025-10-07T14:08:29,PAGO,28.48,5.85,34.33,APP_ANDROID
PED00002916,CLI01519,LJ07,2025-10-07T19:53:47,PAGO,122.37,9.54,131.91,APP_ANDROID
PED00002917,CLI01203,LJ12,2025-10-07T10:48:50,PAGO,34.37,7.31,41.68,APP_IOS
PED00002918,CLI00487,LJ08,2025-10-07T23:11:48,PAGO,67.32,5.6,72.92,WEB
PED00002919,CLI00656,LJ07,2025-10-07T21:15:11,PAGO,87.64,6.2,93.84,APP_ANDROID
PED00002920,CLI00831,LJ10,2025-10-07T14:08:48,PAGO,78.1,7.62,85.72,APP_ANDROID
PED00002921,CLI01768,LJ06,2025-10-07T23:33:57,PAGO,149.92,5.79,155.71,WEB
PED00002922,CLI00850,LJ09,2025-10-07T16:24:41,PAGO,22.26,6.3,28.56,APP_IOS
PED00002923,CLI00028,LJ10,2025-10-07T13:44:26,PAGO,114.75,8.92,123.67,APP_IOS
PED00002924,CLI01642,LJ02,2025-10-07T14:09:43,PAGO,84.06,11.12,95.18,APP_ANDROID
PED00002925,CLI01686,LJ07,2025-10-07T21:56:08,PAGO,111.15,8.3,119.45,WEB
PED00002926,CLI01253,LJ09,2025-10-07T11:40:58,PAGO,204.14,10.06,214.2,APP_ANDROID
PED00002927,CLI01593,LJ05,2025-10-07T15:53:08,PAGO,19.61,9.94,29.55,APP_IOS
PED00002928,CLI00209,LJ06,2025-10-07T15:15:09,PAGO,118.45,5.6,124.05,WEB
PED00002929,CLI00865,LJ01,2025-10-07T18:25:11,PAGO,54.23,10.69,64.92,APP_IOS
PED00002930,CLI01696,LJ08,2025-10-07T15:54:09,PAGO,60.8,5.6,66.4,APP_IOS
PED00002931,CLI00318,LJ04,2025-10-07T21:36:07,PAGO,100.26,7.55,107.81,APP_IOS
PED00002932,CLI00887,LJ10,2025-10-07T21:42:54,PAGO,100.02,9.1,109.12,APP_ANDROID
PED00002933,CLI00283,LJ04,2025-10-07T16:17:19,PAGO,31.47,6.76,38.23,APP_IOS
PED00002934,CLI01745,LJ07,2025-10-07T12:27:12,PAGO,14.99,6.3,21.29,APP_ANDROID
PED00002935,CLI01660,LJ12,2025-10-07T22:37:53,PAGO,163.6,10.1,173.7,APP_ANDROID
PED00002936,CLI00482,LJ03,2025-10-07T17:06:01,PAGO,41.64,9.7,51.34,APP_ANDROID
PED00002937,CLI01427,LJ08,2025-10-07T11:38:43,PENDENTE,205.04,11.62,216.66,APP_IOS
PED00002938,CLI00993,LJ07,2025-10-07T18:36:09,PAGO,74.56,11.63,86.19,WEB
PED00002939,CLI00699,LJ09,2025-10-07T21:02:11,CANCELADO,296.3,6.23,302.53,APP_ANDROID
PED00002940,CLI01223,LJ10,2025-10-07T13:06:58,PAGO,26.22,10.51,36.73,APP_ANDROID
PED00002941,CLI01739,LJ07,2025-10-07T11:27:06,PAGO,8.46,5.14,13.6,WEB
PED00002942,CLI00784,LJ08,2025-10-07T11:08:31,PAGO,162.72,6.22,168.94,APP_ANDROID
PED00002943,CLI01754,LJ01,2025-10-07T20:43:24,PAGO,38.44,8.01,46.45,WEB
PED00002944,CLI01321,LJ07,2025-10-07T17:35:59,PAGO,48.36,5.1,53.46,APP_IOS
PED00002945,CLI01308,LJ06,2025-10-08T15:15:56,PAGO,174.09,7.65,181.74,APP_ANDROID
PED00002946,CLI00857,LJ10,2025-10-08T20:03:37,PAGO,89.8,9.74,99.54,APP_IOS
PED00002947,CLI01324,LJ06,2025-10-08T12:32:48,PAGO,7.99,7.99,15.98,WEB
PED00002948,CLI00416,LJ06,2025-10-08T18:44:43,PAGO,65.95,10.61,76.56,WEB
PED00002949,CLI01460,LJ11,2025-10-08T21:17:14,PAGO,30.14,11.76,41.9,APP_ANDROID
PED00002950,CLI01977,LJ11,2025-10-08T15:38:48,PAGO,77.21,9.02,86.23,APP_ANDROID
PED00002951,CLI00684,LJ06,2025-10-08T21:40:17,PAGO,122.64,11.37,134.01,APP_ANDROID
PED00002952,CLI01188,LJ07,2025-10-08T17:53:24,PAGO,290.14,11.94,302.08,APP_IOS
PED00002953,CLI01887,LJ08,2025-10-08T16:24:59,PAGO,224.22,9.93,234.15,APP_ANDROID
PED00002954,CLI01273,LJ05,2025-10-08T10:31:10,PAGO,198.41,5.62,204.03,WEB
PED00002955,CLI00009,LJ03,2025-10-08T19:44:22,PAGO,132.98,11.99,144.97,APP_ANDROID
PED00002956,CLI01033,LJ04,2025-10-08T21:39:01,PAGO,69.61,8.91,78.52,APP_ANDROID
PED00002957,CLI00702,LJ02,2025-10-08T19:58:02,PAGO,31.95,7.96,39.91,APP_IOS
PED00002958,CLI01355,LJ12,2025-10-08T14:51:37,PAGO,73.75,8.4,82.15,APP_ANDROID
PED00002959,CLI00418,LJ05,2025-10-08T21:43:41,PAGO,119.34,11.83,131.17,WEB
PED00002960,CLI00189,LJ07,2025-10-08T20:01:56,PAGO,43.63,11.5,55.13,APP_ANDROID
PED00002961,CLI00233,LJ11,2025-10-08T11:42:51,PAGO,54.86,11.21,66.07,WEB
PED00002962,CLI01578,LJ11,2025-10-08T12:51:53,PAGO,106.42,5.45,111.87,APP_IOS
PED00002963,CLI00715,LJ05,2025-10-08T22:28:44,PAGO,186.02,6.1,192.12,WEB
PED00002964,CLI00118,LJ04,2025-10-08T11:30:40,PAGO,9.45,9.5,18.95,WEB
PED00002965,CLI01572,LJ08,2025-10-08T12:33:57,PAGO,77.92,5.17,83.09,WEB
PED00002966,CLI00437,LJ09,2025-10-08T12:28:24,PENDENTE,62.4,7.1,69.5,APP_ANDROID
PED00002967,CLI00483,LJ09,2025-10-08T15:35:22,PAGO,79.37,7.55,86.92,APP_ANDROID
PED00002968,CLI01128,LJ05,2025-10-08T17:38:09,PAGO,35.05,5.1,40.15,APP_IOS
PED00002969,CLI00211,LJ12,2025-10-08T20:28:29,PAGO,44.37,11.73,56.1,APP_IOS
PED00002970,CLI00217,LJ12,2025-10-08T10:14:40,PAGO,69.15,9.17,78.32,APP_ANDROID
PED00002971,CLI01812,LJ02,2025-10-08T12:27:13,PAGO,123.09,6.11,129.2,APP_IOS
PED00002972,CLI00895,LJ09,2025-10-08T19:39:11,PAGO,16.32,6.46,22.78,APP_ANDROID
PED00002973,CLI01151,LJ03,2025-10-08T20:39:23,PENDENTE,60.59,5.53,66.12,APP_ANDROID
PED00002974,CLI01559,LJ08,2025-10-08T16:54:12,PAGO,167.23,11.37,178.6,APP_ANDROID
PED00002975,CLI01841,LJ11,2025-10-08T15:43:31,PAGO,8.7,11.59,20.29,APP_IOS
PED00002976,CLI01892,LJ05,2025-10-08T23:21:04,PAGO,20.04,6.84,26.88,WEB
PED00002977,CLI00095,LJ12,2025-10-08T18:03:50,PAGO,175.24,7.6,182.84,WEB
PED00002978,CLI00292,LJ08,2025-10-08T15:00:54,PAGO,94.22,6.22,100.44,WEB
PED00002979,CLI01434,LJ07,2025-10-08T23:08:57,PAGO,52.5,8.3,60.8,APP_IOS
PED00002980,CLI00270,LJ11,2025-10-08T19:21:17,PAGO,49.83,10.85,60.68,WEB
PED00002981,CLI00888,LJ10,2025-10-08T15:14:22,CANCELADO,114.1,9.0,123.1,APP_IOS
PED00002982,CLI00135,LJ09,2025-10-08T11:31:42,PAGO,88.47,8.8,97.27,WEB
PED00002983,CLI00645,LJ11,2025-10-08T10:18:43,PENDENTE,69.05,11.74,80.79,APP_IOS
PED00002984,CLI01264,LJ08,2025-10-08T15:49:33,PAGO,78.0,6.31,84.31,WEB
PED00002985,CLI00657,LJ05,2025-10-08T19:02:53,PAGO,19.02,5.85,24.87,APP_IOS
PED00002986,CLI00758,LJ08,2025-10-08T22:29:00,PENDENTE,186.58,10.32,196.9,APP_IOS
PED00002987,CLI00538,LJ09,2025-10-08T13:24:54,PAGO,391.79,10.74,402.53,APP_ANDROID
PED00002988,CLI01225,LJ01,2025-10-08T16:56:01,PAGO,59.21,9.37,68.58,APP_ANDROID
PED00002989,CLI01196,LJ02,2025-10-08T15:49:30,PAGO,71.86,6.43,78.29,APP_ANDROID
PED00002990,CLI01424,LJ12,2025-10-08T14:37:44,PAGO,153.76,9.82,163.58,WEB
PED00002991,CLI01477,LJ04,2025-10-08T13:50:30,PAGO,225.54,6.01,231.55,WEB
PED00002992,CLI00492,LJ04,2025-10-08T21:32:31,PAGO,74.71,5.99,80.7,APP_IOS
PED00002993,CLI00602,LJ11,2025-10-08T23:45:15,PAGO,39.22,8.93,48.15,APP_ANDROID
PED00002994,CLI00975,LJ02,2025-10-08T22:48:02,PAGO,163.69,10.61,174.3,WEB
PED00002995,CLI01745,LJ11,2025-10-08T22:06:15,PAGO,86.45,7.32,93.77,WEB
PED00002996,CLI00457,LJ04,2025-10-08T15:33:07,PAGO,17.1,11.69,28.79,WEB
PED00002997,CLI01133,LJ06,2025-10-08T14:25:11,PAGO,21.72,5.74,27.46,APP_IOS
PED00002998,CLI01720,LJ11,2025-10-08T16:27:18,PAGO,124.49,5.31,129.8,APP_IOS
PED00002999,CLI00525,LJ10,2025-10-08T16:34:58,PAGO,164.43,6.95,171.38,WEB
PED00003000,CLI00604,LJ08,2025-10-08T23:09:42,PAGO,19.53,11.94,31.47,WEB
PED00003001,CLI00844,LJ04,2025-10-08T19:16:37,PAGO,21.81,10.61,32.42,APP_ANDROID
PED00003002,CLI01635,LJ05,2025-10-08T21:20:10,PAGO,88.99,6.61,95.6,APP_IOS
PED00003003,CLI00975,LJ09,2025-10-08T14:09:04,PAGO,131.48,8.39,139.87,APP_IOS
PED00003004,CLI01512,LJ02,2025-10-08T15:16:53,PAGO,58.33,8.69,67.02,APP_IOS
PED00003005,CLI00382,LJ05,2025-10-08T17:08:11,PAGO,185.99,6.13,192.12,WEB
PED00003006,CLI01360,LJ11,2025-10-08T18:57:31,CANCELADO,30.35,11.77,42.12,APP_ANDROID
PED00003007,CLI00749,LJ06,2025-10-08T20:59:34,PAGO,116.92,10.09,127.01,WEB
PED00003008,CLI01155,LJ12,2025-10-08T21:37:33,PENDENTE,71.11,8.92,80.03,APP_ANDROID
PED00003009,CLI00844,LJ05,2025-10-09T13:12:42,CANCELADO,137.68,10.38,148.06,APP_ANDROID
PED00003010,CLI00262,LJ11,2025-10-09T10:17:03,PAGO,343.66,5.57,349.23,WEB
PED00003011,CLI00461,LJ02,2025-10-09T16:12:14,PAGO,62.82,10.87,73.69,WEB
PED00003012,CLI00244,LJ03,2025-10-09T11:58:57,PAGO,41.82,6.03,47.85,APP_IOS
PED00003013,CLI01713,LJ11,2025-10-09T12:30:48,PAGO,60.99,9.4,70.39,APP_IOS
PED00003014,CLI00432,LJ02,2025-10-09T11:59:49,PAGO,86.34,5.75,92.09,WEB
PED00003015,CLI00566,LJ05,2025-10-09T10:48:09,PAGO,20.4,8.3,28.7,APP_IOS
PED00003016,CLI00040,LJ04,2025-10-09T16:55:26,PAGO,94.45,6.66,101.11,APP_ANDROID
PED00003017,CLI01990,LJ11,2025-10-09T23:50:05,PAGO,80.96,11.48,92.44,APP_IOS
PED00003018,CLI01098,LJ03,2025-10-09T13:26:12,PENDENTE,11.27,5.22,16.49,APP_IOS
PED00003019,CLI00108,LJ03,2025-10-09T16:09:14,PAGO,97.13,7.45,104.58,APP_IOS
PED00003020,CLI00577,LJ07,2025-10-09T15:52:48,PAGO,27.06,11.3,38.36,APP_IOS
PED00003021,CLI00462,LJ06,2025-10-09T21:59:54,PAGO,6.66,11.84,18.5,APP_ANDROID
PED00003022,CLI01527,LJ03,2025-10-09T12:26:58,PAGO,25.2,10.26,35.46,APP_IOS
PED00003023,CLI01483,LJ03,2025-10-09T21:02:23,PAGO,27.13,8.38,35.51,WEB
PED00003024,CLI00082,LJ12,2025-10-09T20:12:18,PAGO,96.46,6.3,102.76,APP_IOS
PED00003025,CLI00574,LJ03,2025-10-09T14:00:05,PAGO,219.56,8.72,228.28,WEB
PED00003026,CLI01472,LJ12,2025-10-09T15:57:22,PENDENTE,78.09,10.33,88.42,APP_ANDROID
PED00003027,CLI01503,LJ05,2025-10-09T12:40:37,PAGO,63.52,8.71,72.23,APP_ANDROID
PED00003028,CLI00524,LJ10,2025-10-09T17:56:43,PAGO,71.07,11.03,82.1,APP_ANDROID
PED00003029,CLI01898,LJ03,2025-10-09T22:20:14,PAGO,175.04,10.44,185.48,WEB
PED00003030,CLI00221,LJ10,2025-10-09T13:43:57,PAGO,85.01,10.07,95.08,WEB
PED00003031,CLI01779,LJ10,2025-10-09T20:24:12,PAGO,147.96,5.46,153.42,APP_ANDROID
PED00003032,CLI01619,LJ02,2025-10-09T19:30:10,PAGO,53.73,10.41,64.14,WEB
PED00003033,CLI00082,LJ02,2025-10-09T11:29:04,PAGO,59.75,9.89,69.64,APP_ANDROID
PED00003034,CLI01997,LJ07,2025-10-09T22:36:50,PAGO,13.72,7.8,21.52,WEB
PED00003035,CLI00964,LJ05,2025-10-09T10:00:38,PAGO,19.64,9.73,29.37,APP_ANDROID
PED00003036,CLI01115,LJ01,2025-10-09T16:06:00,PAGO,63.21,5.04,68.25,APP_IOS
PED00003037,CLI01485,LJ02,2025-10-09T12:44:25,PAGO,26.7,10.83,37.53,WEB
PED00003038,CLI01160,LJ04,2025-10-09T22:17:46,PAGO,76.91,8.63,85.54,APP_ANDROID
PED00003039,CLI01718,LJ02,2025-10-09T14:39:19,PAGO,144.83,10.41,155.24,WEB
PED00003040,CLI01293,LJ07,2025-10-09T11:27:28,PAGO,15.55,6.09,21.64,APP_ANDROID
PED00003041,CLI01612,LJ10,2025-10-09T16:20:20,PAGO,49.25,10.01,59.26,WEB
PED00003042,CLI01876,LJ06,2025-10-09T23:51:16,PAGO,23.43,10.86,34.29,APP_ANDROID
PED00003043,CLI00603,LJ03,2025-10-09T14:41:49,PAGO,65.02,8.1,73.12,APP_IOS
PED00003044,CLI00315,LJ01,2025-10-09T12:01:25,PAGO,43.6,7.98,51.58,WEB
PED00003045,CLI00574,LJ05,2025-10-09T18:56:10,PAGO,43.1,5.22,48.32,WEB
PED00003046,CLI00802,LJ08,2025-10-09T22:53:27,PAGO,110.36,7.18,117.54,WEB
PED00003047,CLI00527,LJ12,2025-10-09T17:07:26,PAGO,168.97,8.15,177.12,APP_ANDROID
PED00003048,CLI00954,LJ09,2025-10-09T21:37:13,PAGO,42.52,6.02,48.54,APP_IOS
PED00003049,CLI00873,LJ06,2025-10-09T14:48:46,PAGO,150.71,9.82,160.53,APP_ANDROID
PED00003050,CLI00388,LJ12,2025-10-09T10:46:01,PAGO,8.43,10.3,18.73,WEB
PED00003051,CLI01135,LJ09,2025-10-09T12:13:08,PENDENTE,55.46,11.9,67.36,WEB
PED00003052,CLI01672,LJ06,2025-10-09T22:30:42,PAGO,179.59,6.63,186.22,WEB
PED00003053,CLI00150,LJ10,2025-10-09T11:57:23,PAGO,10.4,10.24,20.64,WEB
PED00003054,CLI01716,LJ03,2025-10-09T13:04:22,PAGO,137.78,7.37,145.15,WEB
PED00003055,CLI00414,LJ10,2025-10-09T17:56:40,PAGO,146.06,10.62,156.68,APP_IOS
PED00003056,CLI01699,LJ02,2025-10-09T10:01:41,PAGO,26.98,9.74,36.72,APP_ANDROID
PED00003057,CLI00300,LJ08,2025-10-09T20:26:40,PAGO,32.61,6.38,38.99,APP_IOS
PED00003058,CLI00855,LJ12,2025-10-09T13:44:41,PAGO,59.96,10.97,70.93,APP_ANDROID
PED00003059,CLI00223,LJ05,2025-10-09T23:11:27,PAGO,208.53,7.67,216.2,APP_IOS
PED00003060,CLI01037,LJ12,2025-10-09T13:53:57,PAGO,120.75,9.6,130.35,APP_ANDROID
PED00003061,CLI01001,LJ06,2025-10-09T12:50:32,CANCELADO,30.78,8.89,39.67,WEB
PED00003062,CLI01113,LJ03,2025-10-09T12:59:51,PAGO,16.72,5.79,22.51,WEB
PED00003063,CLI00243,LJ02,2025-10-09T22:53:53,PAGO,78.63,7.42,86.05,WEB
PED00003064,CLI00788,LJ03,2025-10-09T21:27:38,PAGO,78.82,5.89,84.71,APP_ANDROID
PED00003065,CLI01219,LJ06,2025-10-09T23:42:11,PAGO,67.41,6.23,73.64,APP_ANDROID
PED00003066,CLI01088,LJ12,2025-10-09T23:31:51,PAGO,49.88,9.67,59.55,APP_ANDROID
PED00003067,CLI00291,LJ05,2025-10-09T23:36:40,PAGO,35.83,8.33,44.16,APP_ANDROID
PED00003068,CLI00663,LJ11,2025-10-09T19:13:22,PAGO,164.18,6.22,170.4,APP_ANDROID
PED00003069,CLI00437,LJ10,2025-10-09T16:50:17,PAGO,33.65,8.73,42.38,WEB
PED00003070,CLI00314,LJ11,2025-10-09T21:30:30,PAGO,59.2,11.61,70.81,APP_ANDROID
PED00003071,CLI00770,LJ10,2025-10-09T19:06:43,CANCELADO,24.91,10.17,35.08,WEB
PED00003072,CLI00676,LJ10,2025-10-09T23:17:18,PAGO,21.08,10.3,31.38,WEB
PED00003073,CLI01975,LJ01,2025-10-09T12:24:47,PAGO,13.25,10.49,23.74,WEB
PED00003074,CLI00512,LJ03,2025-10-09T13:43:23,PAGO,15.85,5.65,21.5,WEB
PED00003075,CLI01505,LJ04,2025-10-09T22:39:32,PENDENTE,16.15,7.25,23.4,APP_ANDROID
PED00003076,CLI00061,LJ01,2025-10-09T17:41:18,PAGO,251.5,7.42,258.92,APP_IOS
PED00003077,CLI00823,LJ04,2025-10-09T13:48:11,PAGO,140.11,10.14,150.25,APP_ANDROID
PED00003078,CLI00828,LJ01,2025-10-09T17:03:11,PAGO,206.56,7.99,214.55,APP_IOS
PED00003079,CLI00763,LJ06,2025-10-09T23:54:47,PAGO,64.96,9.71,74.67,APP_IOS
PED00003080,CLI00401,LJ10,2025-10-09T16:33:18,PAGO,50.42,9.62,60.04,APP_IOS
PED00003081,CLI01000,LJ02,2025-10-10T16:40:13,PAGO,79.58,10.65,90.23,WEB
PED00003082,CLI01953,LJ10,2025-10-10T18:30:56,PAGO,10.24,11.69,21.93,APP_ANDROID
PED00003083,CLI00863,LJ12,2025-10-10T10:06:32,PAGO,36.4,7.14,43.54,APP_IOS
PED00003084,CLI01259,LJ04,2025-10-10T12:32:06,CANCELADO,157.02,7.28,164.3,WEB
PED00003085,CLI01990,LJ12,2025-10-10T17:43:27,PAGO,73.11,7.24,80.35,APP_ANDROID
PED00003086,CLI00226,LJ07,2025-10-10T13:38:07,PAGO,26.8,11.08,37.88,APP_IOS
PED00003087,CLI01607,LJ06,2025-10-10T10:12:12,PAGO,19.08,10.92,30.0,WEB
PED00003088,CLI00618,LJ11,2025-10-10T21:18:27,PAGO,63.57,6.52,70.09,WEB
PED00003089,CLI01553,LJ03,2025-10-10T15:57:20,PAGO,75.59,8.82,84.41,WEB
PED00003090,CLI01270,LJ10,2025-10-10T16:44:47,PAGO,12.86,7.38,20.24,APP_IOS
PED00003091,CLI01712,LJ12,2025-10-10T22:40:15,PAGO,240.74,7.95,248.69,APP_IOS
PED00003092,CLI01796,LJ07,2025-10-10T23:31:40,PAGO,128.86,6.79,135.65,APP_IOS
PED00003093,CLI00416,LJ10,2025-10-10T17:57:07,PAGO,34.31,6.72,41.03,WEB
PED00003094,CLI00978,LJ12,2025-10-10T20:07:58,PAGO,73.65,11.41,85.06,APP_IOS
PED00003095,CLI00896,LJ07,2025-10-10T16:18:57,PAGO,84.77,10.01,94.78,WEB
PED00003096,CLI01125,LJ09,2025-10-10T14:22:54,PAGO,119.66,8.21,127.87,WEB
PED00003097,CLI00138,LJ11,2025-10-10T23:39:03,CANCELADO,97.99,11.74,109.73,WEB
PED00003098,CLI01600,LJ12,2025-10-10T13:08:48,PAGO,277.04,9.0,286.04,APP_ANDROID
PED00003099,CLI00469,LJ03,2025-10-10T16:51:21,PAGO,48.93,6.18,55.11,WEB
PED00003100,CLI00766,LJ02,2025-10-10T22:14:13,PAGO,105.45,10.51,115.96,WEB
PED00003101,CLI01547,LJ12,2025-10-10T19:30:03,PAGO,252.97,8.97,261.94,APP_ANDROID
PED00003102,CLI00233,LJ11,2025-10-10T23:12:21,PAGO,101.86,10.19,112.05,WEB
PED00003103,CLI01401,LJ05,2025-10-10T18:52:53,PAGO,102.54,5.33,107.87,APP_IOS
PED00003104,CLI00213,LJ11,2025-10-10T17:02:13,PAGO,14.56,10.72,25.28,APP_IOS
PED00003105,CLI01812,LJ11,2025-10-10T17:07:51,PAGO,139.07,10.09,149.16,WEB
PED00003106,CLI00072,LJ02,2025-10-10T17:08:31,PAGO,29.61,11.89,41.5,WEB
PED00003107,CLI00484,LJ02,2025-10-10T13:09:17,PAGO,116.0,5.64,121.64,APP_ANDROID
PED00003108,CLI00189,LJ05,2025-10-10T15:30:03,PENDENTE,45.32,10.39,55.71,APP_IOS
PED00003109,CLI01427,LJ08,2025-10-10T17:06:43,PAGO,51.97,9.24,61.21,APP_IOS
PED00003110,CLI00003,LJ11,2025-10-10T23:48:31,PAGO,11.49,7.97,19.46,APP_IOS
PED00003111,CLI00690,LJ03,2025-10-10T17:32:54,PAGO,138.79,8.82,147.61,WEB
PED00003112,CLI00861,LJ05,2025-10-10T16:57:21,PAGO,55.67,10.77,66.44,APP_ANDROID
PED00003113,CLI00997,LJ12,2025-10-10T14:38:45,PAGO,22.85,7.65,30.5,APP_ANDROID
PED00003114,CLI01328,LJ11,2025-10-10T13:30:23,PAGO,250.55,5.13,255.68,WEB
PED00003115,CLI00308,LJ03,2025-10-10T15:29:23,PAGO,7.45,6.67,14.12,APP_ANDROID
PED00003116,CLI01172,LJ05,2025-10-10T23:57:20,PAGO,78.71,9.6,88.31,APP_ANDROID
PED00003117,CLI00413,LJ09,2025-10-10T12:51:43,PENDENTE,4.05,7.21,11.26,WEB
PED00003118,CLI00559,LJ02,2025-10-10T20:29:41,PAGO,72.82,9.29,82.11,APP_IOS
PED00003119,CLI01484,LJ04,2025-10-10T18:28:52,PAGO,102.22,8.59,110.81,APP_ANDROID
PED00003120,CLI01980,LJ09,2025-10-10T11:58:24,PAGO,80.54,11.82,92.36,APP_IOS
PED00003121,CLI00273,LJ02,2025-10-10T19:38:33,PAGO,101.81,5.4,107.21,APP_ANDROID
PED00003122,CLI00837,LJ11,2025-10-10T20:27:11,PAGO,332.57,8.73,341.3,APP_IOS
PED00003123,CLI00735,LJ11,2025-10-10T19:28:16,CANCELADO,29.63,8.4,38.03,APP_IOS
PED00003124,CLI01370,LJ07,2025-10-10T12:16:08,PAGO,7.73,8.89,16.62,APP_ANDROID
PED00003125,CLI00718,LJ02,2025-10-10T18:34:17,PAGO,122.44,5.57,128.01,APP_IOS
PED00003126,CLI00820,LJ04,2025-10-10T15:30:11,PAGO,26.35,9.9,36.25,APP_ANDROID
PED00003127,CLI00287,LJ09,2025-10-10T20:45:19,PAGO,57.23,9.35,66.58,WEB
PED00003128,CLI00889,LJ11,2025-10-10T21:36:10,PAGO,161.6,6.91,168.51,APP_ANDROID
PED00003129,CLI00481,LJ07,2025-10-10T23:18:39,PAGO,13.29,9.02,22.31,WEB
PED00003130,CLI00307,LJ03,2025-10-10T12:44:27,PAGO,108.45,5.42,113.87,APP_ANDROID
PED00003131,CLI01565,LJ12,2025-10-10T16:44:36,PAGO,47.42,9.54,56.96,WEB
PED00003132,CLI01057,LJ02,2025-10-10T12:48:56,PAGO,29.21,5.57,34.78,APP_ANDROID
PED00003133,CLI01901,LJ10,2025-10-10T13:55:37,PAGO,22.24,7.49,29.73,APP_ANDROID
PED00003134,CLI00372,LJ03,2025-10-10T11:19:47,PENDENTE,160.36,8.04,168.4,APP_ANDROID
PED00003135,CLI00987,LJ01,2025-10-10T15:47:42,PAGO,103.4,11.32,114.72,WEB
PED00003136,CLI01063,LJ08,2025-10-10T14:02:45,PAGO,42.74,5.48,48.22,APP_ANDROID
PED00003137,CLI01822,LJ09,2025-10-10T19:38:48,PAGO,35.58,5.52,41.1,APP_ANDROID
PED00003138,CLI01771,LJ01,2025-10-10T18:59:12,PAGO,85.18,9.29,94.47,WEB
PED00003139,CLI00558,LJ01,2025-10-10T19:55:15,PAGO,289.84,8.2,298.04,WEB
PED00003140,CLI00818,LJ07,2025-10-10T12:14:01,PAGO,88.18,10.88,99.06,WEB
PED00003141,CLI01878,LJ06,2025-10-10T10:26:25,PAGO,141.01,8.0,149.01,APP_ANDROID
PED00003142,CLI01692,LJ08,2025-10-10T19:44:15,PAGO,63.18,10.43,73.61,WEB
PED00003143,CLI01655,LJ01,2025-10-10T19:07:01,PAGO,42.5,6.76,49.26,WEB
PED00003144,CLI00207,LJ02,2025-10-10T23:40:37,PAGO,76.94,11.52,88.46,APP_IOS
PED00003145,CLI00016,LJ10,2025-10-10T18:15:06,PENDENTE,35.55,7.7,43.25,APP_IOS
PED00003146,CLI01055,LJ08,2025-10-10T14:40:09,PAGO,186.99,10.24,197.23,APP_ANDROID
PED00003147,CLI00065,LJ01,2025-10-10T21:23:58,PAGO,119.04,5.65,124.69,APP_ANDROID
PED00003148,CLI01410,LJ12,2025-10-10T22:21:29,PAGO,117.76,6.97,124.73,WEB
PED00003149,CLI00712,LJ11,2025-10-10T22:53:40,PENDENTE,69.14,7.54,76.68,APP_IOS
PED00003150,CLI00877,LJ09,2025-10-10T18:23:18,PAGO,43.26,10.62,53.88,APP_ANDROID
PED00003151,CLI01267,LJ10,2025-10-10T10:10:42,PAGO,54.36,6.27,60.63,APP_ANDROID
PED00003152,CLI01046,LJ05,2025-10-10T19:41:06,PAGO,35.76,7.35,43.11,APP_IOS
PED00003153,CLI00412,LJ02,2025-10-10T20:23:05,PAGO,7.59,5.76,13.35,APP_ANDROID
PED00003154,CLI00994,LJ09,2025-10-10T14:30:12,PAGO,25.63,9.34,34.97,WEB
PED00003155,CLI00156,LJ10,2025-10-10T21:55:26,PAGO,341.74,9.77,351.51,APP_ANDROID
PED00003156,CLI00917,LJ05,2025-10-10T17:17:01,PAGO,19.14,5.73,24.87,APP_ANDROID
PED00003157,CLI00900,LJ08,2025-10-10T19:36:51,PAGO,130.45,8.54,138.99,WEB
PED00003158,CLI00642,LJ02,2025-10-10T19:57:42,PAGO,7.22,6.66,13.88,WEB
PED00003159,CLI01972,LJ07,2025-10-10T23:49:05,PAGO,22.23,9.25,31.48,APP_IOS
PED00003160,CLI00435,LJ04,2025-10-10T17:44:22,PAGO,15.17,6.93,22.1,WEB
PED00003161,CLI00157,LJ06,2025-10-10T17:14:12,PAGO,73.44,8.37,81.81,APP_IOS
PED00003162,CLI01851,LJ06,2025-10-10T11:19:37,PAGO,82.13,11.0,93.13,APP_ANDROID
PED00003163,CLI00359,LJ10,2025-10-10T16:27:46,PAGO,80.28,6.37,86.65,APP_IOS
PED00003164,CLI00934,LJ01,2025-10-10T22:19:46,CANCELADO,21.78,7.5,29.28,WEB
PED00003165,CLI00255,LJ11,2025-10-10T19:39:03,PAGO,67.09,8.47,75.56,APP_ANDROID
PED00003166,CLI00122,LJ05,2025-10-10T23:13:09,CANCELADO,24.56,10.9,35.46,APP_IOS
PED00003167,CLI00857,LJ11,2025-10-10T15:16:37,PAGO,180.9,5.41,186.31,APP_ANDROID
PED00003168,CLI01250,LJ09,2025-10-10T19:45:29,PAGO,66.29,10.97,77.26,APP_ANDROID
PED00003169,CLI01246,LJ10,2025-10-10T23:05:44,PAGO,37.46,7.02,44.48,APP_IOS
PED00003170,CLI00846,LJ03,2025-10-10T18:48:41,PAGO,15.33,10.96,26.29,WEB
PED00003171,CLI01102,LJ11,2025-10-10T19:20:59,PAGO,23.22,11.07,34.29,APP_ANDROID
PED00003172,CLI01276,LJ08,2025-10-10T17:22:25,PAGO,123.1,9.71,132.81,WEB
PED00003173,CLI00414,LJ09,2025-10-10T13:27:31,PAGO,24.37,5.5,29.87,APP_IOS
PED00003174,CLI01010,LJ06,2025-10-10T22:13:41,PAGO,50.36,10.28,60.64,APP_ANDROID
PED00003175,CLI01079,LJ12,2025-10-10T20:14:39,PAGO,22.65,5.25,27.9,APP_IOS
PED00003176,CLI01909,LJ06,2025-10-10T12:04:22,PAGO,25.3,10.95,36.25,APP_ANDROID
PED00003177,CLI01991,LJ12,2025-10-10T14:30:06,PENDENTE,39.74,5.27,45.01,APP_IOS
PED00003178,CLI00368,LJ02,2025-10-10T21:08:13,PAGO,53.25,9.4,62.65,APP_ANDROID
PED00003179,CLI00234,LJ05,2025-10-10T14:20:12,CANCELADO,16.21,10.84,27.05,APP_ANDROID
PED00003180,CLI01001,LJ09,2025-10-10T23:28:31,PAGO,88.59,9.94,98.53,APP_ANDROID
PED00003181,CLI01625,LJ05,2025-10-10T16:39:43,PAGO,77.88,6.32,84.2,APP_IOS
PED00003182,CLI00911,LJ02,2025-10-10T19:29:15,PAGO,75.56,10.45,86.01,WEB
PED00003183,CLI01800,LJ04,2025-10-10T15:27:18,PAGO,46.11,8.37,54.48,WEB
PED00003184,CLI01167,LJ10,2025-10-10T19:36:13,PAGO,266.54,5.06,271.6,APP_IOS
PED00003185,CLI00690,LJ02,2025-10-10T17:54:58,PAGO,47.27,8.53,55.8,WEB
PED00003186,CLI01972,LJ07,2025-10-10T18:27:51,PAGO,23.18,11.4,34.58,APP_IOS
PED00003187,CLI00727,LJ02,2025-10-10T14:44:39,PAGO,61.46,6.41,67.87,APP_IOS
PED00003188,CLI01015,LJ02,2025-10-10T20:02:59,PAGO,49.31,9.01,58.32,APP_IOS
PED00003189,CLI01185,LJ06,2025-10-10T18:24:39,PAGO,58.21,6.79,65.0,APP_IOS
PED00003190,CLI01162,LJ05,2025-10-10T22:21:10,PAGO,74.49,8.03,82.52,APP_ANDROID
PED00003191,CLI01550,LJ10,2025-10-10T18:06:35,PAGO,70.34,5.81,76.15,APP_IOS
PED00003192,CLI01527,LJ02,2025-10-10T14:00:22,PAGO,48.63,7.81,56.44,APP_IOS
PED00003193,CLI00148,LJ03,2025-10-11T12:51:26,PAGO,11.57,9.02,20.59,APP_IOS
PED00003194,CLI01229,LJ12,2025-10-11T16:00:54,PAGO,272.1,9.71,281.81,WEB
PED00003195,CLI01082,LJ11,2025-10-11T15:48:40,PAGO,44.21,11.86,56.07,APP_ANDROID
PED00003196,CLI01810,LJ03,2025-10-11T22:49:34,PAGO,97.42,9.8,107.22,WEB
PED00003197,CLI00700,LJ11,2025-10-11T13:15:07,PAGO,14.56,8.49,23.05,APP_ANDROID
PED00003198,CLI00106,LJ05,2025-10-11T20:15:29,PAGO,83.33,11.47,94.8,APP_IOS
PED00003199,CLI01179,LJ07,2025-10-11T14:28:48,PAGO,139.7,6.11,145.81,APP_ANDROID
PED00003200,CLI00178,LJ06,2025-10-11T14:56:13,PAGO,157.02,10.74,167.76,APP_ANDROID
PED00003201,CLI00425,LJ07,2025-10-11T14:26:56,CANCELADO,12.35,6.18,18.53,WEB
PED00003202,CLI01546,LJ11,2025-10-11T12:13:08,PAGO,76.87,9.98,86.85,WEB
PED00003203,CLI01994,LJ08,2025-10-11T17:20:35,PAGO,37.76,5.62,43.38,APP_IOS
PED00003204,CLI00663,LJ05,2025-10-11T10:09:19,PAGO,14.88,6.38,21.26,APP_ANDROID
PED00003205,CLI01333,LJ05,2025-10-11T19:07:16,PAGO,10.34,9.4,19.74,APP_IOS
PED00003206,CLI01914,LJ05,2025-10-11T12:29:59,PAGO,43.25,6.83,50.08,APP_ANDROID
PED00003207,CLI00794,LJ08,2025-10-11T16:32:41,CANCELADO,84.42,7.7,92.12,WEB
PED00003208,CLI00837,LJ12,2025-10-11T13:00:57,PAGO,53.28,5.66,58.94,APP_ANDROID
PED00003209,CLI01365,LJ08,2025-10-11T11:38:36,PAGO,53.34,8.22,61.56,APP_ANDROID
PED00003210,CLI01514,LJ01,2025-10-11T22:13:34,PAGO,110.16,10.45,120.61,APP_IOS
PED00003211,CLI00784,LJ02,2025-10-11T20:59:23,PAGO,84.83,5.3,90.13,WEB
PED00003212,CLI01667,LJ12,2025-10-11T22:14:18,PAGO,202.04,11.72,213.76,WEB
PED00003213,CLI01439,LJ02,2025-10-11T21:43:08,PAGO,12.54,5.32,17.86,APP_IOS
PED00003214,CLI00308,LJ04,2025-10-11T13:36:34,PAGO,63.27,8.48,71.75,WEB
PED00003215,CLI01109,LJ11,2025-10-11T17:38:10,PAGO,232.16,7.3,239.46,APP_ANDROID
PED00003216,CLI01631,LJ09,2025-10-11T16:21:29,PAGO,12.28,8.69,20.97,APP_ANDROID
PED00003217,CLI01303,LJ05,2025-10-11T22:36:39,PAGO,44.61,6.9,51.51,WEB
PED00003218,CLI00594,LJ02,2025-10-11T19:45:35,PAGO,235.23,6.67,241.9,APP_IOS
PED00003219,CLI01169,LJ09,2025-10-11T20:00:09,PAGO,48.55,7.64,56.19,APP_IOS
PED00003220,CLI01657,LJ03,2025-10-11T14:53:03,PAGO,134.77,5.93,140.7,WEB
PED00003221,CLI00029,LJ12,2025-10-11T15:30:45,PAGO,16.47,6.23,22.7,WEB
PED00003222,CLI00251,LJ12,2025-10-11T15:08:23,CANCELADO,76.51,6.98,83.49,APP_ANDROID
PED00003223,CLI01464,LJ07,2025-10-11T16:52:32,PAGO,23.14,10.43,33.57,APP_IOS
PED00003224,CLI01925,LJ06,2025-10-11T18:49:54,CANCELADO,92.91,7.0,99.91,APP_IOS
PED00003225,CLI00270,LJ04,2025-10-11T22:47:23,PAGO,28.81,10.49,39.3,APP_IOS
PED00003226,CLI01420,LJ04,2025-10-11T15:27:14,PAGO,33.34,6.26,39.6,WEB
PED00003227,CLI01139,LJ05,2025-10-11T23:29:32,PAGO,73.93,10.23,84.16,APP_ANDROID
PED00003228,CLI01328,LJ12,2025-10-11T21:16:30,PAGO,31.96,8.62,40.58,APP_IOS
PED00003229,CLI01428,LJ05,2025-10-11T23:32:11,PAGO,81.58,7.29,88.87,APP_ANDROID
PED00003230,CLI01558,LJ01,2025-10-11T11:37:28,PAGO,30.3,9.41,39.71,APP_IOS
PED00003231,CLI01760,LJ07,2025-10-11T11:30:00,PAGO,95.33,11.52,106.85,WEB
PED00003232,CLI00634,LJ09,2025-10-11T23:56:04,PAGO,40.06,5.39,45.45,APP_ANDROID
PED00003233,CLI01021,LJ08,2025-10-11T12:05:50,PAGO,20.61,11.78,32.39,WEB
PED00003234,CLI01950,LJ02,2025-10-11T17:47:44,PAGO,19.79,5.39,25.18,APP_ANDROID
PED00003235,CLI01888,LJ07,2025-10-11T13:52:28,PAGO,95.96,9.59,105.55,APP_ANDROID
PED00003236,CLI01421,LJ08,2025-10-11T11:52:57,PAGO,121.52,10.41,131.93,APP_IOS
PED00003237,CLI00288,LJ01,2025-10-11T17:01:06,PAGO,52.66,6.3,58.96,APP_ANDROID
PED00003238,CLI00282,LJ06,2025-10-11T17:26:05,PAGO,84.3,8.75,93.05,WEB
PED00003239,CLI00883,LJ11,2025-10-11T22:42:44,PAGO,77.52,8.47,85.99,APP_ANDROID
PED00003240,CLI01416,LJ12,2025-10-11T10:04:45,PAGO,81.78,10.15,91.93,WEB
PED00003241,CLI00218,LJ05,2025-10-11T10:56:21,PAGO,64.08,9.27,73.35,APP_IOS
PED00003242,CLI01507,LJ10,2025-10-11T19:00:17,PAGO,97.12,6.35,103.47,WEB
PED00003243,CLI01087,LJ09,2025-10-11T13:24:08,PAGO,306.56,7.88,314.44,WEB
PED00003244,CLI01912,LJ11,2025-10-11T22:11:44,PAGO,7.53,9.3,16.83,WEB
PED00003245,CLI01376,LJ11,2025-10-11T14:06:44,PAGO,29.72,8.73,38.45,APP_ANDROID
PED00003246,CLI00084,LJ06,2025-10-11T16:10:16,PAGO,99.85,10.01,109.86,APP_IOS
PED00003247,CLI01885,LJ10,2025-10-11T13:33:29,PAGO,164.56,11.89,176.45,WEB
PED00003248,CLI01917,LJ05,2025-10-11T10:18:24,PAGO,99.46,6.29,105.75,APP_ANDROID
PED00003249,CLI01876,LJ04,2025-10-11T13:03:32,PAGO,8.33,7.78,16.11,WEB
PED00003250,CLI01975,LJ03,2025-10-11T23:04:47,CANCELADO,13.52,9.21,22.73,WEB
PED00003251,CLI00858,LJ02,2025-10-11T17:29:51,PAGO,65.83,5.02,70.85,WEB
PED00003252,CLI01731,LJ05,2025-10-11T16:28:26,PAGO,28.59,5.28,33.87,WEB
PED00003253,CLI01494,LJ03,2025-10-11T15:30:44,PAGO,34.04,8.69,42.73,APP_ANDROID
PED00003254,CLI00766,LJ01,2025-10-11T10:51:03,PAGO,27.25,5.29,32.54,APP_ANDROID
PED00003255,CLI01018,LJ06,2025-10-11T16:09:51,PAGO,77.28,10.21,87.49,WEB
PED00003256,CLI01439,LJ12,2025-10-11T10:42:29,PAGO,250.62,11.24,261.86,APP_ANDROID
PED00003257,CLI01007,LJ08,2025-10-11T19:59:17,CANCELADO,29.28,8.54,37.82,APP_IOS
PED00003258,CLI00858,LJ11,2025-10-11T18:38:32,PENDENTE,46.35,10.25,56.6,WEB
PED00003259,CLI00751,LJ02,2025-10-11T22:44:37,PAGO,14.73,9.77,24.5,WEB
PED00003260,CLI00187,LJ07,2025-10-11T15:09:11,PAGO,46.55,6.68,53.23,WEB
PED00003261,CLI01147,LJ08,2025-10-11T20:31:28,PAGO,148.87,11.68,160.55,APP_IOS
PED00003262,CLI01984,LJ01,2025-10-11T23:26:42,PAGO,51.54,9.65,61.19,APP_ANDROID
PED00003263,CLI00827,LJ03,2025-10-11T12:52:04,PAGO,92.44,7.42,99.86,APP_IOS
PED00003264,CLI01828,LJ02,2025-10-11T20:54:14,PAGO,30.82,9.36,40.18,WEB
PED00003265,CLI01354,LJ09,2025-10-11T16:20:50,PAGO,144.67,6.66,151.33,APP_ANDROID
PED00003266,CLI01838,LJ12,2025-10-11T15:23:44,PAGO,8.19,11.96,20.15,APP_ANDROID
PED00003267,CLI01472,LJ08,2025-10-11T18:28:50,PENDENTE,9.94,5.98,15.92,APP_IOS
PED00003268,CLI01468,LJ02,2025-10-11T11:13:41,PAGO,3.72,8.63,12.35,APP_IOS
PED00003269,CLI00521,LJ08,2025-10-11T20:20:52,PAGO,48.91,6.6,55.51,WEB
PED00003270,CLI01357,LJ12,2025-10-11T11:35:50,PAGO,51.24,9.11,60.35,WEB
PED00003271,CLI00799,LJ10,2025-10-11T18:52:48,PAGO,21.4,6.91,28.31,APP_ANDROID
PED00003272,CLI00220,LJ11,2025-10-11T13:29:03,PAGO,25.73,9.3,35.03,APP_IOS
PED00003273,CLI00818,LJ01,2025-10-11T19:19:29,PAGO,86.8,11.36,98.16,APP_IOS
PED00003274,CLI01402,LJ05,2025-10-11T22:08:43,CANCELADO,58.23,5.97,64.2,APP_IOS
PED00003275,CLI01962,LJ02,2025-10-11T15:41:06,PENDENTE,65.62,7.32,72.94,APP_IOS
PED00003276,CLI01570,LJ09,2025-10-11T23:57:28,PAGO,18.11,5.19,23.3,APP_IOS
PED00003277,CLI01044,LJ12,2025-10-11T14:15:10,PAGO,271.64,6.7,278.34,WEB
PED00003278,CLI00484,LJ01,2025-10-11T21:22:35,PAGO,30.53,10.33,40.86,WEB
PED00003279,CLI01118,LJ03,2025-10-11T12:17:13,PAGO,95.53,11.67,107.2,APP_ANDROID
PED00003280,CLI01257,LJ09,2025-10-11T13:47:39,PAGO,60.33,8.27,68.6,WEB
PED00003281,CLI00937,LJ08,2025-10-11T23:39:45,PAGO,148.86,5.77,154.63,WEB
PED00003282,CLI01708,LJ08,2025-10-11T13:07:43,PAGO,150.15,9.0,159.15,APP_ANDROID
PED00003283,CLI00588,LJ06,2025-10-11T18:13:45,PAGO,15.43,8.88,24.31,APP_ANDROID
PED00003284,CLI00277,LJ07,2025-10-11T13:43:11,PAGO,51.42,6.29,57.71,WEB
PED00003285,CLI01126,LJ08,2025-10-11T23:10:59,PAGO,162.62,5.02,167.64,WEB
PED00003286,CLI01154,LJ07,2025-10-11T20:40:52,PAGO,31.7,5.85,37.55,WEB
PED00003287,CLI01968,LJ01,2025-10-11T10:34:55,PAGO,12.52,6.17,18.69,WEB
PED00003288,CLI00786,LJ01,2025-10-11T18:36:33,PAGO,31.42,8.29,39.71,WEB
PED00003289,CLI01689,LJ06,2025-10-11T19:39:46,PAGO,18.04,7.75,25.79,APP_ANDROID
PED00003290,CLI01055,LJ09,2025-10-11T20:46:32,PAGO,64.39,6.08,70.47,APP_ANDROID
PED00003291,CLI00032,LJ07,2025-10-11T23:12:08,PAGO,57.28,7.99,65.27,APP_ANDROID
PED00003292,CLI00884,LJ05,2025-10-11T16:34:26,PAGO,118.91,5.84,124.75,APP_IOS
PED00003293,CLI00018,LJ01,2025-10-11T10:59:57,PAGO,61.33,6.25,67.58,APP_IOS
PED00003294,CLI01413,LJ04,2025-10-11T13:30:27,PAGO,118.15,8.77,126.92,APP_ANDROID
PED00003295,CLI00161,LJ01,2025-10-11T21:41:03,PAGO,167.03,6.44,173.47,APP_ANDROID
PED00003296,CLI00585,LJ01,2025-10-11T12:25:37,PAGO,156.68,7.46,164.14,WEB
PED00003297,CLI01031,LJ08,2025-10-11T15:31:49,PAGO,23.05,5.95,29.0,APP_IOS
PED00003298,CLI00576,LJ05,2025-10-11T14:24:34,CANCELADO,16.91,11.92,28.83,WEB
PED00003299,CLI00611,LJ02,2025-10-11T18:19:11,PAGO,40.6,8.17,48.77,APP_IOS
PED00003300,CLI00512,LJ04,2025-10-11T23:55:31,PAGO,25.55,7.42,32.97,WEB
PED00003301,CLI00170,LJ03,2025-10-11T17:36:14,PAGO,22.04,9.54,31.58,APP_ANDROID
PED00003302,CLI00890,LJ12,2025-10-11T10:19:07,PAGO,66.3,6.31,72.61,WEB
PED00003303,CLI01447,LJ01,2025-10-11T17:20:32,PAGO,133.52,9.84,143.36,APP_IOS
PED00003304,CLI01185,LJ03,2025-10-11T18:40:37,PAGO,89.55,9.62,99.17,WEB
PED00003305,CLI01368,LJ11,2025-10-11T12:11:01,PAGO,169.8,9.65,179.45,WEB
PED00003306,CLI00755,LJ07,2025-10-11T20:15:16,PAGO,203.78,5.6,209.38,WEB
PED00003307,CLI00903,LJ12,2025-10-11T12:59:28,PAGO,165.56,7.7,173.26,APP_ANDROID
PED00003308,CLI00926,LJ11,2025-10-11T11:07:00,PAGO,77.93,6.53,84.46,APP_IOS
PED00003309,CLI00932,LJ05,2025-10-11T11:30:40,PAGO,37.59,10.78,48.37,APP_IOS
PED00003310,CLI01478,LJ02,2025-10-11T14:52:35,PAGO,13.75,9.5,23.25,APP_IOS
PED00003311,CLI01189,LJ03,2025-10-11T17:49:31,CANCELADO,32.34,10.12,42.46,WEB
PED00003312,CLI01807,LJ05,2025-10-11T16:35:36,PAGO,44.39,7.3,51.69,APP_ANDROID
PED00003313,CLI01906,LJ11,2025-10-11T19:06:18,PAGO,116.67,8.66,125.33,APP_IOS
PED00003314,CLI00712,LJ07,2025-10-11T11:36:30,PAGO,83.04,6.1,89.14,WEB
PED00003315,CLI01381,LJ01,2025-10-11T20:53:32,PAGO,43.28,10.13,53.41,APP_ANDROID
PED00003316,CLI00906,LJ11,2025-10-11T15:38:58,CANCELADO,50.33,11.32,61.65,APP_ANDROID
PED00003317,CLI00070,LJ12,2025-10-11T23:26:33Z,PAGO,87.57,11.49,99.06,WEB
PED00003318,CLI01152,LJ09,2025-10-11T16:52:21,PAGO,112.81,10.21,123.02,APP_ANDROID
PED00003319,CLI01798,LJ04,2025-10-11T12:04:15,PAGO,201.04,11.88,212.92,WEB
PED00003320,CLI00684,LJ08,2025-10-11T16:39:48,PAGO,33.83,10.08,43.91,WEB
PED00003321,CLI00855,LJ03,2025-10-12T13:43:42,PAGO,23.73,7.17,30.9,APP_ANDROID
PED00003322,CLI01990,LJ05,2025-10-12T18:47:25,PAGO,54.76,9.27,64.03,WEB
PED00003323,CLI00491,LJ05,2025-10-12T13:27:23,PAGO,100.32,8.45,108.77,APP_IOS
PED00003324,CLI00293,LJ02,2025-10-12T15:55:54,PAGO,52.41,5.05,57.46,APP_ANDROID
PED00003325,CLI01468,LJ01,2025-10-12T17:51:05,CANCELADO,178.5,7.69,186.19,WEB
PED00003326,CLI00185,LJ08,2025-10-12T13:18:05,CANCELADO,87.61,7.1,94.71,APP_IOS
PED00003327,CLI01652,LJ03,2025-10-12T13:55:13,CANCELADO,26.37,7.44,33.81,APP_ANDROID
PED00003328,CLI00832,LJ04,2025-10-12T10:44:12,PAGO,48.58,7.06,55.64,APP_IOS
PED00003329,CLI01736,LJ11,2025-10-12T10:04:36,PAGO,51.42,10.91,62.33,WEB
PED00003330,CLI00995,LJ09,2025-10-12T20:06:52,PAGO,32.44,6.92,39.36,WEB
PED00003331,CLI00443,LJ06,2025-10-12T10:36:01,PAGO,28.44,8.65,37.09,APP_IOS
PED00003332,CLI01922,LJ04,2025-10-12T19:09:38,PAGO,40.97,9.08,50.05,APP_IOS
PED00003333,CLI01542,LJ04,2025-10-12T18:16:48,PAGO,30.03,6.11,36.14,APP_IOS
PED00003334,CLI00785,LJ04,2025-10-12T13:36:43,PAGO,48.83,5.89,54.72,WEB
PED00003335,CLI01785,LJ09,2025-10-12T16:23:31,PAGO,72.17,9.96,82.13,WEB
PED00003336,CLI01047,LJ12,2025-10-12T22:13:00,PAGO,28.26,9.59,37.85,APP_IOS
PED00003337,CLI00849,LJ08,2025-10-12T19:05:31,PAGO,22.63,9.34,31.97,APP_IOS
PED00003338,CLI01256,LJ03,2025-10-12T13:14:45,PAGO,11.55,11.34,22.89,APP_IOS
PED00003339,CLI01458,LJ09,2025-10-12T23:29:46,PAGO,41.47,11.38,52.85,APP_IOS
PED00003340,CLI00546,LJ08,2025-10-12T20:31:05,PAGO,11.54,7.03,18.57,APP_ANDROID
PED00003341,CLI00820,LJ04,2025-10-12T16:08:38,PAGO,99.35,9.62,108.97,WEB
PED00003342,CLI00290,LJ12,2025-10-12T12:13:57,PAGO,22.12,11.89,34.01,WEB
PED00003343,CLI01050,LJ12,2025-10-12T11:10:21,PAGO,38.4,9.28,47.68,APP_ANDROID
PED00003344,CLI01427,LJ02,2025-10-12T17:27:19,PAGO,55.5,7.25,62.75,APP_ANDROID
PED00003345,CLI01295,LJ03,2025-10-12T14:19:53,PAGO,184.26,11.43,195.69,WEB
PED00003346,CLI00989,LJ06,2025-10-12T22:16:31,PAGO,51.51,7.42,58.93,WEB
PED00003347,CLI01923,LJ03,2025-10-12T12:01:19,PAGO,240.35,11.48,251.83,WEB
PED00003348,CLI00012,LJ06,2025-10-12T22:27:35,PAGO,119.5,5.15,124.65,APP_ANDROID
PED00003349,CLI01217,LJ09,2025-10-12T18:57:11,PAGO,7.26,5.81,13.07,WEB
PED00003350,CLI01572,LJ03,2025-10-12T13:40:22,PAGO,118.62,9.11,127.73,WEB
PED00003351,CLI00178,LJ01,2025-10-12T10:50:43,CANCELADO,30.69,10.91,41.6,APP_ANDROID
PED00003352,CLI01172,LJ10,2025-10-12T23:32:57,PAGO,95.08,10.53,105.61,APP_IOS
PED00003353,CLI00614,LJ01,2025-10-12T18:00:54,PAGO,25.61,7.43,33.04,APP_ANDROID
PED00003354,CLI00602,LJ07,2025-10-12T10:32:32,PAGO,55.83,9.52,65.35,WEB
PED00003355,CLI01971,LJ01,2025-10-12T10:36:37,PAGO,15.82,7.61,23.43,WEB
PED00003356,CLI00831,LJ05,2025-10-12T23:58:32,PAGO,42.66,5.74,48.4,APP_ANDROID
PED00003357,CLI01037,LJ05,2025-10-12T18:44:13,PAGO,72.37,7.98,80.35,APP_ANDROID
PED00003358,CLI01925,LJ11,2025-10-12T23:11:51,PAGO,153.94,11.09,165.03,APP_ANDROID
PED00003359,CLI00181,LJ10,2025-10-12T22:05:47,PAGO,101.91,8.29,110.2,APP_IOS
PED00003360,CLI01543,LJ11,2025-10-12T11:23:20,PAGO,155.19,8.79,163.98,APP_IOS
PED00003361,CLI00703,LJ05,2025-10-12T12:54:57,PENDENTE,21.24,9.34,30.58,APP_ANDROID
PED00003362,CLI01278,LJ03,2025-10-12T21:45:24,PAGO,44.57,10.52,55.09,APP_ANDROID
PED00003363,CLI01434,LJ02,2025-10-12T19:34:03,PAGO,152.43,10.14,162.57,APP_IOS
PED00003364,CLI00247,LJ11,2025-10-12T19:31:32,PAGO,14.21,7.8,22.01,WEB
PED00003365,CLI01828,LJ11,2025-10-12T13:17:23,PAGO,39.96,5.33,45.29,APP_IOS
PED00003366,CLI00853,LJ10,2025-10-12T15:25:39,PAGO,192.12,10.59,202.71,APP_ANDROID
PED00003367,CLI01450,LJ01,2025-10-12T17:22:00,PAGO,56.7,5.69,62.39,APP_ANDROID
PED00003368,CLI01107,LJ07,2025-10-12T15:13:46,PAGO,106.24,7.7,113.94,WEB
PED00003369,CLI00524,LJ08,2025-10-12T18:06:50,PAGO,146.87,9.4,156.27,APP_IOS
PED00003370,CLI00248,LJ08,2025-10-12T21:27:08,PAGO,35.87,10.16,46.03,APP_ANDROID
PED00003371,CLI01744,LJ02,2025-10-12T18:01:28,PENDENTE,77.45,8.11,85.56,APP_ANDROID
PED00003372,CLI00377,LJ06,2025-10-12T14:19:55,PAGO,49.4,6.78,56.18,WEB
PED00003373,CLI01700,LJ11,2025-10-12T21:16:01,PAGO,27.22,6.01,33.23,APP_IOS
PED00003374,CLI01130,LJ10,2025-10-12T17:52:49,PENDENTE,68.8,7.5,76.3,APP_IOS
PED00003375,CLI00373,LJ01,2025-10-12T23:15:06,PAGO,134.89,6.94,141.83,APP_IOS
PED00003376,CLI01128,LJ04,2025-10-12T16:14:20,PAGO,65.18,7.91,73.09,APP_IOS
PED00003377,CLI00734,LJ03,2025-10-12T16:00:05,PAGO,47.48,5.69,53.17,APP_ANDROID
PED00003378,CLI01921,LJ03,2025-10-12T23:28:58,PAGO,207.32,8.86,216.18,APP_IOS
PED00003379,CLI01319,LJ11,2025-10-12T10:03:10,PAGO,164.29,10.57,174.86,APP_IOS
PED00003380,CLI00697,LJ07,2025-10-12T14:44:32,PAGO,305.15,6.66,311.81,APP_ANDROID
PED00003381,CLI00706,LJ03,2025-10-12T23:45:55,CANCELADO,126.55,9.28,135.83,WEB
PED00003382,CLI00097,LJ04,2025-10-12T12:10:06,PAGO,212.4,5.61,218.01,APP_IOS
PED00003383,CLI00206,LJ03,2025-10-12T11:34:34,PAGO,140.23,11.18,151.41,APP_ANDROID
PED00003384,CLI00309,LJ06,2025-10-12T13:26:28,PAGO,12.02,7.14,19.16,APP_ANDROID
PED00003385,CLI01418,LJ05,2025-10-12T11:40:28,PAGO,49.61,11.54,61.15,APP_IOS
PED00003386,CLI00265,LJ04,2025-10-12T17:05:25,PENDENTE,89.64,11.41,101.05,WEB
PED00003387,CLI01284,LJ12,2025-10-12T12:58:04,PAGO,56.13,11.52,67.65,WEB
PED00003388,CLI00864,LJ08,2025-10-12T16:40:16,PAGO,69.31,5.53,74.84,APP_IOS
PED00003389,CLI00064,LJ11,2025-10-12T22:16:25,PAGO,60.75,10.89,71.64,APP_ANDROID
PED00003390,CLI00278,LJ08,2025-10-12T22:45:49,PAGO,64.16,11.98,76.14,WEB
PED00003391,CLI00731,LJ08,2025-10-12T17:50:25,PAGO,163.04,6.65,169.69,APP_IOS
PED00003392,CLI00702,LJ11,2025-10-12T13:16:29,PAGO,159.37,11.64,171.01,WEB
PED00003393,CLI00438,LJ11,2025-10-12T21:17:43,PAGO,98.89,10.45,109.34,WEB
PED00003394,CLI00165,LJ12,2025-10-12T14:11:07,PAGO,50.14,5.45,55.59,APP_IOS
PED00003395,CLI00553,LJ04,2025-10-12T18:08:28,PAGO,36.59,6.85,43.44,WEB
PED00003396,CLI01836,LJ06,2025-10-12T21:36:49,PAGO,60.15,11.02,71.17,APP_IOS
PED00003397,CLI01151,LJ01,2025-10-12T13:54:39,PAGO,49.85,11.63,61.48,WEB
PED00003398,CLI01559,LJ11,2025-10-12T22:40:37,PENDENTE,15.5,6.48,21.98,WEB
PED00003399,CLI00484,LJ10,2025-10-12T18:19:34,PAGO,17.14,6.86,24.0,APP_IOS
PED00003400,CLI00684,LJ07,2025-10-12T22:40:26,PAGO,70.93,7.17,78.1,WEB
PED00003401,CLI00552,LJ06,2025-10-12T16:55:52,PENDENTE,45.42,8.17,53.59,APP_IOS
PED00003402,CLI00607,LJ05,2025-10-12T16:47:13,PAGO,14.25,5.51,19.76,WEB
PED00003403,CLI01326,LJ09,2025-10-12T14:35:06,PAGO,80.93,6.72,87.65,WEB
PED00003404,CLI00049,LJ10,2025-10-12T21:09:41,CANCELADO,6.8,7.16,13.96,APP_IOS
PED00003405,CLI01658,LJ08,2025-10-12T16:26:58,PAGO,98.3,8.83,107.13,WEB
PED00003406,CLI00919,LJ05,2025-10-12T10:43:59,PAGO,32.08,9.84,41.92,APP_ANDROID
PED00003407,CLI00380,LJ06,2025-10-12T20:53:38,PAGO,4.08,7.33,11.41,APP_IOS
PED00003408,CLI00693,LJ04,2025-10-12T14:43:12,PAGO,51.07,8.04,59.11,APP_ANDROID
PED00003409,CLI00549,LJ09,2025-10-13T12:11:07,PAGO,115.81,11.86,127.67,APP_IOS
PED00003410,CLI01720,LJ06,2025-10-13T23:22:20,PAGO,27.24,6.46,33.7,APP_ANDROID
PED00003411,CLI00305,LJ09,2025-10-13T18:18:50,PAGO,15.24,8.72,23.96,WEB
PED00003412,CLI01796,LJ07,2025-10-13T18:37:33,PAGO,51.68,11.22,62.9,WEB
PED00003413,CLI00584,LJ05,2025-10-13T21:12:02,PAGO,270.23,6.63,276.86,APP_ANDROID
PED00003414,CLI01018,LJ05,2025-10-13T21:08:57,PAGO,198.55,9.21,207.76,APP_ANDROID
PED00003415,CLI01731,LJ02,2025-10-13T10:59:16,PAGO,93.42,8.66,102.08,WEB
PED00003416,CLI01573,LJ05,2025-10-13T17:06:16,PAGO,181.86,10.93,192.79,APP_IOS
PED00003417,CLI01250,LJ10,2025-10-13T23:10:08,PAGO,78.02,6.65,84.67,APP_IOS
PED00003418,CLI00965,LJ11,2025-10-13T19:06:19,PAGO,35.68,11.16,46.84,APP_ANDROID
PED00003419,CLI00570,LJ02,2025-10-13T16:21:15,PAGO,78.76,6.44,85.2,APP_ANDROID
PED00003420,CLI00485,LJ07,2025-10-13T11:41:45,PAGO,204.34,6.91,211.25,WEB
PED00003421,CLI00180,LJ01,2025-10-13T11:54:05,PAGO,125.53,5.37,130.9,APP_IOS
PED00003422,CLI01652,LJ02,2025-10-13T20:29:51,PAGO,55.8,9.12,64.92,APP_ANDROID
PED00003423,CLI01595,LJ09,2025-10-13T10:11:47,PAGO,54.63,8.56,63.19,APP_IOS
PED00003424,CLI01198,LJ03,2025-10-13T17:33:41,PAGO,15.81,7.17,22.98,APP_ANDROID
PED00003425,CLI00791,LJ10,2025-10-13T11:40:20,PAGO,80.66,6.04,86.7,APP_IOS
PED00003426,CLI01328,LJ08,2025-10-13T10:32:56,PAGO,175.68,5.33,181.01,APP_IOS
PED00003427,CLI01410,LJ04,2025-10-13T18:46:20,PAGO,47.18,11.79,58.97,WEB
PED00003428,CLI00223,LJ11,2025-10-13T20:56:18,PAGO,10.84,9.43,20.27,APP_IOS
PED00003429,CLI01714,LJ07,2025-10-13T10:57:34,PAGO,86.88,8.87,95.75,WEB
PED00003430,CLI01294,LJ06,2025-10-13T13:00:39,PAGO,3.81,5.72,9.53,WEB
PED00003431,CLI01679,LJ09,2025-10-13T23:13:49,PENDENTE,6.67,6.01,12.68,APP_ANDROID
PED00003432,CLI00147,LJ07,2025-10-13T23:03:33,PAGO,88.46,8.79,97.25,WEB
PED00003433,CLI00440,LJ11,2025-10-13T13:08:11,PAGO,57.55,10.36,67.91,APP_ANDROID
PED00003434,CLI00492,LJ11,2025-10-13T13:28:59,PAGO,103.23,7.11,110.34,APP_ANDROID
PED00003435,CLI00058,LJ12,2025-10-13T10:55:16,PENDENTE,205.08,5.22,210.3,APP_ANDROID
PED00003436,CLI01327,LJ01,2025-10-13T18:13:50,PENDENTE,136.93,9.47,146.4,APP_ANDROID
PED00003437,CLI01530,LJ11,2025-10-13T16:30:48,PAGO,44.13,7.22,51.35,APP_IOS
PED00003438,CLI00456,LJ09,2025-10-13T13:31:49,PENDENTE,142.72,9.28,152.0,APP_ANDROID
PED00003439,CLI00246,LJ03,2025-10-13T21:43:57,PAGO,30.77,10.28,41.05,APP_ANDROID
PED00003440,CLI01468,LJ04,2025-10-13T17:09:03,PAGO,113.39,5.78,119.17,APP_ANDROID
PED00003441,CLI01775,LJ05,2025-10-13T14:44:38,PAGO,356.39,10.9,367.29,WEB
PED00003442,CLI00038,LJ03,2025-10-13T14:48:36,PAGO,64.51,5.84,70.35,WEB
PED00003443,CLI01597,LJ06,2025-10-13T21:20:50,PAGO,148.62,5.77,154.39,WEB
PED00003444,CLI01628,LJ05,2025-10-13T18:57:32,PAGO,187.69,5.27,192.96,WEB
PED00003445,CLI00482,LJ12,2025-10-13T20:36:54,PAGO,18.18,10.81,28.99,WEB
PED00003446,CLI01860,LJ01,2025-10-13T22:14:34,PAGO,63.81,9.54,73.35,WEB
PED00003447,CLI01536,LJ07,2025-10-13T23:55:52,PAGO,40.01,6.6,46.61,WEB
PED00003448,CLI01530,LJ01,2025-10-13T18:31:08,PAGO,58.84,11.47,70.31,APP_IOS
PED00003449,CLI00325,LJ02,2025-10-13T20:22:53,PENDENTE,152.32,9.91,162.23,APP_IOS
PED00003450,CLI00786,LJ04,2025-10-13T18:10:26,PAGO,118.53,7.47,126.0,WEB
PED00003451,CLI01882,LJ12,2025-10-13T15:40:58,PAGO,305.16,9.87,315.03,APP_ANDROID
PED00003452,CLI01157,LJ02,2025-10-13T22:31:30,PAGO,22.2,8.81,31.01,APP_IOS
PED00003453,CLI00048,LJ01,2025-10-13T17:54:44,PAGO,99.22,6.42,105.64,WEB
PED00003454,CLI00993,LJ11,2025-10-13T21:03:13,CANCELADO,18.7,6.39,25.09,WEB
PED00003455,CLI01381,LJ03,2025-10-13T12:30:55,PAGO,156.73,11.39,168.12,APP_IOS
PED00003456,CLI01453,LJ10,2025-10-13T23:11:18,PAGO,56.66,7.86,64.52,APP_ANDROID
PED00003457,CLI01165,LJ10,2025-10-14T21:16:08,PAGO,213.39,8.93,222.32,APP_ANDROID
PED00003458,CLI01868,LJ01,2025-10-14T18:31:33,PAGO,22.89,6.13,29.02,APP_ANDROID
PED00003459,CLI00229,LJ06,2025-10-14T16:30:04,PAGO,223.2,6.28,229.48,WEB
PED00003460,CLI00521,LJ01,2025-10-14T21:57:06,PAGO,19.31,5.49,24.8,APP_IOS
PED00003461,CLI00315,LJ05,2025-10-14T17:58:39,PAGO,28.9,8.43,37.33,WEB
PED00003462,CLI01260,LJ10,2025-10-14T13:56:30,PAGO,89.29,10.16,99.45,APP_IOS
PED00003463,CLI01014,LJ10,2025-10-14T19:54:06,PAGO,205.7,6.84,212.54,APP_ANDROID
PED00003464,CLI00594,LJ11,2025-10-14T15:40:51,CANCELADO,115.11,6.15,121.26,APP_ANDROID
PED00003465,CLI00968,LJ12,2025-10-14T20:45:20,PAGO,61.96,10.45,72.41,APP_ANDROID
PED00003466,CLI00507,LJ11,2025-10-14T10:28:36,PAGO,25.42,8.08,33.5,APP_IOS
PED00003467,CLI01366,LJ08,2025-10-14T18:12:36,PAGO,19.28,10.28,29.56,WEB
PED00003468,CLI01247,LJ12,2025-10-14T19:53:54,PENDENTE,66.6,8.73,75.33,APP_IOS
PED00003469,CLI01300,LJ11,2025-10-14T22:22:19,PAGO,138.66,6.97,145.63,APP_ANDROID
PED00003470,CLI01169,LJ03,2025-10-14T22:08:34,PAGO,28.14,11.32,39.46,APP_IOS
PED00003471,CLI01799,LJ09,2025-10-14T20:25:12,PAGO,75.02,5.04,80.06,APP_ANDROID
PED00003472,CLI00998,LJ06,2025-10-14T19:12:05,PAGO,66.13,7.78,73.91,WEB
PED00003473,CLI00916,LJ11,2025-10-14T19:25:06,PAGO,44.55,8.54,53.09,APP_ANDROID
PED00003474,CLI01210,LJ10,2025-10-14T20:30:34,CANCELADO,80.43,9.51,89.94,WEB
PED00003475,CLI00973,LJ04,2025-10-14T22:11:05,PAGO,77.33,9.77,87.1,APP_IOS
PED00003476,CLI01577,LJ11,2025-10-14T22:21:47,PAGO,86.18,8.26,94.44,APP_ANDROID
PED00003477,CLI01487,LJ06,2025-10-14T16:23:09,PAGO,24.81,11.61,36.42,APP_ANDROID
PED00003478,CLI01819,LJ10,2025-10-14T19:34:05,PAGO,68.94,11.53,80.47,APP_ANDROID
PED00003479,CLI01300,LJ05,2025-10-14T19:49:12,PAGO,25.55,10.61,36.16,APP_IOS
PED00003480,CLI01191,LJ04,2025-10-14T20:09:22,PAGO,79.59,10.22,89.81,APP_ANDROID
PED00003481,CLI00426,LJ05,2025-10-14T17:39:28,CANCELADO,33.51,10.23,43.74,APP_ANDROID
PED00003482,CLI00839,LJ02,2025-10-14T17:35:00,PAGO,128.08,5.49,133.57,APP_IOS
PED00003483,CLI01594,LJ07,2025-10-14T15:00:09,PAGO,111.38,11.7,123.08,APP_ANDROID
PED00003484,CLI01200,LJ03,2025-10-14T17:04:37,PAGO,85.15,6.33,91.48,WEB
PED00003485,CLI01565,LJ08,2025-10-14T20:02:07,PAGO,41.61,8.41,50.02,APP_ANDROID
PED00003486,CLI01555,LJ04,2025-10-14T11:59:08,PENDENTE,24.43,5.72,30.15,APP_ANDROID
PED00003487,CLI01720,LJ11,2025-10-14T13:28:22,PAGO,17.4,9.86,27.26,WEB
PED00003488,CLI01882,LJ04,2025-10-14T19:45:29,PAGO,72.72,11.45,84.17,WEB
PED00003489,CLI00140,LJ03,2025-10-14T11:42:38,PAGO,73.82,7.56,81.38,APP_IOS
PED00003490,CLI00748,LJ05,2025-10-14T19:46:31,PAGO,127.62,11.51,139.13,APP_IOS
PED00003491,CLI01033,LJ09,2025-10-14T20:30:00,PAGO,22.34,10.93,33.27,APP_IOS
PED00003492,CLI01648,LJ01,2025-10-14T10:18:26,PAGO,32.27,11.59,43.86,WEB
PED00003493,CLI00786,LJ03,2025-10-14T12:10:39,PAGO,80.67,10.12,90.79,WEB
PED00003494,CLI01545,LJ10,2025-10-14T23:02:29,PENDENTE,321.77,9.43,331.2,WEB
PED00003495,CLI00170,LJ08,2025-10-14T15:40:08,PAGO,18.94,7.74,26.68,APP_ANDROID
PED00003496,CLI00742,LJ06,2025-10-14T13:34:10,PAGO,37.88,11.1,48.98,APP_IOS
PED00003497,CLI00933,LJ04,2025-10-14T21:43:47,PAGO,90.92,5.6,96.52,APP_ANDROID
PED00003498,CLI00435,LJ10,2025-10-14T17:06:54,PAGO,104.44,6.69,111.13,APP_ANDROID
PED00003499,CLI01428,LJ01,2025-10-14T10:46:33,CANCELADO,75.3,7.46,82.76,APP_ANDROID
PED00003500,CLI00751,LJ12,2025-10-14T16:53:49,PAGO,17.6,6.02,23.62,APP_ANDROID
PED00003501,CLI01690,LJ08,2025-10-14T14:39:17,PAGO,7.44,5.41,12.85,APP_ANDROID
PED00003502,CLI01623,LJ02,2025-10-14T14:38:35,PAGO,37.31,5.84,43.15,APP_ANDROID
PED00003503,CLI01060,LJ07,2025-10-14T21:13:24,PAGO,34.92,6.4,41.32,APP_ANDROID
PED00003504,CLI01332,LJ07,2025-10-14T13:03:55,PAGO,186.46,9.73,196.19,WEB
PED00003505,CLI01302,LJ01,2025-10-14T20:15:45,PAGO,131.01,9.86,140.87,WEB
PED00003506,CLI01935,LJ10,2025-10-14T18:54:45,PAGO,22.08,5.69,27.77,WEB
PED00003507,CLI00746,LJ02,2025-10-14T10:31:59,PAGO,60.67,8.69,69.36,APP_IOS
PED00003508,CLI01504,LJ09,2025-10-14T17:53:08,PAGO,69.32,5.34,74.66,WEB
PED00003509,CLI01594,LJ02,2025-10-14T16:39:49,PENDENTE,17.14,8.86,26.0,APP_IOS
PED00003510,CLI01239,LJ05,2025-10-14T21:28:05,PAGO,11.03,9.94,20.97,APP_IOS
PED00003511,CLI01601,LJ04,2025-10-14T12:21:28,PAGO,101.61,9.99,111.6,APP_IOS
PED00003512,CLI00907,LJ03,2025-10-14T22:05:47,PAGO,119.29,8.18,127.47,APP_IOS
PED00003513,CLI01014,LJ09,2025-10-15T23:13:22,PAGO,15.15,5.67,20.82,APP_ANDROID
PED00003514,CLI00008,LJ10,2025-10-15T19:31:12,PAGO,30.59,11.53,42.12,APP_ANDROID
PED00003515,CLI01840,LJ07,2025-10-15T14:48:56,PAGO,112.76,7.07,119.83,APP_ANDROID
PED00003516,CLI01544,LJ10,2025-10-15T14:35:41,PAGO,70.45,10.11,80.56,APP_ANDROID
PED00003517,CLI00568,LJ06,2025-10-15T18:19:03,PAGO,23.51,5.04,28.55,APP_IOS
PED00003518,CLI00868,LJ07,2025-10-15T23:31:08,PAGO,32.56,11.22,43.78,APP_IOS
PED00003519,CLI00831,LJ08,2025-10-15T17:19:41,PAGO,57.27,8.43,65.7,APP_IOS
PED00003520,CLI00525,LJ03,2025-10-15T15:28:56,PAGO,16.32,8.96,25.28,APP_ANDROID
PED00003521,CLI01069,LJ07,2025-10-15T18:39:32,PAGO,114.94,6.29,121.23,APP_IOS
PED00003522,CLI00536,LJ11,2025-10-15T16:40:37,PAGO,29.46,8.7,38.16,APP_ANDROID
PED00003523,CLI01492,LJ06,2025-10-15T12:10:11,PAGO,287.0,11.51,298.51,APP_IOS
PED00003524,CLI00981,LJ11,2025-10-15T13:35:19,PAGO,45.34,7.82,53.16,APP_ANDROID
PED00003525,CLI00834,LJ06,2025-10-15T18:24:46,PAGO,86.48,5.8,92.28,APP_IOS
PED00003526,CLI00602,LJ06,2025-10-15T21:20:15,PAGO,65.6,9.53,75.13,WEB
PED00003527,CLI00815,LJ07,2025-10-15T16:14:15,PAGO,120.63,5.68,126.31,APP_ANDROID
PED00003528,CLI01046,LJ03,2025-10-15T14:38:50,PAGO,28.98,9.02,38.0,APP_IOS
PED00003529,CLI01811,LJ01,2025-10-15T23:27:23,PAGO,310.34,8.59,318.93,APP_ANDROID
PED00003530,CLI00337,LJ10,2025-10-15T13:14:19,PAGO,27.69,11.2,38.89,APP_IOS
PED00003531,CLI00998,LJ07,2025-10-15T10:21:36,PAGO,85.22,11.41,96.63,WEB
PED00003532,CLI00529,LJ02,2025-10-15T14:24:31,PAGO,131.91,8.31,140.22,APP_IOS
PED00003533,CLI01256,LJ01,2025-10-15T18:59:14,PAGO,57.11,8.67,65.78,APP_ANDROID
PED00003534,CLI00409,LJ03,2025-10-15T10:29:04,PAGO,164.4,7.4,171.8,WEB
PED00003535,CLI00550,LJ01,2025-10-15T15:48:17,PAGO,65.96,7.09,73.05,WEB
PED00003536,CLI01345,LJ02,2025-10-15T23:07:58,PAGO,4.05,8.11,12.16,APP_IOS
PED00003537,CLI00344,LJ03,2025-10-15T18:43:21,PAGO,122.71,5.61,128.32,WEB
PED00003538,CLI00061,LJ05,2025-10-15T20:55:37,CANCELADO,127.9,7.51,135.41,WEB
PED00003539,CLI01341,LJ10,2025-10-15T19:46:51,PENDENTE,19.92,5.5,25.42,WEB
PED00003540,CLI01722,LJ01,2025-10-15T14:59:43,PAGO,152.76,6.9,159.66,WEB
PED00003541,CLI00456,LJ06,2025-10-15T19:54:32,PAGO,31.28,7.93,39.21,WEB
PED00003542,CLI00156,LJ03,2025-10-15T11:09:15,PAGO,52.38,6.02,58.4,APP_IOS
PED00003543,CLI00802,LJ05,2025-10-15T21:50:13,PAGO,90.16,11.19,101.35,APP_ANDROID
PED00003544,CLI00962,LJ02,2025-10-15T23:27:10,PAGO,97.05,10.61,107.66,WEB
PED00003545,CLI00242,LJ05,2025-10-15T16:36:39,PAGO,67.64,5.86,73.5,APP_ANDROID
PED00003546,CLI01881,LJ07,2025-10-15T17:50:28,PAGO,22.63,6.46,29.09,APP_IOS
PED00003547,CLI01791,LJ10,2025-10-15T19:36:13,PAGO,94.94,9.49,104.43,APP_ANDROID
PED00003548,CLI01772,LJ07,2025-10-15T18:12:28,PAGO,15.75,8.85,24.6,APP_ANDROID
PED00003549,CLI00044,LJ08,2025-10-15T14:25:50,PAGO,50.17,7.29,57.46,APP_ANDROID
PED00003550,CLI01414,LJ07,2025-10-15T21:48:13,PAGO,107.01,8.44,115.45,WEB
PED00003551,CLI01670,LJ03,2025-10-15T10:19:41,PAGO,81.21,10.83,92.04,WEB
PED00003552,CLI01516,LJ08,2025-10-15T20:30:45,PAGO,47.52,6.46,53.98,APP_IOS
PED00003553,CLI01810,LJ08,2025-10-15T14:45:00,PAGO,153.91,11.11,165.02,APP_ANDROID
PED00003554,CLI01277,LJ04,2025-10-15T18:53:09,PAGO,39.27,11.42,50.69,WEB
PED00003555,CLI01934,LJ12,2025-10-15T16:04:19,PAGO,54.3,7.02,61.32,APP_ANDROID
PED00003556,CLI00179,LJ11,2025-10-15T21:20:34,PAGO,4.28,9.27,13.55,APP_ANDROID
PED00003557,CLI01636,LJ10,2025-10-15T12:10:59,PAGO,331.32,9.55,340.87,APP_IOS
PED00003558,CLI01393,LJ09,2025-10-15T19:50:33,PAGO,154.16,6.66,160.82,APP_IOS
PED00003559,CLI00548,LJ02,2025-10-15T10:32:34,PAGO,38.06,8.51,46.57,WEB
PED00003560,CLI00089,LJ03,2025-10-15T13:37:08,PAGO,122.78,10.17,132.95,APP_ANDROID
PED00003561,CLI01902,LJ04,2025-10-15T14:57:05,PAGO,67.03,7.64,74.67,APP_IOS
PED00003562,CLI00577,LJ02,2025-10-15T18:29:50,PAGO,73.91,6.31,80.22,APP_ANDROID
PED00003563,CLI00618,LJ03,2025-10-15T22:37:31,PAGO,176.86,11.64,188.5,APP_ANDROID
PED00003564,CLI00434,LJ01,2025-10-15T16:22:06,PAGO,26.45,10.56,37.01,WEB
PED00003565,CLI00635,LJ10,2025-10-15T16:01:52,PAGO,38.13,7.34,45.47,APP_IOS
PED00003566,CLI01873,LJ05,2025-10-15T12:51:03,PAGO,46.54,7.32,53.86,APP_IOS
PED00003567,CLI00339,LJ12,2025-10-15T18:55:16,PAGO,56.3,5.52,61.82,APP_IOS
PED00003568,CLI00031,LJ01,2025-10-15T12:15:52,PAGO,21.14,9.68,30.82,WEB
PED00003569,CLI00970,LJ01,2025-10-15T18:54:55,PAGO,255.39,6.57,261.96,APP_ANDROID
PED00003570,CLI01198,LJ02,2025-10-15T21:48:41,PAGO,66.32,6.37,72.69,APP_IOS
PED00003571,CLI00445,LJ01,2025-10-15T20:42:53,CANCELADO,42.98,7.4,50.38,APP_ANDROID
PED00003572,CLI00257,LJ10,2025-10-15T12:23:53,PAGO,24.03,9.29,33.32,WEB
PED00003573,CLI01585,LJ04,2025-10-15T17:59:12,PAGO,91.03,6.43,97.46,WEB
PED00003574,CLI00689,LJ07,2025-10-15T22:35:21,PAGO,21.68,8.72,30.4,APP_ANDROID
PED00003575,CLI01548,LJ08,2025-10-15T23:43:43,PAGO,60.15,6.32,66.47,APP_ANDROID
PED00003576,CLI00523,LJ07,2025-10-15T11:40:10,PAGO,149.31,5.53,154.84,WEB
PED00003577,CLI00205,LJ12,2025-10-16T10:35:46,PAGO,33.03,8.95,41.98,APP_IOS
PED00003578,CLI00737,LJ04,2025-10-16T20:48:15,PAGO,302.99,10.57,313.56,WEB
PED00003579,CLI01839,LJ11,2025-10-16T20:03:02,PAGO,149.77,8.92,158.69,WEB
PED00003580,CLI01211,LJ08,2025-10-16T15:41:31,PENDENTE,63.08,9.72,72.8,WEB
PED00003581,CLI00637,LJ03,2025-10-16T11:40:19,PAGO,118.08,9.5,127.58,APP_ANDROID
PED00003582,CLI01265,LJ11,2025-10-16T23:52:09,PAGO,59.89,6.76,66.65,APP_ANDROID
PED00003583,CLI01509,LJ12,2025-10-16T13:00:18,PAGO,167.77,7.04,174.81,APP_IOS
PED00003584,CLI00229,LJ05,2025-10-16T20:59:00,PAGO,6.24,9.81,16.05,APP_IOS
PED00003585,CLI00144,LJ02,2025-10-16T20:19:00,PAGO,34.44,6.5,40.94,WEB
PED00003586,CLI00480,LJ01,2025-10-16T15:13:19,CANCELADO,200.85,11.47,212.32,APP_IOS
PED00003587,CLI00478,LJ08,2025-10-16T20:05:37,PAGO,151.75,6.56,158.31,APP_ANDROID
PED00003588,CLI00626,LJ07,2025-10-16T23:33:52,PAGO,96.4,10.35,106.75,APP_IOS
PED00003589,CLI01249,LJ05,2025-10-16T13:56:56,PAGO,54.08,7.48,61.56,APP_ANDROID
PED00003590,CLI01675,LJ06,2025-10-16T21:43:50,PAGO,54.74,6.87,61.61,WEB
PED00003591,CLI01345,LJ05,2025-10-16T17:05:34,PAGO,112.16,7.86,120.02,APP_IOS
PED00003592,CLI00897,LJ04,2025-10-16T22:46:15,PAGO,10.73,10.75,21.48,WEB
PED00003593,CLI01291,LJ09,2025-10-16T11:57:16,PAGO,193.57,11.91,205.48,APP_IOS
PED00003594,CLI00849,LJ06,2025-10-16T12:34:40,PAGO,8.08,10.3,18.38,APP_IOS
PED00003595,CLI00570,LJ06,2025-10-16T20:28:17,PAGO,57.55,8.01,65.56,APP_IOS
PED00003596,CLI01704,LJ12,2025-10-16T22:14:26,PAGO,40.56,11.05,51.61,WEB
PED00003597,CLI00423,LJ01,2025-10-16T14:10:49,PAGO,17.48,9.82,27.3,APP_ANDROID
PED00003598,CLI01399,LJ05,2025-10-16T19:12:25,PAGO,11.26,10.83,22.09,WEB
PED00003599,CLI01599,LJ01,2025-10-16T19:13:48,PAGO,105.95,7.55,113.5,WEB
PED00003600,CLI01778,LJ07,2025-10-16T12:51:06,PAGO,93.5,8.68,102.18,WEB
PED00003601,CLI01905,LJ07,2025-10-16T21:30:03,PAGO,22.35,9.91,32.26,WEB
PED00003602,CLI00715,LJ10,2025-10-16T14:51:04,PAGO,21.85,11.71,33.56,WEB
PED00003603,CLI01226,LJ02,2025-10-16T21:27:08,PAGO,7.56,9.61,17.17,APP_IOS
PED00003604,CLI00080,LJ01,2025-10-16T17:37:33,CANCELADO,12.22,10.09,22.31,WEB
PED00003605,CLI01793,LJ02,2025-10-16T17:32:31,PAGO,100.3,10.19,110.49,APP_IOS
PED00003606,CLI00978,LJ08,2025-10-16T13:21:47,PAGO,190.96,9.34,200.3,APP_ANDROID
PED00003607,CLI00936,LJ11,2025-10-16T22:55:37,PAGO,56.88,7.88,64.76,APP_IOS
PED00003608,CLI01116,LJ08,2025-10-16T19:56:56,PAGO,28.14,8.17,36.31,APP_ANDROID
PED00003609,CLI00790,LJ04,2025-10-16T23:23:08,PAGO,28.82,8.91,37.73,APP_IOS
PED00003610,CLI00474,LJ09,2025-10-16T19:03:06,PAGO,52.1,8.28,60.38,APP_IOS
PED00003611,CLI01746,LJ11,2025-10-16T19:42:32,PAGO,31.87,7.98,39.85,APP_IOS
PED00003612,CLI01313,LJ01,2025-10-16T12:56:59,PAGO,84.29,7.06,91.35,APP_ANDROID
PED00003613,CLI00668,LJ02,2025-10-16T17:44:52,PAGO,282.74,7.09,289.83,APP_IOS
PED00003614,CLI00412,LJ04,2025-10-16T22:36:11,PAGO,199.83,7.08,206.91,APP_ANDROID
PED00003615,CLI01164,LJ09,2025-10-16T14:03:43,PAGO,107.38,10.65,118.03,WEB
PED00003616,CLI01469,LJ10,2025-10-16T23:16:57,PAGO,71.68,11.16,82.84,APP_IOS
PED00003617,CLI00059,LJ02,2025-10-16T17:36:30,PAGO,22.74,9.82,32.56,APP_ANDROID
PED00003618,CLI00445,LJ09,2025-10-16T12:08:15,PAGO,18.72,11.95,30.67,APP_ANDROID
PED00003619,CLI00381,LJ11,2025-10-16T20:06:09,PAGO,133.09,6.11,139.2,WEB
PED00003620,CLI01591,LJ07,2025-10-16T15:26:45,PAGO,92.84,6.24,99.08,APP_IOS
PED00003621,CLI00760,LJ11,2025-10-16T17:09:03,PENDENTE,38.4,8.57,46.97,APP_ANDROID
PED00003622,CLI00928,LJ01,2025-10-16T19:42:37,PAGO,30.52,5.8,36.32,WEB
PED00003623,CLI00147,LJ01,2025-10-16T14:19:37,PAGO,4.17,7.97,12.14,WEB
PED00003624,CLI01455,LJ09,2025-10-16T18:29:32,PAGO,114.76,5.53,120.29,WEB
PED00003625,CLI00435,LJ12,2025-10-16T22:16:11,PENDENTE,286.93,8.6,295.53,APP_IOS
PED00003626,CLI00525,LJ11,2025-10-16T23:12:10,PAGO,138.44,5.99,144.43,APP_IOS
PED00003627,CLI00793,LJ06,2025-10-16T18:24:11,PAGO,42.05,6.99,49.04,WEB
PED00003628,CLI00645,LJ08,2025-10-16T13:10:44,PAGO,21.05,5.81,26.86,WEB
PED00003629,CLI00518,LJ08,2025-10-16T22:44:44,PAGO,8.35,9.98,18.33,WEB
PED00003630,CLI01864,LJ07,2025-10-16T18:17:07,PAGO,7.81,10.86,18.67,APP_ANDROID
PED00003631,CLI00240,LJ04,2025-10-16T22:11:24,PAGO,75.38,11.63,87.01,WEB
PED00003632,CLI00414,LJ01,2025-10-16T19:09:09,PAGO,41.8,9.54,51.34,WEB
PED00003633,CLI01017,LJ03,2025-10-16T19:19:12,PAGO,18.47,5.86,24.33,WEB
PED00003634,CLI01260,LJ08,2025-10-16T20:43:09,PAGO,48.52,5.28,53.8,APP_IOS
PED00003635,CLI00402,LJ12,2025-10-16T21:18:34,CANCELADO,134.86,11.51,146.37,APP_IOS
PED00003636,CLI01809,LJ02,2025-10-16T11:02:44,PAGO,51.17,8.11,59.28,APP_IOS
PED00003637,CLI00233,LJ03,2025-10-16T19:09:40,PAGO,49.88,7.03,56.91,APP_ANDROID
PED00003638,CLI00663,LJ06,2025-10-16T14:34:33,PAGO,123.6,9.06,132.66,WEB
PED00003639,CLI01106,LJ10,2025-10-16T19:36:18,PAGO,88.54,7.15,95.69,APP_ANDROID
PED00003640,CLI00216,LJ10,2025-10-16T18:36:39,PAGO,164.77,6.45,171.22,APP_ANDROID
PED00003641,CLI00920,LJ01,2025-10-16T15:09:36,PAGO,15.17,10.45,25.62,WEB
PED00003642,CLI01613,LJ04,2025-10-16T12:23:14,CANCELADO,19.92,10.47,30.39,WEB
PED00003643,CLI01599,LJ12,2025-10-16T10:19:48,PAGO,8.16,9.7,17.86,APP_IOS
PED00003644,CLI00617,LJ11,2025-10-16T14:19:41,CANCELADO,55.51,5.66,61.17,APP_IOS
PED00003645,CLI01014,LJ02,2025-10-16T13:56:30,PAGO,79.38,10.52,89.9,APP_IOS
PED00003646,CLI00353,LJ01,2025-10-16T14:02:15,PAGO,205.13,6.44,211.57,WEB
PED00003647,CLI00820,LJ02,2025-10-16T14:21:23,PAGO,14.51,11.39,25.9,WEB
PED00003648,CLI01786,LJ07,2025-10-16T16:29:28,PAGO,79.26,6.69,85.95,APP_IOS
PED00003649,CLI01071,LJ12,2025-10-17T11:26:32,PAGO,13.91,9.18,23.09,WEB
PED00003650,CLI00138,LJ05,2025-10-17T16:07:59,PAGO,127.19,7.13,134.32,WEB
PED00003651,CLI00323,LJ06,2025-10-17T22:01:32,PAGO,111.32,11.82,123.14,WEB
PED00003652,CLI00437,LJ03,2025-10-17T13:31:10,PAGO,113.87,9.52,123.39,APP_ANDROID
PED00003653,CLI01206,LJ03,2025-10-17T17:16:59,PAGO,124.41,6.56,130.97,WEB
PED00003654,CLI00320,LJ06,2025-10-17T18:59:03,PAGO,53.3,7.92,61.22,APP_ANDROID
PED00003655,CLI01784,LJ07,2025-10-17T10:16:25,PAGO,11.5,8.24,19.74,APP_ANDROID
PED00003656,CLI01970,LJ06,2025-10-17T22:45:13,PAGO,42.54,10.55,53.09,WEB
PED00003657,CLI00968,LJ12,2025-10-17T17:58:50,PAGO,65.51,9.48,74.99,APP_IOS
PED00003658,CLI00297,LJ07,2025-10-17T11:10:17,PAGO,280.41,5.51,285.92,APP_ANDROID
PED00003659,CLI00834,LJ12,2025-10-17T18:07:11,PAGO,25.3,11.89,37.19,APP_IOS
PED00003660,CLI01919,LJ07,2025-10-17T18:17:33,PAGO,16.4,6.36,22.76,WEB
PED00003661,CLI01514,LJ07,2025-10-17T15:04:59,PAGO,27.59,11.16,38.75,APP_ANDROID
PED00003662,CLI00016,LJ02,2025-10-17T16:37:24,PENDENTE,82.22,8.31,90.53,WEB
PED00003663,CLI01413,LJ03,2025-10-17T13:20:18,PAGO,13.49,8.96,22.45,APP_ANDROID
PED00003664,CLI00726,LJ10,2025-10-17T15:08:18,PAGO,7.33,7.21,14.54,APP_IOS
PED00003665,CLI01501,LJ07,2025-10-17T20:24:48,PAGO,30.6,9.48,40.08,WEB
PED00003666,CLI01079,LJ11,2025-10-17T18:15:10,PAGO,43.68,11.8,55.48,APP_IOS
PED00003667,CLI01248,LJ11,2025-10-17T21:11:33,PAGO,29.48,7.45,36.93,APP_ANDROID
PED00003668,CLI01693,LJ12,2025-10-17T17:35:07,PENDENTE,118.07,6.56,124.63,APP_ANDROID
PED00003669,CLI00584,LJ10,2025-10-17T13:18:29,PAGO,46.46,10.69,57.15,APP_ANDROID
PED00003670,CLI00224,LJ06,2025-10-17T15:25:35,PAGO,91.86,5.53,97.39,WEB
PED00003671,CLI01748,LJ02,2025-10-17T23:54:18,PAGO,25.4,8.49,33.89,WEB
PED00003672,CLI00415,LJ01,2025-10-17T11:52:37,PAGO,79.54,6.07,85.61,APP_ANDROID
PED00003673,CLI01337,LJ07,2025-10-17T15:35:37,CANCELADO,28.06,6.58,34.64,WEB
PED00003674,CLI00047,LJ11,2025-10-17T16:56:33,PAGO,234.26,7.97,242.23,APP_ANDROID
PED00003675,CLI01318,LJ03,2025-10-17T18:05:22,CANCELADO,17.31,9.39,26.7,APP_IOS
PED00003676,CLI01604,LJ08,2025-10-17T23:25:13,PAGO,36.13,10.45,46.58,APP_ANDROID
PED00003677,CLI00806,LJ09,2025-10-17T17:43:44,PAGO,119.63,6.59,126.22,APP_IOS
PED00003678,CLI01298,LJ10,2025-10-17T20:39:28,PAGO,218.92,5.71,224.63,APP_ANDROID
PED00003679,CLI00888,LJ10,2025-10-17T16:39:26,CANCELADO,22.87,9.88,32.75,APP_IOS
PED00003680,CLI00440,LJ03,2025-10-17T22:51:11,PAGO,40.39,7.94,48.33,WEB
PED00003681,CLI01818,LJ01,2025-10-17T10:27:30,PAGO,143.97,10.64,154.61,APP_IOS
PED00003682,CLI00433,LJ11,2025-10-17T22:37:47,PAGO,33.7,9.48,43.18,WEB
PED00003683,CLI01124,LJ06,2025-10-17T13:03:02,PAGO,154.51,6.28,160.79,APP_IOS
PED00003684,CLI00038,LJ07,2025-10-17T22:22:46,PAGO,100.37,5.01,105.38,APP_ANDROID
PED00003685,CLI00957,LJ03,2025-10-17T11:59:31,PAGO,124.85,5.99,130.84,APP_IOS
PED00003686,CLI00223,LJ03,2025-10-17T13:02:16,PAGO,123.65,10.23,133.88,WEB
PED00003687,CLI00833,LJ11,2025-10-17T16:22:34,PAGO,15.65,6.15,21.8,APP_IOS
PED00003688,CLI01113,LJ07,2025-10-17T23:04:43,PAGO,7.65,5.17,12.82,WEB
PED00003689,CLI01234,LJ10,2025-10-17T14:31:35,PAGO,39.87,8.91,48.78,APP_ANDROID
PED00003690,CLI00032,LJ12,2025-10-17T17:36:44,PAGO,327.73,5.61,333.34,APP_IOS
PED00003691,CLI01196,LJ03,2025-10-17T19:23:00,PAGO,30.26,10.64,40.9,WEB
PED00003692,CLI00942,LJ03,2025-10-17T16:42:30,PAGO,97.22,5.61,102.83,WEB
PED00003693,CLI01231,LJ02,2025-10-17T19:15:00,PAGO,39.32,8.85,48.17,APP_ANDROID
PED00003694,CLI01007,LJ03,2025-10-17T12:17:06,PAGO,44.73,5.67,50.4,WEB
PED00003695,CLI00327,LJ03,2025-10-17T14:37:11,PAGO,87.12,11.34,98.46,APP_ANDROID
PED00003696,CLI01421,LJ03,2025-10-17T12:03:56,PAGO,98.41,6.54,104.95,APP_IOS
PED00003697,CLI00350,LJ05,2025-10-17T15:24:47,PAGO,32.45,11.69,44.14,WEB
PED00003698,CLI01882,LJ02,2025-10-17T13:21:14,PENDENTE,137.97,5.41,143.38,APP_IOS
PED00003699,CLI01189,LJ03,2025-10-17T15:30:01,PAGO,14.01,9.03,23.04,WEB
PED00003700,CLI01451,LJ07,2025-10-17T21:36:47,PAGO,133.48,6.6,140.08,APP_IOS
PED00003701,CLI01483,LJ02,2025-10-17T16:31:05,PAGO,43.23,5.12,48.35,APP_IOS
PED00003702,CLI01709,LJ03,2025-10-17T10:48:50,PENDENTE,87.44,10.47,97.91,APP_IOS
PED00003703,CLI01448,LJ09,2025-10-17T19:10:14,PAGO,46.22,10.24,56.46,APP_ANDROID
PED00003704,CLI01040,LJ08,2025-10-17T20:25:32,PAGO,42.38,11.13,53.51,WEB
PED00003705,CLI01086,LJ06,2025-10-17T12:23:15,PAGO,197.1,8.22,205.32,WEB
PED00003706,CLI01378,LJ11,2025-10-17T15:51:44,PAGO,23.57,8.54,32.11,APP_ANDROID
PED00003707,CLI00020,LJ09,2025-10-17T18:38:09,PAGO,52.38,9.65,62.03,APP_ANDROID
PED00003708,CLI00165,LJ06,2025-10-17T19:53:40,PAGO,138.05,11.81,149.86,APP_ANDROID
PED00003709,CLI01554,LJ09,2025-10-17T11:47:28,PAGO,30.26,5.78,36.04,WEB
PED00003710,CLI00310,LJ02,2025-10-17T19:33:36,PAGO,255.21,8.92,264.13,APP_IOS
PED00003711,CLI01389,LJ11,2025-10-17T11:24:18,PAGO,44.4,11.11,55.51,APP_IOS
PED00003712,CLI01423,LJ07,2025-10-17T11:54:51,CANCELADO,58.3,11.71,70.01,APP_ANDROID
PED00003713,CLI00336,LJ06,2025-10-17T12:17:54,PAGO,77.29,10.39,87.68,APP_ANDROID
PED00003714,CLI01093,LJ11,2025-10-17T19:35:13,PAGO,29.71,11.41,41.12,APP_IOS
PED00003715,CLI00142,LJ12,2025-10-17T16:47:38,PAGO,18.4,7.93,26.33,APP_ANDROID
PED00003716,CLI01346,LJ08,2025-10-17T22:52:30,PAGO,6.78,11.98,18.76,APP_IOS
PED00003717,CLI01391,LJ05,2025-10-17T12:29:54,PAGO,43.67,10.53,54.2,APP_IOS
PED00003718,CLI01789,LJ04,2025-10-17T14:31:27,CANCELADO,30.68,8.62,39.3,WEB
PED00003719,CLI01212,LJ12,2025-10-17T14:09:21,PAGO,118.87,5.69,124.56,WEB
PED00003720,CLI00359,LJ02,2025-10-17T20:12:36,PAGO,37.19,5.2,42.39,APP_ANDROID
PED00003721,CLI00917,LJ03,2025-10-17T20:12:34,PAGO,11.95,8.01,19.96,WEB
PED00003722,CLI01931,LJ12,2025-10-17T23:48:54,PAGO,40.51,10.22,50.73,APP_IOS
PED00003723,CLI00096,LJ05,2025-10-17T20:31:58,PAGO,67.28,7.05,74.33,APP_ANDROID
PED00003724,CLI01079,LJ06,2025-10-17T15:26:54,CANCELADO,37.95,11.14,49.09,APP_IOS
PED00003725,CLI00688,LJ03,2025-10-17T23:57:46,PAGO,51.15,11.7,62.85,WEB
PED00003726,CLI01665,LJ12,2025-10-17T15:04:01,PAGO,13.18,5.61,18.79,APP_ANDROID
PED00003727,CLI01368,LJ01,2025-10-17T21:21:24,PAGO,153.68,10.8,164.48,APP_ANDROID
PED00003728,CLI00530,LJ07,2025-10-17T23:13:55,PAGO,57.08,7.67,64.75,APP_ANDROID
PED00003729,CLI00483,LJ05,2025-10-17T20:11:23,PAGO,122.61,5.03,127.64,APP_IOS
PED00003730,CLI00275,LJ01,2025-10-17T17:42:46,PAGO,47.58,9.56,57.14,APP_ANDROID
PED00003731,CLI01294,LJ05,2025-10-17T22:44:15,PAGO,70.88,6.68,77.56,APP_ANDROID
PED00003732,CLI00877,LJ12,2025-10-17T12:08:09,PAGO,72.86,11.42,84.28,WEB
PED00003733,CLI01243,LJ04,2025-10-17T15:35:06,PAGO,101.94,7.18,109.12,WEB
PED00003734,CLI00687,LJ07,2025-10-17T10:35:16,PAGO,31.17,8.96,40.13,APP_ANDROID
PED00003735,CLI00755,LJ07,2025-10-17T22:04:10,PAGO,12.38,6.25,18.63,APP_IOS
PED00003736,CLI01289,LJ02,2025-10-17T15:01:30,PAGO,32.73,6.56,39.29,APP_IOS
PED00003737,CLI01893,LJ03,2025-10-17T14:55:05,PAGO,38.41,10.01,48.42,APP_ANDROID
PED00003738,CLI01470,LJ12,2025-10-17T17:14:20,PAGO,98.42,10.21,108.63,WEB
PED00003739,CLI00658,LJ09,2025-10-17T15:55:15,PAGO,45.49,6.74,52.23,APP_IOS
PED00003740,CLI01010,LJ03,2025-10-17T14:15:00,PENDENTE,139.64,11.5,151.14,APP_ANDROID
PED00003741,CLI00743,LJ12,2025-10-17T22:56:44,PAGO,179.38,5.01,184.39,APP_ANDROID
PED00003742,CLI01067,LJ05,2025-10-17T15:17:22,PAGO,54.94,8.38,63.32,APP_ANDROID
PED00003743,CLI01816,LJ01,2025-10-17T19:35:22,CANCELADO,69.83,7.16,76.99,APP_IOS
PED00003744,CLI00374,LJ08,2025-10-17T15:23:16,PAGO,54.16,7.67,61.83,APP_IOS
PED00003745,CLI01795,LJ02,2025-10-17T11:01:17,PAGO,79.34,9.44,88.78,APP_IOS
PED00003746,CLI00842,LJ07,2025-10-17T13:19:38,PAGO,247.5,9.02,256.52,APP_ANDROID
PED00003747,CLI00394,LJ07,2025-10-17T12:51:14,PAGO,216.18,11.75,227.93,APP_IOS
PED00003748,CLI00966,LJ04,2025-10-17T21:58:35,PAGO,58.3,8.91,67.21,WEB
PED00003749,CLI01131,LJ08,2025-10-17T10:44:59,PAGO,32.51,5.62,38.13,APP_ANDROID
PED00003750,CLI00438,LJ04,2025-10-17T18:04:42,PAGO,24.34,10.91,35.25,APP_ANDROID
PED00003751,CLI00409,LJ10,2025-10-17T13:17:24,PENDENTE,136.6,7.22,143.82,APP_IOS
PED00003752,CLI00753,LJ12,2025-10-17T18:00:05,PAGO,39.8,5.12,44.92,APP_IOS
PED00003753,CLI00073,LJ03,2025-10-17T10:07:58,PAGO,34.34,7.79,42.13,APP_IOS
PED00003754,CLI00727,LJ06,2025-10-17T21:23:23,PAGO,76.91,11.48,88.39,APP_IOS
PED00003755,CLI01621,LJ07,2025-10-17T12:18:19,PAGO,81.24,5.11,86.35,APP_IOS
PED00003756,CLI01320,LJ07,2025-10-17T14:39:06,PAGO,72.4,6.86,79.26,APP_ANDROID
PED00003757,CLI01525,LJ04,2025-10-17T11:28:31,PAGO,162.24,7.15,169.39,WEB
PED00003758,CLI00052,LJ01,2025-10-17T10:10:16,PAGO,247.03,8.3,255.33,APP_ANDROID
PED00003759,CLI00199,LJ03,2025-10-17T21:32:19,PAGO,219.44,10.53,229.97,APP_ANDROID
PED00003760,CLI00160,LJ12,2025-10-17T19:16:03,PAGO,161.82,10.32,172.14,WEB
PED00003761,CLI01297,LJ03,2025-10-18T16:55:15,PAGO,22.93,6.67,29.6,APP_IOS
PED00003762,CLI01236,LJ09,2025-10-18T17:02:14,PAGO,42.05,8.47,50.52,APP_ANDROID
PED00003763,CLI00569,LJ05,2025-10-18T14:52:24,PAGO,75.19,10.86,86.05,WEB
PED00003764,CLI00192,LJ06,2025-10-18T22:37:22,CANCELADO,27.5,5.23,32.73,WEB
PED00003765,CLI01132,LJ03,2025-10-18T13:09:15,CANCELADO,23.29,6.16,29.45,APP_ANDROID
PED00003766,CLI01475,LJ05,2025-10-18T19:43:50,PAGO,24.85,10.74,35.59,WEB
PED00003767,CLI00570,LJ08,2025-10-18T10:54:30,PAGO,23.93,6.93,30.86,APP_ANDROID
PED00003768,CLI01769,LJ11,2025-10-18T11:28:48,CANCELADO,193.11,5.63,198.74,APP_ANDROID
PED00003769,CLI01509,LJ10,2025-10-18T11:26:25,CANCELADO,69.89,7.13,77.02,APP_ANDROID
PED00003770,CLI01867,LJ03,2025-10-18T12:52:43,PAGO,182.56,7.33,189.89,APP_IOS
PED00003771,CLI01488,LJ04,2025-10-18T18:47:51,PAGO,173.38,9.29,182.67,APP_IOS
PED00003772,CLI01211,LJ09,2025-10-18T22:37:27,PAGO,117.09,10.19,127.28,APP_ANDROID
PED00003773,CLI01422,LJ10,2025-10-18T20:07:27,PAGO,6.88,9.73,16.61,WEB
PED00003774,CLI01009,LJ09,2025-10-18T18:21:07,PAGO,86.72,10.66,97.38,APP_IOS
PED00003775,CLI01942,LJ05,2025-10-18T21:05:42,PAGO,60.04,5.63,65.67,WEB
PED00003776,CLI00165,LJ07,2025-10-18T20:50:49,PAGO,96.09,9.0,105.09,APP_ANDROID
PED00003777,CLI00193,LJ04,2025-10-18T22:46:18,PENDENTE,71.97,11.28,83.25,WEB
PED00003778,CLI00951,LJ01,2025-10-18T10:06:27,PAGO,65.43,6.22,71.65,WEB
PED00003779,CLI01258,LJ11,2025-10-18T13:02:12,PAGO,67.56,11.73,79.29,APP_IOS
PED00003780,CLI00416,LJ08,2025-10-18T16:10:07,PAGO,150.35,7.78,158.13,APP_ANDROID
PED00003781,CLI00746,LJ10,2025-10-18T17:13:01,PAGO,83.41,11.64,95.05,WEB
PED00003782,CLI01471,LJ07,2025-10-18T18:52:08,PAGO,67.54,8.42,75.96,WEB
PED00003783,CLI01475,LJ10,2025-10-18T22:05:58,PAGO,43.31,8.16,51.47,WEB
PED00003784,CLI00074,LJ05,2025-10-18T22:58:28,PAGO,23.89,9.97,33.86,APP_IOS
PED00003785,CLI00006,LJ09,2025-10-18T17:30:02,PAGO,66.95,5.61,72.56,APP_IOS
PED00003786,CLI01662,LJ03,2025-10-18T11:01:57,PAGO,115.79,7.38,123.17,WEB
PED00003787,CLI01018,LJ01,2025-10-18T22:37:32,PAGO,168.52,10.76,179.28,WEB
PED00003788,CLI01910,LJ06,2025-10-18T21:19:22,PAGO,103.46,6.96,110.42,WEB
PED00003789,CLI00853,LJ11,2025-10-18T17:16:34,PAGO,11.28,11.96,23.24,APP_IOS
PED00003790,CLI00621,LJ07,2025-10-18T14:29:05,CANCELADO,132.02,6.89,138.91,APP_IOS
PED00003791,CLI00171,LJ02,2025-10-18T16:42:02,PAGO,17.08,5.8,22.88,WEB
PED00003792,CLI00109,LJ08,2025-10-18T16:11:47,PAGO,35.61,6.26,41.87,APP_IOS
PED00003793,CLI00400,LJ02,2025-10-18T22:19:04,PAGO,122.02,7.0,129.02,WEB
PED00003794,CLI01450,LJ08,2025-10-18T12:49:17,PAGO,75.83,11.4,87.23,APP_ANDROID
PED00003795,CLI00036,LJ04,2025-10-18T17:18:59,PAGO,45.58,9.89,55.47,WEB
PED00003796,CLI01951,LJ02,2025-10-18T11:17:01,PAGO,80.43,5.4,85.83,WEB
PED00003797,CLI00355,LJ08,2025-10-18T11:54:47,PAGO,23.88,5.94,29.82,APP_IOS
PED00003798,CLI01636,LJ02,2025-10-18T16:46:56,PAGO,85.9,6.97,92.87,WEB
PED00003799,CLI00879,LJ05,2025-10-18T16:58:25,PAGO,26.39,6.45,32.84,APP_ANDROID
PED00003800,CLI00731,LJ11,2025-10-18T19:39:45,PAGO,38.28,7.95,46.23,APP_ANDROID
PED00003801,CLI01648,LJ05,2025-10-18T19:45:05,PAGO,46.82,5.99,52.81,APP_IOS
PED00003802,CLI01522,LJ06,2025-10-18T13:44:08,PAGO,40.73,6.99,47.72,WEB
PED00003803,CLI01714,LJ01,2025-10-18T15:53:32,PAGO,49.6,11.35,60.95,APP_ANDROID
PED00003804,CLI01269,LJ08,2025-10-18T19:48:02,PAGO,32.41,5.25,37.66,WEB
PED00003805,CLI00663,LJ05,2025-10-18T15:07:13,CANCELADO,98.92,5.7,104.62,WEB
PED00003806,CLI01713,LJ02,2025-10-18T15:21:58,PAGO,98.02,7.74,105.76,APP_ANDROID
PED00003807,CLI00777,LJ01,2025-10-18T11:34:05,PAGO,23.35,6.41,29.76,APP_IOS
PED00003808,CLI00548,LJ12,2025-10-18T21:39:07,PAGO,12.4,7.18,19.58,WEB
PED00003809,CLI00204,LJ05,2025-10-18T16:35:31,PENDENTE,12.07,10.83,22.9,APP_ANDROID
PED00003810,CLI00743,LJ06,2025-10-18T20:37:38,PAGO,8.39,10.45,18.84,WEB
PED00003811,CLI00636,LJ04,2025-10-18T14:45:42,PAGO,74.46,6.93,81.39,APP_ANDROID
PED00003812,CLI00005,LJ02,2025-10-18T23:18:26,PAGO,36.86,6.4,43.26,APP_IOS
PED00003813,CLI01057,LJ02,2025-10-18T13:54:43,PAGO,27.27,7.45,34.72,WEB
PED00003814,CLI00919,LJ11,2025-10-18T15:24:23,PAGO,50.92,11.36,62.28,APP_ANDROID
PED00003815,CLI01827,LJ11,2025-10-18T15:49:33,PAGO,10.21,5.29,15.5,WEB
PED00003816,CLI01774,LJ03,2025-10-18T19:16:43,PAGO,30.5,6.5,37.0,WEB
PED00003817,CLI01413,LJ09,2025-10-18T16:15:13,PAGO,20.46,10.93,31.39,APP_ANDROID
PED00003818,CLI01835,LJ10,2025-10-18T13:36:16,PAGO,30.66,8.58,39.24,APP_ANDROID
PED00003819,CLI01522,LJ10,2025-10-18T22:51:24,PAGO,58.4,8.22,66.62,APP_IOS
PED00003820,CLI00162,LJ04,2025-10-18T13:21:31,PAGO,158.68,6.51,165.19,WEB
PED00003821,CLI01365,LJ10,2025-10-18T16:01:25,PAGO,106.47,7.48,113.95,APP_ANDROID
PED00003822,CLI01468,LJ11,2025-10-18T21:51:00,PAGO,97.99,10.78,108.77,APP_ANDROID
PED00003823,CLI01679,LJ11,2025-10-18T12:38:41,PAGO,14.03,8.96,22.99,WEB
PED00003824,CLI01950,LJ11,2025-10-18T11:39:47,PAGO,11.66,9.75,21.41,APP_ANDROID
PED00003825,CLI00245,LJ09,2025-10-18T18:18:55,PAGO,32.02,7.64,39.66,APP_ANDROID
PED00003826,CLI01049,LJ09,2025-10-18T12:43:42,PAGO,40.64,11.55,52.19,APP_IOS
PED00003827,CLI00238,LJ03,2025-10-18T11:40:52,PAGO,79.04,11.71,90.75,WEB
PED00003828,CLI00701,LJ02,2025-10-18T23:32:13,PAGO,66.01,9.59,75.6,APP_IOS
PED00003829,CLI01610,LJ09,2025-10-18T12:07:46,PENDENTE,7.15,7.58,14.73,APP_IOS
PED00003830,CLI01269,LJ11,2025-10-18T15:05:39,PAGO,265.02,8.98,274.0,WEB
PED00003831,CLI01982,LJ06,2025-10-18T22:59:22,PAGO,11.38,5.23,16.61,APP_ANDROID
PED00003832,CLI00581,LJ06,2025-10-18T18:51:20,CANCELADO,108.4,6.3,114.7,WEB
PED00003833,CLI01346,LJ12,2025-10-18T20:36:25,PAGO,49.4,10.22,59.62,APP_IOS
PED00003834,CLI01283,LJ02,2025-10-18T17:05:38,PENDENTE,100.85,10.98,111.83,APP_IOS
PED00003835,CLI01415,LJ07,2025-10-18T20:54:53,PAGO,44.83,11.69,56.52,WEB
PED00003836,CLI00262,LJ07,2025-10-18T20:32:29,PAGO,73.2,7.32,80.52,APP_ANDROID
PED00003837,CLI01054,LJ11,2025-10-18T17:24:46,PAGO,48.75,6.72,55.47,APP_ANDROID
PED00003838,CLI01773,LJ09,2025-10-18T22:35:11,PAGO,15.4,10.24,25.64,WEB
PED00003839,CLI00031,LJ01,2025-10-18T19:30:03,PAGO,172.25,7.27,179.52,APP_ANDROID
PED00003840,CLI01710,LJ05,2025-10-18T20:01:50,PAGO,39.7,6.6,46.3,APP_IOS
PED00003841,CLI01218,LJ06,2025-10-18T13:07:04,PAGO,60.26,6.84,67.1,APP_IOS
PED00003842,CLI01157,LJ07,2025-10-18T10:43:51,CANCELADO,131.2,8.92,140.12,APP_IOS
PED00003843,CLI00787,LJ01,2025-10-18T16:03:59,PAGO,119.89,10.08,129.97,APP_IOS
PED00003844,CLI00560,LJ04,2025-10-18T18:36:56,PAGO,7.66,6.03,13.69,APP_ANDROID
PED00003845,CLI01848,LJ11,2025-10-18T15:10:09,PAGO,61.05,8.96,70.01,APP_ANDROID
PED00003846,CLI00672,LJ11,2025-10-18T12:30:15,PAGO,157.74,10.29,168.03,WEB
PED00003847,CLI00900,LJ01,2025-10-18T19:54:13,PAGO,74.22,11.09,85.31,WEB
PED00003848,CLI01264,LJ04,2025-10-18T10:29:41,PAGO,130.8,10.15,140.95,APP_IOS
PED00003849,CLI00120,LJ08,2025-10-18T23:56:30,PAGO,207.57,9.31,216.88,APP_IOS
PED00003850,CLI01608,LJ09,2025-10-18T21:38:34,PAGO,77.59,9.89,87.48,APP_ANDROID
PED00003851,CLI01587,LJ11,2025-10-18T12:22:25,PAGO,43.04,9.76,52.8,APP_ANDROID
PED00003852,CLI00016,LJ10,2025-10-18T14:23:46,PAGO,140.61,8.04,148.65,WEB
PED00003853,CLI01741,LJ01,2025-10-18T10:34:32,PAGO,48.71,8.2,56.91,APP_ANDROID
PED00003854,CLI01039,LJ06,2025-10-18T15:27:50,PAGO,41.67,11.52,53.19,APP_IOS
PED00003855,CLI01765,LJ12,2025-10-18T23:04:37,PAGO,36.2,9.83,46.03,APP_IOS
PED00003856,CLI01758,LJ10,2025-10-18T13:13:21,CANCELADO,161.32,9.65,170.97,APP_ANDROID
PED00003857,CLI00543,LJ07,2025-10-18T23:54:30,PAGO,56.64,5.67,62.31,WEB
PED00003858,CLI00774,LJ11,2025-10-18T10:20:42,PENDENTE,119.44,6.56,126.0,APP_ANDROID
PED00003859,CLI01215,LJ12,2025-10-18T16:30:45,PAGO,77.82,8.47,86.29,APP_IOS
PED00003860,CLI00739,LJ08,2025-10-18T11:09:07,PAGO,154.78,8.95,163.73,APP_IOS
PED00003861,CLI00349,LJ07,2025-10-18T18:20:47,PAGO,149.04,8.54,157.58,WEB
PED00003862,CLI01990,LJ10,2025-10-18T19:50:55,PAGO,15.39,10.18,25.57,APP_IOS
PED00003863,CLI00609,LJ03,2025-10-18T11:30:38,PAGO,75.7,6.98,82.68,APP_ANDROID
PED00003864,CLI01755,LJ05,2025-10-18T20:49:48,CANCELADO,15.73,10.04,25.77,APP_ANDROID
PED00003865,CLI01573,LJ05,2025-10-18T23:06:31,PAGO,15.04,11.84,26.88,APP_ANDROID
PED00003866,CLI00240,LJ03,2025-10-18T21:58:02,PAGO,101.47,8.91,110.38,WEB
PED00003867,CLI00107,LJ09,2025-10-18T18:32:00,PAGO,45.5,6.64,52.14,WEB
PED00003868,CLI01785,LJ08,2025-10-18T12:09:24,PAGO,40.21,8.65,48.86,APP_ANDROID
PED00003869,CLI01509,LJ06,2025-10-18T21:02:02,PAGO,50.09,10.91,61.0,APP_IOS
PED00003870,CLI00904,LJ02,2025-10-18T21:38:54,PAGO,38.11,6.68,44.79,WEB
PED00003871,CLI00288,LJ01,2025-10-18T11:49:27,PAGO,87.28,7.86,95.14,APP_ANDROID
PED00003872,CLI00468,LJ01,2025-10-18T23:02:19,PAGO,107.28,10.52,117.8,APP_IOS
PED00003873,CLI01420,LJ07,2025-10-18T12:58:18,PAGO,70.2,7.63,77.83,WEB
PED00003874,CLI01176,LJ12,2025-10-18T18:27:20,PAGO,57.52,8.93,66.45,WEB
PED00003875,CLI01968,LJ04,2025-10-18T23:29:19,PAGO,24.87,10.79,35.66,APP_ANDROID
PED00003876,CLI01975,LJ10,2025-10-18T20:05:08,PAGO,44.6,6.68,51.28,APP_IOS
PED00003877,CLI00036,LJ01,2025-10-18T20:24:02,PAGO,162.14,10.2,172.34,APP_ANDROID
PED00003878,CLI01318,LJ02,2025-10-18T10:35:37,PAGO,42.63,5.04,47.67,APP_ANDROID
PED00003879,CLI01422,LJ02,2025-10-18T13:15:01,CANCELADO,95.03,10.76,105.79,APP_ANDROID
PED00003880,CLI00595,LJ10,2025-10-18T21:16:51,PAGO,50.75,6.42,57.17,APP_ANDROID
PED00003881,CLI01586,LJ07,2025-10-18T23:06:15,PAGO,16.25,5.7,21.95,WEB
PED00003882,CLI00160,LJ02,2025-10-18T20:41:44,PAGO,24.57,7.94,32.51,WEB
PED00003883,CLI01048,LJ03,2025-10-18T21:07:13,PAGO,41.33,8.62,49.95,APP_IOS
PED00003884,CLI00443,LJ11,2025-10-18T21:03:32,PAGO,133.83,9.51,143.34,WEB
PED00003885,CLI01684,LJ01,2025-10-18T12:01:54,PAGO,61.14,9.51,70.65,WEB
PED00003886,CLI00509,LJ06,2025-10-18T18:45:35,PAGO,510.4,11.5,521.9,WEB
PED00003887,CLI01480,LJ11,2025-10-18T21:24:17,PAGO,72.0,9.8,81.8,APP_ANDROID
PED00003888,CLI01182,LJ01,2025-10-18T22:31:58,PAGO,175.83,6.33,182.16,WEB
PED00003889,CLI00688,LJ10,2025-10-19T16:22:48,PAGO,77.5,8.77,86.27,APP_ANDROID
PED00003890,CLI00665,LJ04,2025-10-19T16:29:36,PAGO,103.37,10.83,114.2,WEB
PED00003891,CLI01951,LJ12,2025-10-19T14:19:42,PAGO,78.14,9.99,88.13,APP_ANDROID
PED00003892,CLI00089,LJ07,2025-10-19T11:06:16,PAGO,106.69,6.24,112.93,WEB
PED00003893,CLI00047,LJ10,2025-10-19T20:19:18,PAGO,11.92,11.89,23.81,WEB
PED00003894,CLI01475,LJ02,2025-10-19T18:06:31,PAGO,27.23,8.04,35.27,WEB
PED00003895,CLI01867,LJ09,2025-10-19T19:42:30,CANCELADO,215.36,8.97,224.33,WEB
PED00003896,CLI00935,LJ01,2025-10-19T15:21:21,PAGO,96.1,10.71,106.81,APP_ANDROID
PED00003897,CLI01529,LJ02,2025-10-19T22:30:46,PAGO,65.11,5.14,70.25,APP_IOS
PED00003898,CLI01693,LJ11,2025-10-19T10:07:21,PAGO,92.71,8.29,101.0,WEB
PED00003899,CLI00858,LJ03,2025-10-19T10:23:53,PAGO,11.92,7.75,19.67,WEB
PED00003900,CLI00818,LJ04,2025-10-19T21:19:02,PAGO,27.39,8.85,36.24,APP_IOS
PED00003901,CLI00949,LJ02,2025-10-19T20:22:57,PAGO,98.93,9.17,108.1,APP_ANDROID
PED00003902,CLI01503,LJ02,2025-10-19T18:51:44,PAGO,75.15,8.27,83.42,APP_ANDROID
PED00003903,CLI01709,LJ12,2025-10-19T22:28:11,PAGO,83.79,8.59,92.38,WEB
PED00003904,CLI00680,LJ06,2025-10-19T14:59:51,PAGO,87.49,8.78,96.27,APP_ANDROID
PED00003905,CLI00553,LJ04,2025-10-19T12:15:23,PAGO,132.89,6.98,139.87,APP_IOS
PED00003906,CLI01210,LJ12,2025-10-19T18:33:21,PAGO,125.56,9.07,134.63,WEB
PED00003907,CLI01379,LJ04,2025-10-19T16:40:45,PAGO,119.96,11.63,131.59,WEB
PED00003908,CLI01024,LJ11,2025-10-19T21:36:32,PENDENTE,150.96,7.34,158.3,WEB
PED00003909,CLI00535,LJ07,2025-10-19T17:18:55,PAGO,80.85,11.41,92.26,APP_ANDROID
PED00003910,CLI01329,LJ07,2025-10-19T17:47:33,PAGO,94.76,5.89,100.65,WEB
PED00003911,CLI00623,LJ04,2025-10-19T20:28:55,PENDENTE,91.47,8.87,100.34,APP_ANDROID
PED00003912,CLI01243,LJ07,2025-10-19T15:31:14,PAGO,77.05,9.43,86.48,APP_IOS
PED00003913,CLI00364,LJ03,2025-10-19T12:17:31,PAGO,125.12,6.34,131.46,WEB
PED00003914,CLI00122,LJ07,2025-10-19T18:19:00,PAGO,22.2,8.07,30.27,WEB
PED00003915,CLI00078,LJ12,2025-10-19T21:46:33,PAGO,7.03,10.03,17.06,APP_IOS
PED00003916,CLI01728,LJ02,2025-10-19T10:32:23,PAGO,96.49,5.87,102.36,APP_IOS
PED00003917,CLI00231,LJ04,2025-10-19T20:45:55,PAGO,29.32,5.85,35.17,WEB
PED00003918,CLI01898,LJ12,2025-10-19T18:20:59,PAGO,11.71,5.7,17.41,APP_ANDROID
PED00003919,CLI00804,LJ02,2025-10-19T10:44:48,PAGO,93.4,11.49,104.89,WEB
PED00003920,CLI01910,LJ11,2025-10-19T23:15:40,PAGO,48.53,9.94,58.47,WEB
PED00003921,CLI01934,LJ10,2025-10-19T22:34:55,PAGO,70.86,5.72,76.58,APP_ANDROID
PED00003922,CLI01499,LJ02,2025-10-19T23:27:44,PAGO,17.23,5.01,22.24,APP_ANDROID
PED00003923,CLI00281,LJ01,2025-10-19T16:16:42,PAGO,294.83,5.92,300.75,WEB
PED00003924,CLI00106,LJ12,2025-10-19T20:20:24,PAGO,101.47,10.72,112.19,WEB
PED00003925,CLI01445,LJ01,2025-10-19T11:14:01,PAGO,86.26,8.21,94.47,APP_IOS
PED00003926,CLI00872,LJ09,2025-10-19T18:30:35,PAGO,69.26,5.1,74.36,APP_ANDROID
PED00003927,CLI01770,LJ07,2025-10-19T22:33:42,PAGO,39.54,10.29,49.83,APP_ANDROID
PED00003928,CLI01698,LJ11,2025-10-19T21:39:34,PAGO,10.85,7.11,17.96,APP_ANDROID
PED00003929,CLI00299,LJ10,2025-10-19T11:10:25,PAGO,7.33,11.99,19.32,APP_IOS
PED00003930,CLI01676,LJ04,2025-10-19T10:39:40,PAGO,62.65,7.39,70.04,APP_IOS
PED00003931,CLI00820,LJ05,2025-10-19T15:39:33,PAGO,8.53,7.51,16.04,APP_ANDROID
PED00003932,CLI00162,LJ10,2025-10-19T23:30:47,PAGO,146.61,9.95,156.56,WEB
PED00003933,CLI01776,LJ12,2025-10-19T21:36:46,PAGO,16.29,7.24,23.53,APP_ANDROID
PED00003934,CLI00374,LJ09,2025-10-19T13:04:53,PAGO,37.65,11.36,49.01,APP_IOS
PED00003935,CLI00289,LJ10,2025-10-19T20:36:21,PAGO,70.44,10.77,81.21,APP_ANDROID
PED00003936,CLI01992,LJ08,2025-10-19T18:41:43,PAGO,21.49,5.44,26.93,WEB
PED00003937,CLI00713,LJ02,2025-10-19T12:06:07,PAGO,169.73,8.04,177.77,APP_ANDROID
PED00003938,CLI00800,LJ04,2025-10-19T20:27:55,PAGO,16.8,6.35,23.15,APP_ANDROID
PED00003939,CLI00162,LJ06,2025-10-19T16:52:18,PAGO,72.32,11.83,84.15,APP_ANDROID
PED00003940,CLI01268,LJ03,2025-10-19T21:32:12,PAGO,246.09,7.55,253.64,WEB
PED00003941,CLI01848,LJ08,2025-10-19T16:19:00,PAGO,27.85,8.99,36.84,APP_ANDROID
PED00003942,CLI01228,LJ04,2025-10-19T19:56:11,PAGO,91.33,7.41,98.74,APP_IOS
PED00003943,CLI01018,LJ10,2025-10-19T22:18:28,PAGO,71.63,5.81,77.44,APP_ANDROID
PED00003944,CLI00979,LJ07,2025-10-19T22:43:02,PAGO,132.47,5.7,138.17,WEB
PED00003945,CLI01886,LJ05,2025-10-19T19:46:56,PAGO,276.25,7.6,283.85,APP_ANDROID
PED00003946,CLI00879,LJ01,2025-10-19T13:54:24,PAGO,43.06,8.5,51.56,WEB
PED00003947,CLI00179,LJ08,2025-10-19T13:26:24,PAGO,40.63,10.43,51.06,APP_IOS
PED00003948,CLI01020,LJ11,2025-10-19T17:48:10,CANCELADO,77.06,10.2,87.26,APP_ANDROID
PED00003949,CLI01288,LJ02,2025-10-19T16:16:01,PAGO,25.6,11.76,37.36,APP_IOS
PED00003950,CLI01669,LJ06,2025-10-19T21:28:11,PAGO,79.06,7.11,86.17,WEB
PED00003951,CLI01185,LJ10,2025-10-19T15:58:41,PAGO,75.31,8.38,83.69,APP_ANDROID
PED00003952,CLI01326,LJ11,2025-10-19T10:34:49,PAGO,144.39,9.23,153.62,APP_ANDROID
PED00003953,CLI00131,LJ01,2025-10-19T23:12:00,CANCELADO,63.82,11.52,75.34,APP_IOS
PED00003954,CLI00812,LJ07,2025-10-19T20:41:43,PAGO,35.87,10.9,46.77,APP_IOS
PED00003955,CLI01611,LJ01,2025-10-19T18:35:58,PAGO,217.69,6.18,223.87,WEB
PED00003956,CLI00137,LJ04,2025-10-19T18:38:38,PAGO,75.95,6.88,82.83,WEB
PED00003957,CLI00701,LJ12,2025-10-19T17:58:51,PAGO,8.48,5.93,14.41,APP_IOS
PED00003958,CLI01625,LJ11,2025-10-19T17:40:33,PAGO,48.15,5.97,54.12,APP_IOS
PED00003959,CLI01265,LJ10,2025-10-19T16:14:56,PAGO,37.77,8.86,46.63,APP_IOS
PED00003960,CLI00917,LJ01,2025-10-19T21:46:40,PAGO,53.47,6.41,59.88,APP_ANDROID
PED00003961,CLI01747,LJ04,2025-10-19T14:52:12,PAGO,160.63,10.37,171.0,WEB
PED00003962,CLI00069,LJ03,2025-10-19T14:23:25,PAGO,151.75,5.21,156.96,WEB
PED00003963,CLI01125,LJ10,2025-10-19T16:29:19,PAGO,141.29,9.91,151.2,APP_IOS
PED00003964,CLI01800,LJ11,2025-10-19T20:53:27,PAGO,68.4,6.7,75.1,APP_IOS
PED00003965,CLI00389,LJ01,2025-10-19T13:56:25,PAGO,30.73,11.85,42.58,APP_IOS
PED00003966,CLI01484,LJ12,2025-10-19T14:08:02,PAGO,21.3,11.61,32.91,APP_ANDROID
PED00003967,CLI01288,LJ02,2025-10-19T20:27:33,PAGO,47.49,8.16,55.65,APP_IOS
PED00003968,CLI00792,LJ07,2025-10-19T17:27:59,PAGO,39.36,6.68,46.04,WEB
PED00003969,CLI00596,LJ07,2025-10-19T23:17:14,PAGO,70.75,11.3,82.05,APP_ANDROID
PED00003970,CLI00336,LJ09,2025-10-19T13:23:40,PAGO,110.8,9.13,119.93,APP_IOS
PED00003971,CLI01068,LJ07,2025-10-19T23:03:58,PAGO,166.73,7.52,174.25,APP_ANDROID
PED00003972,CLI01605,LJ01,2025-10-19T10:55:48,PAGO,12.66,11.86,24.52,APP_ANDROID
PED00003973,CLI01798,LJ11,2025-10-19T19:56:59,PAGO,11.19,9.52,20.71,APP_IOS
PED00003974,CLI00445,LJ07,2025-10-19T13:16:28,PAGO,167.36,9.66,177.02,WEB
PED00003975,CLI00513,LJ06,2025-10-19T22:08:37,PAGO,29.33,9.0,38.33,APP_IOS
PED00003976,CLI00201,LJ12,2025-10-19T10:22:33,PAGO,88.98,11.53,100.51,APP_IOS
PED00003977,CLI00129,LJ05,2025-10-20T11:42:31,CANCELADO,85.33,7.88,93.21,APP_IOS
PED00003978,CLI01729,LJ05,2025-10-20T16:13:59,CANCELADO,11.18,9.78,20.96,APP_ANDROID
PED00003979,CLI01112,LJ12,2025-10-20T16:21:54,PAGO,41.94,6.53,48.47,APP_IOS
PED00003980,CLI01308,LJ11,2025-10-20T21:10:17,PAGO,244.5,7.09,251.59,APP_ANDROID
PED00003981,CLI01116,LJ11,2025-10-20T15:04:38,PAGO,24.07,10.82,34.89,WEB
PED00003982,CLI00295,LJ04,2025-10-20T17:07:01,PAGO,23.66,11.95,35.61,APP_IOS
PED00003983,CLI00264,LJ05,2025-10-20T13:44:58,PAGO,218.57,5.45,224.02,APP_ANDROID
PED00003984,CLI01372,LJ08,2025-10-20T17:29:53,PAGO,32.95,6.0,38.95,WEB
PED00003985,CLI01539,LJ07,2025-10-20T22:07:05,PAGO,60.77,5.91,66.68,WEB
PED00003986,CLI01369,LJ09,2025-10-20T13:21:42,PAGO,80.69,8.56,89.25,APP_ANDROID
PED00003987,CLI00595,LJ03,2025-10-20T23:00:19,PAGO,87.04,7.37,94.41,APP_ANDROID
PED00003988,CLI00839,LJ07,2025-10-20T18:33:04,PAGO,28.41,11.9,40.31,APP_IOS
PED00003989,CLI01001,LJ04,2025-10-20T13:51:11,PENDENTE,206.94,6.02,212.96,WEB
PED00003990,CLI00479,LJ06,2025-10-20T19:37:06,PAGO,20.13,8.0,28.13,APP_ANDROID
PED00003991,CLI01694,LJ03,2025-10-20T19:27:05,PAGO,10.28,8.13,18.41,APP_IOS
PED00003992,CLI00772,LJ03,2025-10-20T14:27:48,PAGO,39.88,6.09,45.97,APP_IOS
PED00003993,CLI00534,LJ06,2025-10-20T16:56:41,CANCELADO,30.75,5.36,36.11,APP_ANDROID
PED00003994,CLI01990,LJ12,2025-10-20T15:30:49,PENDENTE,171.66,8.17,179.83,APP_ANDROID
PED00003995,CLI00191,LJ02,2025-10-20T17:41:49,PAGO,114.93,8.31,123.24,WEB
PED00003996,CLI01642,LJ06,2025-10-20T22:32:48,PAGO,24.07,8.27,32.34,APP_ANDROID
PED00003997,CLI00139,LJ10,2025-10-20T15:30:05,PAGO,126.74,6.81,133.55,APP_ANDROID
PED00003998,CLI01616,LJ10,2025-10-20T22:18:02,PAGO,64.39,8.11,72.5,APP_IOS
PED00003999,CLI01921,LJ02,2025-10-20T14:27:54,PAGO,11.35,7.05,18.4,APP_IOS
PED00004000,CLI00398,LJ08,2025-10-20T20:27:08,CANCELADO,44.87,12.0,56.87,APP_IOS
PED00004001,CLI00807,LJ11,2025-10-20T10:47:23,PAGO,188.06,6.62,194.68,APP_IOS
PED00004002,CLI01466,LJ09,2025-10-20T23:31:27,PAGO,31.29,11.96,43.25,APP_IOS
PED00004003,CLI00414,LJ02,2025-10-20T19:25:44,PAGO,76.73,8.0,84.73,APP_ANDROID
PED00004004,CLI00915,LJ09,2025-10-20T18:55:44,PAGO,30.87,9.25,40.12,APP_ANDROID
PED00004005,CLI00437,LJ10,2025-10-20T11:50:31,PAGO,79.26,10.44,89.7,WEB
PED00004006,CLI01890,LJ06,2025-10-20T14:51:18,PAGO,42.08,10.58,52.66,APP_IOS
PED00004007,CLI01196,LJ10,2025-10-20T11:17:43,PAGO,66.39,7.68,74.07,APP_IOS
PED00004008,CLI01538,LJ05,2025-10-20T15:31:38,PAGO,17.44,11.36,28.8,WEB
PED00004009,CLI00924,LJ03,2025-10-20T14:19:17,PAGO,18.46,7.03,25.49,WEB
PED00004010,CLI01224,LJ03,2025-10-20T10:03:37,PAGO,29.73,6.65,36.38,APP_ANDROID
PED00004011,CLI00276,LJ10,2025-10-20T17:58:01,PAGO,63.16,11.93,75.09,APP_ANDROID
PED00004012,CLI01707,LJ08,2025-10-20T18:51:08,PAGO,49.07,11.41,60.48,WEB
PED00004013,CLI00229,LJ09,2025-10-20T10:18:42,PAGO,133.56,10.49,144.05,APP_ANDROID
PED00004014,CLI00838,LJ01,2025-10-20T13:59:21,PAGO,27.01,5.69,32.7,APP_IOS
PED00004015,CLI00502,LJ08,2025-10-20T12:35:56,PAGO,51.66,8.09,59.75,WEB
PED00004016,CLI00743,LJ12,2025-10-20T23:18:20,CANCELADO,88.37,10.53,98.9,APP_ANDROID
PED00004017,CLI01980,LJ01,2025-10-20T10:37:29,PAGO,14.87,10.5,25.37,WEB
PED00004018,CLI01496,LJ06,2025-10-20T17:59:06,PAGO,126.78,11.02,137.8,APP_ANDROID
PED00004019,CLI01712,LJ01,2025-10-20T10:46:54,PAGO,42.51,9.39,51.9,WEB
PED00004020,CLI00372,LJ09,2025-10-20T21:42:44,CANCELADO,121.63,10.83,132.46,WEB
PED00004021,CLI00112,LJ04,2025-10-20T11:22:06,PAGO,24.14,8.68,32.82,WEB
PED00004022,CLI00358,LJ10,2025-10-20T20:41:11,PAGO,16.79,9.83,26.62,APP_IOS
PED00004023,CLI00872,LJ01,2025-10-20T10:04:40,PAGO,138.45,9.6,148.05,APP_IOS
PED00004024,CLI00179,LJ03,2025-10-20T14:40:12,PAGO,90.63,6.91,97.54,APP_IOS
PED00004025,CLI01486,LJ06,2025-10-21T21:03:02,PAGO,37.86,11.8,49.66,APP_IOS
PED00004026,CLI00048,LJ11,2025-10-21T21:19:06,PAGO,7.75,5.79,13.54,APP_IOS
PED00004027,CLI01593,LJ06,2025-10-21T10:33:11,PAGO,63.12,5.75,68.87,APP_IOS
PED00004028,CLI00227,LJ05,2025-10-21T11:16:24,PAGO,25.36,8.89,34.25,APP_ANDROID
PED00004029,CLI00695,LJ10,2025-10-21T11:52:10,PAGO,89.92,9.62,99.54,APP_ANDROID
PED00004030,CLI01649,LJ10,2025-10-21T23:04:57,PAGO,24.8,7.64,32.44,APP_ANDROID
PED00004031,CLI01081,LJ06,2025-10-21T18:35:04,PAGO,50.63,8.31,58.94,APP_ANDROID
PED00004032,CLI00147,LJ01,2025-10-21T23:51:45,PAGO,77.87,5.46,83.33,WEB
PED00004033,CLI01099,LJ01,2025-10-21T10:46:29,CANCELADO,66.0,10.0,76.0,APP_ANDROID
PED00004034,CLI00645,LJ01,2025-10-21T21:28:19,PENDENTE,49.66,9.14,58.8,APP_ANDROID
PED00004035,CLI00819,LJ07,2025-10-21T12:26:49,PAGO,81.88,7.13,89.01,APP_IOS
PED00004036,CLI01847,LJ03,2025-10-21T19:47:54,PAGO,38.47,5.62,44.09,APP_ANDROID
PED00004037,CLI00241,LJ07,2025-10-21T10:03:05,PAGO,93.7,9.71,103.41,APP_ANDROID
PED00004038,CLI01641,LJ09,2025-10-21T17:42:38,PAGO,184.43,8.3,192.73,APP_ANDROID
PED00004039,CLI01671,LJ01,2025-10-21T19:41:00,PAGO,101.26,8.97,110.23,APP_IOS
PED00004040,CLI01504,LJ03,2025-10-21T23:32:33,PAGO,34.82,12.0,46.82,APP_IOS
PED00004041,CLI01016,LJ08,2025-10-21T12:12:31,PAGO,69.41,6.36,75.77,APP_IOS
PED00004042,CLI00676,LJ02,2025-10-21T23:54:33,PENDENTE,16.96,5.58,22.54,APP_ANDROID
PED00004043,CLI01453,LJ05,2025-10-21T23:31:07,PAGO,62.77,6.04,68.81,WEB
PED00004044,CLI00168,LJ03,2025-10-21T10:09:45,PENDENTE,180.48,10.67,191.15,APP_ANDROID
PED00004045,CLI01496,LJ09,2025-10-21T16:56:38,PAGO,24.05,7.4,31.45,WEB
PED00004046,CLI01208,LJ12,2025-10-21T12:54:56,PAGO,9.41,11.47,20.88,WEB
PED00004047,CLI01050,LJ04,2025-10-21T11:14:21,PAGO,15.18,9.85,25.03,APP_ANDROID
PED00004048,CLI00992,LJ07,2025-10-21T15:32:32,PAGO,152.14,5.54,157.68,APP_ANDROID
PED00004049,CLI01827,LJ08,2025-10-21T15:34:16,PAGO,162.78,11.7,174.48,APP_ANDROID
PED00004050,CLI00629,LJ04,2025-10-21T14:03:11,PAGO,311.0,8.2,319.2,APP_IOS
PED00004051,CLI00774,LJ12,2025-10-21T20:15:20,PAGO,47.44,8.77,56.21,WEB
PED00004052,CLI00020,LJ08,2025-10-21T21:13:35,PAGO,11.25,10.69,21.94,WEB
PED00004053,CLI01328,LJ03,2025-10-21T12:16:36,CANCELADO,58.4,9.77,68.17,APP_IOS
PED00004054,CLI00198,LJ04,2025-10-21T11:01:45,PAGO,51.19,11.06,62.25,APP_IOS
PED00004055,CLI01086,LJ05,2025-10-21T16:27:53,PAGO,21.65,10.82,32.47,WEB
PED00004056,CLI00441,LJ08,2025-10-21T14:37:28,PAGO,31.95,9.26,41.21,WEB
PED00004057,CLI01311,LJ05,2025-10-21T11:20:22,PAGO,114.36,11.42,125.78,WEB
PED00004058,CLI00346,LJ09,2025-10-21T12:36:28,PAGO,69.33,9.49,78.82,APP_IOS
PED00004059,CLI01064,LJ10,2025-10-21T14:52:38,PAGO,19.85,6.95,26.8,APP_ANDROID
PED00004060,CLI00680,LJ08,2025-10-21T11:59:36,CANCELADO,134.29,8.4,142.69,APP_ANDROID
PED00004061,CLI01200,LJ10,2025-10-21T23:53:18,PAGO,19.66,11.58,31.24,APP_IOS
PED00004062,CLI01850,LJ01,2025-10-21T14:10:37,PAGO,276.32,10.54,286.86,APP_IOS
PED00004063,CLI01268,LJ11,2025-10-21T19:30:40,PAGO,47.88,7.38,55.26,WEB
PED00004064,CLI01085,LJ05,2025-10-21T11:37:48,PAGO,50.44,5.03,55.47,APP_IOS
PED00004065,CLI00926,LJ01,2025-10-21T21:01:27,PAGO,30.49,9.84,40.33,APP_IOS
PED00004066,CLI01906,LJ11,2025-10-21T17:10:04,PAGO,3.63,6.74,10.37,APP_IOS
PED00004067,CLI00586,LJ10,2025-10-21T18:20:39,PAGO,122.61,5.43,128.04,APP_IOS
PED00004068,CLI00742,LJ01,2025-10-21T14:37:42,PAGO,112.05,10.88,122.93,WEB
PED00004069,CLI01965,LJ09,2025-10-21T17:38:59,PAGO,21.86,9.7,31.56,WEB
PED00004070,CLI01963,LJ08,2025-10-21T14:57:41,PAGO,19.38,7.71,27.09,WEB
PED00004071,CLI00435,LJ03,2025-10-21T13:42:31,PAGO,408.65,6.04,414.69,APP_IOS
PED00004072,CLI00625,LJ12,2025-10-21T13:10:40,PAGO,36.98,11.47,48.45,APP_ANDROID
PED00004073,CLI01397,LJ05,2025-10-21T20:58:04,PAGO,112.48,8.61,121.09,APP_IOS
PED00004074,CLI00592,LJ12,2025-10-21T23:42:09,PAGO,79.3,6.54,85.84,APP_ANDROID
PED00004075,CLI00074,LJ01,2025-10-21T23:50:38,PAGO,41.44,6.89,48.33,WEB
PED00004076,CLI00560,LJ12,2025-10-21T14:09:50,PENDENTE,166.22,7.47,173.69,WEB
PED00004077,CLI01009,LJ09,2025-10-21T15:05:14,PENDENTE,7.15,11.82,18.97,APP_ANDROID
PED00004078,CLI01762,LJ07,2025-10-21T14:22:24,PAGO,144.53,9.52,154.05,WEB
PED00004079,CLI01617,LJ04,2025-10-21T13:23:25,PAGO,40.73,10.11,50.84,WEB
PED00004080,CLI01834,LJ04,2025-10-21T17:12:52,PAGO,47.66,5.22,52.88,APP_ANDROID
PED00004081,CLI00359,LJ03,2025-10-22T20:27:49,PENDENTE,249.81,8.78,258.59,APP_IOS
PED00004082,CLI01752,LJ08,2025-10-22T15:27:35,CANCELADO,161.47,7.14,168.61,WEB
PED00004083,CLI00426,LJ09,2025-10-22T23:12:20,PAGO,86.02,6.34,92.36,WEB
PED00004084,CLI01428,LJ02,2025-10-22T23:15:46,CANCELADO,79.57,6.41,85.98,APP_IOS
PED00004085,CLI01230,LJ12,2025-10-22T16:58:53,PENDENTE,12.45,7.16,19.61,WEB
PED00004086,CLI00695,LJ02,2025-10-22T21:24:18,PAGO,65.51,11.54,77.05,APP_ANDROID
PED00004087,CLI01198,LJ01,2025-10-22T10:33:00,PAGO,19.76,10.41,30.17,WEB
PED00004088,CLI01870,LJ10,2025-10-22T11:12:44,PENDENTE,124.4,6.55,130.95,APP_IOS
PED00004089,CLI00637,LJ12,2025-10-22T14:10:32,PAGO,142.84,6.45,149.29,WEB
PED00004090,CLI01734,LJ12,2025-10-22T23:40:06,PAGO,105.63,8.06,113.69,APP_ANDROID
PED00004091,CLI01729,LJ07,2025-10-22T20:52:15,PAGO,175.83,5.54,181.37,WEB
PED00004092,CLI00286,LJ03,2025-10-22T13:24:20,PAGO,74.51,9.75,84.26,APP_IOS
PED00004093,CLI01662,LJ03,2025-10-22T13:14:52,PAGO,136.63,5.58,142.21,WEB
PED00004094,CLI00851,LJ01,2025-10-22T22:04:25,PAGO,154.72,6.06,160.78,WEB
PED00004095,CLI01117,LJ05,2025-10-22T18:15:25,PAGO,7.74,10.51,18.25,WEB
PED00004096,CLI00013,LJ03,2025-10-22T19:20:52,PAGO,68.81,10.99,79.8,APP_ANDROID
PED00004097,CLI00439,LJ05,2025-10-22T23:09:42,PAGO,91.89,10.76,102.65,APP_ANDROID
PED00004098,CLI00863,LJ01,2025-10-22T21:48:25,PAGO,147.11,8.76,155.87,WEB
PED00004099,CLI01430,LJ10,2025-10-22T10:15:45,PAGO,52.13,8.88,61.01,APP_ANDROID
PED00004100,CLI00228,LJ11,2025-10-22T20:06:28,PAGO,51.83,9.79,61.62,WEB
PED00004101,CLI01609,LJ12,2025-10-22T19:29:24,PAGO,66.92,8.31,75.23,APP_ANDROID
PED00004102,CLI01259,LJ05,2025-10-22T21:34:11,PAGO,71.15,11.98,83.13,APP_IOS
PED00004103,CLI01005,LJ11,2025-10-22T16:32:15,PAGO,122.38,7.57,129.95,APP_ANDROID
PED00004104,CLI01304,LJ01,2025-10-22T15:51:54,PAGO,21.96,6.35,28.31,APP_IOS
PED00004105,CLI00298,LJ12,2025-10-22T21:03:12,PAGO,38.94,8.95,47.89,APP_IOS
PED00004106,CLI00267,LJ02,2025-10-22T23:23:56,PAGO,35.27,11.5,46.77,APP_ANDROID
PED00004107,CLI00252,LJ09,2025-10-22T11:03:24,PAGO,47.36,8.03,55.39,WEB
PED00004108,CLI01363,LJ12,2025-10-22T16:20:04,PAGO,13.38,11.4,24.78,APP_IOS
PED00004109,CLI00337,LJ11,2025-10-22T11:50:19,PAGO,41.56,10.26,51.82,APP_ANDROID
PED00004110,CLI00013,LJ10,2025-10-22T18:21:17,CANCELADO,34.01,9.38,43.39,APP_ANDROID
PED00004111,CLI00492,LJ11,2025-10-22T13:32:55,PAGO,6.76,9.52,16.28,APP_IOS
PED00004112,CLI00881,LJ01,2025-10-22T16:09:00,PAGO,151.33,8.05,159.38,APP_ANDROID
PED00004113,CLI00551,LJ07,2025-10-22T20:27:01,PAGO,26.05,11.85,37.9,APP_ANDROID
PED00004114,CLI01338,LJ11,2025-10-22T16:05:23,PAGO,40.59,11.17,51.76,APP_ANDROID
PED00004115,CLI01935,LJ06,2025-10-22T15:58:21,PAGO,23.41,10.94,34.35,WEB
PED00004116,CLI00889,LJ07,2025-10-22T10:14:26,PAGO,16.92,11.14,28.06,APP_IOS
PED00004117,CLI00253,LJ04,2025-10-22T23:12:15,PAGO,57.52,10.18,67.7,APP_ANDROID
PED00004118,CLI01669,LJ06,2025-10-22T22:32:06,PAGO,101.87,11.54,113.41,APP_IOS
PED00004119,CLI00618,LJ11,2025-10-22T22:01:40,PAGO,334.16,7.41,341.57,APP_IOS
PED00004120,CLI01426,LJ10,2025-10-22T18:46:10,PENDENTE,44.61,7.87,52.48,APP_ANDROID
PED00004121,CLI00068,LJ01,2025-10-22T22:43:42,PAGO,182.09,7.87,189.96,APP_IOS
PED00004122,CLI00816,LJ02,2025-10-22T12:19:27,PAGO,24.55,11.05,35.6,WEB
PED00004123,CLI00359,LJ07,2025-10-22T11:50:51,PAGO,23.07,9.1,32.17,WEB
PED00004124,CLI00432,LJ07,2025-10-22T18:04:38,PAGO,278.14,10.22,288.36,WEB
PED00004125,CLI01956,LJ03,2025-10-22T19:05:28,PAGO,3.68,5.28,8.96,APP_ANDROID
PED00004126,CLI00597,LJ02,2025-10-22T19:12:25,PAGO,31.71,5.19,36.9,WEB
PED00004127,CLI00328,LJ10,2025-10-22T15:57:59,PAGO,44.29,8.38,52.67,WEB
PED00004128,CLI00528,LJ10,2025-10-22T21:40:43,PAGO,138.15,6.22,144.37,APP_ANDROID
PED00004129,CLI01691,LJ04,2025-10-22T19:21:55,PAGO,68.8,5.91,74.71,WEB
PED00004130,CLI01098,LJ08,2025-10-22T21:33:58,PAGO,17.5,8.16,25.66,APP_ANDROID
PED00004131,CLI00010,LJ01,2025-10-22T19:10:03,PAGO,114.16,10.45,124.61,WEB
PED00004132,CLI00404,LJ03,2025-10-22T22:36:09,PAGO,8.69,11.52,20.21,APP_IOS
PED00004133,CLI01629,LJ01,2025-10-22T17:15:10,CANCELADO,29.4,9.52,38.92,WEB
PED00004134,CLI00066,LJ08,2025-10-22T17:09:04,PAGO,246.19,11.49,257.68,APP_IOS
PED00004135,CLI01399,LJ08,2025-10-22T11:26:04,PAGO,89.74,10.85,100.59,WEB
PED00004136,CLI00228,LJ05,2025-10-22T22:45:57,PAGO,68.44,6.87,75.31,WEB
PED00004137,CLI01289,LJ02,2025-10-22T16:52:26,PAGO,20.29,5.65,25.94,APP_IOS
PED00004138,CLI00123,LJ08,2025-10-22T13:28:35,CANCELADO,135.22,11.9,147.12,APP_ANDROID
PED00004139,CLI00989,LJ03,2025-10-22T19:02:12,PAGO,177.43,9.5,186.93,WEB
PED00004140,CLI01329,LJ08,2025-10-22T12:51:31,PAGO,54.78,5.21,59.99,WEB
PED00004141,CLI00358,LJ10,2025-10-22T23:37:33,PAGO,28.19,8.64,36.83,APP_ANDROID
PED00004142,CLI00117,LJ10,2025-10-22T11:10:03,CANCELADO,99.12,11.38,110.5,APP_ANDROID
PED00004143,CLI00463,LJ09,2025-10-22T20:19:20,PAGO,92.92,5.33,98.25,APP_IOS
PED00004144,CLI00801,LJ04,2025-10-22T17:49:55,PAGO,293.58,11.13,304.71,APP_IOS
PED00004145,CLI01079,LJ03,2025-10-23T16:04:18,PAGO,138.03,5.31,143.34,APP_IOS
PED00004146,CLI01956,LJ09,2025-10-23T19:45:28,PAGO,97.18,6.42,103.6,WEB
PED00004147,CLI00565,LJ08,2025-10-23T14:00:04,PAGO,86.54,8.11,94.65,APP_IOS
PED00004148,CLI01737,LJ03,2025-10-23T23:33:12,PAGO,76.41,10.05,86.46,APP_IOS
PED00004149,CLI00399,LJ10,2025-10-23T17:06:47,PENDENTE,70.36,8.38,78.74,WEB
PED00004150,CLI01162,LJ03,2025-10-23T18:12:08,PAGO,84.25,8.16,92.41,WEB
PED00004151,CLI01276,LJ02,2025-10-23T11:48:26,PAGO,81.7,10.22,91.92,APP_ANDROID
PED00004152,CLI01872,LJ01,2025-10-23T21:57:29,PAGO,187.75,7.83,195.58,WEB
PED00004153,CLI00596,LJ03,2025-10-23T18:31:15,PAGO,41.86,6.51,48.37,APP_ANDROID
PED00004154,CLI00643,LJ09,2025-10-23T16:30:17,PAGO,36.49,7.7,44.19,APP_IOS
PED00004155,CLI00450,LJ04,2025-10-23T20:46:09,PAGO,96.94,8.62,105.56,APP_ANDROID
PED00004156,CLI01997,LJ05,2025-10-23T10:30:08,PAGO,94.31,11.53,105.84,WEB
PED00004157,CLI01636,LJ05,2025-10-23T18:05:20,CANCELADO,257.64,6.67,264.31,APP_IOS
PED00004158,CLI00623,LJ01,2025-10-23T22:55:53,PAGO,34.05,9.5,43.55,WEB
PED00004159,CLI01154,LJ10,2025-10-23T23:05:51,PAGO,13.64,7.71,21.35,WEB
PED00004160,CLI01839,LJ02,2025-10-23T19:28:37,PENDENTE,36.1,10.3,46.4,APP_IOS
PED00004161,CLI00356,LJ07,2025-10-23T20:44:23,PAGO,18.26,11.91,30.17,APP_IOS
PED00004162,CLI00926,LJ02,2025-10-23T20:46:59,PAGO,55.0,6.42,61.42,APP_ANDROID
PED00004163,CLI01135,LJ05,2025-10-23T12:27:31,PAGO,101.65,5.12,106.77,APP_IOS
PED00004164,CLI01050,LJ08,2025-10-23T13:30:00,PAGO,141.67,9.83,151.5,WEB
PED00004165,CLI01556,LJ08,2025-10-23T18:51:06,PENDENTE,19.27,10.03,29.3,WEB
PED00004166,CLI01211,LJ08,2025-10-23T21:42:37,PAGO,50.3,5.94,56.24,APP_ANDROID
PED00004167,CLI01204,LJ12,2025-10-23T11:46:08,PAGO,19.2,7.46,26.66,WEB
PED00004168,CLI02000,LJ08,2025-10-23T16:45:40,PAGO,19.04,8.05,27.09,APP_ANDROID
PED00004169,CLI00434,LJ01,2025-10-23T11:16:59,PAGO,32.93,11.98,44.91,APP_ANDROID
PED00004170,CLI00291,LJ12,2025-10-23T17:25:27,PAGO,41.82,11.93,53.75,APP_IOS
PED00004171,CLI00821,LJ07,2025-10-23T16:58:49,PAGO,68.85,7.13,75.98,APP_IOS
PED00004172,CLI01784,LJ07,2025-10-23T10:38:37,PAGO,87.14,7.55,94.69,APP_IOS
PED00004173,CLI01716,LJ04,2025-10-23T20:50:09,PAGO,266.25,11.45,277.7,APP_ANDROID
PED00004174,CLI01846,LJ12,2025-10-23T18:13:28,PAGO,72.36,10.55,82.91,APP_IOS
PED00004175,CLI00627,LJ01,2025-10-23T21:01:26,PAGO,48.86,5.16,54.02,WEB
PED00004176,CLI01713,LJ02,2025-10-23T15:48:54,PAGO,171.69,7.13,178.82,APP_IOS
PED00004177,CLI00341,LJ05,2025-10-23T21:57:03,PAGO,48.8,6.24,55.04,APP_IOS
PED00004178,CLI01862,LJ12,2025-10-23T16:31:56,PAGO,12.55,6.95,19.5,WEB
PED00004179,CLI01823,LJ08,2025-10-23T22:34:42,PAGO,120.08,10.1,130.18,WEB
PED00004180,CLI00835,LJ10,2025-10-23T12:42:52,CANCELADO,60.06,11.35,71.41,WEB
PED00004181,CLI01041,LJ08,2025-10-23T16:31:00,PAGO,39.42,6.59,46.01,WEB
PED00004182,CLI01106,LJ01,2025-10-23T18:58:26,PAGO,104.01,9.11,113.12,APP_IOS
PED00004183,CLI01904,LJ12,2025-10-23T11:09:21,PAGO,31.21,7.82,39.03,APP_IOS
PED00004184,CLI00872,LJ09,2025-10-23T15:25:26,PAGO,95.14,5.92,101.06,APP_IOS
PED00004185,CLI01601,LJ07,2025-10-23T11:55:54,PAGO,64.92,11.11,76.03,WEB
PED00004186,CLI01498,LJ07,2025-10-23T18:32:01,PAGO,106.26,10.82,117.08,WEB
PED00004187,CLI00193,LJ04,2025-10-23T17:09:52,PAGO,3.64,6.83,10.47,WEB
PED00004188,CLI00851,LJ07,2025-10-23T18:02:11,PAGO,59.94,10.38,70.32,WEB
PED00004189,CLI01755,LJ07,2025-10-23T15:55:51,PAGO,6.27,9.9,16.17,APP_ANDROID
PED00004190,CLI01801,LJ03,2025-10-23T19:41:02,PAGO,110.6,10.24,120.84,APP_ANDROID
PED00004191,CLI00191,LJ06,2025-10-23T22:06:00,CANCELADO,19.15,9.0,28.15,APP_IOS
PED00004192,CLI00255,LJ03,2025-10-23T10:39:26,CANCELADO,93.63,5.97,99.6,WEB
PED00004193,CLI00386,LJ10,2025-10-23T20:18:31,PAGO,235.74,5.05,240.79,APP_ANDROID
PED00004194,CLI01892,LJ01,2025-10-23T19:20:38,PAGO,86.68,6.74,93.42,WEB
PED00004195,CLI00490,LJ04,2025-10-23T10:54:10,PAGO,64.21,11.0,75.21,WEB
PED00004196,CLI00184,LJ01,2025-10-23T18:03:39,PAGO,58.95,9.3,68.25,APP_ANDROID
PED00004197,CLI00582,LJ09,2025-10-23T15:22:07,PAGO,128.99,5.37,134.36,WEB
PED00004198,CLI01673,LJ08,2025-10-23T20:02:21,PAGO,149.63,6.71,156.34,APP_ANDROID
PED00004199,CLI00121,LJ07,2025-10-23T13:25:57,PAGO,54.27,7.63,61.9,WEB
PED00004200,CLI00516,LJ11,2025-10-23T11:04:51,PAGO,84.87,10.89,95.76,APP_IOS
PED00004201,CLI00708,LJ05,2025-10-23T10:48:46,PAGO,47.59,5.99,53.58,APP_ANDROID
PED00004202,CLI01878,LJ10,2025-10-23T13:02:03,PAGO,39.68,8.0,47.68,APP_ANDROID
PED00004203,CLI01626,LJ05,2025-10-23T12:50:04,PAGO,33.87,11.45,45.32,APP_IOS
PED00004204,CLI00860,LJ01,2025-10-23T19:37:31,PAGO,44.09,6.63,50.72,APP_IOS
PED00004205,CLI00878,LJ09,2025-10-23T18:49:27,PAGO,46.87,8.26,55.13,WEB
PED00004206,CLI00520,LJ03,2025-10-23T12:23:26,PAGO,17.15,6.34,23.49,APP_IOS
PED00004207,CLI00117,LJ04,2025-10-23T12:30:45,PAGO,33.0,8.5,41.5,WEB
PED00004208,CLI00964,LJ05,2025-10-23T14:05:42,PAGO,49.76,7.26,57.02,WEB
PED00004209,CLI01565,LJ10,2025-10-23T21:07:57,PAGO,61.02,10.26,71.28,WEB
PED00004210,CLI01505,LJ07,2025-10-23T18:46:28,PAGO,172.53,11.21,183.74,APP_ANDROID
PED00004211,CLI00531,LJ01,2025-10-23T10:03:20,PAGO,59.08,9.7,68.78,APP_IOS
PED00004212,CLI01032,LJ10,2025-10-23T13:19:30,PAGO,36.0,6.39,42.39,APP_ANDROID
PED00004213,CLI01589,LJ03,2025-10-23T12:40:26,PAGO,16.56,7.41,23.97,APP_ANDROID
PED00004214,CLI01487,LJ11,2025-10-23T16:08:24,PAGO,267.67,9.0,276.67,APP_IOS
PED00004215,CLI01160,LJ01,2025-10-23T13:59:17,PAGO,49.7,10.41,60.11,APP_IOS
PED00004216,CLI00457,LJ01,2025-10-23T22:34:52,PAGO,93.83,11.73,105.56,APP_ANDROID
PED00004217,CLI01937,LJ02,2025-10-24T22:50:36,PAGO,77.54,5.99,83.53,WEB
PED00004218,CLI01850,LJ08,2025-10-24T14:51:54,PAGO,104.22,6.72,110.94,WEB
PED00004219,CLI01110,LJ07,2025-10-24T16:26:21,PAGO,98.25,11.83,110.08,APP_ANDROID
PED00004220,CLI01174,LJ06,2025-10-24T14:36:43,PAGO,227.93,8.24,236.17,APP_IOS
PED00004221,CLI01780,LJ08,2025-10-24T17:10:26,PAGO,89.55,8.16,97.71,APP_IOS
PED00004222,CLI00998,LJ01,2025-10-24T11:08:49,PAGO,49.59,11.17,60.76,APP_ANDROID
PED00004223,CLI01035,LJ08,2025-10-24T18:52:42,CANCELADO,157.11,7.83,164.94,APP_ANDROID
PED00004224,CLI01861,LJ01,2025-10-24T20:12:55,PAGO,37.04,11.17,48.21,WEB
PED00004225,CLI01402,LJ07,2025-10-24T21:23:52,PAGO,19.1,6.22,25.32,WEB
PED00004226,CLI01916,LJ01,2025-10-24T18:14:19,PAGO,11.6,7.78,19.38,APP_ANDROID
PED00004227,CLI01749,LJ08,2025-10-24T22:31:28,CANCELADO,83.02,10.3,93.32,APP_IOS
PED00004228,CLI01110,LJ10,2025-10-24T23:33:58,PENDENTE,32.32,11.66,43.98,APP_ANDROID
PED00004229,CLI01710,LJ12,2025-10-24T13:38:04,PAGO,58.28,10.57,68.85,APP_IOS
PED00004230,CLI01780,LJ07,2025-10-24T10:42:11,PAGO,89.73,10.87,100.6,APP_ANDROID
PED00004231,CLI01584,LJ04,2025-10-24T20:25:13,PAGO,83.27,5.16,88.43,WEB
PED00004232,CLI01067,LJ04,2025-10-24T13:25:08,PAGO,39.47,10.0,49.47,APP_ANDROID
PED00004233,CLI01095,LJ09,2025-10-24T18:00:43,PAGO,65.95,8.14,74.09,APP_IOS
PED00004234,CLI00518,LJ07,2025-10-24T22:51:35,PAGO,265.99,5.69,271.68,APP_ANDROID
PED00004235,CLI01270,LJ02,2025-10-24T17:27:20,PAGO,123.87,7.87,131.74,APP_IOS
PED00004236,CLI01280,LJ02,2025-10-24T14:41:07,PAGO,86.5,8.49,94.99,WEB
PED00004237,CLI00927,LJ03,2025-10-24T23:43:19,PAGO,74.36,5.24,79.6,APP_IOS
PED00004238,CLI01311,LJ01,2025-10-24T15:58:30,PAGO,67.55,10.27,77.82,WEB
PED00004239,CLI01612,LJ05,2025-10-24T12:46:38,PAGO,161.91,9.86,171.77,APP_IOS
PED00004240,CLI01403,LJ07,2025-10-24T10:52:12,PAGO,85.21,5.15,90.36,APP_IOS
PED00004241,CLI00430,LJ01,2025-10-24T18:51:00,PAGO,108.55,11.24,119.79,WEB
PED00004242,CLI01693,LJ12,2025-10-24T18:37:15,PAGO,24.36,9.62,33.98,WEB
PED00004243,CLI01059,LJ02,2025-10-24T16:11:51,PAGO,20.83,8.34,29.17,APP_IOS
PED00004244,CLI01807,LJ02,2025-10-24T16:13:55,PAGO,23.71,5.33,29.04,APP_ANDROID
PED00004245,CLI00692,LJ09,2025-10-24T12:00:01,PAGO,29.75,11.91,41.66,APP_ANDROID
PED00004246,CLI00507,LJ08,2025-10-24T10:39:09,PAGO,102.7,6.56,109.26,WEB
PED00004247,CLI01997,LJ08,2025-10-24T17:53:01,PAGO,35.83,9.96,45.79,WEB
PED00004248,CLI01390,LJ03,2025-10-24T11:23:23,CANCELADO,102.08,8.89,110.97,APP_IOS
PED00004249,CLI00633,LJ02,2025-10-24T11:44:11,PAGO,7.26,9.69,16.95,WEB
PED00004250,CLI00100,LJ12,2025-10-24T22:08:46,PAGO,57.09,10.05,67.14,APP_IOS
PED00004251,CLI01114,LJ04,2025-10-24T15:23:28,PAGO,20.76,8.41,29.17,APP_ANDROID
PED00004252,CLI00685,LJ07,2025-10-24T14:33:36,PAGO,28.82,10.67,39.49,WEB
PED00004253,CLI01220,LJ10,2025-10-24T16:00:37,PAGO,70.83,8.59,79.42,APP_ANDROID
PED00004254,CLI00298,LJ02,2025-10-24T17:49:13,PAGO,33.38,8.11,41.49,WEB
PED00004255,CLI00584,LJ08,2025-10-24T11:21:42,PAGO,170.37,5.42,175.79,APP_IOS
PED00004256,CLI01593,LJ03,2025-10-24T23:33:06,CANCELADO,56.72,5.14,61.86,WEB
PED00004257,CLI01125,LJ06,2025-10-24T20:28:44,PAGO,89.21,9.79,99.0,WEB
PED00004258,CLI00676,LJ12,2025-10-24T21:46:18,CANCELADO,79.69,5.24,84.93,APP_IOS
PED00004259,CLI01476,LJ06,2025-10-24T21:14:26,PAGO,98.99,8.78,107.77,APP_ANDROID
PED00004260,CLI00336,LJ10,2025-10-24T14:59:41,PENDENTE,104.39,8.11,112.5,APP_ANDROID
PED00004261,CLI01992,LJ07,2025-10-24T20:51:49,PAGO,106.69,11.68,118.37,APP_ANDROID
PED00004262,CLI00028,LJ08,2025-10-24T11:27:09,PAGO,13.71,7.43,21.14,APP_ANDROID
PED00004263,CLI01937,LJ06,2025-10-24T17:26:56,PAGO,23.57,5.25,28.82,APP_ANDROID
PED00004264,CLI01406,LJ06,2025-10-24T15:59:15,PAGO,78.56,8.15,86.71,APP_IOS
PED00004265,CLI01242,LJ12,2025-10-24T13:14:22,PAGO,56.67,5.26,61.93,APP_IOS
PED00004266,CLI01412,LJ02,2025-10-24T18:27:33,PAGO,95.39,5.94,101.33,WEB
PED00004267,CLI01553,LJ09,2025-10-24T14:48:03,PAGO,70.04,8.83,78.87,APP_ANDROID
PED00004268,CLI01516,LJ04,2025-10-24T15:06:36,CANCELADO,149.99,6.72,156.71,APP_ANDROID
PED00004269,CLI00053,LJ11,2025-10-24T15:54:47,PAGO,57.62,8.12,65.74,WEB
PED00004270,CLI00669,LJ12,2025-10-24T18:03:20,PAGO,60.14,8.98,69.12,WEB
PED00004271,CLI01099,LJ01,2025-10-24T15:39:21,PAGO,105.67,6.39,112.06,APP_IOS
PED00004272,CLI00601,LJ08,2025-10-24T10:17:51,PAGO,7.81,5.31,13.12,APP_ANDROID
PED00004273,CLI01839,LJ10,2025-10-24T11:38:09,PAGO,135.06,10.49,145.55,APP_IOS
PED00004274,CLI00408,LJ08,2025-10-24T16:55:00,CANCELADO,140.47,9.72,150.19,APP_IOS
PED00004275,CLI00205,LJ01,2025-10-24T18:03:46,PAGO,135.17,8.95,144.12,APP_IOS
PED00004276,CLI00152,LJ02,2025-10-24T13:52:44,PAGO,119.31,8.31,127.62,WEB
PED00004277,CLI01416,LJ10,2025-10-24T15:31:10,PAGO,26.42,11.69,38.11,WEB
PED00004278,CLI01487,LJ07,2025-10-24T19:32:42,PAGO,10.27,5.07,15.34,APP_IOS
PED00004279,CLI01168,LJ03,2025-10-24T23:40:52,PAGO,91.06,10.53,101.59,APP_IOS
PED00004280,CLI00733,LJ02,2025-10-24T23:14:37,PAGO,89.64,9.15,98.79,APP_IOS
PED00004281,CLI01726,LJ01,2025-10-24T20:45:57,PAGO,22.69,8.37,31.06,WEB
PED00004282,CLI01866,LJ07,2025-10-24T13:57:48,CANCELADO,199.04,9.51,208.55,APP_ANDROID
PED00004283,CLI00026,LJ04,2025-10-24T15:29:41,PAGO,77.77,9.56,87.33,WEB
PED00004284,CLI00188,LJ05,2025-10-24T14:18:01,PAGO,37.71,6.14,43.85,WEB
PED00004285,CLI00226,LJ01,2025-10-24T20:29:19,PAGO,21.36,11.06,32.42,APP_IOS
PED00004286,CLI01620,LJ06,2025-10-24T20:10:12,PAGO,30.06,10.77,40.83,APP_ANDROID
PED00004287,CLI01027,LJ06,2025-10-24T10:04:12,PAGO,10.01,5.99,16.0,APP_IOS
PED00004288,CLI00650,LJ12,2025-10-24T21:35:43,PAGO,11.28,9.63,20.91,APP_ANDROID
PED00004289,CLI00258,LJ10,2025-10-24T11:47:56,CANCELADO,37.2,8.64,45.84,WEB
PED00004290,CLI00736,LJ08,2025-10-24T11:41:44,CANCELADO,72.26,8.99,81.25,WEB
PED00004291,CLI00034,LJ08,2025-10-24T14:09:25,PAGO,36.27,8.34,44.61,APP_ANDROID
PED00004292,CLI00067,LJ04,2025-10-24T20:04:26,PAGO,75.52,6.23,81.75,APP_IOS
PED00004293,CLI01970,LJ09,2025-10-24T20:07:44,PAGO,83.1,8.89,91.99,APP_ANDROID
PED00004294,CLI01644,LJ08,2025-10-24T12:04:58,PAGO,64.02,5.93,69.95,APP_ANDROID
PED00004295,CLI00860,LJ03,2025-10-24T10:51:50,PAGO,27.49,10.52,38.01,APP_ANDROID
PED00004296,CLI00862,LJ09,2025-10-24T12:40:22,PAGO,56.15,10.53,66.68,WEB
PED00004297,CLI01654,LJ08,2025-10-24T15:20:15,PAGO,78.65,10.55,89.2,APP_IOS
PED00004298,CLI01311,LJ05,2025-10-24T23:16:15,PAGO,30.78,6.3,37.08,APP_IOS
PED00004299,CLI01829,LJ11,2025-10-24T10:42:14,PAGO,114.66,7.46,122.12,APP_IOS
PED00004300,CLI00063,LJ09,2025-10-24T14:06:56,PAGO,110.49,8.39,118.88,APP_IOS
PED00004301,CLI00298,LJ02,2025-10-24T17:34:21,PAGO,134.62,11.76,146.38,APP_ANDROID
PED00004302,CLI01512,LJ04,2025-10-24T18:58:03,PAGO,65.42,7.23,72.65,WEB
PED00004303,CLI01582,LJ06,2025-10-24T20:12:31,PAGO,151.95,11.17,163.12,APP_IOS
PED00004304,CLI00500,LJ09,2025-10-24T19:14:43,PAGO,68.61,5.53,74.14,WEB
PED00004305,CLI00303,LJ10,2025-10-24T20:14:04,PAGO,6.8,7.47,14.27,APP_IOS
PED00004306,CLI01544,LJ05,2025-10-24T14:33:31,PAGO,73.22,9.29,82.51,APP_IOS
PED00004307,CLI00416,LJ04,2025-10-24T17:15:25,PAGO,29.41,11.49,40.9,WEB
PED00004308,CLI00342,LJ07,2025-10-24T16:52:58,PAGO,61.49,10.42,71.91,APP_IOS
PED00004309,CLI01926,LJ09,2025-10-24T16:09:23,PAGO,44.88,5.94,50.82,APP_IOS
PED00004310,CLI01209,LJ04,2025-10-24T22:16:09,PAGO,24.95,5.13,30.08,APP_ANDROID
PED00004311,CLI01343,LJ09,2025-10-24T19:24:00,PAGO,79.02,9.49,88.51,APP_ANDROID
PED00004312,CLI00049,LJ08,2025-10-24T13:19:21,PAGO,125.43,7.99,133.42,APP_ANDROID
PED00004313,CLI00158,LJ05,2025-10-24T16:43:18,PAGO,38.59,11.93,50.52,WEB
PED00004314,CLI01549,LJ08,2025-10-24T15:33:05,PAGO,26.01,10.23,36.24,APP_IOS
PED00004315,CLI00836,LJ11,2025-10-24T13:28:35,CANCELADO,150.29,8.46,158.75,APP_ANDROID
PED00004316,CLI00987,LJ12,2025-10-24T20:50:16,PAGO,68.81,11.56,80.37,APP_IOS
PED00004317,CLI00879,LJ06,2025-10-24T22:51:11Z,PAGO,33.43,7.84,41.27,APP_ANDROID
PED00004318,CLI01582,LJ12,2025-10-24T14:27:30,PAGO,134.69,11.73,146.42,APP_IOS
PED00004319,CLI00414,LJ11,2025-10-24T23:06:16,CANCELADO,160.97,10.93,171.9,APP_IOS
PED00004320,CLI00614,LJ02,2025-10-24T12:01:53,CANCELADO,14.89,8.41,23.3,APP_ANDROID
PED00004321,CLI01116,LJ06,2025-10-24T12:43:15,PAGO,67.39,10.33,77.72,APP_IOS
PED00004322,CLI00020,LJ01,2025-10-24T18:07:04,PAGO,101.95,7.89,109.84,WEB
PED00004323,CLI01258,LJ09,2025-10-24T16:48:24,PAGO,23.53,9.4,32.93,APP_ANDROID
PED00004324,CLI00396,LJ02,2025-10-24T10:30:28,PAGO,19.75,8.36,28.11,WEB
PED00004325,CLI00360,LJ08,2025-10-24T22:08:03,PAGO,63.87,8.49,72.36,WEB
PED00004326,CLI00973,LJ06,2025-10-24T20:35:29,PAGO,95.47,5.38,100.85,APP_ANDROID
PED00004327,CLI01772,LJ08,2025-10-24T18:01:02,PAGO,31.69,10.6,42.29,APP_IOS
PED00004328,CLI00288,LJ09,2025-10-24T14:51:06,PAGO,43.12,6.74,49.86,WEB
PED00004329,CLI00406,LJ10,2025-10-25T15:30:26,PAGO,140.0,6.64,146.64,WEB
PED00004330,CLI00949,LJ09,2025-10-25T16:39:49,PAGO,118.28,6.42,124.7,WEB
PED00004331,CLI00785,LJ09,2025-10-25T18:51:02,PAGO,61.15,11.56,72.71,APP_IOS
PED00004332,CLI01077,LJ08,2025-10-25T18:52:24,PAGO,73.15,6.1,79.25,APP_IOS
PED00004333,CLI00660,LJ10,2025-10-25T23:20:40,PAGO,46.0,11.4,57.4,APP_IOS
PED00004334,CLI00894,LJ12,2025-10-25T21:29:02,PAGO,70.87,6.17,77.04,APP_ANDROID
PED00004335,CLI01267,LJ12,2025-10-25T18:45:03,PAGO,71.94,6.26,78.2,APP_IOS
PED00004336,CLI01005,LJ12,2025-10-25T13:25:44,PAGO,29.43,5.63,35.06,APP_IOS
PED00004337,CLI01785,LJ08,2025-10-25T12:11:07,PAGO,88.1,8.77,96.87,APP_IOS
PED00004338,CLI01200,LJ03,2025-10-25T13:50:08,PAGO,199.24,10.74,209.98,WEB
PED00004339,CLI00568,LJ03,2025-10-25T20:24:27,PAGO,161.64,6.3,167.94,APP_IOS
PED00004340,CLI01296,LJ11,2025-10-25T21:55:26,PAGO,103.01,8.83,111.84,WEB
PED00004341,CLI01294,LJ05,2025-10-25T20:41:57,PAGO,14.43,8.71,23.14,APP_ANDROID
PED00004342,CLI00310,LJ06,2025-10-25T10:50:49,PAGO,53.3,11.49,64.79,WEB
PED00004343,CLI01811,LJ04,2025-10-25T11:15:19,CANCELADO,10.91,6.55,17.46,APP_ANDROID
PED00004344,CLI01148,LJ04,2025-10-25T23:59:12,PAGO,102.49,7.1,109.59,WEB
PED00004345,CLI00506,LJ11,2025-10-25T10:48:03,PAGO,131.09,5.45,136.54,APP_IOS
PED00004346,CLI01724,LJ05,2025-10-25T17:08:26,PAGO,126.13,6.04,132.17,APP_ANDROID
PED00004347,CLI01123,LJ07,2025-10-25T16:35:38,PAGO,294.13,8.57,302.7,WEB
PED00004348,CLI00814,LJ10,2025-10-25T18:08:56,PAGO,80.53,11.45,91.98,APP_ANDROID
PED00004349,CLI00048,LJ08,2025-10-25T13:58:22,PAGO,18.69,11.17,29.86,WEB
PED00004350,CLI01908,LJ01,2025-10-25T15:15:41,PENDENTE,15.02,5.12,20.14,APP_ANDROID
PED00004351,CLI01692,LJ12,2025-10-25T15:06:00,CANCELADO,43.99,5.33,49.32,WEB
PED00004352,CLI01528,LJ08,2025-10-25T12:25:17,PAGO,8.36,10.6,18.96,APP_IOS
PED00004353,CLI01889,LJ12,2025-10-25T23:55:21,PAGO,14.49,9.05,23.54,APP_ANDROID
PED00004354,CLI00580,LJ03,2025-10-25T20:20:34,PAGO,68.68,7.96,76.64,APP_ANDROID
PED00004355,CLI01611,LJ07,2025-10-25T10:50:13,PAGO,195.37,5.74,201.11,APP_ANDROID
PED00004356,CLI01417,LJ12,2025-10-25T15:08:33,PAGO,159.3,6.04,165.34,APP_IOS
PED00004357,CLI01278,LJ01,2025-10-25T14:10:42,PAGO,76.99,11.68,88.67,WEB
PED00004358,CLI01332,LJ01,2025-10-25T22:27:04,PAGO,29.89,10.75,40.64,WEB
PED00004359,CLI00890,LJ11,2025-10-25T12:25:27,CANCELADO,51.15,11.47,62.62,APP_ANDROID
PED00004360,CLI00624,LJ05,2025-10-25T16:04:05,PAGO,221.23,10.46,231.69,APP_ANDROID
PED00004361,CLI01319,LJ12,2025-10-25T14:41:40,PAGO,211.59,6.6,218.19,APP_IOS
PED00004362,CLI00225,LJ12,2025-10-25T16:51:30,PAGO,22.56,11.47,34.03,APP_IOS
PED00004363,CLI01925,LJ07,2025-10-25T18:43:56,PAGO,125.29,5.23,130.52,APP_IOS
PED00004364,CLI01959,LJ05,2025-10-25T15:06:46,PAGO,58.61,11.26,69.87,WEB
PED00004365,CLI01730,LJ07,2025-10-25T16:51:48,PAGO,86.72,10.27,96.99,APP_IOS
PED00004366,CLI00721,LJ10,2025-10-25T19:49:12,PAGO,60.65,5.78,66.43,WEB
PED00004367,CLI01569,LJ06,2025-10-25T16:35:56,PAGO,41.19,7.31,48.5,WEB
PED00004368,CLI01725,LJ11,2025-10-25T11:12:05,PAGO,19.92,10.72,30.64,APP_ANDROID
PED00004369,CLI01682,LJ12,2025-10-25T19:17:59,PAGO,50.77,11.38,62.15,APP_ANDROID
PED00004370,CLI01083,LJ10,2025-10-25T23:15:43,PAGO,152.29,5.21,157.5,APP_IOS
PED00004371,CLI01009,LJ02,2025-10-25T15:43:47,PAGO,134.52,7.75,142.27,APP_ANDROID
PED00004372,CLI00930,LJ05,2025-10-25T11:58:32,PAGO,46.86,7.84,54.7,WEB
PED00004373,CLI00667,LJ08,2025-10-25T12:07:32,PAGO,32.7,5.53,38.23,APP_ANDROID
PED00004374,CLI01310,LJ12,2025-10-25T19:17:22,PAGO,147.02,8.62,155.64,APP_IOS
PED00004375,CLI01758,LJ08,2025-10-25T10:03:45,PAGO,93.97,7.86,101.83,APP_IOS
PED00004376,CLI01756,LJ05,2025-10-25T10:49:37,PAGO,118.72,11.48,130.2,APP_IOS
PED00004377,CLI00361,LJ07,2025-10-25T13:07:01,PAGO,46.99,10.14,57.13,WEB
PED00004378,CLI01480,LJ02,2025-10-25T16:55:32,PAGO,7.91,5.95,13.86,APP_ANDROID
PED00004379,CLI01549,LJ08,2025-10-25T22:29:18,PAGO,225.36,7.45,232.81,APP_IOS
PED00004380,CLI00672,LJ01,2025-10-25T21:21:34,PAGO,150.46,8.85,159.31,WEB
PED00004381,CLI00693,LJ04,2025-10-25T21:17:02,PAGO,59.72,10.9,70.62,WEB
PED00004382,CLI00179,LJ01,2025-10-25T18:11:09,CANCELADO,97.98,7.69,105.67,WEB
PED00004383,CLI00475,LJ06,2025-10-25T18:35:54,PAGO,114.3,8.52,122.82,APP_IOS
PED00004384,CLI01777,LJ12,2025-10-25T21:06:39,PAGO,145.69,7.49,153.18,APP_ANDROID
PED00004385,CLI01375,LJ03,2025-10-25T18:10:11,PAGO,57.59,5.27,62.86,APP_IOS
PED00004386,CLI00183,LJ11,2025-10-25T10:46:42,PAGO,27.76,7.41,35.17,APP_ANDROID
PED00004387,CLI00149,LJ05,2025-10-25T21:37:54,PAGO,11.44,9.57,21.01,APP_ANDROID
PED00004388,CLI00213,LJ11,2025-10-25T19:16:46,PAGO,119.94,8.72,128.66,WEB
PED00004389,CLI00114,LJ03,2025-10-25T10:11:41,PAGO,67.26,8.99,76.25,APP_ANDROID
PED00004390,CLI01894,LJ10,2025-10-25T12:03:07,PAGO,81.51,11.17,92.68,WEB
PED00004391,CLI01429,LJ06,2025-10-25T18:19:54,PAGO,16.25,10.2,26.45,WEB
PED00004392,CLI00002,LJ07,2025-10-25T15:27:32,PAGO,37.72,8.15,45.87,APP_ANDROID
PED00004393,CLI00267,LJ03,2025-10-25T19:11:14,PAGO,29.08,8.08,37.16,APP_IOS
PED00004394,CLI00052,LJ11,2025-10-25T17:25:46,PAGO,76.34,7.1,83.44,WEB
PED00004395,CLI01866,LJ07,2025-10-25T19:38:52,PAGO,29.63,5.61,35.24,APP_ANDROID
PED00004396,CLI01127,LJ05,2025-10-25T20:30:24,PAGO,19.2,6.22,25.42,WEB
PED00004397,CLI00256,LJ09,2025-10-25T10:12:40,PENDENTE,32.44,5.72,38.16,APP_ANDROID
PED00004398,CLI01317,LJ09,2025-10-25T12:24:03,PAGO,83.06,11.65,94.71,APP_IOS
PED00004399,CLI01038,LJ01,2025-10-25T16:26:31,PAGO,28.06,7.79,35.85,WEB
PED00004400,CLI01029,LJ05,2025-10-25T12:55:54,CANCELADO,190.44,8.2,198.64,APP_ANDROID
PED00004401,CLI00297,LJ09,2025-10-25T17:53:35,PAGO,101.6,8.57,110.17,APP_IOS
PED00004402,CLI00119,LJ10,2025-10-25T14:26:04,PAGO,39.18,5.87,45.05,APP_ANDROID
PED00004403,CLI00310,LJ10,2025-10-25T20:58:14,PAGO,39.7,9.21,48.91,WEB
PED00004404,CLI00436,LJ05,2025-10-25T17:09:47,PAGO,121.19,8.2,129.39,APP_IOS
PED00004405,CLI00986,LJ05,2025-10-25T19:38:05,PAGO,98.07,11.95,110.02,APP_IOS
PED00004406,CLI00880,LJ08,2025-10-25T11:22:04,PAGO,53.24,7.08,60.32,WEB
PED00004407,CLI00772,LJ01,2025-10-25T14:56:12,PAGO,77.18,7.12,84.3,WEB
PED00004408,CLI01018,LJ06,2025-10-25T18:50:54,PAGO,58.25,6.3,64.55,APP_IOS
PED00004409,CLI00171,LJ10,2025-10-25T12:16:41,PAGO,32.9,11.85,44.75,WEB
PED00004410,CLI00654,LJ02,2025-10-25T23:29:01,PENDENTE,138.4,6.43,144.83,WEB
PED00004411,CLI00140,LJ04,2025-10-25T15:10:18,PAGO,136.01,8.07,144.08,APP_IOS
PED00004412,CLI00917,LJ11,2025-10-25T20:37:44,PAGO,146.36,10.81,157.17,APP_IOS
PED00004413,CLI01094,LJ07,2025-10-25T20:20:00,PAGO,44.56,7.36,51.92,APP_ANDROID
PED00004414,CLI00710,LJ01,2025-10-25T13:20:23,PAGO,14.33,11.71,26.04,WEB
PED00004415,CLI00819,LJ11,2025-10-25T10:22:27,PAGO,138.13,7.98,146.11,APP_IOS
PED00004416,CLI01012,LJ09,2025-10-25T12:49:54,PAGO,96.45,9.04,105.49,APP_ANDROID
PED00004417,CLI01410,LJ11,2025-10-25T22:39:56,PAGO,38.99,6.39,45.38,APP_ANDROID
PED00004418,CLI00042,LJ10,2025-10-25T13:21:32,PAGO,6.68,5.37,12.05,WEB
PED00004419,CLI01928,LJ11,2025-10-25T15:00:41,PAGO,205.32,6.84,212.16,APP_IOS
PED00004420,CLI01360,LJ05,2025-10-25T22:12:41,PAGO,66.51,7.32,73.83,WEB
PED00004421,CLI00505,LJ12,2025-10-25T10:13:25,PAGO,72.13,10.76,82.89,WEB
PED00004422,CLI00611,LJ08,2025-10-25T20:55:14,PAGO,68.52,10.85,79.37,APP_ANDROID
PED00004423,CLI00985,LJ09,2025-10-25T14:21:13,PENDENTE,50.63,7.45,58.08,APP_ANDROID
PED00004424,CLI00934,LJ01,2025-10-25T22:04:43,PAGO,107.69,5.17,112.86,APP_IOS
PED00004425,CLI00499,LJ12,2025-10-25T15:06:57,CANCELADO,106.7,7.48,114.18,APP_ANDROID
PED00004426,CLI01281,LJ04,2025-10-25T16:51:55,PAGO,39.18,11.22,50.4,WEB
PED00004427,CLI00277,LJ11,2025-10-25T18:29:01,PAGO,35.63,6.66,42.29,WEB
PED00004428,CLI00024,LJ10,2025-10-25T22:50:36,PAGO,74.34,10.18,84.52,WEB
PED00004429,CLI01351,LJ02,2025-10-25T22:53:28,PAGO,48.18,5.89,54.07,APP_IOS
PED00004430,CLI01568,LJ01,2025-10-25T10:41:03,PAGO,88.62,6.19,94.81,APP_ANDROID
PED00004431,CLI00041,LJ12,2025-10-25T12:20:22,PAGO,239.31,10.52,249.83,APP_ANDROID
PED00004432,CLI00577,LJ05,2025-10-25T13:31:54,PAGO,64.57,10.15,74.72,APP_ANDROID
PED00004433,CLI01906,LJ11,2025-10-25T12:20:08,PAGO,124.19,6.62,130.81,WEB
PED00004434,CLI01788,LJ01,2025-10-25T13:31:23,PAGO,48.25,9.89,58.14,APP_ANDROID
PED00004435,CLI00494,LJ12,2025-10-25T22:12:46,CANCELADO,14.34,10.27,24.61,WEB
PED00004436,CLI01815,LJ05,2025-10-25T10:50:34,PAGO,104.15,6.28,110.43,WEB
PED00004437,CLI00142,LJ03,2025-10-25T22:03:03,PAGO,80.27,10.99,91.26,APP_ANDROID
PED00004438,CLI01695,LJ01,2025-10-25T13:55:53,PAGO,19.11,10.09,29.2,WEB
PED00004439,CLI01122,LJ09,2025-10-25T14:10:50,PAGO,41.4,6.43,47.83,WEB
PED00004440,CLI00293,LJ05,2025-10-25T20:18:27,PAGO,129.97,9.82,139.79,APP_ANDROID
PED00004441,CLI00957,LJ01,2025-10-25T15:37:38,PAGO,105.11,10.06,115.17,APP_ANDROID
PED00004442,CLI01401,LJ03,2025-10-25T16:01:09,PAGO,30.07,5.18,35.25,APP_ANDROID
PED00004443,CLI01591,LJ04,2025-10-25T12:22:43,PAGO,100.09,8.75,108.84,APP_IOS
PED00004444,CLI01109,LJ11,2025-10-25T19:19:24,PAGO,127.94,6.75,134.69,WEB
PED00004445,CLI00971,LJ12,2025-10-25T12:47:49,PAGO,133.49,7.88,141.37,APP_ANDROID
PED00004446,CLI00814,LJ04,2025-10-25T17:35:30,PAGO,29.99,8.37,38.36,APP_IOS
PED00004447,CLI01839,LJ02,2025-10-25T18:46:28,PAGO,34.66,9.96,44.62,APP_ANDROID
PED00004448,CLI01709,LJ07,2025-10-25T21:33:07,PAGO,48.12,7.16,55.28,APP_ANDROID
PED00004449,CLI00095,LJ12,2025-10-25T20:52:11,CANCELADO,230.12,7.25,237.37,WEB
PED00004450,CLI00837,LJ03,2025-10-25T21:54:17,PAGO,31.9,6.68,38.58,APP_IOS
PED00004451,CLI00553,LJ03,2025-10-25T11:51:22,PAGO,44.49,6.76,51.25,APP_ANDROID
PED00004452,CLI00708,LJ01,2025-10-25T10:33:59,PAGO,136.46,10.47,146.93,WEB
PED00004453,CLI00385,LJ05,2025-10-25T19:18:09,PAGO,112.27,8.38,120.65,WEB
PED00004454,CLI01230,LJ08,2025-10-25T16:18:09,PAGO,114.98,10.39,125.37,WEB
PED00004455,CLI00938,LJ01,2025-10-25T10:23:10,PAGO,76.46,6.09,82.55,APP_IOS
PED00004456,CLI00403,LJ02,2025-10-25T15:10:07,PAGO,69.76,9.57,79.33,APP_ANDROID
PED00004457,CLI00754,LJ07,2025-10-26T13:27:35,PAGO,50.47,7.63,58.1,APP_ANDROID
PED00004458,CLI01906,LJ03,2025-10-26T18:22:14,PAGO,320.37,5.52,325.89,WEB
PED00004459,CLI00479,LJ06,2025-10-26T22:18:12,PENDENTE,17.23,10.05,27.28,APP_ANDROID
PED00004460,CLI01810,LJ09,2025-10-26T22:59:13,PAGO,50.58,6.47,57.05,APP_ANDROID
PED00004461,CLI00829,LJ02,2025-10-26T18:21:45,PAGO,58.78,7.24,66.02,APP_ANDROID
PED00004462,CLI00596,LJ01,2025-10-26T16:37:47,PAGO,9.96,6.5,16.46,APP_ANDROID
PED00004463,CLI01032,LJ11,2025-10-26T15:06:28,PAGO,17.6,8.79,26.39,APP_IOS
PED00004464,CLI00704,LJ03,2025-10-26T16:14:29,PAGO,85.59,8.59,94.18,APP_IOS
PED00004465,CLI01095,LJ12,2025-10-26T11:58:03,PAGO,76.9,8.23,85.13,APP_ANDROID
PED00004466,CLI01375,LJ05,2025-10-26T18:27:32,PAGO,70.38,5.75,76.13,APP_ANDROID
PED00004467,CLI01233,LJ03,2025-10-26T11:43:24,PAGO,335.07,11.8,346.87,APP_ANDROID
PED00004468,CLI01300,LJ02,2025-10-26T10:39:27,PAGO,146.92,7.28,154.2,APP_ANDROID
PED00004469,CLI01418,LJ01,2025-10-26T15:39:08,PAGO,37.34,6.06,43.4,APP_ANDROID
PED00004470,CLI01773,LJ08,2025-10-26T17:25:31,CANCELADO,120.02,8.52,128.54,WEB
PED00004471,CLI01017,LJ03,2025-10-26T10:58:02,PAGO,40.75,8.08,48.83,WEB
PED00004472,CLI00821,LJ08,2025-10-26T23:52:40,PAGO,79.25,7.09,86.34,APP_IOS
PED00004473,CLI00006,LJ02,2025-10-26T15:54:13,PAGO,75.35,11.41,86.76,APP_IOS
PED00004474,CLI01939,LJ09,2025-10-26T14:13:56,PENDENTE,171.52,11.79,183.31,WEB
PED00004475,CLI01426,LJ11,2025-10-26T22:14:41,PAGO,50.79,9.15,59.94,WEB
PED00004476,CLI01557,LJ12,2025-10-26T12:20:36,CANCELADO,72.65,5.05,77.7,WEB
PED00004477,CLI01906,LJ04,2025-10-26T19:50:20,PAGO,82.57,10.52,93.09,APP_ANDROID
PED00004478,CLI00639,LJ11,2025-10-26T12:20:37,PAGO,7.8,7.34,15.14,WEB
PED00004479,CLI01792,LJ12,2025-10-26T21:57:55,PAGO,13.05,8.87,21.92,APP_ANDROID
PED00004480,CLI00082,LJ12,2025-10-26T17:14:21,PAGO,11.56,10.94,22.5,APP_ANDROID
PED00004481,CLI00588,LJ02,2025-10-26T22:16:32,PAGO,29.34,8.66,38.0,APP_ANDROID
PED00004482,CLI01846,LJ08,2025-10-26T13:38:54,PAGO,49.27,11.88,61.15,APP_ANDROID
PED00004483,CLI01623,LJ10,2025-10-26T19:07:17,PAGO,141.25,9.92,151.17,WEB
PED00004484,CLI01229,LJ04,2025-10-26T17:12:24,PAGO,148.97,6.93,155.9,APP_ANDROID
PED00004485,CLI00732,LJ03,2025-10-26T19:06:34,PAGO,19.15,8.61,27.76,WEB
PED00004486,CLI00408,LJ02,2025-10-26T13:01:11,PAGO,82.54,10.55,93.09,APP_IOS
PED00004487,CLI01113,LJ12,2025-10-26T15:42:03,PAGO,35.92,7.66,43.58,WEB
PED00004488,CLI00044,LJ03,2025-10-26T21:56:44,PENDENTE,70.35,11.77,82.12,APP_IOS
PED00004489,CLI01619,LJ07,2025-10-26T11:22:10,PAGO,118.14,5.08,123.22,APP_ANDROID
PED00004490,CLI01668,LJ01,2025-10-26T11:59:28,PAGO,65.16,9.2,74.36,APP_IOS
PED00004491,CLI00838,LJ01,2025-10-26T21:19:41,PAGO,33.98,8.03,42.01,WEB
PED00004492,CLI01835,LJ06,2025-10-26T12:30:13,PAGO,63.53,6.11,69.64,APP_IOS
PED00004493,CLI00920,LJ01,2025-10-26T11:27:09,PAGO,29.46,9.68,39.14,WEB
PED00004494,CLI00461,LJ02,2025-10-26T15:45:02,PAGO,32.31,8.94,41.25,WEB
PED00004495,CLI01756,LJ10,2025-10-26T11:43:47,PAGO,27.96,7.21,35.17,APP_IOS
PED00004496,CLI01257,LJ06,2025-10-26T18:40:52,PAGO,25.36,9.66,35.02,APP_IOS
PED00004497,CLI00304,LJ01,2025-10-26T22:26:49,PAGO,46.57,8.28,54.85,APP_ANDROID
PED00004498,CLI01904,LJ06,2025-10-26T23:09:53,PAGO,42.22,8.67,50.89,APP_IOS
PED00004499,CLI01627,LJ01,2025-10-26T20:08:23,PAGO,40.59,6.21,46.8,APP_ANDROID
PED00004500,CLI00596,LJ11,2025-10-26T19:31:48,PAGO,16.06,8.4,24.46,APP_ANDROID
PED00004501,CLI00818,LJ10,2025-10-26T11:37:56,PAGO,28.45,6.76,35.21,APP_ANDROID
PED00004502,CLI00891,LJ06,2025-10-26T14:46:55,PAGO,81.65,11.11,92.76,APP_IOS
PED00004503,CLI01788,LJ01,2025-10-26T23:00:28,PAGO,76.37,7.61,83.98,APP_ANDROID
PED00004504,CLI01762,LJ06,2025-10-26T12:07:56,PAGO,78.68,7.49,86.17,APP_IOS
PED00004505,CLI00628,LJ08,2025-10-26T18:57:32,PAGO,121.47,9.67,131.14,APP_ANDROID
PED00004506,CLI00044,LJ08,2025-10-26T21:18:09,PAGO,11.44,8.28,19.72,APP_IOS
PED00004507,CLI00023,LJ02,2025-10-26T14:20:11,CANCELADO,10.95,7.02,17.97,WEB
PED00004508,CLI01854,LJ01,2025-10-26T14:48:06,PAGO,22.81,9.83,32.64,APP_ANDROID
PED00004509,CLI01243,LJ01,2025-10-26T13:45:21,PAGO,111.35,6.37,117.72,APP_ANDROID
PED00004510,CLI01429,LJ08,2025-10-26T12:46:48,PAGO,37.01,11.78,48.79,WEB
PED00004511,CLI01030,LJ07,2025-10-26T15:34:08,PAGO,74.06,6.1,80.16,APP_IOS
PED00004512,CLI00016,LJ12,2025-10-26T15:18:48,PAGO,91.64,6.1,97.74,WEB
PED00004513,CLI01439,LJ09,2025-10-26T11:10:32,PAGO,25.36,5.59,30.95,APP_ANDROID
PED00004514,CLI01179,LJ12,2025-10-26T18:11:53,PAGO,70.41,8.06,78.47,APP_IOS
PED00004515,CLI01003,LJ12,2025-10-26T21:47:18,PENDENTE,23.9,10.91,34.81,APP_ANDROID
PED00004516,CLI01984,LJ10,2025-10-26T18:11:18,CANCELADO,23.46,5.82,29.28,APP_IOS
PED00004517,CLI01605,LJ02,2025-10-26T12:39:43,PAGO,24.22,5.24,29.46,APP_ANDROID
PED00004518,CLI01743,LJ11,2025-10-26T19:05:12,PAGO,28.65,7.49,36.14,APP_ANDROID
PED00004519,CLI00138,LJ11,2025-10-26T12:36:03,PAGO,58.62,11.71,70.33,APP_IOS
PED00004520,CLI00143,LJ04,2025-10-26T23:43:38,PAGO,40.17,5.61,45.78,WEB
PED00004521,CLI01420,LJ05,2025-10-26T12:10:15,PAGO,110.05,7.45,117.5,APP_IOS
PED00004522,CLI01276,LJ08,2025-10-26T23:07:46,PENDENTE,96.05,10.42,106.47,WEB
PED00004523,CLI01150,LJ08,2025-10-26T13:07:30,PAGO,64.96,7.82,72.78,APP_ANDROID
PED00004524,CLI01406,LJ09,2025-10-26T23:52:25,PAGO,34.49,9.28,43.77,WEB
PED00004525,CLI00804,LJ02,2025-10-26T10:08:32,PAGO,100.53,7.62,108.15,APP_IOS
PED00004526,CLI01492,LJ01,2025-10-26T12:02:31,CANCELADO,70.82,8.6,79.42,APP_IOS
PED00004527,CLI01882,LJ01,2025-10-26T23:57:28,PAGO,154.92,5.36,160.28,APP_ANDROID
PED00004528,CLI01393,LJ12,2025-10-26T22:33:34,PAGO,55.65,7.83,63.48,APP_ANDROID
PED00004529,CLI01145,LJ12,2025-10-26T14:20:06,PAGO,117.96,5.76,123.72,APP_ANDROID
PED00004530,CLI00189,LJ12,2025-10-26T17:53:34,PENDENTE,298.07,11.72,309.79,WEB
PED00004531,CLI01882,LJ08,2025-10-26T11:00:18,PAGO,398.53,5.08,403.61,APP_IOS
PED00004532,CLI00169,LJ04,2025-10-26T16:11:30,CANCELADO,149.77,8.27,158.04,APP_IOS
PED00004533,CLI00846,LJ02,2025-10-26T15:40:50,PAGO,3.89,11.57,15.46,APP_ANDROID
PED00004534,CLI00494,LJ12,2025-10-26T12:02:01,PAGO,50.93,8.04,58.97,WEB
PED00004535,CLI01257,LJ12,2025-10-26T20:51:30,PAGO,134.34,6.5,140.84,WEB
PED00004536,CLI00802,LJ01,2025-10-26T17:18:37,PENDENTE,38.19,10.54,48.73,APP_ANDROID
PED00004537,CLI01627,LJ11,2025-10-26T14:30:41,PAGO,66.72,11.63,78.35,WEB
PED00004538,CLI01623,LJ06,2025-10-26T17:05:28,CANCELADO,65.59,10.56,76.15,APP_IOS
PED00004539,CLI01072,LJ12,2025-10-26T23:17:47,PAGO,337.0,11.46,348.46,APP_IOS
PED00004540,CLI00206,LJ08,2025-10-26T13:27:07,PAGO,98.99,8.68,107.67,WEB
PED00004541,CLI00517,LJ11,2025-10-26T18:41:20,PAGO,64.45,6.73,71.18,APP_IOS
PED00004542,CLI01984,LJ10,2025-10-26T20:34:16,PAGO,177.99,9.44,187.43,APP_ANDROID
PED00004543,CLI01652,LJ12,2025-10-26T16:47:21,CANCELADO,164.48,5.52,170.0,APP_IOS
PED00004544,CLI01603,LJ10,2025-10-26T12:25:30,PAGO,132.84,5.34,138.18,WEB
PED00004545,CLI01445,LJ05,2025-10-27T10:40:55,CANCELADO,47.44,11.78,59.22,APP_IOS
PED00004546,CLI00506,LJ05,2025-10-27T18:56:32,PAGO,70.87,8.1,78.97,APP_ANDROID
PED00004547,CLI00142,LJ12,2025-10-27T21:31:57,PAGO,86.34,11.59,97.93,APP_IOS
PED00004548,CLI01118,LJ12,2025-10-27T13:18:52,CANCELADO,52.26,6.6,58.86,WEB
PED00004549,CLI00133,LJ07,2025-10-27T20:38:06,PAGO,65.61,10.72,76.33,APP_ANDROID
PED00004550,CLI00576,LJ09,2025-10-27T11:50:07,PAGO,30.8,7.15,37.95,WEB
PED00004551,CLI01753,LJ04,2025-10-27T19:32:06,PAGO,19.15,10.42,29.57,APP_IOS
PED00004552,CLI01250,LJ11,2025-10-27T23:25:03,PAGO,56.23,5.05,61.28,APP_IOS
PED00004553,CLI00371,LJ04,2025-10-27T18:08:02,PAGO,8.12,7.38,15.5,APP_ANDROID
PED00004554,CLI00231,LJ01,2025-10-27T13:11:03,PAGO,28.67,11.12,39.79,APP_ANDROID
PED00004555,CLI00429,LJ02,2025-10-27T12:16:40,PAGO,88.04,8.84,96.88,APP_ANDROID
PED00004556,CLI01083,LJ08,2025-10-27T21:59:53,PAGO,120.45,6.3,126.75,WEB
PED00004557,CLI00927,LJ10,2025-10-27T11:32:10,PAGO,137.46,8.89,146.35,APP_IOS
PED00004558,CLI01331,LJ12,2025-10-27T13:14:22,PAGO,70.39,7.15,77.54,APP_ANDROID
PED00004559,CLI01934,LJ08,2025-10-27T19:08:31,PAGO,36.06,10.16,46.22,APP_ANDROID
PED00004560,CLI01776,LJ09,2025-10-27T21:58:01,PAGO,161.23,9.55,170.78,APP_IOS
PED00004561,CLI00892,LJ10,2025-10-27T13:36:19,PAGO,74.06,5.83,79.89,APP_ANDROID
PED00004562,CLI01296,LJ02,2025-10-27T13:56:34,PAGO,255.3,9.02,264.32,APP_IOS
PED00004563,CLI01525,LJ05,2025-10-27T19:12:31,PAGO,6.88,6.31,13.19,WEB
PED00004564,CLI01791,LJ01,2025-10-27T13:41:00,CANCELADO,97.82,8.7,106.52,WEB
PED00004565,CLI00042,LJ07,2025-10-27T19:02:17,PAGO,134.67,11.52,146.19,APP_IOS
PED00004566,CLI00142,LJ11,2025-10-27T16:49:26,PAGO,243.15,6.56,249.71,APP_IOS
PED00004567,CLI00531,LJ10,2025-10-27T13:38:08,PAGO,46.42,6.94,53.36,WEB
PED00004568,CLI01583,LJ07,2025-10-27T12:46:17,PAGO,43.51,5.66,49.17,APP_ANDROID
PED00004569,CLI00909,LJ11,2025-10-27T17:54:47,CANCELADO,57.69,11.14,68.83,APP_IOS
PED00004570,CLI00812,LJ05,2025-10-27T18:48:57,PAGO,275.52,11.47,286.99,APP_ANDROID
PED00004571,CLI01008,LJ03,2025-10-27T17:47:31,CANCELADO,11.35,10.15,21.5,APP_ANDROID
PED00004572,CLI00600,LJ05,2025-10-27T11:16:37,PAGO,72.23,6.53,78.76,WEB
PED00004573,CLI00488,LJ01,2025-10-27T19:10:08,PENDENTE,27.65,5.16,32.81,WEB
PED00004574,CLI01170,LJ06,2025-10-27T18:03:59,PAGO,158.32,8.24,166.56,APP_ANDROID
PED00004575,CLI01423,LJ04,2025-10-27T10:00:08,PAGO,33.7,7.08,40.78,APP_ANDROID
PED00004576,CLI00974,LJ05,2025-10-27T23:41:52,PAGO,60.52,5.37,65.89,APP_IOS
PED00004577,CLI00888,LJ09,2025-10-27T19:59:30,PAGO,23.22,11.37,34.59,APP_ANDROID
PED00004578,CLI01996,LJ11,2025-10-27T12:53:07,PAGO,71.69,10.69,82.38,APP_IOS
PED00004579,CLI01781,LJ06,2025-10-27T19:27:56,PAGO,27.21,10.41,37.62,WEB
PED00004580,CLI01410,LJ08,2025-10-27T19:18:35,PAGO,31.31,8.22,39.53,APP_IOS
PED00004581,CLI01005,LJ04,2025-10-27T17:43:36,PAGO,18.27,6.18,24.45,WEB
PED00004582,CLI00905,LJ09,2025-10-27T22:36:54,PAGO,61.25,10.58,71.83,WEB
PED00004583,CLI00765,LJ11,2025-10-27T10:38:45,PAGO,36.67,9.92,46.59,APP_ANDROID
PED00004584,CLI00929,LJ06,2025-10-27T14:09:25,PAGO,131.21,6.91,138.12,APP_IOS
PED00004585,CLI01340,LJ10,2025-10-27T20:48:53,PAGO,63.08,8.07,71.15,APP_ANDROID
PED00004586,CLI00275,LJ12,2025-10-27T21:13:42,PAGO,67.48,10.23,77.71,APP_IOS
PED00004587,CLI01693,LJ03,2025-10-27T17:16:00,CANCELADO,90.99,11.08,102.07,APP_ANDROID
PED00004588,CLI01335,LJ07,2025-10-27T23:43:48,PAGO,31.82,5.59,37.41,APP_ANDROID
PED00004589,CLI01048,LJ07,2025-10-27T11:35:41,PAGO,97.62,11.84,109.46,APP_IOS
PED00004590,CLI01209,LJ10,2025-10-27T21:23:12,PAGO,66.75,9.89,76.64,APP_ANDROID
PED00004591,CLI01452,LJ05,2025-10-27T23:08:00,PAGO,92.66,9.94,102.6,APP_IOS
PED00004592,CLI01441,LJ04,2025-10-27T20:51:00,PAGO,16.26,7.13,23.39,APP_IOS
PED00004593,CLI00653,LJ04,2025-10-28T23:27:44,PAGO,63.68,5.57,69.25,APP_ANDROID
PED00004594,CLI00339,LJ05,2025-10-28T15:37:58,PAGO,48.05,6.0,54.05,WEB
PED00004595,CLI00447,LJ10,2025-10-28T16:46:47,PAGO,14.07,10.57,24.64,WEB
PED00004596,CLI00009,LJ06,2025-10-28T11:22:40,PAGO,221.67,10.79,232.46,APP_ANDROID
PED00004597,CLI01178,LJ12,2025-10-28T20:34:23,PAGO,28.81,10.97,39.78,APP_IOS
PED00004598,CLI01144,LJ04,2025-10-28T20:23:15,PAGO,87.29,5.1,92.39,WEB
PED00004599,CLI01714,LJ09,2025-10-28T16:07:40,PAGO,78.49,6.86,85.35,APP_IOS
PED00004600,CLI00412,LJ09,2025-10-28T19:41:36,PAGO,47.5,5.38,52.88,APP_ANDROID
PED00004601,CLI00573,LJ03,2025-10-28T21:18:39,PAGO,19.98,11.28,31.26,APP_IOS
PED00004602,CLI00169,LJ03,2025-10-28T16:25:50,PENDENTE,89.37,9.1,98.47,APP_IOS
PED00004603,CLI01731,LJ01,2025-10-28T11:45:11,PAGO,16.79,7.18,23.97,APP_IOS
PED00004604,CLI00009,LJ11,2025-10-28T20:39:31Z,PAGO,193.99,11.62,205.61,APP_ANDROID
PED00004605,CLI01011,LJ12,2025-10-28T18:26:12,PAGO,35.44,9.61,45.05,APP_ANDROID
PED00004606,CLI01034,LJ08,2025-10-28T22:59:00,PAGO,111.89,11.36,123.25,APP_IOS
PED00004607,CLI00563,LJ01,2025-10-28T21:49:56,PAGO,44.82,6.7,51.52,APP_IOS
PED00004608,CLI01736,LJ03,2025-10-28T15:41:48,PAGO,63.03,5.95,68.98,APP_ANDROID
PED00004609,CLI01765,LJ04,2025-10-28T19:11:50,PAGO,13.56,10.28,23.84,APP_ANDROID
PED00004610,CLI01856,LJ11,2025-10-28T18:23:50,PAGO,29.57,9.92,39.49,APP_IOS
PED00004611,CLI00662,LJ09,2025-10-28T13:51:54,PAGO,27.8,8.49,36.29,APP_IOS
PED00004612,CLI01122,LJ09,2025-10-28T15:56:39,PAGO,59.93,8.99,68.92,APP_ANDROID
PED00004613,CLI01863,LJ04,2025-10-28T12:41:17,PAGO,70.6,6.53,77.13,WEB
PED00004614,CLI00664,LJ05,2025-10-28T17:47:05,PAGO,20.47,7.64,28.11,APP_ANDROID
PED00004615,CLI01661,LJ08,2025-10-28T22:35:44,CANCELADO,36.48,8.36,44.84,APP_IOS
PED00004616,CLI01516,LJ02,2025-10-28T11:33:45,PAGO,24.58,10.07,34.65,APP_IOS
PED00004617,CLI00690,LJ05,2025-10-28T15:26:45,PAGO,23.35,7.93,31.28,APP_ANDROID
PED00004618,CLI00256,LJ04,2025-10-28T20:41:35,PAGO,49.87,7.16,57.03,APP_IOS
PED00004619,CLI00860,LJ05,2025-10-28T15:32:44,PAGO,22.69,10.14,32.83,WEB
PED00004620,CLI00731,LJ02,2025-10-28T19:31:50,PAGO,11.68,7.6,19.28,WEB
PED00004621,CLI00856,LJ09,2025-10-28T12:44:46,PAGO,101.21,7.11,108.32,WEB
PED00004622,CLI01798,LJ08,2025-10-28T16:47:07,PAGO,88.52,8.08,96.6,APP_ANDROID
PED00004623,CLI01359,LJ08,2025-10-28T19:54:19,PAGO,34.16,11.86,46.02,APP_ANDROID
PED00004624,CLI00820,LJ03,2025-10-28T22:22:12,PAGO,93.62,8.91,102.53,APP_IOS
PED00004625,CLI01099,LJ08,2025-10-28T20:37:12,PAGO,124.72,5.69,130.41,APP_IOS
PED00004626,CLI01066,LJ12,2025-10-28T16:09:55,PAGO,47.74,6.76,54.5,WEB
PED00004627,CLI00689,LJ05,2025-10-28T20:40:03,PAGO,14.01,11.16,25.17,APP_ANDROID
PED00004628,CLI01325,LJ09,2025-10-28T15:03:24,PAGO,75.98,5.04,81.02,APP_ANDROID
PED00004629,CLI00459,LJ08,2025-10-28T15:00:07,PAGO,27.32,11.31,38.63,APP_IOS
PED00004630,CLI01139,LJ08,2025-10-28T21:15:23,PAGO,115.34,8.3,123.64,APP_ANDROID
PED00004631,CLI01801,LJ12,2025-10-28T11:27:33,PAGO,30.34,10.92,41.26,WEB
PED00004632,CLI00036,LJ09,2025-10-28T10:16:18,CANCELADO,30.0,9.68,39.68,APP_ANDROID
PED00004633,CLI00069,LJ12,2025-10-28T17:40:27,PAGO,56.71,10.3,67.01,APP_IOS
PED00004634,CLI01101,LJ02,2025-10-28T13:12:03,PAGO,83.32,11.87,95.19,WEB
PED00004635,CLI00930,LJ05,2025-10-28T11:56:11,PAGO,7.19,9.43,16.62,WEB
PED00004636,CLI01401,LJ09,2025-10-28T16:04:52,PAGO,68.76,9.68,78.44,APP_IOS
PED00004637,CLI00715,LJ04,2025-10-28T22:48:27,PAGO,23.63,6.64,30.27,APP_IOS
PED00004638,CLI00705,LJ08,2025-10-28T22:07:25,PAGO,65.69,7.13,72.82,WEB
PED00004639,CLI00910,LJ02,2025-10-28T23:48:04,PAGO,171.92,10.39,182.31,WEB
PED00004640,CLI00004,LJ07,2025-10-28T19:52:14,PAGO,92.76,10.79,103.55,APP_IOS
PED00004641,CLI00622,LJ12,2025-10-28T11:30:10,PAGO,9.75,10.67,20.42,WEB
PED00004642,CLI01112,LJ03,2025-10-28T19:37:36,PENDENTE,67.54,11.01,78.55,WEB
PED00004643,CLI01473,LJ04,2025-10-28T19:17:35,PAGO,77.91,8.32,86.23,APP_IOS
PED00004644,CLI00361,LJ10,2025-10-28T17:03:12,PAGO,20.48,9.41,29.89,WEB
PED00004645,CLI00352,LJ05,2025-10-28T14:58:25,PAGO,155.23,8.44,163.67,WEB
PED00004646,CLI00634,LJ11,2025-10-28T12:06:17,PAGO,44.68,5.48,50.16,WEB
PED00004647,CLI01826,LJ11,2025-10-28T18:49:10,PAGO,11.99,7.87,19.86,APP_ANDROID
PED00004648,CLI00795,LJ03,2025-10-28T19:28:35,PAGO,83.97,9.49,93.46,WEB
PED00004649,CLI01447,LJ07,2025-10-29T19:02:19,PAGO,37.65,9.51,47.16,APP_IOS
PED00004650,CLI00938,LJ02,2025-10-29T10:34:47,PAGO,35.87,5.58,41.45,APP_IOS
PED00004651,CLI01721,LJ05,2025-10-29T23:09:05,PAGO,8.71,10.71,19.42,APP_IOS
PED00004652,CLI00479,LJ12,2025-10-29T14:57:58,PAGO,47.04,8.12,55.16,APP_ANDROID
PED00004653,CLI01943,LJ06,2025-10-29T19:51:40,PAGO,174.19,10.9,185.09,APP_IOS
PED00004654,CLI01988,LJ09,2025-10-29T23:15:16,PAGO,90.92,6.66,97.58,APP_IOS
PED00004655,CLI01959,LJ11,2025-10-29T17:34:49,PAGO,212.67,7.1,219.77,APP_ANDROID
PED00004656,CLI00311,LJ03,2025-10-29T20:22:02,PAGO,27.59,10.17,37.76,WEB
PED00004657,CLI01169,LJ04,2025-10-29T10:04:25,PAGO,32.96,5.84,38.8,APP_ANDROID
PED00004658,CLI01756,LJ12,2025-10-29T10:55:12,PAGO,38.42,10.11,48.53,APP_IOS
PED00004659,CLI00790,LJ01,2025-10-29T23:11:28,PAGO,64.15,5.04,69.19,WEB
PED00004660,CLI01146,LJ02,2025-10-29T10:03:15,PAGO,60.44,9.08,69.52,APP_IOS
PED00004661,CLI01590,LJ10,2025-10-29T22:05:12,PAGO,270.72,5.42,276.14,APP_IOS
PED00004662,CLI01372,LJ09,2025-10-29T12:16:33,PAGO,134.3,10.59,144.89,APP_ANDROID
PED00004663,CLI01765,LJ12,2025-10-29T11:10:06,PAGO,51.76,11.69,63.45,APP_IOS
PED00004664,CLI00316,LJ06,2025-10-29T19:44:22,PAGO,280.31,10.72,291.03,APP_ANDROID
PED00004665,CLI01718,LJ09,2025-10-29T19:35:44,PAGO,91.65,11.85,103.5,APP_ANDROID
PED00004666,CLI00205,LJ12,2025-10-29T10:29:13,PAGO,128.04,6.49,134.53,APP_ANDROID
PED00004667,CLI00147,LJ06,2025-10-29T14:57:42,PAGO,90.42,8.39,98.81,APP_IOS
PED00004668,CLI00465,LJ01,2025-10-29T10:25:12,PAGO,237.31,11.37,248.68,APP_IOS
PED00004669,CLI00226,LJ09,2025-10-29T22:07:23,PAGO,96.84,7.21,104.05,APP_ANDROID
PED00004670,CLI01313,LJ11,2025-10-29T14:29:23,PAGO,10.62,6.46,17.08,WEB
PED00004671,CLI00216,LJ03,2025-10-29T13:10:36,PAGO,12.86,10.65,23.51,WEB
PED00004672,CLI01291,LJ06,2025-10-29T20:32:58,CANCELADO,26.12,10.27,36.39,APP_ANDROID
PED00004673,CLI00156,LJ02,2025-10-29T10:35:34,PAGO,29.33,5.35,34.68,APP_ANDROID
PED00004674,CLI00701,LJ07,2025-10-29T23:06:45,PAGO,58.51,7.45,65.96,WEB
PED00004675,CLI00804,LJ01,2025-10-29T16:34:37,PAGO,11.89,5.11,17.0,APP_ANDROID
PED00004676,CLI00355,LJ03,2025-10-29T14:38:59,PAGO,45.88,7.02,52.9,WEB
PED00004677,CLI00055,LJ12,2025-10-29T11:22:08,CANCELADO,70.94,11.81,82.75,WEB
PED00004678,CLI01996,LJ07,2025-10-29T17:33:40,PAGO,8.47,11.18,19.65,APP_ANDROID
PED00004679,CLI01920,LJ11,2025-10-29T11:35:40,PAGO,104.77,11.72,116.49,WEB
PED00004680,CLI01782,LJ02,2025-10-29T12:57:29,PAGO,88.1,7.58,95.68,APP_IOS
PED00004681,CLI00015,LJ06,2025-10-29T21:36:36,PAGO,167.56,9.42,176.98,APP_IOS
PED00004682,CLI00323,LJ09,2025-10-29T17:40:25,PAGO,288.01,5.91,293.92,APP_IOS
PED00004683,CLI00067,LJ03,2025-10-29T18:37:37,PAGO,150.94,5.45,156.39,APP_IOS
PED00004684,CLI01140,LJ09,2025-10-29T12:20:33,PAGO,13.18,7.49,20.67,APP_IOS
PED00004685,CLI01711,LJ09,2025-10-29T16:03:11,PAGO,20.09,9.42,29.51,WEB
PED00004686,CLI00305,LJ08,2025-10-29T13:11:41,PAGO,35.6,6.78,42.38,APP_IOS
PED00004687,CLI01537,LJ03,2025-10-29T18:26:05,PENDENTE,26.81,8.04,34.85,APP_IOS
PED00004688,CLI00964,LJ03,2025-10-29T18:11:52,PAGO,37.48,8.23,45.71,WEB
PED00004689,CLI01889,LJ01,2025-10-29T14:10:33,PAGO,54.91,6.08,60.99,APP_ANDROID
PED00004690,CLI00592,LJ02,2025-10-29T20:23:30,PAGO,49.62,5.96,55.58,APP_ANDROID
PED00004691,CLI00681,LJ06,2025-10-29T11:16:27,CANCELADO,42.07,9.04,51.11,APP_IOS
PED00004692,CLI00217,LJ11,2025-10-29T15:43:15,PAGO,106.76,7.98,114.74,APP_IOS
PED00004693,CLI00583,LJ03,2025-10-29T15:05:32,PAGO,97.82,5.71,103.53,APP_ANDROID
PED00004694,CLI00615,LJ11,2025-10-29T10:39:29,PAGO,114.94,6.91,121.85,APP_ANDROID
PED00004695,CLI01679,LJ01,2025-10-29T10:19:19,PAGO,49.37,11.76,61.13,WEB
PED00004696,CLI00630,LJ04,2025-10-29T22:24:14,PAGO,43.86,11.91,55.77,APP_IOS
PED00004697,CLI01844,LJ11,2025-10-29T14:35:25,PAGO,82.68,10.74,93.42,APP_IOS
PED00004698,CLI01038,LJ03,2025-10-29T16:40:03,PAGO,26.91,10.09,37.0,APP_ANDROID
PED00004699,CLI00560,LJ11,2025-10-29T16:31:01,PAGO,65.57,8.73,74.3,APP_IOS
PED00004700,CLI01083,LJ11,2025-10-29T12:26:00,PAGO,4.24,10.54,14.78,WEB
PED00004701,CLI01536,LJ12,2025-10-29T19:02:37,PAGO,104.09,6.96,111.05,APP_ANDROID
PED00004702,CLI01300,LJ11,2025-10-29T14:49:02,PAGO,69.88,9.5,79.38,APP_ANDROID
PED00004703,CLI00968,LJ07,2025-10-29T14:43:55,PAGO,36.95,5.28,42.23,APP_ANDROID
PED00004704,CLI00627,LJ05,2025-10-29T11:40:26,CANCELADO,34.46,8.62,43.08,WEB
PED00004705,CLI01283,LJ05,2025-10-29T17:41:05,PAGO,81.41,10.9,92.31,APP_ANDROID
PED00004706,CLI01800,LJ05,2025-10-29T20:07:23,PAGO,12.39,8.19,20.58,APP_IOS
PED00004707,CLI01763,LJ02,2025-10-29T17:12:41,PAGO,35.67,5.84,41.51,WEB
PED00004708,CLI00675,LJ08,2025-10-29T10:05:26,PAGO,74.68,11.62,86.3,APP_ANDROID
PED00004709,CLI01540,LJ03,2025-10-29T23:23:15,PAGO,40.84,11.72,52.56,APP_IOS
PED00004710,CLI01498,LJ10,2025-10-29T19:20:35,PAGO,95.23,10.08,105.31,APP_IOS
PED00004711,CLI00482,LJ10,2025-10-29T21:44:30,PENDENTE,7.87,11.38,19.25,APP_IOS
PED00004712,CLI00500,LJ05,2025-10-29T23:37:05,PENDENTE,12.96,7.92,20.88,WEB
PED00004713,CLI00529,LJ10,2025-10-30T19:41:31,PAGO,124.88,9.53,134.41,APP_ANDROID
PED00004714,CLI00914,LJ01,2025-10-30T22:32:44,PAGO,391.49,11.51,403.0,APP_ANDROID
PED00004715,CLI00954,LJ10,2025-10-30T18:48:04,PAGO,101.8,9.37,111.17,APP_IOS
PED00004716,CLI00772,LJ12,2025-10-30T20:13:16,PAGO,28.08,9.95,38.03,APP_ANDROID
PED00004717,CLI00152,LJ02,2025-10-30T23:40:16,PAGO,182.69,8.68,191.37,APP_ANDROID
PED00004718,CLI00618,LJ06,2025-10-30T11:07:21,PAGO,64.01,9.58,73.59,APP_IOS
PED00004719,CLI01843,LJ01,2025-10-30T13:21:42,PAGO,152.02,8.85,160.87,WEB
PED00004720,CLI00869,LJ01,2025-10-30T21:43:02,PAGO,80.51,7.83,88.34,APP_IOS
PED00004721,CLI01720,LJ08,2025-10-30T10:05:35,PAGO,49.88,8.79,58.67,APP_ANDROID
PED00004722,CLI00865,LJ09,2025-10-30T18:48:49,PAGO,46.37,5.94,52.31,APP_IOS
PED00004723,CLI00571,LJ12,2025-10-30T18:01:29,PENDENTE,123.06,11.69,134.75,APP_IOS
PED00004724,CLI00281,LJ01,2025-10-30T22:21:01,PAGO,88.09,8.91,97.0,APP_IOS
PED00004725,CLI00713,LJ01,2025-10-30T13:54:53,PAGO,54.17,6.21,60.38,WEB
PED00004726,CLI00873,LJ02,2025-10-30T17:23:05,PAGO,142.8,8.55,151.35,APP_IOS
PED00004727,CLI01768,LJ04,2025-10-30T16:48:41,PAGO,74.73,11.86,86.59,WEB
PED00004728,CLI00195,LJ03,2025-10-30T12:29:26,PAGO,93.63,9.54,103.17,APP_IOS
PED00004729,CLI00077,LJ08,2025-10-30T17:06:14,CANCELADO,52.36,9.34,61.7,WEB
PED00004730,CLI00648,LJ02,2025-10-30T11:32:47,PAGO,122.89,7.47,130.36,APP_ANDROID
PED00004731,CLI01987,LJ10,2025-10-30T14:25:25,PAGO,29.4,6.87,36.27,APP_ANDROID
PED00004732,CLI01027,LJ03,2025-10-30T20:20:42,PAGO,44.11,6.86,50.97,WEB
PED00004733,CLI01764,LJ12,2025-10-30T10:43:18,PAGO,53.69,10.18,63.87,WEB
PED00004734,CLI01587,LJ09,2025-10-30T10:52:20,PAGO,148.49,10.31,158.8,APP_IOS
PED00004735,CLI01128,LJ10,2025-10-30T17:25:55,PAGO,14.26,11.81,26.07,APP_IOS
PED00004736,CLI01834,LJ07,2025-10-30T16:55:46,PAGO,158.76,9.33,168.09,APP_IOS
PED00004737,CLI00165,LJ05,2025-10-30T18:25:35,PAGO,103.93,11.26,115.19,APP_ANDROID
PED00004738,CLI00101,LJ09,2025-10-30T23:34:00,PAGO,167.04,5.56,172.6,APP_IOS
PED00004739,CLI01890,LJ07,2025-10-30T13:40:07,PENDENTE,74.1,11.03,85.13,WEB
PED00004740,CLI01707,LJ09,2025-10-30T11:56:09,PAGO,16.81,11.86,28.67,APP_ANDROID
PED00004741,CLI00179,LJ06,2025-10-30T19:06:01,PAGO,24.8,10.17,34.97,APP_ANDROID
PED00004742,CLI01904,LJ02,2025-10-30T13:32:54,PAGO,33.13,11.27,44.4,APP_ANDROID
PED00004743,CLI01362,LJ10,2025-10-30T19:31:07,PAGO,31.39,10.65,42.04,APP_IOS
PED00004744,CLI00402,LJ05,2025-10-30T15:17:29,PAGO,243.96,6.36,250.32,APP_IOS
PED00004745,CLI01672,LJ07,2025-10-30T11:25:46,PAGO,119.4,10.25,129.65,APP_IOS
PED00004746,CLI01466,LJ07,2025-10-30T15:44:30,PAGO,39.54,11.4,50.94,APP_ANDROID
PED00004747,CLI01138,LJ11,2025-10-30T10:07:20,PAGO,230.29,8.13,238.42,APP_IOS
PED00004748,CLI01843,LJ07,2025-10-30T15:36:41,PAGO,21.15,6.84,27.99,WEB
PED00004749,CLI01563,LJ05,2025-10-30T23:10:31,PAGO,131.95,9.91,141.86,APP_IOS
PED00004750,CLI01040,LJ10,2025-10-30T13:38:44,PAGO,142.19,5.08,147.27,APP_IOS
PED00004751,CLI01754,LJ09,2025-10-30T21:31:25,PENDENTE,248.04,5.22,253.26,WEB
PED00004752,CLI00474,LJ09,2025-10-30T15:09:35,PAGO,57.89,10.6,68.49,APP_ANDROID
PED00004753,CLI01953,LJ08,2025-10-30T15:15:50,PAGO,81.55,9.3,90.85,APP_ANDROID
PED00004754,CLI01647,LJ10,2025-10-30T18:41:12,PENDENTE,47.98,5.07,53.05,WEB
PED00004755,CLI00777,LJ05,2025-10-30T14:05:20,PAGO,106.54,8.82,115.36,APP_ANDROID
PED00004756,CLI01510,LJ04,2025-10-30T20:43:12,PENDENTE,121.25,9.7,130.95,APP_IOS
PED00004757,CLI01857,LJ02,2025-10-30T15:45:31,PAGO,69.32,5.99,75.31,APP_ANDROID
PED00004758,CLI00478,LJ02,2025-10-30T11:54:00,PAGO,123.5,7.58,131.08,WEB
PED00004759,CLI01114,LJ12,2025-10-30T19:48:26,PAGO,157.86,7.95,165.81,WEB
PED00004760,CLI00284,LJ11,2025-10-30T20:28:46,PAGO,60.9,5.14,66.04,APP_IOS
PED00004761,CLI00138,LJ03,2025-10-30T18:50:13,PAGO,54.35,10.01,64.36,APP_ANDROID
PED00004762,CLI00046,LJ02,2025-10-30T19:08:16,PAGO,18.92,8.71,27.63,APP_ANDROID
PED00004763,CLI00437,LJ11,2025-10-30T23:13:22,PAGO,57.73,10.64,68.37,WEB
PED00004764,CLI01453,LJ08,2025-10-30T13:46:17,PAGO,22.05,8.61,30.66,APP_ANDROID
PED00004765,CLI01260,LJ01,2025-10-30T20:06:23,PAGO,7.53,10.58,18.11,WEB
PED00004766,CLI00040,LJ07,2025-10-30T18:26:30,PAGO,145.09,9.0,154.09,APP_IOS
PED00004767,CLI01466,LJ07,2025-10-30T15:56:06,PAGO,50.75,6.46,57.21,WEB
PED00004768,CLI00579,LJ08,2025-10-30T19:33:42,PAGO,86.12,6.86,92.98,WEB
PED00004769,CLI01440,LJ02,2025-10-30T15:44:08,PAGO,100.68,9.35,110.03,APP_ANDROID
PED00004770,CLI01674,LJ03,2025-10-30T19:39:07,PAGO,111.24,5.82,117.06,APP_IOS
PED00004771,CLI01465,LJ11,2025-10-30T21:29:41,PENDENTE,92.04,9.49,101.53,WEB
PED00004772,CLI00843,LJ07,2025-10-30T20:37:36,PENDENTE,24.67,6.15,30.82,APP_IOS
PED00004773,CLI00270,LJ01,2025-10-30T20:41:28,PAGO,209.58,7.14,216.72,APP_ANDROID
PED00004774,CLI00540,LJ04,2025-10-30T16:17:59,PAGO,174.1,5.42,179.52,APP_IOS
PED00004775,CLI01139,LJ03,2025-10-30T18:07:55,CANCELADO,10.63,6.83,17.46,APP_IOS
PED00004776,CLI01743,LJ02,2025-10-30T10:10:11,PAGO,16.92,11.43,28.35,WEB
PED00004777,CLI00004,LJ12,2025-10-30T19:46:39,PAGO,138.33,8.8,147.13,APP_ANDROID
PED00004778,CLI00549,LJ01,2025-10-30T10:24:53,PAGO,245.07,10.6,255.67,WEB
PED00004779,CLI01513,LJ03,2025-10-30T14:29:44,PAGO,90.83,11.05,101.88,APP_IOS
PED00004780,CLI01695,LJ05,2025-10-30T15:02:43,PENDENTE,21.76,11.75,33.51,APP_ANDROID
PED00004781,CLI00937,LJ09,2025-10-30T12:52:43,PAGO,69.36,8.68,78.04,WEB
PED00004782,CLI00648,LJ04,2025-10-30T17:17:03,PAGO,20.12,11.4,31.52,WEB
PED00004783,CLI00407,LJ03,2025-10-30T20:00:26,PAGO,219.59,10.33,229.92,WEB
PED00004784,CLI01990,LJ08,2025-10-30T19:03:24,PAGO,83.34,10.19,93.53,APP_ANDROID
PED00004785,CLI00478,LJ07,2025-10-31T16:59:58,PAGO,9.44,9.63,19.07,WEB
PED00004786,CLI00446,LJ11,2025-10-31T21:12:45,PAGO,233.58,7.89,241.47,APP_ANDROID
PED00004787,CLI01252,LJ01,2025-10-31T20:28:49,PAGO,12.66,8.33,20.99,APP_ANDROID
PED00004788,CLI00595,LJ12,2025-10-31T10:01:51,PENDENTE,3.67,9.96,13.63,APP_ANDROID
PED00004789,CLI01629,LJ07,2025-10-31T19:23:06,PAGO,43.63,6.63,50.26,APP_IOS
PED00004790,CLI00112,LJ01,2025-10-31T20:02:13,PAGO,202.74,8.81,211.55,WEB
PED00004791,CLI00685,LJ02,2025-10-31T14:06:29,PAGO,58.81,11.28,70.09,APP_ANDROID
PED00004792,CLI00988,LJ01,2025-10-31T19:30:37,PAGO,140.58,9.96,150.54,APP_IOS
PED00004793,CLI01916,LJ09,2025-10-31T17:21:19,PAGO,64.91,6.79,71.7,APP_ANDROID
PED00004794,CLI01716,LJ10,2025-10-31T10:00:06,PAGO,91.83,10.09,101.92,WEB
PED00004795,CLI00522,LJ12,2025-10-31T13:00:10,PAGO,71.54,6.98,78.52,APP_ANDROID
PED00004796,CLI01554,LJ02,2025-10-31T22:15:59,PAGO,166.55,9.45,176.0,WEB
PED00004797,CLI01349,LJ06,2025-10-31T23:31:09,PAGO,79.82,10.07,89.89,APP_IOS
PED00004798,CLI01752,LJ07,2025-10-31T12:16:14,PAGO,80.64,9.15,89.79,APP_ANDROID
PED00004799,CLI00687,LJ12,2025-10-31T15:17:49,PAGO,10.35,10.26,20.61,WEB
PED00004800,CLI00880,LJ09,2025-10-31T23:26:06,PAGO,297.19,10.87,308.06,WEB
PED00004801,CLI01067,LJ07,2025-10-31T17:18:13,PAGO,225.41,5.41,230.82,WEB
PED00004802,CLI00730,LJ03,2025-10-31T15:46:20,PAGO,24.37,6.55,30.92,WEB
PED00004803,CLI00133,LJ12,2025-10-31T13:04:13,PAGO,25.08,8.39,33.47,APP_ANDROID
PED00004804,CLI00481,LJ02,2025-10-31T19:52:11,CANCELADO,66.93,7.99,74.92,APP_ANDROID
PED00004805,CLI00618,LJ03,2025-10-31T15:58:32,PAGO,198.31,7.97,206.28,WEB
PED00004806,CLI00993,LJ05,2025-10-31T20:21:58,PAGO,28.69,10.17,38.86,APP_ANDROID
PED00004807,CLI00740,LJ06,2025-10-31T11:05:03,PAGO,141.28,11.84,153.12,APP_ANDROID
PED00004808,CLI00508,LJ11,2025-10-31T17:06:13,PAGO,22.1,11.36,33.46,WEB
PED00004809,CLI00126,LJ04,2025-10-31T16:52:24,PENDENTE,94.22,8.0,102.22,WEB
PED00004810,CLI01952,LJ06,2025-10-31T20:45:37,PAGO,11.13,8.32,19.45,APP_ANDROID
PED00004811,CLI00209,LJ07,2025-10-31T22:40:06,PAGO,173.43,7.16,180.59,APP_ANDROID
PED00004812,CLI01776,LJ01,2025-10-31T18:48:10,PAGO,22.53,11.68,34.21,WEB
PED00004813,CLI01496,LJ04,2025-10-31T11:05:18,PAGO,39.43,6.79,46.22,APP_ANDROID
PED00004814,CLI00231,LJ10,2025-10-31T22:04:30,PAGO,241.42,11.34,252.76,APP_ANDROID
PED00004815,CLI00310,LJ01,2025-10-31T10:48:46,PAGO,42.01,10.43,52.44,WEB
PED00004816,CLI00292,LJ02,2025-10-31T10:21:37,PAGO,4.1,6.96,11.06,APP_IOS
PED00004817,CLI00813,LJ01,2025-10-31T21:09:20,PAGO,14.79,10.1,24.89,APP_IOS
PED00004818,CLI01695,LJ06,2025-10-31T14:00:39,PAGO,279.78,6.96,286.74,APP_IOS
PED00004819,CLI01627,LJ07,2025-10-31T15:55:51,PAGO,53.43,10.64,64.07,APP_ANDROID
PED00004820,CLI00480,LJ05,2025-10-31T12:35:08,PAGO,133.56,7.0,140.56,APP_IOS
PED00004821,CLI01551,LJ07,2025-10-31T11:41:46,PAGO,8.86,10.6,19.46,WEB
PED00004822,CLI01692,LJ03,2025-10-31T13:49:08,PAGO,183.98,7.49,191.47,APP_ANDROID
PED00004823,CLI00578,LJ11,2025-10-31T18:13:06,PAGO,191.43,10.94,202.37,APP_ANDROID
PED00004824,CLI01029,LJ02,2025-10-31T12:29:32,PAGO,126.1,11.61,137.71,WEB
PED00004825,CLI00348,LJ10,2025-10-31T22:19:19,PAGO,46.86,11.23,58.09,APP_IOS
PED00004826,CLI00726,LJ12,2025-10-31T13:13:42,PAGO,106.42,10.6,117.02,APP_ANDROID
PED00004827,CLI01015,LJ05,2025-10-31T21:50:55,PAGO,8.3,9.85,18.15,WEB
PED00004828,CLI00204,LJ09,2025-10-31T22:37:35,PAGO,50.47,8.93,59.4,APP_ANDROID
PED00004829,CLI00986,LJ11,2025-10-31T12:07:30,PAGO,66.64,9.5,76.14,WEB
PED00004830,CLI00806,LJ04,2025-10-31T22:41:53,PAGO,45.36,8.98,54.34,APP_ANDROID
PED00004831,CLI01592,LJ01,2025-10-31T22:37:00,CANCELADO,89.46,9.03,98.49,APP_ANDROID
PED00004832,CLI01416,LJ07,2025-10-31T19:15:55,PAGO,95.69,10.41,106.1,APP_ANDROID
PED00004833,CLI01257,LJ08,2025-10-31T21:13:17,PAGO,70.13,7.03,77.16,APP_IOS
PED00004834,CLI01909,LJ12,2025-10-31T16:32:42,PAGO,22.75,11.87,34.62,WEB
PED00004835,CLI00178,LJ11,2025-10-31T13:35:50,PAGO,65.18,5.63,70.81,WEB
PED00004836,CLI01992,LJ08,2025-10-31T10:47:20,PAGO,32.42,9.05,41.47,APP_ANDROID
PED00004837,CLI01799,LJ09,2025-10-31T19:08:25,PAGO,31.74,11.01,42.75,APP_ANDROID
PED00004838,CLI00716,LJ12,2025-10-31T14:21:14,PAGO,4.38,6.69,11.07,APP_IOS
PED00004839,CLI01532,LJ07,2025-10-31T15:07:35,PAGO,168.52,8.03,176.55,APP_ANDROID
PED00004840,CLI00435,LJ03,2025-10-31T16:10:07,PAGO,32.12,10.86,42.98,APP_ANDROID
PED00004841,CLI00216,LJ10,2025-10-31T18:48:12,PAGO,20.77,10.37,31.14,APP_ANDROID
PED00004842,CLI00036,LJ08,2025-10-31T16:05:08,PAGO,224.97,9.0,233.97,WEB
PED00004843,CLI01632,LJ02,2025-10-31T21:33:39,PAGO,51.21,9.94,61.15,WEB
PED00004844,CLI00116,LJ09,2025-10-31T20:26:23,PAGO,67.44,7.09,74.53,APP_IOS
PED00004845,CLI00435,LJ05,2025-10-31T11:30:24,PAGO,94.04,11.49,105.53,APP_ANDROID
PED00004846,CLI00632,LJ07,2025-10-31T21:58:15,CANCELADO,43.93,6.37,50.3,APP_IOS
PED00004847,CLI00620,LJ11,2025-10-31T14:59:45,PAGO,7.97,9.06,17.03,APP_ANDROID
PED00004848,CLI01965,LJ03,2025-10-31T22:03:57,PAGO,8.0,5.96,13.96,APP_ANDROID
PED00004849,CLI01534,LJ07,2025-10-31T20:35:01,PAGO,197.75,10.42,208.17,APP_IOS
PED00004850,CLI00990,LJ09,2025-10-31T20:39:40,PAGO,254.12,7.49,261.61,APP_IOS
PED00004851,CLI01036,LJ08,2025-10-31T11:45:01,PAGO,132.52,5.47,137.99,APP_ANDROID
PED00004852,CLI00130,LJ07,2025-10-31T13:33:32,PENDENTE,38.64,5.8,44.44,APP_ANDROID
PED00004853,CLI01415,LJ10,2025-10-31T18:51:04,PAGO,134.96,11.82,146.78,WEB
PED00004854,CLI01466,LJ02,2025-10-31T12:32:07,PAGO,15.46,7.37,22.83,WEB
PED00004855,CLI00404,LJ06,2025-10-31T19:27:53,PAGO,14.74,6.43,21.17,WEB
PED00004856,CLI01496,LJ08,2025-10-31T17:05:35,PAGO,150.72,5.37,156.09,WEB
PED00004857,CLI01824,LJ12,2025-10-31T17:43:19,PAGO,43.91,10.65,54.56,WEB
PED00004858,CLI01237,LJ03,2025-10-31T18:52:49,PAGO,44.95,9.71,54.66,APP_IOS
PED00004859,CLI00700,LJ01,2025-10-31T10:13:28,PAGO,23.64,7.29,30.93,APP_IOS
PED00004860,CLI01390,LJ08,2025-10-31T22:51:05,PAGO,118.3,8.28,126.58,APP_ANDROID
PED00004861,CLI00511,LJ12,2025-10-31T11:03:59,PAGO,52.6,10.9,63.5,APP_IOS
PED00004862,CLI00160,LJ07,2025-10-31T13:18:32,PAGO,10.17,10.36,20.53,APP_ANDROID
PED00004863,CLI01975,LJ03,2025-10-31T16:05:54,PAGO,39.72,6.33,46.05,APP_ANDROID
PED00004864,CLI01346,LJ03,2025-10-31T14:12:19,PAGO,113.52,10.53,124.05,APP_ANDROID
PED00004865,CLI01356,LJ04,2025-10-31T16:10:15,PAGO,41.87,8.73,50.6,WEB
PED00004866,CLI01931,LJ06,2025-10-31T22:48:11,PAGO,129.2,9.87,139.07,APP_IOS
PED00004867,CLI01607,LJ03,2025-10-31T22:37:32,PAGO,83.05,6.25,89.3,APP_IOS
PED00004868,CLI00819,LJ05,2025-10-31T13:07:40,PAGO,53.64,5.52,59.16,WEB
PED00004869,CLI00070,LJ03,2025-10-31T20:03:55,PAGO,33.77,10.68,44.45,WEB
PED00004870,CLI01038,LJ10,2025-10-31T21:56:14,PAGO,17.71,5.74,23.45,APP_ANDROID
PED00004871,CLI01447,LJ11,2025-10-31T18:49:05,PAGO,45.91,11.04,56.95,APP_IOS
PED00004872,CLI01636,LJ01,2025-10-31T15:39:34,PAGO,4.27,10.81,15.08,WEB
PED00004873,CLI01371,LJ12,2025-10-31T22:52:06,PAGO,20.31,10.4,30.71,APP_ANDROID
PED00004874,CLI01703,LJ10,2025-10-31T14:54:43,PAGO,171.24,8.27,179.51,WEB
PED00004875,CLI00007,LJ06,2025-10-31T23:23:09,PAGO,41.26,7.27,48.53,APP_IOS
PED00004876,CLI00354,LJ10,2025-10-31T20:43:12,PAGO,46.15,10.56,56.71,WEB
PED00004877,CLI00931,LJ03,2025-10-31T16:13:19,PAGO,48.68,5.21,53.89,WEB
PED00004878,CLI01219,LJ07,2025-10-31T20:29:49,PAGO,25.99,5.96,31.95,WEB
PED00004879,CLI00551,LJ01,2025-10-31T16:08:03,PAGO,47.61,10.03,57.64,APP_IOS
PED00004880,CLI00105,LJ12,2025-10-31T11:50:04,PAGO,33.97,7.98,41.95,WEB
PED00004881,CLI01980,LJ05,2025-10-31T21:32:07,PAGO,26.78,9.89,36.67,WEB
PED00004882,CLI01866,LJ06,2025-10-31T16:36:03,PAGO,76.28,11.24,87.52,APP_ANDROID
PED00004883,CLI00620,LJ03,2025-10-31T20:04:45,PAGO,30.03,6.61,36.64,APP_ANDROID
PED00004884,CLI01773,LJ06,2025-10-31T11:40:35,PAGO,19.12,11.51,30.63,APP_ANDROID
PED00004885,CLI00469,LJ09,2025-10-31T19:35:37,PAGO,93.56,11.01,104.57,APP_ANDROID
PED00004886,CLI01299,LJ08,2025-10-31T20:14:20,PAGO,65.95,10.88,76.83,APP_ANDROID
PED00004887,CLI00847,LJ11,2025-10-31T20:36:53,PENDENTE,134.31,9.39,143.7,APP_IOS
PED00004888,CLI01258,LJ09,2025-10-31T21:36:03,PAGO,72.07,5.74,77.81,APP_IOS
PED00004889,CLI01720,LJ03,2025-10-31T11:29:01,PAGO,30.14,5.19,35.33,APP_IOS
PED00004890,CLI01697,LJ12,2025-10-31T18:48:59,PAGO,167.75,11.1,178.85,APP_ANDROID
PED00004891,CLI00380,LJ06,2025-10-31T21:33:39,PAGO,10.88,11.67,22.55,APP_IOS
PED00004892,CLI01461,LJ11,2025-10-31T17:34:48,PAGO,29.71,7.03,36.74,APP_ANDROID
PED00004893,CLI01643,LJ07,2025-10-31T22:14:04,PENDENTE,136.65,7.96,144.61,WEB
PED00004894,CLI00177,LJ06,2025-10-31T13:18:01,PENDENTE,263.99,9.31,273.3,WEB
PED00004895,CLI00958,LJ09,2025-10-31T12:32:51,CANCELADO,45.26,7.97,53.23,WEB
PED00004896,CLI00086,LJ05,2025-10-31T19:56:52,PAGO,31.63,7.49,39.12,WEB
PED00000570,CLI01215,LJ01,2025-09-08T12:32:10,CANCELADO,144.98,10.61,155.59,APP_ANDROID
PED00004413,CLI01094,LJ07,2025-10-25T20:20:00,PAGO,44.56,7.36,51.92,APP_ANDROID
PED00001822,CLI01051,LJ02,2025-09-24T11:47:49,PAGO,105.54,8.77,114.31,APP_IOS
PED00000101,CLI01609,LJ08,2025-09-02T14:16:35,PAGO,12.05,10.7,22.75,APP_ANDROID
PED00003869,CLI01509,LJ06,2025-10-18T21:02:02,PAGO,50.09,10.91,61.0,APP_IOS
PED00004160,CLI01839,LJ02,2025-10-23T19:28:37,PENDENTE,36.1,10.3,46.4,APP_IOS
PED00002505,CLI00832,LJ06,2025-10-02T18:55:25,CANCELADO,121.8,6.01,127.81,APP_IOS
PED00000166,CLI00636,LJ11,2025-09-03T20:45:49,PAGO,58.66,9.9,68.56,WEB
PED00004129,CLI01691,LJ04,2025-10-22T19:21:55,PAGO,68.8,5.91,74.71,WEB
PED00001482,CLI00095,LJ11,2025-09-19T12:35:11,PAGO,29.42,6.29,35.71,WEB
PED00002053,CLI00828,LJ10,2025-09-26T12:18:29,PAGO,147.47,7.5,154.97,APP_ANDROID
PED00002838,CLI01658,LJ06,2025-10-05T11:11:38,PAGO,81.17,7.13,88.3,APP_ANDROID
PED00003089,CLI01553,LJ03,2025-10-10T15:57:20,PAGO,75.59,8.82,84.41,WEB
PED00000113,CLI01465,LJ08,2025-09-03T21:00:14,PAGO,7.75,10.6,18.35,APP_ANDROID
PED00002373,CLI00053,LJ11,2025-09-30T18:58:20,PAGO,30.01,9.4,39.41,APP_IOS
PED00001893,CLI01967,LJ01,2025-09-25T22:43:36,PAGO,124.06,11.81,135.87,APP_ANDROID
PED00001247,CLI00399,LJ11,2025-09-17T14:17:17,PAGO,97.1,7.07,104.17,WEB
PED00000202,CLI01826,LJ04,2025-09-04T11:30:37,PAGO,31.07,9.85,40.92,APP_IOS
PED00000978,CLI01661,LJ11,2025-09-13T12:51:36,PAGO,54.27,6.95,61.22,APP_ANDROID
PED00001613,CLI01695,LJ05,2025-09-20T13:43:53,PAGO,25.13,10.62,35.75,APP_IOS
PED00000362,CLI01928,LJ06,2025-09-06T20:25:24,PAGO,212.61,8.16,220.77,WEB
PED00001238,CLI00950,LJ02,2025-09-16T17:47:58,CANCELADO,52.94,5.21,58.15,WEB
PED00001052,CLI00039,LJ05,2025-09-14T13:42:28,PAGO,75.63,5.2,80.83,WEB
PED00001612,CLI00288,LJ03,2025-09-20T11:27:36,PAGO,115.27,6.39,121.66,APP_ANDROID
PED00004671,CLI00216,LJ03,2025-10-29T13:10:36,PAGO,12.86,10.65,23.51,WEB
PED00002046,CLI01380,LJ06,2025-09-26T14:18:59,PAGO,65.51,9.15,74.66,APP_ANDROID
PED00002847,CLI01549,LJ10,2025-10-06T13:38:28,PAGO,19.11,9.05,28.16,APP_ANDROID
PED00002223,CLI00071,LJ12,2025-09-28T18:31:34,PAGO,112.71,5.08,117.79,WEB
PED00000422,CLI01502,LJ01,2025-09-06T21:27:23,PAGO,15.4,11.09,26.49,APP_IOS
PED00002021,CLI01332,LJ06,2025-09-26T12:50:18,PAGO,48.34,11.18,59.52,APP_ANDROID
PED00003061,CLI01001,LJ06,2025-10-09T12:50:32,CANCELADO,30.78,8.89,39.67,WEB
PED00003695,CLI00327,LJ03,2025-10-17T14:37:11,PAGO,87.12,11.34,98.46,APP_ANDROID
PED00000671,CLI01847,LJ11,2025-09-09T10:25:24,PAGO,33.77,11.1,44.87,APP_IOS
PED00001910,CLI00195,LJ02,2025-09-25T21:26:46,PAGO,62.93,11.52,74.45,APP_IOS
PED00001625,CLI01167,LJ10,2025-09-21T23:26:09,PAGO,77.86,10.5,88.36,APP_IOS
PED00004588,CLI01335,LJ07,2025-10-27T23:43:48,PAGO,31.82,5.59,37.41,APP_ANDROID
PED00002134,CLI01491,LJ11,2025-09-27T14:29:11,PAGO,93.84,11.69,105.53,WEB
PED00002064,CLI01018,LJ08,2025-09-27T19:14:50,PAGO,182.76,7.48,190.24,APP_IOS
PED00003984,CLI01372,LJ08,2025-10-20T17:29:53,PAGO,32.95,6.0,38.95,WEB
PED00001314,CLI00458,LJ01,2025-09-18T19:49:55,PAGO,24.26,10.39,34.65,WEB
PED00003825,CLI00245,LJ09,2025-10-18T18:18:55,PAGO,32.02,7.64,39.66,APP_ANDROID
PED00004523,CLI01150,LJ08,2025-10-26T13:07:30,PAGO,64.96,7.82,72.78,APP_ANDROID
PED00000602,CLI00745,LJ11,2025-09-08T10:25:40,PAGO,27.73,11.79,39.52,APP_IOS
PED00001072,CLI01745,LJ04,2025-09-14T21:54:10,PAGO,41.15,11.18,52.33,WEB
PED00000912,CLI00173,LJ04,2025-09-12T18:02:26,PAGO,93.92,11.79,105.71,APP_ANDROID
PED00004881,CLI01980,LJ05,2025-10-31T21:32:07,PAGO,26.78,9.89,36.67,WEB
PED00003195,CLI01082,LJ11,2025-10-11T15:48:40,PAGO,44.21,11.86,56.07,APP_ANDROID
PED00002568,CLI00380,LJ07,2025-10-03T20:23:21,PAGO,93.4,10.08,103.48,WEB
PED00003935,CLI00289,LJ10,2025-10-19T20:36:21,PAGO,70.44,10.77,81.21,APP_ANDROID
PED00001902,CLI01023,LJ10,2025-09-25T14:13:29,PAGO,125.62,6.85,132.47,APP_IOS
