item_id,pedido_id,sku,quantidade,preco_unitario,subtotal
IT00000001,PED00000001,SKU007,1,12.99,12.99
IT00000002,PED00000001,SKU007,3,12.42,37.27
IT00000003,PED00000001,SKU005,1,8.34,8.34
IT00000004,PED00000002,SKU013,2,10.52,21.05
IT00000005,PED00000003,SKU005,2,8.8,17.6
IT00000006,PED00000003,SKU002,1,4.28,4.28
IT00000007,PED00000004,SKU009,1,19.5,19.5
IT00000008,PED00000004,SKU014,12,7.15,85.78
IT00000009,PED00000005,SKU001,6,6.81,40.88
IT00000010,PED00000006,SKU004,6,7.86,47.13
IT00000011,PED00000006,SKU003,1,3.93,3.93
IT00000012,PED00000006,SKU013,1,10.4,10.4
IT00000013,PED00000006,SKU008,1,19.7,19.7
IT00000014,PED00000006,SKU007,6,12.76,76.59
IT00000015,PED00000007,SKU010,3,15.12,45.36
IT00000016,PED00000008,SKU004,3,8.14,24.42
IT00000017,PED00000008,SKU013,1,10.77,10.77
IT00000018,PED00000008,SKU012,2,11.95,23.91
IT00000019,PED00000009,SKU013,1,11.24,11.24
IT00000020,PED00000009,SKU008,2,19.4,38.81
IT00000021,PED00000009,SKU004,12,7.58,91.01
IT00000022,PED00000009,SKU011,1,16.56,16.56
IT00000023,PED00000010,SKU004,2,8.14,16.28
IT00000024,PED00000011,SKU013,6,10.89,65.35
IT00000025,PED00000011,SKU005,1,8.11,8.11
IT00000026,PED00000011,SKU001,1,6.32,6.32
IT00000027,PED00000011,SKU009,2,19.57,39.13
IT00000028,PED00000012,SKU001,1,6.63,6.63
IT00000029,PED00000012,SKU003,3,3.93,11.79
IT00000030,PED00000013,SKU007,3,13.49,40.48
IT00000031,PED00000014,SKU005,1,8.69,8.69
IT00000032,PED00000014,SKU012,6,11.77,70.63
IT00000033,PED00000014,SKU013,12,10.39,124.68
IT00000034,PED00000015,SKU006,1,10.28,10.28
IT00000035,PED00000015,SKU002,6,4.27,25.63
IT00000036,PED00000016,SKU001,1,6.46,6.46
IT00000037,PED00000017,SKU014,2,7.69,15.39
IT00000038,PED00000017,SKU004,1,7.56,7.56
IT00000039,PED00000018,SKU002,2,4.37,8.73
IT00000040,PED00000019,SKU001,1,6.31,6.31
IT00000041,PED00000019,SKU004,2,7.94,15.89
IT00000042,PED00000020,SKU003,1,3.61,3.61
IT00000043,PED00000020,SKU002,1,4.27,4.27
IT00000044,PED00000020,SKU010,2,14.3,28.6
IT00000045,PED00000020,SKU004,1,7.74,7.74
IT00000046,PED00000021,SKU006,6,9.77,58.62
IT00000047,PED00000021,SKU008,1,18.79,18.79
IT00000048,PED00000022,SKU007,12,13.02,156.19
IT00000049,PED00000022,SKU009,1,19.68,19.68
IT00000050,PED00000022,SKU009,2,19.97,39.94
IT00000051,PED00000022,SKU014,6,7.55,45.33
IT00000052,PED00000023,SKU002,6,4.18,25.07
IT00000053,PED00000023,SKU003,12,3.92,47.01
IT00000054,PED00000023,SKU003,1,3.64,3.64
IT00000055,PED00000024,SKU002,2,4.16,8.31
IT00000056,PED00000024,SKU006,6,9.92,59.52
IT00000057,PED00000024,SKU015,6,7.1,42.59
IT00000058,PED00000024,SKU010,2,15.32,30.64
IT00000059,PED00000025,SKU015,1,6.84,6.84
IT00000060,PED00000025,SKU007,3,12.99,38.98
IT00000061,PED00000025,SKU008,1,18.48,18.48
IT00000062,PED00000025,SKU003,3,3.87,11.61
IT00000063,PED00000026,SKU001,1,6.69,6.69
IT00000064,PED00000026,SKU005,1,8.49,8.49
IT00000065,PED00000026,SKU012,3,12.46,37.39
IT00000066,PED00000026,SKU004,1,8.27,8.27
IT00000067,PED00000027,SKU015,6,7.07,42.4
IT00000068,PED00000027,SKU013,2,10.76,21.53
IT00000069,PED00000028,SKU004,6,7.66,45.98
IT00000070,PED00000029,SKU015,1,6.58,6.58
IT00000071,PED00000029,SKU006,2,9.85,19.69
IT00000072,PED00000030,SKU005,1,8.12,8.12
IT00000073,PED00000030,SKU014,2,7.85,15.7
IT00000074,PED00000030,SKU014,1,7.29,7.29
IT00000075,PED00000031,SKU013,1,10.63,10.63
IT00000076,PED00000032,SKU011,2,16.7,33.41
IT00000077,PED00000032,SKU010,1,14.92,14.92
IT00000078,PED00000033,SKU006,6,9.66,57.98
IT00000079,PED00000033,SKU012,12,12.08,144.96
IT00000080,PED00000034,SKU011,2,16.16,32.33
IT00000081,PED00000034,SKU015,2,6.82,13.65
IT00000082,PED00000034,SKU001,2,6.82,13.64
IT00000083,PED00000035,SKU009,1,19.24,19.24
IT00000084,PED00000035,SKU011,6,15.97,95.84
IT00000085,PED00000035,SKU002,2,4.3,8.6
IT00000086,PED00000036,SKU004,3,7.75,23.24
IT00000087,PED00000036,SKU013,6,10.76,64.56
IT00000088,PED00000037,SKU009,1,20.26,20.26
IT00000089,PED00000037,SKU009,1,19.01,19.01
IT00000090,PED00000037,SKU014,1,7.87,7.87
IT00000091,PED00000037,SKU006,2,9.97,19.94
IT00000092,PED00000038,SKU001,1,6.35,6.35
IT00000093,PED00000038,SKU013,3,10.98,32.95
IT00000094,PED00000039,SKU004,3,8.26,24.77
IT00000095,PED00000040,SKU002,2,4.24,8.47
IT00000096,PED00000040,SKU003,1,3.63,3.63
IT00000097,PED00000041,SKU013,1,11.39,11.39
IT00000098,PED00000041,SKU015,6,6.57,39.41
IT00000099,PED00000042,SKU007,6,12.58,75.51
IT00000100,PED00000042,SKU009,3,20.09,60.26
IT00000101,PED00000042,SKU001,3,6.6,19.8
IT00000102,PED00000043,SKU011,3,16.17,48.52
IT00000103,PED00000043,SKU011,1,16.53,16.53
IT00000104,PED00000044,SKU004,3,8.12,24.36
IT00000105,PED00000045,SKU008,1,17.96,17.96
IT00000106,PED00000045,SKU011,1,15.86,15.86
IT00000107,PED00000045,SKU010,3,14.38,43.13
IT00000108,PED00000046,SKU005,1,8.12,8.12
IT00000109,PED00000046,SKU014,1,7.15,7.15
IT00000110,PED00000047,SKU006,6,10.35,62.1
IT00000111,PED00000048,SKU014,2,7.44,14.88
IT00000112,PED00000048,SKU015,3,6.63,19.9
IT00000113,PED00000049,SKU010,2,14.69,29.38
IT00000114,PED00000049,SKU001,6,6.75,40.48
IT00000115,PED00000050,SKU012,6,11.93,71.58
IT00000116,PED00000050,SKU012,2,11.98,23.95
IT00000117,PED00000051,SKU008,1,19.23,19.23
IT00000118,PED00000051,SKU007,1,13.32,13.32
IT00000119,PED00000051,SKU015,12,6.59,79.11
IT00000120,PED00000052,SKU006,12,9.45,113.46
IT00000121,PED00000052,SKU004,2,7.8,15.61
IT00000122,PED00000053,SKU001,1,6.44,6.44
IT00000123,PED00000053,SKU009,2,20.55,41.1
IT00000124,PED00000053,SKU013,3,11.03,33.09
IT00000125,PED00000054,SKU006,2,10.02,20.04
IT00000126,PED00000054,SKU008,3,18.64,55.92
IT00000127,PED00000054,SKU008,1,19.39,19.39
IT00000128,PED00000054,SKU004,1,7.79,7.79
IT00000129,PED00000055,SKU012,3,11.43,34.3
IT00000130,PED00000055,SKU010,1,14.33,14.33
IT00000131,PED00000055,SKU014,2,7.47,14.94
IT00000132,PED00000055,SKU013,1,10.72,10.72
IT00000133,PED00000056,SKU008,1,19.35,19.35
IT00000134,PED00000057,SKU012,6,11.43,68.57
IT00000135,PED00000057,SKU011,3,17.13,51.39
IT00000136,PED00000057,SKU009,6,19.74,118.43
IT00000137,PED00000058,SKU012,6,11.91,71.49
IT00000138,PED00000058,SKU014,3,7.77,23.31
IT00000139,PED00000059,SKU012,3,12.45,37.34
IT00000140,PED00000059,SKU009,2,20.17,40.34
IT00000141,PED00000059,SKU012,1,11.72,11.72
IT00000142,PED00000060,SKU001,2,6.19,12.38
IT00000143,PED00000060,SKU003,1,3.63,3.63
IT00000144,PED00000061,SKU006,6,9.51,57.04
IT00000145,PED00000061,SKU014,3,7.55,22.64
IT00000146,PED00000062,SKU007,12,13.51,162.17
IT00000147,PED00000062,SKU006,12,9.46,113.5
IT00000148,PED00000063,SKU009,3,19.3,57.89
IT00000149,PED00000063,SKU012,12,11.66,139.86
IT00000150,PED00000063,SKU003,12,3.64,43.66
IT00000151,PED00000064,SKU005,1,8.47,8.47
IT00000152,PED00000064,SKU015,1,6.66,6.66
IT00000153,PED00000064,SKU006,2,10.17,20.34
IT00000154,PED00000065,SKU009,1,19.91,19.91
IT00000155,PED00000065,SKU007,2,12.78,25.55
IT00000156,PED00000065,SKU006,1,9.62,9.62
IT00000157,PED00000065,SKU006,1,9.7,9.7
IT00000158,PED00000065,SKU013,3,10.87,32.62
IT00000159,PED00000066,SKU011,6,16.3,97.83
IT00000160,PED00000066,SKU013,6,10.78,64.65
IT00000161,PED00000066,SKU009,3,18.95,56.86
IT00000162,PED00000066,SKU009,6,19.65,117.91
IT00000163,PED00000066,SKU013,2,10.89,21.77
IT00000164,PED00000067,SKU004,3,8.12,24.35
IT00000165,PED00000067,SKU014,3,7.75,23.26
IT00000166,PED00000067,SKU004,2,8.06,16.12
IT00000167,PED00000068,SKU002,1,4.32,4.32
IT00000168,PED00000069,SKU011,1,15.68,15.68
IT00000169,PED00000070,SKU005,3,8.31,24.94
IT00000170,PED00000070,SKU015,2,6.83,13.66
IT00000171,PED00000070,SKU011,1,15.93,15.93
IT00000172,PED00000071,SKU014,3,7.4,22.21
IT00000173,PED00000071,SKU001,2,6.54,13.07
IT00000174,PED00000071,SKU002,1,4.23,4.23
IT00000175,PED00000071,SKU007,2,13.48,26.95
IT00000176,PED00000071,SKU005,1,8.71,8.71
IT00000177,PED00000072,SKU003,3,3.83,11.48
IT00000178,PED00000073,SKU008,12,18.63,223.56
IT00000179,PED00000073,SKU011,3,15.84,47.52
IT00000180,PED00000073,SKU010,1,14.44,14.44
IT00000181,PED00000074,SKU007,1,12.66,12.66
IT00000182,PED00000074,SKU013,1,11.16,11.16
IT00000183,PED00000075,SKU002,1,4.24,4.24
IT00000184,PED00000075,SKU014,1,7.74,7.74
IT00000185,PED00000076,SKU010,2,15.03,30.07
IT00000186,PED00000076,SKU015,1,6.73,6.73
IT00000187,PED00000076,SKU015,12,6.88,82.57
IT00000188,PED00000076,SKU013,1,10.78,10.78
IT00000189,PED00000077,SKU011,1,17.27,17.27
IT00000190,PED00000077,SKU010,3,15.28,45.85
IT00000191,PED00000078,SKU002,1,4.09,4.09
IT00000192,PED00000078,SKU011,1,17.17,17.17
IT00000193,PED00000079,SKU005,6,8.3,49.79
IT00000194,PED00000079,SKU009,2,19.65,39.31
IT00000195,PED00000079,SKU007,2,13.1,26.2
IT00000196,PED00000080,SKU015,3,6.9,20.7
IT00000197,PED00000080,SKU003,2,3.7,7.39
IT00000198,PED00000080,SKU009,3,19.33,57.98
IT00000199,PED00000081,SKU008,2,19.07,38.14
IT00000200,PED00000081,SKU011,6,15.71,94.27
IT00000201,PED00000082,SKU015,1,7.22,7.22
IT00000202,PED00000083,SKU003,1,3.77,3.77
IT00000203,PED00000083,SKU003,3,3.92,11.77
IT00000204,PED00000083,SKU003,3,3.8,11.41
IT00000205,PED00000083,SKU003,3,3.74,11.22
IT00000206,PED00000084,SKU011,2,15.92,31.84
IT00000207,PED00000084,SKU002,1,4.37,4.37
IT00000208,PED00000084,SKU010,1,15.32,15.32
IT00000209,PED00000084,SKU009,3,19.09,57.27
IT00000210,PED00000085,SKU012,2,11.58,23.16
IT00000211,PED00000085,SKU013,2,11.19,22.39
IT00000212,PED00000085,SKU006,2,10.14,20.28
IT00000213,PED00000085,SKU013,6,10.98,65.9
IT00000214,PED00000086,SKU001,3,6.69,20.06
IT00000215,PED00000086,SKU010,2,14.93,29.86
IT00000216,PED00000087,SKU014,2,7.55,15.1
IT00000217,PED00000087,SKU010,1,15.17,15.17
IT00000218,PED00000088,SKU010,1,15.21,15.21
IT00000219,PED00000088,SKU012,1,12.33,12.33
IT00000220,PED00000088,SKU002,3,4.18,12.53
IT00000221,PED00000088,SKU012,6,11.42,68.55
IT00000222,PED00000088,SKU009,2,19.58,39.16
IT00000223,PED00000089,SKU015,3,6.62,19.85
IT00000224,PED00000090,SKU010,1,15.31,15.31
IT00000225,PED00000090,SKU003,3,3.78,11.33
IT00000226,PED00000090,SKU004,6,8.24,49.44
IT00000227,PED00000091,SKU011,1,15.93,15.93
IT00000228,PED00000091,SKU005,3,8.38,25.13
IT00000229,PED00000092,SKU009,6,19.6,117.59
IT00000230,PED00000092,SKU014,1,7.58,7.58
IT00000231,PED00000092,SKU004,2,7.82,15.65
IT00000232,PED00000093,SKU005,6,8.77,52.6
IT00000233,PED00000093,SKU010,1,14.81,14.81
IT00000234,PED00000093,SKU007,2,13.25,26.5
IT00000235,PED00000093,SKU013,1,11.2,11.2
IT00000236,PED00000094,SKU004,3,7.69,23.06
IT00000237,PED00000094,SKU006,2,9.75,19.51
IT00000238,PED00000094,SKU009,1,20.56,20.56
IT00000239,PED00000095,SKU005,1,8.71,8.71
IT00000240,PED00000095,SKU015,6,6.9,41.4
IT00000241,PED00000095,SKU004,1,7.7,7.7
IT00000242,PED00000095,SKU005,1,8.25,8.25
IT00000243,PED00000096,SKU009,12,20.59,247.11
IT00000244,PED00000096,SKU006,3,9.89,29.68
IT00000245,PED00000096,SKU015,6,7.15,42.93
IT00000246,PED00000097,SKU009,1,19.6,19.6
IT00000247,PED00000097,SKU014,3,7.26,21.77
IT00000248,PED00000098,SKU006,3,9.66,28.99
IT00000249,PED00000099,SKU006,6,9.68,58.09
IT00000250,PED00000099,SKU003,2,3.98,7.96
IT00000251,PED00000099,SKU011,1,15.84,15.84
IT00000252,PED00000100,SKU007,2,13.54,27.08
IT00000253,PED00000101,SKU002,3,4.02,12.05
IT00000254,PED00000102,SKU013,1,10.38,10.38
IT00000255,PED00000102,SKU002,2,4.28,8.55
IT00000256,PED00000102,SKU010,1,15.01,15.01
IT00000257,PED00000103,SKU002,2,4.11,8.22
IT00000258,PED00000103,SKU011,12,17.11,205.29
IT00000259,PED00000104,SKU005,3,8.59,25.77
IT00000260,PED00000104,SKU007,1,12.83,12.83
IT00000261,PED00000105,SKU004,3,8.25,24.74
IT00000262,PED00000106,SKU013,2,11.19,22.38
IT00000263,PED00000107,SKU003,1,3.93,3.93
IT00000264,PED00000107,SKU001,1,6.41,6.41
IT00000265,PED00000108,SKU003,2,3.78,7.57
IT00000266,PED00000108,SKU012,3,11.98,35.93
IT00000267,PED00000108,SKU009,3,19.97,59.9
IT00000268,PED00000109,SKU009,6,20.59,123.55
IT00000269,PED00000110,SKU004,3,7.94,23.81
IT00000270,PED00000110,SKU004,2,7.95,15.9
IT00000271,PED00000111,SKU013,3,11.02,33.07
IT00000272,PED00000111,SKU012,3,11.64,34.93
IT00000273,PED00000112,SKU012,3,11.53,34.59
IT00000274,PED00000112,SKU001,1,6.81,6.81
IT00000275,PED00000113,SKU004,1,7.75,7.75
IT00000276,PED00000114,SKU002,2,4.07,8.13
IT00000277,PED00000114,SKU015,6,7.12,42.71
IT00000278,PED00000114,SKU014,1,7.86,7.86
IT00000279,PED00000115,SKU011,12,16.46,197.46
IT00000280,PED00000116,SKU008,3,18.33,54.99
IT00000281,PED00000117,SKU002,2,4.09,8.18
IT00000282,PED00000117,SKU001,2,6.62,13.25
IT00000283,PED00000118,SKU013,3,10.42,31.26
IT00000284,PED00000118,SKU011,1,16.56,16.56
IT00000285,PED00000118,SKU002,1,4.09,4.09
IT00000286,PED00000118,SKU009,3,20.41,61.23
IT00000287,PED00000119,SKU012,2,11.66,23.31
IT00000288,PED00000120,SKU014,2,7.18,14.35
IT00000289,PED00000120,SKU003,2,3.92,7.84
IT00000290,PED00000120,SKU009,2,18.91,37.81
IT00000291,PED00000121,SKU009,6,19.28,115.7
IT00000292,PED00000122,SKU001,6,6.26,37.56
IT00000293,PED00000122,SKU014,1,7.21,7.21
IT00000294,PED00000122,SKU004,1,7.96,7.96
IT00000295,PED00000123,SKU004,3,8.24,24.72
IT00000296,PED00000123,SKU014,1,7.73,7.73
IT00000297,PED00000123,SKU001,2,6.66,13.32
IT00000298,PED00000123,SKU015,2,6.81,13.62
IT00000299,PED00000124,SKU002,1,4.09,4.09
IT00000300,PED00000124,SKU007,1,12.93,12.93
IT00000301,PED00000124,SKU004,2,8.25,16.51
IT00000302,PED00000124,SKU009,3,19.73,59.19
IT00000303,PED00000124,SKU002,3,4.23,12.7
IT00000304,PED00000125,SKU006,3,9.93,29.8
IT00000305,PED00000125,SKU010,2,14.68,29.36
IT00000306,PED00000126,SKU009,1,20.43,20.43
IT00000307,PED00000126,SKU015,3,6.8,20.41
IT00000308,PED00000127,SKU005,12,8.26,99.09
IT00000309,PED00000127,SKU006,1,10.22,10.22
IT00000310,PED00000128,SKU003,1,3.95,3.95
IT00000311,PED00000128,SKU004,1,8.15,8.15
IT00000312,PED00000129,SKU015,3,6.95,20.86
IT00000313,PED00000129,SKU015,1,7.0,7.0
IT00000314,PED00000130,SKU002,6,4.09,24.51
IT00000315,PED00000130,SKU011,6,17.21,103.24
IT00000316,PED00000130,SKU011,3,16.31,48.92
IT00000317,PED00000130,SKU005,2,8.35,16.69
IT00000318,PED00000131,SKU010,2,14.49,28.97
IT00000319,PED00000131,SKU005,3,8.2,24.6
IT00000320,PED00000131,SKU006,1,9.97,9.97
IT00000321,PED00000132,SKU004,2,8.02,16.04
IT00000322,PED00000132,SKU004,2,8.29,16.59
IT00000323,PED00000133,SKU006,1,9.75,9.75
IT00000324,PED00000133,SKU011,1,16.18,16.18
IT00000325,PED00000134,SKU006,1,10.13,10.13
IT00000326,PED00000135,SKU008,1,18.35,18.35
IT00000327,PED00000135,SKU009,1,19.99,19.99
IT00000328,PED00000136,SKU001,1,6.21,6.21
IT00000329,PED00000136,SKU004,3,7.99,23.98
IT00000330,PED00000136,SKU001,2,6.79,13.58
IT00000331,PED00000137,SKU007,2,13.17,26.34
IT00000332,PED00000137,SKU015,1,7.15,7.15
IT00000333,PED00000138,SKU008,2,18.25,36.5
IT00000334,PED00000138,SKU006,3,9.76,29.27
IT00000335,PED00000139,SKU001,6,6.79,40.75
IT00000336,PED00000139,SKU004,1,8.21,8.21
IT00000337,PED00000139,SKU011,1,16.88,16.88
IT00000338,PED00000139,SKU009,12,20.12,241.49
IT00000339,PED00000139,SKU011,3,16.36,49.09
IT00000340,PED00000140,SKU013,1,10.51,10.51
IT00000341,PED00000140,SKU012,3,11.93,35.78
IT00000342,PED00000141,SKU015,1,6.58,6.58
IT00000343,PED00000141,SKU006,6,9.81,58.89
IT00000344,PED00000142,SKU010,1,15.0,15.0
IT00000345,PED00000142,SKU004,2,7.69,15.37
IT00000346,PED00000142,SKU001,2,6.62,13.24
IT00000347,PED00000142,SKU008,1,19.55,19.55
IT00000348,PED00000142,SKU008,3,18.66,55.99
IT00000349,PED00000143,SKU007,1,13.12,13.12
IT00000350,PED00000143,SKU004,3,7.56,22.67
IT00000351,PED00000143,SKU015,12,6.86,82.3
IT00000352,PED00000143,SKU010,2,14.64,29.28
IT00000353,PED00000144,SKU012,2,11.94,23.89
IT00000354,PED00000144,SKU011,6,16.97,101.84
IT00000355,PED00000144,SKU009,1,19.81,19.81
IT00000356,PED00000145,SKU004,1,7.82,7.82
IT00000357,PED00000145,SKU005,3,8.32,24.95
IT00000358,PED00000145,SKU003,2,3.84,7.69
IT00000359,PED00000145,SKU001,3,6.76,20.29
IT00000360,PED00000145,SKU008,6,18.81,112.85
IT00000361,PED00000146,SKU015,3,6.69,20.08
IT00000362,PED00000146,SKU008,1,18.57,18.57
IT00000363,PED00000147,SKU007,3,13.51,40.54
IT00000364,PED00000147,SKU010,6,14.72,88.32
IT00000365,PED00000148,SKU012,3,11.84,35.51
IT00000366,PED00000148,SKU011,1,17.16,17.16
IT00000367,PED00000149,SKU015,2,6.7,13.41
IT00000368,PED00000150,SKU009,6,19.32,115.91
IT00000369,PED00000150,SKU003,1,3.86,3.86
IT00000370,PED00000150,SKU001,1,6.2,6.2
IT00000371,PED00000151,SKU012,3,11.99,35.96
IT00000372,PED00000151,SKU009,1,19.81,19.81
IT00000373,PED00000151,SKU010,2,14.21,28.42
IT00000374,PED00000152,SKU003,1,3.94,3.94
IT00000375,PED00000152,SKU006,2,9.92,19.85
IT00000376,PED00000153,SKU005,2,8.8,17.59
IT00000377,PED00000153,SKU005,2,8.92,17.84
IT00000378,PED00000153,SKU006,6,10.01,60.08
IT00000379,PED00000153,SKU008,2,19.15,38.3
IT00000380,PED00000153,SKU008,6,19.63,117.75
IT00000381,PED00000154,SKU014,1,7.59,7.59
IT00000382,PED00000155,SKU005,2,8.35,16.7
IT00000383,PED00000156,SKU006,6,9.88,59.28
IT00000384,PED00000156,SKU008,3,19.18,57.53
IT00000385,PED00000157,SKU014,2,7.55,15.1
IT00000386,PED00000157,SKU011,1,16.56,16.56
IT00000387,PED00000157,SKU004,2,7.77,15.53
IT00000388,PED00000158,SKU010,2,15.04,30.08
IT00000389,PED00000159,SKU008,6,18.53,111.16
IT00000390,PED00000159,SKU009,1,19.13,19.13
IT00000391,PED00000160,SKU015,2,7.16,14.32
IT00000392,PED00000161,SKU012,6,11.44,68.66
IT00000393,PED00000161,SKU005,6,8.66,51.95
IT00000394,PED00000162,SKU005,3,8.25,24.76
IT00000395,PED00000162,SKU004,1,7.72,7.72
IT00000396,PED00000162,SKU006,3,10.07,30.21
IT00000397,PED00000163,SKU006,1,10.34,10.34
IT00000398,PED00000163,SKU013,1,10.62,10.62
IT00000399,PED00000164,SKU007,1,12.81,12.81
IT00000400,PED00000165,SKU005,1,8.24,8.24
IT00000401,PED00000165,SKU013,3,10.94,32.81
IT00000402,PED00000165,SKU015,3,6.88,20.63
IT00000403,PED00000166,SKU004,1,8.21,8.21
IT00000404,PED00000166,SKU005,6,8.41,50.45
IT00000405,PED00000167,SKU014,1,7.7,7.7
IT00000406,PED00000167,SKU010,2,14.91,29.82
IT00000407,PED00000168,SKU007,1,12.57,12.57
IT00000408,PED00000168,SKU003,12,3.76,45.07
IT00000409,PED00000169,SKU012,6,11.99,71.93
IT00000410,PED00000169,SKU008,1,19.08,19.08
IT00000411,PED00000169,SKU006,2,10.22,20.44
IT00000412,PED00000170,SKU001,1,6.71,6.71
IT00000413,PED00000170,SKU015,2,7.08,14.15
IT00000414,PED00000170,SKU013,1,10.51,10.51
IT00000415,PED00000171,SKU011,1,17.23,17.23
IT00000416,PED00000171,SKU007,3,13.44,40.31
IT00000417,PED00000171,SKU002,2,4.25,8.49
IT00000418,PED00000172,SKU002,6,4.35,26.12
IT00000419,PED00000172,SKU004,2,7.97,15.94
IT00000420,PED00000172,SKU011,1,16.31,16.31
IT00000421,PED00000172,SKU007,2,12.53,25.05
IT00000422,PED00000172,SKU003,2,3.68,7.36
IT00000423,PED00000173,SKU012,6,12.09,72.53
IT00000424,PED00000174,SKU008,2,19.0,38.0
IT00000425,PED00000174,SKU008,2,18.38,36.76
IT00000426,PED00000174,SKU007,3,13.0,39.0
IT00000427,PED00000175,SKU001,2,6.63,13.27
IT00000428,PED00000175,SKU002,2,4.39,8.79
IT00000429,PED00000176,SKU011,3,17.26,51.78
IT00000430,PED00000176,SKU002,3,4.22,12.65
IT00000431,PED00000177,SKU006,2,10.36,20.71
IT00000432,PED00000177,SKU013,1,10.54,10.54
IT00000433,PED00000177,SKU012,6,12.2,73.18
IT00000434,PED00000178,SKU005,6,8.61,51.63
IT00000435,PED00000179,SKU001,3,6.57,19.7
IT00000436,PED00000179,SKU015,2,6.66,13.32
IT00000437,PED00000179,SKU008,2,18.29,36.57
IT00000438,PED00000179,SKU013,3,10.88,32.65
IT00000439,PED00000180,SKU007,3,12.56,37.69
IT00000440,PED00000180,SKU008,3,18.27,54.81
IT00000441,PED00000181,SKU012,6,12.4,74.42
IT00000442,PED00000181,SKU004,2,8.06,16.12
IT00000443,PED00000182,SKU011,12,15.84,190.03
IT00000444,PED00000182,SKU009,3,20.81,62.42
IT00000445,PED00000182,SKU007,3,13.1,39.29
IT00000446,PED00000182,SKU005,1,8.3,8.3
IT00000447,PED00000182,SKU002,1,4.24,4.24
IT00000448,PED00000183,SKU001,6,6.18,37.1
IT00000449,PED00000184,SKU001,6,6.6,39.61
IT00000450,PED00000184,SKU014,1,7.57,7.57
IT00000451,PED00000184,SKU002,3,4.04,12.12
IT00000452,PED00000185,SKU002,3,4.38,13.13
IT00000453,PED00000185,SKU005,3,8.66,25.99
IT00000454,PED00000185,SKU011,3,16.21,48.63
IT00000455,PED00000186,SKU008,1,19.81,19.81
IT00000456,PED00000186,SKU004,3,7.65,22.94
IT00000457,PED00000187,SKU001,1,6.55,6.55
IT00000458,PED00000187,SKU005,3,8.09,24.27
IT00000459,PED00000188,SKU001,2,6.79,13.57
IT00000460,PED00000188,SKU008,2,18.72,37.44
IT00000461,PED00000189,SKU006,1,9.7,9.7
IT00000462,PED00000189,SKU001,3,6.8,20.39
IT00000463,PED00000190,SKU001,12,6.6,79.25
IT00000464,PED00000191,SKU001,3,6.56,19.68
IT00000465,PED00000192,SKU006,1,10.18,10.18
IT00000466,PED00000193,SKU015,1,7.06,7.06
IT00000467,PED00000193,SKU008,3,18.85,56.54
IT00000468,PED00000193,SKU015,3,6.72,20.17
IT00000469,PED00000194,SKU010,1,15.37,15.37
IT00000470,PED00000195,SKU007,1,13.51,13.51
IT00000471,PED00000195,SKU010,2,14.63,29.27
IT00000472,PED00000195,SKU013,1,10.4,10.4
IT00000473,PED00000196,SKU015,2,6.65,13.29
IT00000474,PED00000196,SKU013,6,11.02,66.14
IT00000475,PED00000197,SKU005,2,8.76,17.52
IT00000476,PED00000197,SKU013,2,10.49,20.99
IT00000477,PED00000197,SKU003,3,3.81,11.43
IT00000478,PED00000198,SKU013,1,10.81,10.81
IT00000479,PED00000198,SKU009,1,19.14,19.14
IT00000480,PED00000198,SKU009,12,20.14,241.64
IT00000481,PED00000199,SKU003,3,3.98,11.93
IT00000482,PED00000200,SKU013,6,10.85,65.09
IT00000483,PED00000200,SKU002,3,4.38,13.14
IT00000484,PED00000201,SKU012,3,11.69,35.08
IT00000485,PED00000201,SKU013,1,10.6,10.6
IT00000486,PED00000202,SKU003,1,3.84,3.84
IT00000487,PED00000202,SKU003,2,3.66,7.32
IT00000488,PED00000202,SKU012,1,11.73,11.73
IT00000489,PED00000202,SKU005,1,8.18,8.18
IT00000490,PED00000203,SKU005,3,8.75,26.24
IT00000491,PED00000203,SKU011,12,17.17,206.03
IT00000492,PED00000204,SKU005,1,8.44,8.44
IT00000493,PED00000204,SKU014,1,7.37,7.37
IT00000494,PED00000204,SKU010,1,15.54,15.54
IT00000495,PED00000204,SKU003,6,3.95,23.71
IT00000496,PED00000205,SKU012,6,11.84,71.06
IT00000497,PED00000205,SKU004,1,8.1,8.1
IT00000498,PED00000205,SKU012,3,12.44,37.31
IT00000499,PED00000205,SKU003,2,3.7,7.4
IT00000500,PED00000206,SKU008,2,18.22,36.43
IT00000501,PED00000207,SKU015,3,6.92,20.76
IT00000502,PED00000208,SKU015,1,7.21,7.21
IT00000503,PED00000208,SKU011,2,15.76,31.52
IT00000504,PED00000209,SKU004,1,7.77,7.77
IT00000505,PED00000209,SKU009,1,19.86,19.86
IT00000506,PED00000209,SKU013,2,11.4,22.8
IT00000507,PED00000210,SKU006,2,9.9,19.8
IT00000508,PED00000211,SKU013,12,11.32,135.81
IT00000509,PED00000211,SKU004,6,7.87,47.2
IT00000510,PED00000211,SKU002,2,4.07,8.13
IT00000511,PED00000211,SKU002,1,4.11,4.11
IT00000512,PED00000212,SKU003,2,3.77,7.54
IT00000513,PED00000212,SKU012,3,11.65,34.96
IT00000514,PED00000213,SKU008,2,19.27,38.54
IT00000515,PED00000213,SKU014,2,7.47,14.94
IT00000516,PED00000213,SKU010,1,15.33,15.33
IT00000517,PED00000214,SKU003,3,3.67,11.01
IT00000518,PED00000214,SKU009,1,20.84,20.84
IT00000519,PED00000215,SKU006,1,9.96,9.96
IT00000520,PED00000215,SKU001,3,6.81,20.43
IT00000521,PED00000216,SKU003,6,3.96,23.78
IT00000522,PED00000216,SKU003,1,3.89,3.89
IT00000523,PED00000217,SKU015,6,6.79,40.73
IT00000524,PED00000217,SKU002,3,4.37,13.1
IT00000525,PED00000217,SKU003,3,3.65,10.96
IT00000526,PED00000218,SKU004,3,8.11,24.33
IT00000527,PED00000218,SKU004,1,7.93,7.93
IT00000528,PED00000218,SKU008,3,19.76,59.29
IT00000529,PED00000219,SKU012,6,11.74,70.47
IT00000530,PED00000219,SKU006,1,9.75,9.75
IT00000531,PED00000220,SKU013,3,11.33,34.0
IT00000532,PED00000220,SKU012,6,11.47,68.83
IT00000533,PED00000221,SKU002,1,4.26,4.26
IT00000534,PED00000221,SKU005,2,8.55,17.09
IT00000535,PED00000221,SKU012,2,12.39,24.79
IT00000536,PED00000222,SKU004,1,7.51,7.51
IT00000537,PED00000222,SKU005,1,8.62,8.62
IT00000538,PED00000222,SKU011,2,16.75,33.51
IT00000539,PED00000223,SKU012,2,11.88,23.75
IT00000540,PED00000224,SKU014,1,7.56,7.56
IT00000541,PED00000224,SKU003,1,3.94,3.94
IT00000542,PED00000224,SKU003,2,3.63,7.26
IT00000543,PED00000225,SKU013,3,11.19,33.57
IT00000544,PED00000225,SKU010,3,14.97,44.9
IT00000545,PED00000226,SKU010,2,14.37,28.74
IT00000546,PED00000227,SKU004,3,7.95,23.84
IT00000547,PED00000227,SKU012,6,11.93,71.58
IT00000548,PED00000228,SKU006,1,9.76,9.76
IT00000549,PED00000229,SKU014,3,7.64,22.92
IT00000550,PED00000229,SKU005,1,8.19,8.19
IT00000551,PED00000230,SKU001,3,6.51,19.53
IT00000552,PED00000231,SKU010,1,15.5,15.5
IT00000553,PED00000232,SKU013,3,10.62,31.86
IT00000554,PED00000232,SKU010,1,15.38,15.38
IT00000555,PED00000232,SKU013,1,10.59,10.59
IT00000556,PED00000232,SKU004,12,7.64,91.69
IT00000557,PED00000233,SKU003,2,3.97,7.95
IT00000558,PED00000233,SKU003,6,3.98,23.9
IT00000559,PED00000233,SKU007,1,12.55,12.55
IT00000560,PED00000234,SKU001,1,6.5,6.5
IT00000561,PED00000234,SKU007,1,13.03,13.03
IT00000562,PED00000234,SKU005,3,8.79,26.37
IT00000563,PED00000235,SKU001,12,6.49,77.93
IT00000564,PED00000235,SKU002,2,4.21,8.42
IT00000565,PED00000236,SKU015,12,6.6,79.2
IT00000566,PED00000236,SKU004,1,7.98,7.98
IT00000567,PED00000236,SKU007,1,13.34,13.34
IT00000568,PED00000237,SKU008,2,18.23,36.47
IT00000569,PED00000237,SKU008,1,18.43,18.43
IT00000570,PED00000237,SKU008,1,19.74,19.74
IT00000571,PED00000237,SKU001,1,6.21,6.21
IT00000572,PED00000237,SKU002,2,4.0,8.0
IT00000573,PED00000238,SKU013,2,10.86,21.73
IT00000574,PED00000238,SKU005,3,8.49,25.48
IT00000575,PED00000238,SKU005,2,8.76,17.53
IT00000576,PED00000239,SKU001,1,6.54,6.54
IT00000577,PED00000239,SKU014,3,7.79,23.37
IT00000578,PED00000240,SKU010,2,14.99,29.99
IT00000579,PED00000240,SKU003,2,3.76,7.52
IT00000580,PED00000240,SKU008,2,18.67,37.34
IT00000581,PED00000241,SKU001,3,6.58,19.74
IT00000582,PED00000241,SKU007,1,12.7,12.7
IT00000583,PED00000241,SKU006,2,9.46,18.92
IT00000584,PED00000242,SKU009,1,19.82,19.82
IT00000585,PED00000243,SKU010,2,15.01,30.02
IT00000586,PED00000243,SKU013,2,11.11,22.22
IT00000587,PED00000244,SKU013,1,11.28,11.28
IT00000588,PED00000244,SKU004,1,7.54,7.54
IT00000589,PED00000244,SKU010,2,14.49,28.98
IT00000590,PED00000245,SKU004,1,7.57,7.57
IT00000591,PED00000245,SKU014,1,7.73,7.73
IT00000592,PED00000246,SKU015,1,7.04,7.04
IT00000593,PED00000246,SKU014,1,7.5,7.5
IT00000594,PED00000247,SKU015,2,6.99,13.97
IT00000595,PED00000247,SKU009,1,19.83,19.83
IT00000596,PED00000247,SKU004,1,8.05,8.05
IT00000597,PED00000247,SKU005,6,8.42,50.54
IT00000598,PED00000248,SKU004,1,7.66,7.66
IT00000599,PED00000248,SKU004,3,7.75,23.25
IT00000600,PED00000249,SKU011,2,16.74,33.48
IT00000601,PED00000249,SKU001,12,6.49,77.89
IT00000602,PED00000249,SKU001,1,6.76,6.76
IT00000603,PED00000249,SKU006,3,10.26,30.79
IT00000604,PED00000250,SKU015,1,7.01,7.01
IT00000605,PED00000250,SKU010,6,15.54,93.26
IT00000606,PED00000250,SKU005,2,8.15,16.3
IT00000607,PED00000251,SKU003,1,3.71,3.71
IT00000608,PED00000252,SKU005,6,8.87,53.23
IT00000609,PED00000252,SKU006,2,9.77,19.54
IT00000610,PED00000252,SKU005,1,8.9,8.9
IT00000611,PED00000253,SKU012,2,12.27,24.54
IT00000612,PED00000253,SKU002,2,4.09,8.18
IT00000613,PED00000253,SKU008,2,19.67,39.35
IT00000614,PED00000254,SKU015,6,7.0,42.0
IT00000615,PED00000254,SKU013,1,11.3,11.3
IT00000616,PED00000254,SKU014,3,7.49,22.48
IT00000617,PED00000255,SKU002,2,4.24,8.49
IT00000618,PED00000255,SKU014,2,7.37,14.74
IT00000619,PED00000256,SKU005,1,8.14,8.14
IT00000620,PED00000256,SKU003,1,3.88,3.88
IT00000621,PED00000257,SKU011,2,16.22,32.43
IT00000622,PED00000257,SKU005,1,8.43,8.43
IT00000623,PED00000258,SKU008,1,19.28,19.28
IT00000624,PED00000258,SKU003,1,3.84,3.84
IT00000625,PED00000258,SKU010,1,14.29,14.29
IT00000626,PED00000258,SKU006,1,9.97,9.97
IT00000627,PED00000259,SKU014,6,7.32,43.95
IT00000628,PED00000260,SKU007,3,12.29,36.88
IT00000629,PED00000260,SKU005,1,8.46,8.46
IT00000630,PED00000261,SKU011,1,16.31,16.31
IT00000631,PED00000261,SKU007,3,12.59,37.76
IT00000632,PED00000261,SKU002,2,4.01,8.02
IT00000633,PED00000262,SKU006,1,10.29,10.29
IT00000634,PED00000262,SKU001,2,6.34,12.69
IT00000635,PED00000263,SKU001,12,6.5,77.99
IT00000636,PED00000264,SKU007,6,12.66,75.97
IT00000637,PED00000264,SKU008,3,18.24,54.72
IT00000638,PED00000265,SKU008,1,19.29,19.29
IT00000639,PED00000266,SKU003,1,3.65,3.65
IT00000640,PED00000266,SKU014,1,7.75,7.75
IT00000641,PED00000266,SKU012,2,11.63,23.26
IT00000642,PED00000267,SKU011,1,16.22,16.22
IT00000643,PED00000267,SKU005,3,8.65,25.96
IT00000644,PED00000267,SKU007,2,13.45,26.91
IT00000645,PED00000268,SKU011,1,17.28,17.28
IT00000646,PED00000268,SKU011,3,16.42,49.27
IT00000647,PED00000269,SKU002,2,4.24,8.49
IT00000648,PED00000270,SKU011,3,16.75,50.26
IT00000649,PED00000270,SKU002,1,4.33,4.33
IT00000650,PED00000271,SKU015,2,6.74,13.48
IT00000651,PED00000271,SKU010,2,15.28,30.56
IT00000652,PED00000272,SKU012,1,11.89,11.89
IT00000653,PED00000272,SKU011,3,15.81,47.44
IT00000654,PED00000272,SKU008,2,19.67,39.34
IT00000655,PED00000273,SKU015,1,6.63,6.63
IT00000656,PED00000273,SKU007,2,12.85,25.71
IT00000657,PED00000273,SKU012,2,11.61,23.21
IT00000658,PED00000274,SKU001,1,6.74,6.74
IT00000659,PED00000274,SKU005,1,8.69,8.69
IT00000660,PED00000274,SKU013,3,11.03,33.1
IT00000661,PED00000274,SKU005,1,8.86,8.86
IT00000662,PED00000275,SKU001,1,6.49,6.49
IT00000663,PED00000275,SKU012,2,12.09,24.18
IT00000664,PED00000276,SKU003,1,3.65,3.65
IT00000665,PED00000277,SKU013,2,10.45,20.9
IT00000666,PED00000277,SKU013,2,10.87,21.74
IT00000667,PED00000277,SKU001,1,6.76,6.76
IT00000668,PED00000278,SKU007,1,12.27,12.27
IT00000669,PED00000278,SKU011,6,16.39,98.32
IT00000670,PED00000278,SKU007,6,13.21,79.23
IT00000671,PED00000278,SKU010,3,15.64,46.93
IT00000672,PED00000279,SKU002,1,4.26,4.26
IT00000673,PED00000279,SKU015,2,6.9,13.79
IT00000674,PED00000280,SKU009,1,20.71,20.71
IT00000675,PED00000280,SKU006,6,10.25,61.5
IT00000676,PED00000281,SKU006,3,10.2,30.59
IT00000677,PED00000281,SKU014,1,7.28,7.28
IT00000678,PED00000281,SKU012,3,12.1,36.3
IT00000679,PED00000282,SKU005,1,8.55,8.55
IT00000680,PED00000282,SKU001,2,6.34,12.69
IT00000681,PED00000282,SKU011,1,17.04,17.04
IT00000682,PED00000282,SKU015,2,7.11,14.22
IT00000683,PED00000282,SKU006,2,10.02,20.03
IT00000684,PED00000283,SKU003,6,3.94,23.65
IT00000685,PED00000283,SKU010,3,15.21,45.62
IT00000686,PED00000284,SKU014,2,7.51,15.01
IT00000687,PED00000284,SKU003,3,3.94,11.82
IT00000688,PED00000284,SKU015,2,7.06,14.12
IT00000689,PED00000284,SKU012,2,11.91,23.81
IT00000690,PED00000285,SKU013,1,11.26,11.26
IT00000691,PED00000285,SKU008,1,18.91,18.91
IT00000692,PED00000286,SKU013,1,11.23,11.23
IT00000693,PED00000286,SKU007,6,13.41,80.48
IT00000694,PED00000287,SKU002,1,4.12,4.12
IT00000695,PED00000287,SKU013,1,10.42,10.42
IT00000696,PED00000287,SKU013,1,11.36,11.36
IT00000697,PED00000287,SKU003,6,3.63,21.79
IT00000698,PED00000288,SKU005,3,8.34,25.02
IT00000699,PED00000288,SKU006,1,9.68,9.68
IT00000700,PED00000288,SKU009,3,19.2,57.59
IT00000701,PED00000289,SKU011,2,16.0,32.0
IT00000702,PED00000289,SKU005,1,8.53,8.53
IT00000703,PED00000289,SKU007,3,13.21,39.63
IT00000704,PED00000289,SKU003,2,3.82,7.63
IT00000705,PED00000290,SKU005,1,8.73,8.73
IT00000706,PED00000290,SKU012,2,11.91,23.81
IT00000707,PED00000291,SKU010,3,14.83,44.49
IT00000708,PED00000291,SKU004,6,8.29,49.72
IT00000709,PED00000292,SKU013,6,10.98,65.88
IT00000710,PED00000292,SKU003,3,3.81,11.42
IT00000711,PED00000293,SKU002,1,4.17,4.17
IT00000712,PED00000293,SKU003,2,3.78,7.56
IT00000713,PED00000293,SKU006,3,9.8,29.41
IT00000714,PED00000293,SKU009,2,19.69,39.38
IT00000715,PED00000294,SKU008,3,18.2,54.6
IT00000716,PED00000294,SKU012,2,11.93,23.87
IT00000717,PED00000295,SKU002,2,4.11,8.22
IT00000718,PED00000295,SKU009,1,19.64,19.64
IT00000719,PED00000296,SKU005,6,8.26,49.55
IT00000720,PED00000296,SKU014,3,7.13,21.38
IT00000721,PED00000296,SKU009,1,20.64,20.64
IT00000722,PED00000296,SKU007,2,12.65,25.31
IT00000723,PED00000297,SKU008,3,19.22,57.65
IT00000724,PED00000297,SKU003,6,3.73,22.4
IT00000725,PED00000298,SKU012,1,11.41,11.41
IT00000726,PED00000298,SKU003,3,3.83,11.48
IT00000727,PED00000298,SKU013,3,10.69,32.07
IT00000728,PED00000298,SKU011,1,16.6,16.6
IT00000729,PED00000299,SKU002,3,4.21,12.64
IT00000730,PED00000299,SKU001,1,6.31,6.31
IT00000731,PED00000299,SKU014,3,7.79,23.37
IT00000732,PED00000299,SKU008,1,18.96,18.96
IT00000733,PED00000300,SKU005,1,8.91,8.91
IT00000734,PED00000300,SKU009,1,19.19,19.19
IT00000735,PED00000301,SKU005,2,8.35,16.69
IT00000736,PED00000301,SKU007,6,12.59,75.53
IT00000737,PED00000301,SKU014,6,7.16,42.98
IT00000738,PED00000302,SKU007,1,12.29,12.29
IT00000739,PED00000302,SKU011,1,17.14,17.14
IT00000740,PED00000303,SKU002,6,4.2,25.2
IT00000741,PED00000303,SKU013,12,10.76,129.14
IT00000742,PED00000304,SKU010,1,15.6,15.6
IT00000743,PED00000304,SKU001,1,6.77,6.77
IT00000744,PED00000304,SKU005,2,8.79,17.58
IT00000745,PED00000304,SKU007,12,13.34,160.1
IT00000746,PED00000304,SKU004,2,7.91,15.82
IT00000747,PED00000305,SKU005,6,8.25,49.53
IT00000748,PED00000305,SKU009,12,19.54,234.46
IT00000749,PED00000305,SKU011,6,16.72,100.34
IT00000750,PED00000306,SKU015,3,7.0,21.0
IT00000751,PED00000306,SKU001,3,6.18,18.53
IT00000752,PED00000307,SKU009,1,20.56,20.56
IT00000753,PED00000307,SKU011,2,15.88,31.76
IT00000754,PED00000307,SKU014,2,7.58,15.15
IT00000755,PED00000308,SKU005,3,8.68,26.03
IT00000756,PED00000309,SKU010,1,14.45,14.45
IT00000757,PED00000309,SKU014,3,7.21,21.62
IT00000758,PED00000309,SKU005,2,8.49,16.99
IT00000759,PED00000310,SKU014,1,7.52,7.52
IT00000760,PED00000310,SKU013,1,11.28,11.28
IT00000761,PED00000310,SKU001,12,6.63,79.51
IT00000762,PED00000310,SKU009,3,20.26,60.78
IT00000763,PED00000311,SKU008,2,18.93,37.87
IT00000764,PED00000311,SKU001,6,6.32,37.93
IT00000765,PED00000311,SKU005,6,8.53,51.17
IT00000766,PED00000312,SKU002,6,4.07,24.44
IT00000767,PED00000312,SKU006,1,10.02,10.02
IT00000768,PED00000312,SKU002,1,4.17,4.17
IT00000769,PED00000313,SKU009,3,20.78,62.35
IT00000770,PED00000313,SKU013,2,10.83,21.67
IT00000771,PED00000313,SKU002,3,4.23,12.7
IT00000772,PED00000313,SKU002,12,4.38,52.5
IT00000773,PED00000314,SKU011,1,15.76,15.76
IT00000774,PED00000315,SKU013,2,11.03,22.06
IT00000775,PED00000315,SKU002,1,4.38,4.38
IT00000776,PED00000316,SKU004,6,7.6,45.63
IT00000777,PED00000316,SKU009,1,19.74,19.74
IT00000778,PED00000316,SKU012,3,11.53,34.58
IT00000779,PED00000317,SKU009,3,19.2,57.6
IT00000780,PED00000317,SKU005,3,8.32,24.97
IT00000781,PED00000317,SKU001,2,6.6,13.2
IT00000782,PED00000318,SKU006,1,9.88,9.88
IT00000783,PED00000318,SKU012,12,12.02,144.22
IT00000784,PED00000318,SKU006,6,9.97,59.79
IT00000785,PED00000319,SKU008,1,17.96,17.96
IT00000786,PED00000319,SKU004,3,7.87,23.62
IT00000787,PED00000319,SKU004,1,8.09,8.09
IT00000788,PED00000319,SKU014,1,7.68,7.68
IT00000789,PED00000320,SKU008,1,19.06,0.0
IT00000790,PED00000321,SKU014,2,7.26,14.52
IT00000791,PED00000322,SKU015,1,6.87,6.87
IT00000792,PED00000323,SKU015,1,6.69,6.69
IT00000793,PED00000324,SKU005,3,8.35,25.06
IT00000794,PED00000324,SKU001,3,6.36,19.07
IT00000795,PED00000324,SKU003,6,3.98,23.87
IT00000796,PED00000324,SKU015,2,7.06,14.11
IT00000797,PED00000325,SKU009,2,19.55,39.09
IT00000798,PED00000325,SKU006,2,9.88,19.77
IT00000799,PED00000326,SKU014,1,7.29,7.29
IT00000800,PED00000326,SKU007,6,12.99,77.95
IT00000801,PED00000327,SKU008,2,18.59,37.18
IT00000802,PED00000327,SKU008,2,18.73,37.46
IT00000803,PED00000327,SKU013,2,10.65,21.31
IT00000804,PED00000328,SKU013,1,10.6,10.6
IT00000805,PED00000328,SKU002,1,4.01,4.01
IT00000806,PED00000328,SKU004,1,8.04,8.04
IT00000807,PED00000329,SKU015,1,7.09,7.09
IT00000808,PED00000329,SKU005,6,8.74,52.44
IT00000809,PED00000329,SKU007,6,13.32,79.89
IT00000810,PED00000330,SKU008,1,19.06,19.06
IT00000811,PED00000330,SKU009,3,20.34,61.03
IT00000812,PED00000330,SKU008,1,18.12,18.12
IT00000813,PED00000331,SKU014,1,7.83,7.83
IT00000814,PED00000332,SKU009,1,20.07,20.07
IT00000815,PED00000332,SKU010,3,15.53,46.59
IT00000816,PED00000332,SKU003,12,3.99,47.85
IT00000817,PED00000333,SKU006,2,9.85,19.7
IT00000818,PED00000333,SKU015,1,6.67,6.67
IT00000819,PED00000334,SKU004,1,7.92,7.92
IT00000820,PED00000334,SKU008,1,18.94,18.94
IT00000821,PED00000335,SKU014,1,7.78,7.78
IT00000822,PED00000335,SKU005,2,8.68,17.36
IT00000823,PED00000335,SKU008,1,19.04,19.04
IT00000824,PED00000335,SKU005,2,8.5,17.0
IT00000825,PED00000335,SKU011,2,16.01,32.02
IT00000826,PED00000336,SKU008,2,19.35,38.7
IT00000827,PED00000336,SKU005,3,8.86,26.57
IT00000828,PED00000337,SKU008,2,19.2,38.4
IT00000829,PED00000337,SKU012,2,11.77,23.55
IT00000830,PED00000337,SKU001,1,6.74,6.74
IT00000831,PED00000338,SKU013,2,11.44,22.88
IT00000832,PED00000338,SKU002,3,4.2,12.61
IT00000833,PED00000339,SKU011,3,16.91,50.74
IT00000834,PED00000340,SKU011,3,16.47,49.42
IT00000835,PED00000341,SKU010,1,14.59,14.59
IT00000836,PED00000341,SKU009,3,19.24,57.72
IT00000837,PED00000341,SKU011,3,16.79,50.38
IT00000838,PED00000341,SKU003,2,3.68,7.36
IT00000839,PED00000342,SKU011,6,16.32,97.92
IT00000840,PED00000342,SKU005,2,8.58,17.17
IT00000841,PED00000342,SKU001,3,6.67,20.02
IT00000842,PED00000343,SKU011,1,17.26,17.26
IT00000843,PED00000344,SKU004,3,8.24,24.73
IT00000844,PED00000344,SKU007,6,12.41,74.47
IT00000845,PED00000344,SKU004,1,7.76,7.76
IT00000846,PED00000345,SKU006,1,10.28,10.28
IT00000847,PED00000345,SKU007,1,13.03,13.03
IT00000848,PED00000345,SKU002,3,4.32,12.97
IT00000849,PED00000346,SKU012,1,11.51,11.51
IT00000850,PED00000346,SKU013,6,10.7,64.21
IT00000851,PED00000346,SKU014,3,7.18,21.53
IT00000852,PED00000346,SKU001,3,6.56,19.67
IT00000853,PED00000346,SKU007,2,13.21,26.42
IT00000854,PED00000347,SKU013,1,10.44,10.44
IT00000855,PED00000347,SKU003,2,3.72,7.45
IT00000856,PED00000347,SKU003,2,3.85,7.71
IT00000857,PED00000348,SKU009,3,19.73,59.19
IT00000858,PED00000348,SKU014,1,7.14,7.14
IT00000859,PED00000348,SKU014,3,7.38,22.15
IT00000860,PED00000349,SKU006,1,10.03,10.03
IT00000861,PED00000349,SKU002,6,4.02,24.12
IT00000862,PED00000350,SKU004,2,7.84,15.68
IT00000863,PED00000350,SKU008,1,19.32,19.32
IT00000864,PED00000350,SKU004,2,7.98,15.97
IT00000865,PED00000350,SKU005,1,8.46,8.46
IT00000866,PED00000351,SKU010,3,15.29,45.86
IT00000867,PED00000351,SKU014,12,7.49,89.84
IT00000868,PED00000352,SKU005,2,8.39,16.79
IT00000869,PED00000352,SKU010,2,14.65,29.3
IT00000870,PED00000353,SKU015,2,6.83,13.65
IT00000871,PED00000353,SKU012,2,11.89,23.78
IT00000872,PED00000354,SKU005,3,8.71,26.14
IT00000873,PED00000354,SKU006,2,9.89,19.78
IT00000874,PED00000354,SKU012,2,11.37,22.75
IT00000875,PED00000355,SKU011,3,16.11,48.32
IT00000876,PED00000356,SKU011,3,16.31,48.93
IT00000877,PED00000356,SKU012,2,12.38,24.75
IT00000878,PED00000356,SKU009,6,20.65,123.89
IT00000879,PED00000357,SKU013,6,11.15,66.89
IT00000880,PED00000357,SKU002,1,4.23,4.23
IT00000881,PED00000357,SKU013,1,10.51,10.51
IT00000882,PED00000358,SKU007,2,13.1,26.2
IT00000883,PED00000358,SKU012,2,11.51,23.03
IT00000884,PED00000358,SKU003,3,3.69,11.06
IT00000885,PED00000359,SKU015,6,6.86,41.15
IT00000886,PED00000360,SKU010,1,14.88,14.88
IT00000887,PED00000360,SKU013,1,10.42,10.42
IT00000888,PED00000361,SKU013,1,10.88,10.88
IT00000889,PED00000361,SKU013,1,10.82,10.82
IT00000890,PED00000362,SKU014,1,7.2,7.2
IT00000891,PED00000362,SKU008,6,18.71,112.29
IT00000892,PED00000362,SKU014,6,7.23,43.37
IT00000893,PED00000362,SKU010,1,14.95,14.95
IT00000894,PED00000362,SKU012,3,11.6,34.8
IT00000895,PED00000363,SKU014,1,7.6,7.6
IT00000896,PED00000363,SKU014,1,7.73,7.73
IT00000897,PED00000363,SKU006,3,9.64,28.91
IT00000898,PED00000363,SKU008,2,19.11,38.23
IT00000899,PED00000363,SKU002,1,4.38,4.38
IT00000900,PED00000364,SKU015,2,7.15,14.29
IT00000901,PED00000364,SKU009,1,19.9,19.9
IT00000902,PED00000364,SKU002,1,4.27,4.27
IT00000903,PED00000364,SKU009,12,19.83,238.01
IT00000904,PED00000365,SKU002,2,4.29,8.58
IT00000905,PED00000365,SKU003,6,3.73,22.4
IT00000906,PED00000365,SKU007,3,12.54,37.62
IT00000907,PED00000366,SKU008,1,19.26,19.26
IT00000908,PED00000366,SKU014,1,7.56,7.56
IT00000909,PED00000366,SKU015,3,7.0,21.0
IT00000910,PED00000367,SKU014,2,7.3,14.6
IT00000911,PED00000367,SKU005,1,8.15,8.15
IT00000912,PED00000367,SKU002,1,4.24,4.24
IT00000913,PED00000368,SKU009,1,19.68,19.68
IT00000914,PED00000369,SKU014,2,7.23,14.47
IT00000915,PED00000370,SKU012,1,11.69,11.69
IT00000916,PED00000370,SKU009,12,19.15,229.81
IT00000917,PED00000370,SKU014,3,7.48,22.45
IT00000918,PED00000370,SKU014,1,7.34,7.34
IT00000919,PED00000371,SKU012,1,12.33,12.33
IT00000920,PED00000371,SKU003,6,3.89,23.32
IT00000921,PED00000372,SKU006,3,9.79,29.38
IT00000922,PED00000372,SKU009,3,19.47,58.4
IT00000923,PED00000372,SKU015,1,7.15,7.15
IT00000924,PED00000373,SKU012,2,12.37,24.75
IT00000925,PED00000374,SKU003,2,3.98,7.97
IT00000926,PED00000374,SKU011,6,17.2,103.22
IT00000927,PED00000374,SKU002,2,4.19,8.38
IT00000928,PED00000374,SKU001,1,6.51,6.51
IT00000929,PED00000374,SKU006,2,10.37,20.73
IT00000930,PED00000375,SKU012,2,12.13,24.26
IT00000931,PED00000376,SKU002,1,4.04,4.04
IT00000932,PED00000376,SKU011,3,16.52,49.55
IT00000933,PED00000377,SKU011,3,16.17,48.5
IT00000934,PED00000377,SKU003,1,3.63,3.63
IT00000935,PED00000378,SKU009,6,19.98,119.87
IT00000936,PED00000378,SKU014,3,7.22,21.65
IT00000937,PED00000379,SKU002,1,4.23,4.23
IT00000938,PED00000379,SKU011,1,16.6,16.6
IT00000939,PED00000379,SKU014,3,7.19,21.57
IT00000940,PED00000379,SKU002,2,4.14,8.29
IT00000941,PED00000380,SKU008,1,18.88,18.88
IT00000942,PED00000380,SKU006,2,10.38,20.76
IT00000943,PED00000380,SKU006,3,9.91,29.73
IT00000944,PED00000381,SKU010,2,15.04,30.07
IT00000945,PED00000381,SKU005,1,8.6,8.6
IT00000946,PED00000381,SKU002,2,4.1,8.2
IT00000947,PED00000381,SKU011,6,16.34,98.01
IT00000948,PED00000381,SKU002,6,4.27,25.64
IT00000949,PED00000382,SKU010,3,15.38,46.13
IT00000950,PED00000382,SKU010,1,15.38,15.38
IT00000951,PED00000382,SKU006,12,9.83,118.01
IT00000952,PED00000383,SKU002,2,4.13,8.26
IT00000953,PED00000383,SKU005,1,8.75,8.75
IT00000954,PED00000384,SKU005,2,8.76,17.52
IT00000955,PED00000384,SKU002,2,4.28,8.57
IT00000956,PED00000384,SKU014,1,7.33,7.33
IT00000957,PED00000385,SKU010,6,14.75,88.53
IT00000958,PED00000385,SKU010,1,14.17,14.17
IT00000959,PED00000386,SKU006,3,9.65,28.95
IT00000960,PED00000386,SKU010,2,14.84,29.67
IT00000961,PED00000386,SKU008,12,19.46,233.57
IT00000962,PED00000387,SKU011,6,17.24,103.43
IT00000963,PED00000387,SKU007,3,13.35,40.04
IT00000964,PED00000388,SKU009,6,20.51,123.08
IT00000965,PED00000388,SKU001,12,6.45,77.41
IT00000966,PED00000388,SKU009,6,19.18,115.06
IT00000967,PED00000389,SKU001,3,6.63,19.9
IT00000968,PED00000389,SKU012,1,12.49,12.49
IT00000969,PED00000389,SKU011,12,17.03,204.4
IT00000970,PED00000389,SKU015,6,7.03,42.16
IT00000971,PED00000390,SKU001,2,6.42,12.84
IT00000972,PED00000390,SKU006,12,9.74,116.87
IT00000973,PED00000391,SKU010,2,15.53,31.06
IT00000974,PED00000391,SKU015,6,7.0,41.99
IT00000975,PED00000391,SKU014,6,7.83,46.96
IT00000976,PED00000392,SKU012,1,11.73,11.73
IT00000977,PED00000392,SKU002,2,4.07,8.15
IT00000978,PED00000393,SKU005,2,8.83,17.67
IT00000979,PED00000393,SKU009,6,19.12,114.73
IT00000980,PED00000394,SKU004,1,7.61,7.61
IT00000981,PED00000395,SKU008,3,19.31,57.92
IT00000982,PED00000395,SKU006,3,10.18,30.53
IT00000983,PED00000396,SKU001,3,6.33,18.99
IT00000984,PED00000396,SKU011,6,16.38,98.3
IT00000985,PED00000397,SKU009,1,19.46,19.46
IT00000986,PED00000398,SKU012,2,11.52,23.04
IT00000987,PED00000399,SKU003,2,3.84,7.69
IT00000988,PED00000400,SKU009,2,19.01,38.02
IT00000989,PED00000400,SKU002,1,4.11,4.11
IT00000990,PED00000401,SKU008,1,19.1,19.1
IT00000991,PED00000401,SKU007,1,13.48,13.48
IT00000992,PED00000402,SKU006,3,9.99,29.96
IT00000993,PED00000402,SKU010,2,15.12,30.25
IT00000994,PED00000402,SKU004,2,7.57,15.15
IT00000995,PED00000403,SKU002,1,4.22,4.22
IT00000996,PED00000403,SKU006,1,9.87,9.87
IT00000997,PED00000404,SKU014,6,7.55,45.27
IT00000998,PED00000404,SKU006,6,9.85,59.09
IT00000999,PED00000404,SKU012,1,11.82,11.82
IT00001000,PED00000404,SKU008,2,19.72,39.43
IT00001001,PED00000405,SKU004,3,7.82,23.46
IT00001002,PED00000405,SKU011,2,16.52,33.04
IT00001003,PED00000405,SKU002,1,4.31,4.31
IT00001004,PED00000405,SKU007,2,12.76,25.52
IT00001005,PED00000405,SKU010,1,14.43,14.43
IT00001006,PED00000406,SKU014,1,7.66,7.66
IT00001007,PED00000406,SKU009,1,19.35,19.35
IT00001008,PED00000407,SKU004,12,7.67,92.05
IT00001009,PED00000407,SKU002,1,4.14,4.14
IT00001010,PED00000407,SKU010,12,14.64,175.66
IT00001011,PED00000408,SKU006,1,10.36,10.36
IT00001012,PED00000409,SKU010,2,15.37,30.74
IT00001013,PED00000409,SKU004,1,7.67,7.67
IT00001014,PED00000409,SKU011,6,16.92,101.5
IT00001015,PED00000410,SKU014,1,7.55,0.0
IT00001016,PED00000411,SKU003,1,3.7,3.7
IT00001017,PED00000412,SKU001,1,6.18,6.18
IT00001018,PED00000412,SKU014,3,7.16,21.47
IT00001019,PED00000413,SKU012,1,11.47,11.47
IT00001020,PED00000413,SKU013,2,10.84,21.68
IT00001021,PED00000414,SKU001,1,6.37,6.37
IT00001022,PED00000415,SKU015,6,6.82,40.92
IT00001023,PED00000415,SKU015,3,7.18,21.53
IT00001024,PED00000416,SKU002,6,4.24,25.46
IT00001025,PED00000416,SKU003,2,3.74,7.47
IT00001026,PED00000416,SKU003,3,3.67,11.0
IT00001027,PED00000416,SKU011,3,16.71,50.12
IT00001028,PED00000417,SKU001,6,6.81,40.86
IT00001029,PED00000418,SKU007,12,12.61,151.37
IT00001030,PED00000419,SKU013,3,10.51,31.52
IT00001031,PED00000419,SKU011,6,16.31,97.84
IT00001032,PED00000420,SKU013,3,11.17,33.51
IT00001033,PED00000420,SKU012,1,11.74,11.74
IT00001034,PED00000421,SKU014,3,7.23,21.69
IT00001035,PED00000421,SKU008,1,19.57,19.57
IT00001036,PED00000421,SKU015,6,6.72,40.33
IT00001037,PED00000421,SKU014,1,7.69,7.69
IT00001038,PED00000422,SKU010,1,15.4,15.4
IT00001039,PED00000423,SKU013,1,11.17,11.17
IT00001040,PED00000423,SKU012,2,12.43,24.87
IT00001041,PED00000424,SKU003,2,3.61,7.23
IT00001042,PED00000424,SKU014,2,7.84,15.67
IT00001043,PED00000424,SKU008,2,19.52,39.05
IT00001044,PED00000425,SKU012,1,12.04,12.04
IT00001045,PED00000425,SKU004,2,8.15,16.31
IT00001046,PED00000425,SKU009,3,19.06,57.18
IT00001047,PED00000425,SKU012,2,11.68,23.36
IT00001048,PED00000425,SKU011,2,16.3,32.61
IT00001049,PED00000426,SKU001,1,6.28,6.28
IT00001050,PED00000426,SKU002,1,4.24,4.24
IT00001051,PED00000426,SKU013,6,10.56,63.36
IT00001052,PED00000426,SKU004,3,7.53,22.59
IT00001053,PED00000427,SKU005,12,8.5,102.0
IT00001054,PED00000427,SKU006,3,10.12,30.37
IT00001055,PED00000428,SKU010,3,14.87,44.6
IT00001056,PED00000429,SKU015,1,7.03,7.03
IT00001057,PED00000429,SKU003,3,3.67,11.01
IT00001058,PED00000429,SKU009,2,20.36,40.71
IT00001059,PED00000430,SKU012,3,11.77,35.3
IT00001060,PED00000431,SKU001,1,6.74,6.74
IT00001061,PED00000432,SKU002,1,4.29,4.29
IT00001062,PED00000432,SKU008,1,18.85,18.85
IT00001063,PED00000433,SKU007,6,13.44,80.63
IT00001064,PED00000433,SKU003,2,3.8,7.61
IT00001065,PED00000434,SKU011,1,16.98,16.98
IT00001066,PED00000435,SKU014,2,7.2,14.39
IT00001067,PED00000435,SKU008,2,18.97,37.93
IT00001068,PED00000436,SKU006,12,9.89,118.64
IT00001069,PED00000437,SKU001,12,6.68,80.14
IT00001070,PED00000437,SKU001,6,6.41,38.46
IT00001071,PED00000438,SKU002,1,4.11,4.11
IT00001072,PED00000438,SKU002,1,4.29,4.29
IT00001073,PED00000438,SKU014,2,7.29,14.57
IT00001074,PED00000439,SKU007,2,12.95,25.89
IT00001075,PED00000439,SKU013,1,11.11,11.11
IT00001076,PED00000440,SKU006,3,10.22,30.66
IT00001077,PED00000440,SKU012,3,12.18,36.55
IT00001078,PED00000440,SKU006,1,10.29,10.29
IT00001079,PED00000441,SKU014,6,7.6,45.6
IT00001080,PED00000441,SKU011,12,15.84,190.03
IT00001081,PED00000441,SKU004,3,7.65,22.96
IT00001082,PED00000441,SKU012,2,11.5,23.01
IT00001083,PED00000441,SKU007,1,12.53,12.53
IT00001084,PED00000442,SKU002,3,4.26,12.79
IT00001085,PED00000442,SKU008,2,18.62,37.24
IT00001086,PED00000442,SKU014,2,7.52,15.03
IT00001087,PED00000442,SKU013,1,11.36,11.36
IT00001088,PED00000443,SKU011,1,16.7,16.7
IT00001089,PED00000443,SKU015,6,6.62,39.74
IT00001090,PED00000443,SKU002,6,4.03,24.2
IT00001091,PED00000444,SKU009,2,18.97,37.94
IT00001092,PED00000444,SKU005,6,8.26,49.53
IT00001093,PED00000444,SKU013,2,10.77,21.54
IT00001094,PED00000445,SKU007,1,12.74,12.74
IT00001095,PED00000445,SKU004,2,7.72,15.43
IT00001096,PED00000445,SKU011,1,17.06,17.06
IT00001097,PED00000446,SKU014,2,7.68,15.36
IT00001098,PED00000446,SKU006,1,10.35,10.35
IT00001099,PED00000447,SKU007,1,13.08,13.08
IT00001100,PED00000447,SKU012,1,12.38,12.38
IT00001101,PED00000447,SKU009,1,19.36,19.36
IT00001102,PED00000447,SKU012,6,11.91,71.43
IT00001103,PED00000448,SKU001,3,6.56,19.68
IT00001104,PED00000449,SKU011,3,15.98,47.95
IT00001105,PED00000449,SKU011,6,16.16,96.99
IT00001106,PED00000450,SKU001,3,6.55,19.65
IT00001107,PED00000451,SKU014,2,7.75,15.51
IT00001108,PED00000452,SKU006,3,9.85,29.55
IT00001109,PED00000452,SKU003,1,3.61,3.61
IT00001110,PED00000453,SKU009,3,20.75,62.25
IT00001111,PED00000454,SKU006,1,9.49,9.49
IT00001112,PED00000454,SKU012,6,11.62,69.74
IT00001113,PED00000455,SKU007,6,12.58,75.47
IT00001114,PED00000455,SKU004,3,8.21,24.62
IT00001115,PED00000456,SKU012,1,11.68,11.68
IT00001116,PED00000456,SKU002,3,4.17,12.51
IT00001117,PED00000457,SKU014,6,7.84,47.03
IT00001118,PED00000457,SKU009,2,18.96,37.93
IT00001119,PED00000458,SKU006,1,9.72,9.72
IT00001120,PED00000459,SKU004,1,7.72,7.72
IT00001121,PED00000459,SKU010,6,15.36,92.15
IT00001122,PED00000460,SKU008,2,19.83,39.65
IT00001123,PED00000461,SKU014,2,7.13,14.26
IT00001124,PED00000461,SKU008,1,19.55,19.55
IT00001125,PED00000461,SKU007,1,12.94,12.94
IT00001126,PED00000462,SKU013,1,10.44,10.44
IT00001127,PED00000462,SKU013,1,11.02,11.02
IT00001128,PED00000463,SKU004,1,7.51,7.51
IT00001129,PED00000464,SKU015,6,7.12,42.71
IT00001130,PED00000465,SKU010,3,14.72,44.16
IT00001131,PED00000465,SKU012,1,11.47,11.47
IT00001132,PED00000466,SKU009,2,20.05,40.11
IT00001133,PED00000466,SKU011,2,16.14,32.28
IT00001134,PED00000466,SKU013,3,10.6,31.8
IT00001135,PED00000467,SKU002,12,4.02,48.18
IT00001136,PED00000467,SKU001,3,6.48,19.44
IT00001137,PED00000467,SKU007,1,12.39,12.39
IT00001138,PED00000468,SKU009,1,19.16,19.16
IT00001139,PED00000469,SKU014,2,7.2,14.4
IT00001140,PED00000469,SKU008,6,19.36,116.18
IT00001141,PED00000469,SKU004,1,7.87,7.87
IT00001142,PED00000470,SKU003,2,3.77,7.55
IT00001143,PED00000470,SKU006,1,9.67,9.67
IT00001144,PED00000471,SKU008,2,18.16,36.32
IT00001145,PED00000471,SKU001,3,6.8,20.39
IT00001146,PED00000472,SKU012,2,11.77,23.55
IT00001147,PED00000472,SKU004,3,8.2,24.6
IT00001148,PED00000472,SKU005,2,8.22,16.44
IT00001149,PED00000473,SKU012,1,12.38,12.38
IT00001150,PED00000473,SKU004,1,8.04,8.04
IT00001151,PED00000473,SKU003,1,3.95,3.95
IT00001152,PED00000474,SKU002,1,4.31,4.31
IT00001153,PED00000474,SKU001,2,6.81,13.61
IT00001154,PED00000475,SKU004,2,7.64,15.27
IT00001155,PED00000475,SKU003,3,3.65,10.94
IT00001156,PED00000476,SKU006,1,9.74,9.74
IT00001157,PED00000477,SKU007,6,13.11,78.63
IT00001158,PED00000478,SKU002,12,4.36,52.3
IT00001159,PED00000478,SKU011,2,17.18,34.36
IT00001160,PED00000479,SKU005,1,8.11,8.11
IT00001161,PED00000479,SKU009,3,20.57,61.7
IT00001162,PED00000479,SKU002,2,4.18,8.36
IT00001163,PED00000480,SKU010,2,14.4,28.79
IT00001164,PED00000480,SKU008,1,19.47,19.47
IT00001165,PED00000480,SKU001,2,6.32,12.63
IT00001166,PED00000480,SKU014,2,7.16,14.33
IT00001167,PED00000480,SKU005,1,8.37,8.37
IT00001168,PED00000481,SKU003,12,3.88,46.57
IT00001169,PED00000481,SKU003,12,3.68,44.22
IT00001170,PED00000481,SKU010,6,14.59,87.53
IT00001171,PED00000482,SKU003,2,3.87,7.74
IT00001172,PED00000482,SKU006,6,9.54,57.26
IT00001173,PED00000482,SKU013,1,10.5,10.5
IT00001174,PED00000483,SKU007,3,13.33,39.99
IT00001175,PED00000483,SKU002,1,4.18,4.18
IT00001176,PED00000484,SKU001,12,6.45,77.38
IT00001177,PED00000484,SKU013,1,11.34,11.34
IT00001178,PED00000484,SKU013,1,10.91,10.91
IT00001179,PED00000484,SKU003,3,3.95,11.86
IT00001180,PED00000485,SKU008,6,18.12,108.69
IT00001181,PED00000485,SKU005,6,8.63,51.76
IT00001182,PED00000485,SKU006,2,10.22,20.44
IT00001183,PED00000485,SKU010,2,14.65,29.3
IT00001184,PED00000486,SKU008,1,19.65,19.65
IT00001185,PED00000486,SKU011,6,16.17,97.03
IT00001186,PED00000486,SKU005,3,8.87,26.61
IT00001187,PED00000487,SKU004,1,7.52,7.52
IT00001188,PED00000488,SKU005,6,8.65,51.92
IT00001189,PED00000488,SKU014,3,7.22,21.65
IT00001190,PED00000488,SKU003,3,3.68,11.04
IT00001191,PED00000488,SKU014,3,7.31,21.92
IT00001192,PED00000489,SKU011,1,16.31,16.31
IT00001193,PED00000489,SKU013,1,10.81,10.81
IT00001194,PED00000490,SKU011,3,15.75,47.24
IT00001195,PED00000490,SKU015,2,6.65,13.3
IT00001196,PED00000490,SKU015,3,6.75,20.24
IT00001197,PED00000491,SKU003,2,3.88,7.77
IT00001198,PED00000492,SKU008,2,18.85,37.69
IT00001199,PED00000492,SKU011,1,16.84,16.84
IT00001200,PED00000492,SKU009,3,19.95,59.85
IT00001201,PED00000492,SKU003,3,3.83,11.5
IT00001202,PED00000493,SKU002,2,4.28,8.55
IT00001203,PED00000494,SKU002,1,4.1,4.1
IT00001204,PED00000494,SKU001,6,6.22,37.33
IT00001205,PED00000495,SKU011,2,16.0,32.01
IT00001206,PED00000496,SKU002,2,4.25,8.51
IT00001207,PED00000496,SKU011,1,15.73,15.73
IT00001208,PED00000496,SKU003,6,3.75,22.48
IT00001209,PED00000497,SKU014,1,7.75,7.75
IT00001210,PED00000497,SKU009,2,20.14,40.27
IT00001211,PED00000498,SKU009,1,19.14,19.14
IT00001212,PED00000499,SKU014,1,7.34,7.34
IT00001213,PED00000500,SKU008,6,19.82,118.9
IT00001214,PED00000501,SKU006,6,10.06,60.37
IT00001215,PED00000501,SKU015,1,6.9,6.9
IT00001216,PED00000501,SKU013,6,11.34,68.04
IT00001217,PED00000501,SKU012,6,12.27,73.6
IT00001218,PED00000502,SKU008,2,19.18,38.37
IT00001219,PED00000503,SKU014,2,7.64,15.28
IT00001220,PED00000503,SKU001,2,6.21,12.42
IT00001221,PED00000504,SKU006,2,9.74,19.49
IT00001222,PED00000504,SKU015,1,6.72,6.72
IT00001223,PED00000504,SKU010,1,14.77,14.77
IT00001224,PED00000504,SKU013,6,11.22,67.32
IT00001225,PED00000504,SKU010,1,15.35,15.35
IT00001226,PED00000505,SKU011,6,17.32,103.93
IT00001227,PED00000505,SKU003,3,3.79,11.38
IT00001228,PED00000506,SKU004,2,7.74,15.49
IT00001229,PED00000506,SKU006,3,9.69,29.08
IT00001230,PED00000506,SKU011,1,17.15,17.15
IT00001231,PED00000506,SKU006,3,9.9,29.71
IT00001232,PED00000507,SKU005,3,8.25,24.76
IT00001233,PED00000507,SKU006,3,10.19,30.56
IT00001234,PED00000508,SKU007,1,13.5,13.5
IT00001235,PED00000508,SKU001,1,6.57,6.57
IT00001236,PED00000509,SKU005,1,8.72,8.72
IT00001237,PED00000510,SKU012,6,11.82,70.93
IT00001238,PED00000511,SKU009,2,20.04,40.09
IT00001239,PED00000511,SKU010,3,14.54,43.63
IT00001240,PED00000512,SKU005,1,8.29,8.29
IT00001241,PED00000512,SKU009,1,20.04,20.04
IT00001242,PED00000512,SKU001,3,6.41,19.23
IT00001243,PED00000513,SKU008,2,18.79,37.57
IT00001244,PED00000513,SKU008,1,18.63,18.63
IT00001245,PED00000513,SKU011,6,16.03,96.21
IT00001246,PED00000513,SKU001,2,6.23,12.45
IT00001247,PED00000514,SKU003,1,3.68,3.68
IT00001248,PED00000514,SKU014,3,7.16,21.49
IT00001249,PED00000514,SKU002,3,4.07,12.2
IT00001250,PED00000514,SKU009,6,20.06,120.35
IT00001251,PED00000515,SKU012,1,11.58,11.58
IT00001252,PED00000515,SKU002,1,4.18,4.18
IT00001253,PED00000516,SKU001,1,6.69,6.69
IT00001254,PED00000516,SKU006,12,10.29,123.52
IT00001255,PED00000517,SKU010,1,14.62,14.62
IT00001256,PED00000518,SKU011,3,16.3,48.91
IT00001257,PED00000518,SKU011,1,15.8,15.8
IT00001258,PED00000518,SKU015,12,6.95,83.34
IT00001259,PED00000519,SKU008,3,18.94,56.82
IT00001260,PED00000520,SKU008,1,19.79,19.79
IT00001261,PED00000520,SKU012,1,12.18,12.18
IT00001262,PED00000521,SKU004,2,8.16,16.32
IT00001263,PED00000521,SKU003,6,3.7,22.22
IT00001264,PED00000521,SKU015,2,6.96,13.92
IT00001265,PED00000522,SKU008,3,19.42,58.25
IT00001266,PED00000523,SKU003,6,3.93,23.56
IT00001267,PED00000523,SKU001,3,6.82,20.46
IT00001268,PED00000523,SKU003,2,3.81,7.62
IT00001269,PED00000524,SKU006,6,10.29,61.77
IT00001270,PED00000524,SKU010,3,14.32,42.95
IT00001271,PED00000525,SKU013,2,10.5,21.0
IT00001272,PED00000525,SKU003,3,3.83,11.5
IT00001273,PED00000526,SKU003,2,3.83,7.67
IT00001274,PED00000526,SKU013,1,10.68,10.68
IT00001275,PED00000527,SKU013,1,10.51,10.51
IT00001276,PED00000527,SKU014,6,7.79,46.72
IT00001277,PED00000528,SKU004,6,7.73,46.4
IT00001278,PED00000528,SKU015,1,6.97,6.97
IT00001279,PED00000529,SKU015,1,7.17,7.17
IT00001280,PED00000530,SKU014,2,7.81,15.63
IT00001281,PED00000530,SKU012,3,12.31,36.93
IT00001282,PED00000531,SKU002,3,4.08,12.25
IT00001283,PED00000531,SKU002,1,4.2,4.2
IT00001284,PED00000532,SKU012,3,11.68,35.05
IT00001285,PED00000533,SKU004,3,7.71,23.14
IT00001286,PED00000533,SKU003,2,3.68,7.36
IT00001287,PED00000534,SKU008,2,18.35,36.7
IT00001288,PED00000534,SKU003,1,3.87,3.87
IT00001289,PED00000535,SKU005,3,8.49,25.48
IT00001290,PED00000535,SKU011,2,16.26,32.53
IT00001291,PED00000536,SKU006,3,9.75,29.25
IT00001292,PED00000537,SKU009,1,20.6,20.6
IT00001293,PED00000537,SKU007,1,13.25,13.25
IT00001294,PED00000538,SKU006,3,9.45,28.35
IT00001295,PED00000538,SKU008,2,19.04,38.07
IT00001296,PED00000538,SKU003,2,3.91,7.81
IT00001297,PED00000539,SKU012,1,11.72,11.72
IT00001298,PED00000540,SKU012,1,12.26,12.26
IT00001299,PED00000540,SKU015,2,6.84,13.68
IT00001300,PED00000541,SKU001,1,6.37,6.37
IT00001301,PED00000541,SKU004,3,8.05,24.15
IT00001302,PED00000541,SKU001,1,6.26,6.26
IT00001303,PED00000542,SKU007,1,13.21,13.21
IT00001304,PED00000542,SKU009,3,19.21,57.62
IT00001305,PED00000542,SKU012,2,11.77,23.54
IT00001306,PED00000543,SKU011,2,16.3,32.59
IT00001307,PED00000544,SKU008,3,19.75,59.26
IT00001308,PED00000545,SKU002,3,4.13,12.39
IT00001309,PED00000545,SKU013,3,10.45,31.34
IT00001310,PED00000546,SKU012,6,12.21,73.26
IT00001311,PED00000546,SKU001,3,6.34,19.02
IT00001312,PED00000547,SKU004,3,8.13,24.4
IT00001313,PED00000547,SKU009,2,20.81,41.63
IT00001314,PED00000548,SKU007,1,12.27,12.27
IT00001315,PED00000548,SKU009,3,19.24,57.71
IT00001316,PED00000548,SKU008,6,18.17,109.02
IT00001317,PED00000549,SKU002,2,4.11,8.23
IT00001318,PED00000550,SKU004,6,8.26,49.54
IT00001319,PED00000550,SKU006,2,9.65,19.31
IT00001320,PED00000551,SKU003,2,3.99,7.97
IT00001321,PED00000551,SKU001,1,6.3,6.3
IT00001322,PED00000552,SKU015,1,6.99,6.99
IT00001323,PED00000552,SKU015,1,6.75,6.75
IT00001324,PED00000552,SKU015,6,6.96,41.75
IT00001325,PED00000553,SKU012,1,11.52,11.52
IT00001326,PED00000554,SKU012,6,12.1,72.6
IT00001327,PED00000554,SKU008,1,17.96,17.96
IT00001328,PED00000554,SKU004,12,7.58,90.93
IT00001329,PED00000554,SKU013,3,10.51,31.53
IT00001330,PED00000554,SKU008,6,18.57,111.4
IT00001331,PED00000555,SKU009,2,20.45,40.89
IT00001332,PED00000556,SKU011,6,16.85,101.09
IT00001333,PED00000556,SKU014,2,7.46,14.91
IT00001334,PED00000556,SKU012,3,12.12,36.36
IT00001335,PED00000556,SKU009,6,20.2,121.22
IT00001336,PED00000556,SKU003,1,3.75,3.75
IT00001337,PED00000557,SKU003,6,3.99,23.93
IT00001338,PED00000557,SKU004,2,7.92,15.84
IT00001339,PED00000558,SKU005,1,8.31,8.31
IT00001340,PED00000559,SKU008,12,19.15,229.8
IT00001341,PED00000559,SKU008,1,19.37,19.37
IT00001342,PED00000559,SKU011,3,17.01,51.02
IT00001343,PED00000560,SKU014,1,7.46,7.46
IT00001344,PED00000560,SKU012,1,11.42,11.42
IT00001345,PED00000561,SKU010,3,14.7,44.1
IT00001346,PED00000562,SKU003,2,3.71,7.43
IT00001347,PED00000562,SKU004,3,7.83,23.48
IT00001348,PED00000563,SKU008,1,19.69,19.69
IT00001349,PED00000563,SKU003,3,3.68,11.04
IT00001350,PED00000563,SKU010,3,14.18,42.55
IT00001351,PED00000564,SKU015,6,7.07,42.42
IT00001352,PED00000564,SKU012,1,11.37,11.37
IT00001353,PED00000564,SKU012,1,11.64,11.64
IT00001354,PED00000565,SKU008,2,18.64,37.28
IT00001355,PED00000565,SKU013,3,10.85,32.54
IT00001356,PED00000566,SKU011,3,16.02,48.05
IT00001357,PED00000566,SKU012,12,11.96,143.54
IT00001358,PED00000566,SKU012,3,11.41,34.24
IT00001359,PED00000567,SKU010,1,15.0,15.0
IT00001360,PED00000568,SKU006,3,9.5,28.51
IT00001361,PED00000568,SKU015,2,6.67,13.33
IT00001362,PED00000569,SKU005,3,8.59,25.76
IT00001363,PED00000569,SKU008,3,18.52,55.57
IT00001364,PED00000569,SKU015,6,7.08,42.49
IT00001365,PED00000569,SKU015,6,6.63,39.78
IT00001366,PED00000570,SKU012,6,11.54,69.25
IT00001367,PED00000570,SKU010,3,14.35,43.05
IT00001368,PED00000570,SKU006,3,9.46,28.37
IT00001369,PED00000570,SKU002,1,4.31,4.31
IT00001370,PED00000571,SKU005,1,8.23,8.23
IT00001371,PED00000571,SKU014,1,7.19,7.19
IT00001372,PED00000571,SKU004,1,7.94,7.94
IT00001373,PED00000571,SKU013,2,10.88,21.75
IT00001374,PED00000572,SKU013,6,10.78,64.66
IT00001375,PED00000572,SKU006,3,9.54,28.61
IT00001376,PED00000572,SKU013,1,10.66,10.66
IT00001377,PED00000573,SKU015,3,7.08,21.25
IT00001378,PED00000574,SKU008,1,18.35,18.35
IT00001379,PED00000574,SKU007,1,12.75,12.75
IT00001380,PED00000575,SKU009,6,19.83,118.98
IT00001381,PED00000575,SKU002,1,4.3,4.3
IT00001382,PED00000576,SKU008,3,19.22,57.67
IT00001383,PED00000576,SKU007,3,12.65,37.94
IT00001384,PED00000577,SKU006,1,9.58,9.58
IT00001385,PED00000577,SKU007,2,12.75,25.5
IT00001386,PED00000578,SKU008,1,18.18,18.18
IT00001387,PED00000578,SKU008,2,18.05,36.1
IT00001388,PED00000579,SKU006,2,9.85,19.69
IT00001389,PED00000580,SKU002,1,4.05,4.05
IT00001390,PED00000581,SKU014,2,7.47,14.94
IT00001391,PED00000581,SKU002,1,4.01,4.01
IT00001392,PED00000581,SKU010,12,15.11,181.26
IT00001393,PED00000581,SKU015,1,6.91,6.91
IT00001394,PED00000582,SKU012,1,12.08,12.08
IT00001395,PED00000583,SKU012,3,11.75,35.25
IT00001396,PED00000583,SKU008,1,19.72,19.72
IT00001397,PED00000583,SKU005,3,8.74,0.0
IT00001398,PED00000584,SKU013,2,10.5,20.99
IT00001399,PED00000584,SKU005,2,8.75,17.49
IT00001400,PED00000585,SKU014,2,7.44,14.88
IT00001401,PED00000585,SKU010,1,14.73,14.73
IT00001402,PED00000585,SKU015,2,6.79,13.58
IT00001403,PED00000586,SKU011,6,17.27,103.63
IT00001404,PED00000586,SKU011,2,17.3,34.6
IT00001405,PED00000587,SKU010,2,15.09,30.17
IT00001406,PED00000588,SKU009,1,20.11,20.11
IT00001407,PED00000588,SKU014,1,7.42,7.42
IT00001408,PED00000589,SKU006,3,9.82,29.46
IT00001409,PED00000589,SKU010,1,15.3,15.3
IT00001410,PED00000589,SKU011,1,17.13,17.13
IT00001411,PED00000590,SKU014,6,7.24,43.46
IT00001412,PED00000590,SKU014,1,7.34,7.34
IT00001413,PED00000591,SKU004,3,7.99,23.98
IT00001414,PED00000591,SKU003,3,3.8,11.4
IT00001415,PED00000592,SKU006,1,10.0,10.0
IT00001416,PED00000592,SKU013,3,10.96,32.87
IT00001417,PED00000592,SKU014,1,7.81,7.81
IT00001418,PED00000593,SKU004,2,7.87,15.74
IT00001419,PED00000593,SKU011,3,17.31,51.92
IT00001420,PED00000593,SKU013,1,10.86,10.86
IT00001421,PED00000593,SKU011,1,16.67,16.67
IT00001422,PED00000594,SKU008,6,18.09,108.53
IT00001423,PED00000594,SKU007,12,13.39,160.73
IT00001424,PED00000595,SKU007,6,13.19,79.14
IT00001425,PED00000595,SKU001,2,6.64,13.28
IT00001426,PED00000596,SKU002,3,4.14,12.43
IT00001427,PED00000596,SKU011,1,17.18,17.18
IT00001428,PED00000596,SKU013,2,10.64,21.29
IT00001429,PED00000597,SKU013,2,10.64,21.27
IT00001430,PED00000597,SKU005,2,8.72,17.44
IT00001431,PED00000598,SKU011,1,16.85,16.85
IT00001432,PED00000599,SKU011,1,17.08,17.08
IT00001433,PED00000599,SKU010,1,15.03,15.03
IT00001434,PED00000600,SKU010,6,14.62,87.74
IT00001435,PED00000600,SKU006,2,10.32,20.64
IT00001436,PED00000600,SKU011,1,16.54,16.54
IT00001437,PED00000601,SKU012,3,12.08,36.24
IT00001438,PED00000601,SKU006,2,9.97,19.94
IT00001439,PED00000601,SKU011,6,17.06,102.37
IT00001440,PED00000602,SKU002,1,4.39,4.39
IT00001441,PED00000602,SKU014,3,7.78,23.34
IT00001442,PED00000603,SKU014,1,7.64,7.64
IT00001443,PED00000603,SKU008,1,19.81,19.81
IT00001444,PED00000603,SKU005,2,8.15,16.31
IT00001445,PED00000603,SKU004,3,8.23,24.69
IT00001446,PED00000604,SKU009,6,19.01,114.04
IT00001447,PED00000604,SKU013,3,10.57,31.71
IT00001448,PED00000605,SKU007,6,12.4,74.39
IT00001449,PED00000606,SKU006,2,9.91,19.83
IT00001450,PED00000606,SKU011,1,17.11,17.11
IT00001451,PED00000606,SKU004,1,8.04,8.04
IT00001452,PED00000607,SKU002,3,4.27,12.82
IT00001453,PED00000608,SKU009,1,20.43,20.43
IT00001454,PED00000608,SKU008,1,18.52,18.52
IT00001455,PED00000609,SKU011,1,17.25,17.25
IT00001456,PED00000610,SKU014,1,7.23,7.23
IT00001457,PED00000610,SKU006,3,10.23,30.68
IT00001458,PED00000610,SKU006,2,9.83,19.65
IT00001459,PED00000610,SKU007,3,12.26,36.79
IT00001460,PED00000611,SKU004,3,7.71,23.12
IT00001461,PED00000611,SKU014,2,7.37,14.73
IT00001462,PED00000611,SKU013,2,10.96,21.93
IT00001463,PED00000612,SKU012,2,12.44,24.88
IT00001464,PED00000612,SKU001,3,6.43,19.29
IT00001465,PED00000612,SKU015,3,6.73,20.18
IT00001466,PED00000613,SKU002,2,4.36,8.72
IT00001467,PED00000613,SKU002,1,4.32,4.32
IT00001468,PED00000613,SKU007,6,13.38,80.29
IT00001469,PED00000613,SKU010,1,14.45,14.45
IT00001470,PED00000614,SKU003,3,3.64,10.91
IT00001471,PED00000614,SKU013,3,11.16,33.48
IT00001472,PED00000614,SKU014,2,7.7,15.41
IT00001473,PED00000615,SKU005,3,8.87,26.6
IT00001474,PED00000615,SKU003,1,3.77,3.77
IT00001475,PED00000615,SKU007,6,13.28,79.71
IT00001476,PED00000616,SKU006,3,9.89,29.68
IT00001477,PED00000616,SKU010,1,14.25,14.25
IT00001478,PED00000616,SKU002,2,4.4,0.0
IT00001479,PED00000616,SKU013,1,10.53,10.53
IT00001480,PED00000617,SKU005,2,8.83,17.66
IT00001481,PED00000617,SKU012,1,11.7,11.7
IT00001482,PED00000618,SKU005,1,8.78,8.78
IT00001483,PED00000618,SKU001,1,6.38,6.38
IT00001484,PED00000619,SKU006,6,10.11,60.68
IT00001485,PED00000619,SKU010,1,15.31,15.31
IT00001486,PED00000619,SKU004,1,7.58,7.58
IT00001487,PED00000620,SKU004,1,7.84,7.84
IT00001488,PED00000620,SKU005,1,8.86,8.86
IT00001489,PED00000620,SKU013,2,10.5,21.01
IT00001490,PED00000621,SKU007,1,12.82,12.82
IT00001491,PED00000621,SKU004,1,7.81,7.81
IT00001492,PED00000621,SKU014,1,7.85,7.85
IT00001493,PED00000622,SKU006,2,9.61,19.23
IT00001494,PED00000622,SKU002,3,4.14,12.42
IT00001495,PED00000622,SKU005,2,8.88,17.76
IT00001496,PED00000623,SKU014,3,7.3,21.89
IT00001497,PED00000623,SKU012,1,12.07,12.07
IT00001498,PED00000624,SKU001,1,6.28,6.28
IT00001499,PED00000625,SKU007,1,13.46,13.46
IT00001500,PED00000625,SKU003,3,3.92,11.75
IT00001501,PED00000625,SKU003,2,3.96,7.92
IT00001502,PED00000625,SKU013,1,10.9,10.9
IT00001503,PED00000626,SKU001,3,6.27,18.81
IT00001504,PED00000626,SKU007,1,12.74,12.74
IT00001505,PED00000626,SKU010,3,14.41,43.22
IT00001506,PED00000626,SKU002,1,4.37,4.37
IT00001507,PED00000627,SKU013,3,10.69,32.08
IT00001508,PED00000627,SKU008,6,18.44,110.64
IT00001509,PED00000627,SKU006,3,9.77,29.3
IT00001510,PED00000627,SKU010,3,14.3,42.9
IT00001511,PED00000628,SKU012,2,12.36,24.72
IT00001512,PED00000628,SKU002,1,4.1,4.1
IT00001513,PED00000628,SKU012,3,11.7,35.09
IT00001514,PED00000629,SKU003,2,3.97,7.93
IT00001515,PED00000629,SKU001,3,6.69,20.08
IT00001516,PED00000630,SKU001,2,6.49,12.98
IT00001517,PED00000630,SKU006,1,10.27,10.27
IT00001518,PED00000631,SKU013,2,10.72,21.45
IT00001519,PED00000631,SKU015,1,6.79,6.79
IT00001520,PED00000632,SKU011,1,16.57,16.57
IT00001521,PED00000632,SKU002,1,4.18,4.18
IT00001522,PED00000633,SKU014,12,7.26,87.14
IT00001523,PED00000633,SKU014,6,7.87,47.24
IT00001524,PED00000633,SKU004,1,8.04,8.04
IT00001525,PED00000633,SKU013,1,11.15,11.15
IT00001526,PED00000634,SKU009,1,19.22,19.22
IT00001527,PED00000634,SKU011,1,16.72,16.72
IT00001528,PED00000634,SKU010,1,15.54,15.54
IT00001529,PED00000635,SKU007,6,12.86,77.15
IT00001530,PED00000635,SKU003,3,3.72,11.17
IT00001531,PED00000635,SKU002,1,4.22,4.22
IT00001532,PED00000635,SKU005,1,8.7,8.7
IT00001533,PED00000636,SKU004,2,7.63,15.26
IT00001534,PED00000636,SKU007,2,12.5,25.01
IT00001535,PED00000636,SKU014,2,7.29,14.59
IT00001536,PED00000636,SKU005,1,8.42,8.42
IT00001537,PED00000637,SKU002,2,4.21,8.42
IT00001538,PED00000638,SKU013,6,10.73,64.36
IT00001539,PED00000639,SKU014,3,7.69,23.08
IT00001540,PED00000639,SKU004,2,7.57,15.15
IT00001541,PED00000639,SKU012,3,12.02,36.05
IT00001542,PED00000640,SKU012,1,11.6,11.6
IT00001543,PED00000640,SKU009,1,20.23,20.23
IT00001544,PED00000640,SKU005,12,8.15,97.75
IT00001545,PED00000640,SKU002,3,4.19,12.58
IT00001546,PED00000641,SKU009,6,20.23,121.4
IT00001547,PED00000641,SKU001,3,6.56,19.68
IT00001548,PED00000642,SKU014,2,7.68,15.37
IT00001549,PED00000642,SKU006,3,9.84,29.52
IT00001550,PED00000642,SKU008,2,18.94,37.89
IT00001551,PED00000643,SKU002,1,4.16,4.16
IT00001552,PED00000643,SKU001,3,6.73,20.18
IT00001553,PED00000643,SKU005,2,8.66,17.31
IT00001554,PED00000643,SKU006,12,9.65,115.81
IT00001555,PED00000644,SKU012,2,11.72,23.44
IT00001556,PED00000644,SKU014,1,7.5,7.5
IT00001557,PED00000644,SKU002,1,4.25,4.25
IT00001558,PED00000645,SKU003,3,3.69,11.06
IT00001559,PED00000645,SKU014,3,7.39,22.16
IT00001560,PED00000646,SKU011,2,16.92,33.85
IT00001561,PED00000646,SKU009,1,20.14,20.14
IT00001562,PED00000647,SKU015,2,7.14,14.28
IT00001563,PED00000647,SKU012,6,12.36,74.17
IT00001564,PED00000648,SKU005,1,8.27,8.27
IT00001565,PED00000648,SKU012,12,11.6,139.16
IT00001566,PED00000648,SKU004,2,8.15,16.29
IT00001567,PED00000649,SKU010,1,14.43,14.43
IT00001568,PED00000649,SKU009,2,20.15,40.31
IT00001569,PED00000649,SKU015,6,6.82,40.93
IT00001570,PED00000650,SKU006,1,10.09,10.09
IT00001571,PED00000650,SKU006,6,10.38,62.29
IT00001572,PED00000651,SKU009,1,20.51,20.51
IT00001573,PED00000651,SKU010,1,14.67,14.67
IT00001574,PED00000651,SKU012,3,11.96,35.89
IT00001575,PED00000652,SKU003,1,3.78,3.78
IT00001576,PED00000652,SKU011,1,16.25,16.25
IT00001577,PED00000652,SKU014,3,7.17,21.52
IT00001578,PED00000652,SKU006,1,10.12,10.12
IT00001579,PED00000652,SKU010,1,15.49,15.49
IT00001580,PED00000653,SKU006,1,10.2,10.2
IT00001581,PED00000653,SKU009,6,19.19,115.15
IT00001582,PED00000653,SKU009,12,20.07,240.87
IT00001583,PED00000654,SKU003,3,3.7,11.11
IT00001584,PED00000654,SKU010,3,15.63,46.89
IT00001585,PED00000655,SKU011,2,16.35,32.69
IT00001586,PED00000655,SKU012,2,12.31,24.63
IT00001587,PED00000655,SKU003,1,3.74,3.74
IT00001588,PED00000656,SKU011,3,16.24,48.71
IT00001589,PED00000656,SKU013,1,10.64,10.64
IT00001590,PED00000657,SKU001,1,6.37,6.37
IT00001591,PED00000657,SKU013,6,10.97,65.81
IT00001592,PED00000658,SKU010,2,14.42,28.84
IT00001593,PED00000658,SKU008,3,19.62,58.85
IT00001594,PED00000658,SKU003,2,3.92,7.84
IT00001595,PED00000658,SKU008,1,18.03,18.03
IT00001596,PED00000659,SKU015,1,6.69,6.69
IT00001597,PED00000659,SKU003,12,3.96,47.52
IT00001598,PED00000660,SKU003,1,3.92,3.92
IT00001599,PED00000660,SKU004,3,7.54,22.61
IT00001600,PED00000661,SKU010,3,14.93,44.8
IT00001601,PED00000661,SKU013,2,10.57,21.15
IT00001602,PED00000662,SKU008,1,19.02,19.02
IT00001603,PED00000662,SKU010,2,14.9,29.79
IT00001604,PED00000663,SKU010,2,15.11,30.22
IT00001605,PED00000663,SKU012,1,11.34,11.34
IT00001606,PED00000663,SKU005,2,8.37,16.75
IT00001607,PED00000664,SKU002,2,4.07,8.14
IT00001608,PED00000664,SKU004,3,7.56,22.69
IT00001609,PED00000664,SKU004,2,7.96,15.91
IT00001610,PED00000664,SKU010,1,15.53,15.53
IT00001611,PED00000665,SKU007,6,12.73,76.41
IT00001612,PED00000665,SKU014,2,7.24,14.48
IT00001613,PED00000665,SKU010,1,15.15,15.15
IT00001614,PED00000665,SKU015,6,7.02,42.15
IT00001615,PED00000665,SKU012,6,12.05,72.3
IT00001616,PED00000666,SKU015,1,7.09,7.09
IT00001617,PED00000666,SKU005,3,8.61,25.82
IT00001618,PED00000667,SKU013,2,10.55,21.11
IT00001619,PED00000668,SKU002,2,4.36,8.72
IT00001620,PED00000669,SKU001,6,6.29,37.77
IT00001621,PED00000670,SKU009,3,19.28,57.84
IT00001622,PED00000670,SKU004,3,7.54,22.62
IT00001623,PED00000670,SKU001,6,6.4,38.38
IT00001624,PED00000671,SKU002,1,4.25,4.25
IT00001625,PED00000671,SKU006,3,9.84,29.52
IT00001626,PED00000672,SKU011,1,16.53,16.53
IT00001627,PED00000673,SKU001,2,6.7,13.41
IT00001628,PED00000674,SKU010,3,14.58,43.73
IT00001629,PED00000674,SKU010,2,15.51,31.02
IT00001630,PED00000675,SKU006,1,9.69,9.69
IT00001631,PED00000675,SKU012,1,12.46,12.46
IT00001632,PED00000676,SKU014,1,7.43,7.43
IT00001633,PED00000676,SKU014,3,7.28,21.84
IT00001634,PED00000676,SKU007,2,12.79,25.59
IT00001635,PED00000676,SKU012,2,12.44,24.88
IT00001636,PED00000677,SKU004,6,8.08,48.49
IT00001637,PED00000678,SKU002,2,4.18,8.36
IT00001638,PED00000679,SKU007,1,12.83,12.83
IT00001639,PED00000679,SKU012,1,11.98,11.98
IT00001640,PED00000679,SKU003,1,3.89,3.89
IT00001641,PED00000679,SKU010,3,15.11,45.33
IT00001642,PED00000680,SKU010,6,15.07,90.4
IT00001643,PED00000680,SKU012,3,11.35,34.04
IT00001644,PED00000681,SKU004,3,8.26,24.79
IT00001645,PED00000681,SKU005,6,8.38,50.3
IT00001646,PED00000681,SKU015,1,7.18,7.18
IT00001647,PED00000681,SKU008,2,19.28,38.57
IT00001648,PED00000682,SKU003,2,3.85,7.7
IT00001649,PED00000682,SKU012,12,12.13,145.51
IT00001650,PED00000682,SKU015,1,6.63,6.63
IT00001651,PED00000683,SKU012,12,11.74,140.83
IT00001652,PED00000684,SKU015,2,6.68,13.35
IT00001653,PED00000684,SKU010,1,14.74,14.74
IT00001654,PED00000684,SKU003,1,3.97,3.97
IT00001655,PED00000684,SKU011,1,16.72,16.72
IT00001656,PED00000684,SKU005,3,8.88,26.64
IT00001657,PED00000685,SKU009,1,19.94,19.94
IT00001658,PED00000685,SKU015,1,6.77,6.77
IT00001659,PED00000686,SKU011,2,15.81,31.61
IT00001660,PED00000686,SKU009,1,20.64,20.64
IT00001661,PED00000686,SKU015,3,7.06,21.19
IT00001662,PED00000686,SKU001,1,6.3,6.3
IT00001663,PED00000686,SKU008,2,18.02,36.05
IT00001664,PED00000687,SKU006,3,9.95,29.86
IT00001665,PED00000687,SKU008,1,18.11,18.11
IT00001666,PED00000688,SKU004,1,7.8,7.8
IT00001667,PED00000688,SKU003,2,3.7,7.4
IT00001668,PED00000688,SKU002,6,3.99,23.96
IT00001669,PED00000689,SKU011,1,15.88,15.88
IT00001670,PED00000689,SKU012,1,12.4,12.4
IT00001671,PED00000690,SKU007,1,12.94,12.94
IT00001672,PED00000690,SKU008,6,19.29,115.76
IT00001673,PED00000690,SKU008,3,18.31,54.92
IT00001674,PED00000691,SKU003,6,3.83,22.97
IT00001675,PED00000692,SKU011,6,16.16,96.99
IT00001676,PED00000693,SKU011,1,16.92,16.92
IT00001677,PED00000693,SKU002,1,4.2,4.2
IT00001678,PED00000693,SKU015,3,6.98,20.95
IT00001679,PED00000693,SKU014,2,7.63,15.26
IT00001680,PED00000694,SKU011,12,16.61,199.37
IT00001681,PED00000694,SKU012,6,11.84,71.05
IT00001682,PED00000694,SKU012,6,11.75,70.47
IT00001683,PED00000695,SKU008,1,19.46,19.46
IT00001684,PED00000695,SKU007,2,13.41,26.83
IT00001685,PED00000696,SKU011,1,16.28,16.28
IT00001686,PED00000696,SKU007,3,13.11,39.33
IT00001687,PED00000696,SKU003,1,3.97,3.97
IT00001688,PED00000696,SKU004,1,7.81,7.81
IT00001689,PED00000696,SKU003,1,3.69,3.69
IT00001690,PED00000697,SKU014,1,7.85,7.85
IT00001691,PED00000697,SKU001,2,6.24,12.49
IT00001692,PED00000698,SKU005,3,8.36,25.09
IT00001693,PED00000698,SKU005,3,8.44,25.32
IT00001694,PED00000699,SKU008,1,18.8,18.8
IT00001695,PED00000699,SKU007,1,13.47,13.47
IT00001696,PED00000699,SKU012,1,12.34,12.34
IT00001697,PED00000700,SKU006,3,9.97,29.91
IT00001698,PED00000701,SKU015,1,7.07,7.07
IT00001699,PED00000701,SKU010,1,14.94,14.94
IT00001700,PED00000702,SKU013,1,10.62,10.62
IT00001701,PED00000702,SKU011,1,16.26,16.26
IT00001702,PED00000703,SKU013,3,11.4,34.2
IT00001703,PED00000703,SKU010,3,14.6,43.79
IT00001704,PED00000704,SKU005,1,8.2,8.2
IT00001705,PED00000704,SKU001,1,6.59,6.59
IT00001706,PED00000704,SKU007,1,12.85,12.85
IT00001707,PED00000704,SKU015,12,6.86,82.36
IT00001708,PED00000705,SKU003,2,3.73,7.47
IT00001709,PED00000705,SKU001,1,6.74,6.74
IT00001710,PED00000706,SKU010,6,14.21,85.24
IT00001711,PED00000707,SKU015,1,6.66,6.66
IT00001712,PED00000707,SKU009,1,20.33,20.33
IT00001713,PED00000708,SKU009,2,20.48,40.95
IT00001714,PED00000708,SKU012,1,12.28,12.28
IT00001715,PED00000709,SKU014,3,7.48,22.45
IT00001716,PED00000710,SKU009,3,19.88,59.65
IT00001717,PED00000710,SKU011,3,16.36,49.08
IT00001718,PED00000711,SKU006,2,10.23,20.45
IT00001719,PED00000711,SKU007,1,12.95,12.95
IT00001720,PED00000711,SKU015,3,6.98,20.95
IT00001721,PED00000712,SKU005,2,8.63,17.26
IT00001722,PED00000712,SKU008,1,19.1,19.1
IT00001723,PED00000713,SKU004,1,7.96,7.96
IT00001724,PED00000713,SKU012,1,12.13,12.13
IT00001725,PED00000713,SKU004,6,8.15,48.91
IT00001726,PED00000713,SKU006,2,10.05,20.09
IT00001727,PED00000714,SKU012,2,11.69,23.39
IT00001728,PED00000714,SKU007,3,12.47,37.4
IT00001729,PED00000715,SKU014,1,7.33,7.33
IT00001730,PED00000715,SKU001,1,6.42,6.42
IT00001731,PED00000715,SKU010,12,14.3,171.6
IT00001732,PED00000716,SKU001,6,6.37,38.23
IT00001733,PED00000716,SKU005,2,8.87,17.73
IT00001734,PED00000717,SKU014,6,7.65,45.88
IT00001735,PED00000717,SKU005,1,8.67,8.67
IT00001736,PED00000718,SKU008,2,19.79,39.59
IT00001737,PED00000718,SKU010,6,15.13,90.8
IT00001738,PED00000719,SKU012,2,11.31,22.61
IT00001739,PED00000720,SKU005,2,8.58,17.17
IT00001740,PED00000720,SKU008,6,18.98,113.91
IT00001741,PED00000720,SKU006,3,9.77,29.32
IT00001742,PED00000721,SKU005,1,8.65,8.65
IT00001743,PED00000721,SKU015,2,6.93,13.86
IT00001744,PED00000722,SKU009,6,19.23,115.39
IT00001745,PED00000722,SKU001,1,6.77,6.77
IT00001746,PED00000723,SKU013,1,11.11,11.11
IT00001747,PED00000723,SKU002,6,4.36,26.16
IT00001748,PED00000723,SKU009,2,19.94,39.88
IT00001749,PED00000723,SKU010,1,15.55,15.55
IT00001750,PED00000723,SKU011,6,16.9,101.37
IT00001751,PED00000724,SKU004,2,8.1,16.19
IT00001752,PED00000724,SKU012,3,11.43,34.29
IT00001753,PED00000724,SKU011,3,15.93,47.8
IT00001754,PED00000724,SKU012,6,11.53,69.17
IT00001755,PED00000725,SKU004,2,7.58,15.16
IT00001756,PED00000725,SKU014,1,7.14,7.14
IT00001757,PED00000726,SKU001,3,6.37,19.11
IT00001758,PED00000726,SKU007,2,12.65,25.29
IT00001759,PED00000726,SKU010,2,14.87,29.74
IT00001760,PED00000727,SKU008,6,18.68,112.08
IT00001761,PED00000727,SKU009,3,19.75,59.24
IT00001762,PED00000728,SKU009,1,19.39,19.39
IT00001763,PED00000728,SKU014,3,7.82,23.45
IT00001764,PED00000729,SKU012,6,11.56,69.38
IT00001765,PED00000729,SKU007,1,13.14,13.14
IT00001766,PED00000729,SKU010,6,15.32,91.91
IT00001767,PED00000730,SKU012,1,12.0,12.0
IT00001768,PED00000730,SKU012,2,11.51,23.02
IT00001769,PED00000731,SKU004,1,8.12,8.12
IT00001770,PED00000731,SKU013,3,10.55,31.64
IT00001771,PED00000732,SKU012,6,11.44,68.66
IT00001772,PED00000732,SKU003,1,3.89,3.89
IT00001773,PED00000733,SKU011,2,16.37,32.73
IT00001774,PED00000733,SKU001,1,6.54,6.54
IT00001775,PED00000733,SKU007,1,12.37,12.37
IT00001776,PED00000734,SKU011,1,16.76,16.76
IT00001777,PED00000734,SKU009,2,19.43,38.86
IT00001778,PED00000734,SKU002,12,4.27,51.19
IT00001779,PED00000735,SKU001,2,6.18,12.37
IT00001780,PED00000736,SKU004,3,7.88,23.65
IT00001781,PED00000736,SKU004,1,7.81,7.81
IT00001782,PED00000736,SKU011,3,17.09,51.28
IT00001783,PED00000736,SKU002,1,4.04,4.04
IT00001784,PED00000737,SKU004,6,7.83,46.96
IT00001785,PED00000737,SKU013,2,11.3,22.61
IT00001786,PED00000737,SKU013,2,10.56,21.13
IT00001787,PED00000738,SKU014,3,7.24,21.73
IT00001788,PED00000738,SKU010,2,14.9,29.79
IT00001789,PED00000739,SKU006,1,9.68,9.68
IT00001790,PED00000739,SKU011,6,17.19,103.13
IT00001791,PED00000739,SKU005,6,8.59,51.54
IT00001792,PED00000740,SKU011,3,15.9,47.7
IT00001793,PED00000740,SKU006,1,9.89,9.89
IT00001794,PED00000740,SKU006,2,10.02,20.03
IT00001795,PED00000741,SKU015,1,6.72,6.72
IT00001796,PED00000741,SKU004,1,7.75,7.75
IT00001797,PED00000742,SKU013,1,11.19,11.19
IT00001798,PED00000742,SKU005,1,8.66,8.66
IT00001799,PED00000742,SKU012,2,11.69,23.37
IT00001800,PED00000743,SKU014,1,7.79,7.79
IT00001801,PED00000743,SKU013,2,10.62,21.25
IT00001802,PED00000743,SKU008,3,19.72,59.15
IT00001803,PED00000744,SKU004,6,7.71,46.24
IT00001804,PED00000745,SKU008,2,18.86,37.71
IT00001805,PED00000745,SKU007,1,12.44,12.44
IT00001806,PED00000746,SKU012,3,11.55,34.65
IT00001807,PED00000747,SKU010,3,15.28,45.83
IT00001808,PED00000747,SKU015,2,7.14,14.27
IT00001809,PED00000748,SKU010,3,15.61,46.84
IT00001810,PED00000749,SKU015,1,6.63,6.63
IT00001811,PED00000749,SKU004,3,7.85,23.55
IT00001812,PED00000749,SKU014,2,7.42,14.83
IT00001813,PED00000749,SKU004,1,8.17,8.17
IT00001814,PED00000750,SKU015,3,6.86,20.57
IT00001815,PED00000750,SKU015,2,6.78,13.55
IT00001816,PED00000751,SKU011,2,16.98,33.95
IT00001817,PED00000751,SKU004,1,7.78,7.78
IT00001818,PED00000751,SKU005,1,8.32,8.32
IT00001819,PED00000751,SKU004,2,8.2,16.4
IT00001820,PED00000752,SKU006,2,9.43,18.85
IT00001821,PED00000752,SKU007,3,13.43,40.28
IT00001822,PED00000753,SKU009,2,20.52,41.03
IT00001823,PED00000753,SKU014,1,7.41,7.41
IT00001824,PED00000753,SKU001,3,6.23,18.7
IT00001825,PED00000754,SKU003,6,3.72,22.3
IT00001826,PED00000755,SKU013,3,11.39,34.18
IT00001827,PED00000755,SKU012,1,11.96,11.96
IT00001828,PED00000755,SKU007,6,12.56,75.36
IT00001829,PED00000756,SKU008,2,18.65,37.3
IT00001830,PED00000757,SKU001,2,6.76,13.51
IT00001831,PED00000757,SKU007,1,12.32,12.32
IT00001832,PED00000758,SKU004,1,7.98,7.98
IT00001833,PED00000759,SKU012,2,11.93,23.86
IT00001834,PED00000759,SKU011,6,16.26,97.55
IT00001835,PED00000759,SKU010,2,15.4,30.81
IT00001836,PED00000760,SKU010,12,15.41,184.91
IT00001837,PED00000760,SKU002,3,4.16,12.49
IT00001838,PED00000761,SKU014,2,7.69,15.39
IT00001839,PED00000762,SKU006,6,9.86,59.18
IT00001840,PED00000762,SKU007,12,12.57,150.86
IT00001841,PED00000762,SKU003,6,3.96,23.76
IT00001842,PED00000763,SKU009,2,18.99,37.97
IT00001843,PED00000763,SKU014,6,7.18,43.05
IT00001844,PED00000764,SKU009,1,19.94,19.94
IT00001845,PED00000765,SKU002,6,4.31,25.85
IT00001846,PED00000765,SKU007,3,12.3,36.9
IT00001847,PED00000766,SKU012,3,11.48,34.43
IT00001848,PED00000766,SKU013,6,10.46,62.74
IT00001849,PED00000767,SKU014,6,7.45,44.67
IT00001850,PED00000767,SKU010,1,15.52,15.52
IT00001851,PED00000768,SKU003,6,3.8,22.79
IT00001852,PED00000768,SKU002,3,4.33,12.99
IT00001853,PED00000768,SKU006,3,10.37,31.12
IT00001854,PED00000768,SKU014,2,7.84,15.68
IT00001855,PED00000769,SKU010,2,14.57,29.14
IT00001856,PED00000769,SKU010,3,14.52,43.56
IT00001857,PED00000769,SKU014,1,7.49,7.49
IT00001858,PED00000769,SKU006,6,9.7,58.22
IT00001859,PED00000770,SKU004,6,7.7,46.21
IT00001860,PED00000770,SKU015,1,6.62,6.62
IT00001861,PED00000770,SKU009,2,19.73,39.45
IT00001862,PED00000770,SKU007,2,12.68,25.36
IT00001863,PED00000771,SKU008,12,18.59,223.03
IT00001864,PED00000772,SKU004,3,7.64,22.91
IT00001865,PED00000772,SKU003,2,3.84,7.67
IT00001866,PED00000773,SKU013,3,10.52,31.56
IT00001867,PED00000773,SKU001,1,6.29,6.29
IT00001868,PED00000773,SKU003,1,3.93,3.93
IT00001869,PED00000773,SKU011,3,17.04,51.12
IT00001870,PED00000773,SKU006,3,9.49,28.47
IT00001871,PED00000774,SKU003,6,3.92,23.54
IT00001872,PED00000775,SKU003,3,3.88,11.63
IT00001873,PED00000775,SKU002,2,4.08,8.17
IT00001874,PED00000775,SKU005,1,8.8,8.8
IT00001875,PED00000775,SKU011,1,16.45,16.45
IT00001876,PED00000776,SKU008,1,18.25,18.25
IT00001877,PED00000776,SKU002,1,4.36,4.36
IT00001878,PED00000777,SKU007,1,13.09,13.09
IT00001879,PED00000777,SKU011,2,16.64,33.29
IT00001880,PED00000778,SKU014,6,7.42,44.5
IT00001881,PED00000779,SKU012,2,11.68,23.36
IT00001882,PED00000779,SKU015,3,7.15,21.46
IT00001883,PED00000780,SKU010,2,14.57,29.14
IT00001884,PED00000780,SKU004,3,7.84,23.51
IT00001885,PED00000781,SKU009,1,19.2,19.2
IT00001886,PED00000781,SKU011,3,16.89,50.67
IT00001887,PED00000781,SKU009,1,19.68,19.68
IT00001888,PED00000782,SKU005,2,8.72,17.43
IT00001889,PED00000782,SKU001,1,6.19,6.19
IT00001890,PED00000782,SKU010,3,15.33,46.0
IT00001891,PED00000783,SKU011,6,17.02,102.14
IT00001892,PED00000783,SKU011,6,16.09,96.57
IT00001893,PED00000784,SKU013,6,10.94,65.63
IT00001894,PED00000784,SKU015,2,6.84,13.69
IT00001895,PED00000784,SKU009,6,20.36,122.18
IT00001896,PED00000784,SKU013,3,10.69,32.07
IT00001897,PED00000784,SKU010,3,14.89,44.68
IT00001898,PED00000785,SKU006,1,10.05,10.05
IT00001899,PED00000785,SKU001,3,6.23,18.68
IT00001900,PED00000785,SKU011,1,16.47,16.47
IT00001901,PED00000786,SKU012,1,11.42,11.42
IT00001902,PED00000786,SKU015,1,7.24,7.24
IT00001903,PED00000787,SKU013,3,11.38,34.15
IT00001904,PED00000788,SKU008,3,18.48,55.44
IT00001905,PED00000788,SKU002,2,4.03,8.06
IT00001906,PED00000789,SKU003,1,3.67,3.67
IT00001907,PED00000789,SKU014,3,7.27,21.81
IT00001908,PED00000789,SKU015,3,6.8,20.39
IT00001909,PED00000789,SKU006,6,10.19,61.14
IT00001910,PED00000789,SKU007,1,12.92,12.92
IT00001911,PED00000790,SKU014,3,7.81,23.43
IT00001912,PED00000790,SKU008,2,18.82,37.64
IT00001913,PED00000790,SKU006,3,9.6,28.81
IT00001914,PED00000791,SKU006,6,9.49,56.94
IT00001915,PED00000791,SKU014,1,7.52,7.52
IT00001916,PED00000791,SKU013,1,10.5,10.5
IT00001917,PED00000791,SKU008,2,19.0,38.0
IT00001918,PED00000792,SKU001,6,6.21,37.26
IT00001919,PED00000792,SKU005,3,8.92,26.77
IT00001920,PED00000793,SKU005,2,8.1,16.19
IT00001921,PED00000793,SKU005,1,8.68,8.68
IT00001922,PED00000794,SKU003,2,3.83,7.66
IT00001923,PED00000794,SKU002,1,4.11,4.11
IT00001924,PED00000794,SKU014,3,7.69,23.07
IT00001925,PED00000794,SKU015,6,7.11,42.69
IT00001926,PED00000795,SKU001,1,6.75,6.75
IT00001927,PED00000795,SKU002,3,4.1,12.31
IT00001928,PED00000795,SKU001,1,6.24,6.24
IT00001929,PED00000796,SKU010,6,15.49,92.93
IT00001930,PED00000796,SKU004,1,7.64,7.64
IT00001931,PED00000797,SKU014,6,7.51,45.04
IT00001932,PED00000798,SKU007,1,13.12,13.12
IT00001933,PED00000798,SKU004,6,7.74,46.42
IT00001934,PED00000799,SKU011,3,15.68,47.03
IT00001935,PED00000799,SKU002,2,4.07,8.14
IT00001936,PED00000800,SKU012,1,11.39,11.39
IT00001937,PED00000800,SKU007,1,12.54,12.54
IT00001938,PED00000800,SKU002,2,4.26,8.53
IT00001939,PED00000800,SKU012,1,12.13,12.13
IT00001940,PED00000800,SKU007,1,12.52,12.52
IT00001941,PED00000801,SKU008,3,19.58,58.73
IT00001942,PED00000801,SKU003,1,3.74,3.74
IT00001943,PED00000801,SKU014,3,7.84,23.51
IT00001944,PED00000802,SKU014,1,7.47,7.47
IT00001945,PED00000802,SKU005,1,8.17,8.17
IT00001946,PED00000802,SKU005,1,8.31,8.31
IT00001947,PED00000803,SKU012,6,12.3,73.82
IT00001948,PED00000803,SKU007,1,12.87,12.87
IT00001949,PED00000804,SKU002,1,4.15,4.15
IT00001950,PED00000804,SKU005,3,8.31,24.92
IT00001951,PED00000804,SKU011,2,16.19,32.37
IT00001952,PED00000804,SKU007,1,12.99,12.99
IT00001953,PED00000805,SKU013,6,11.36,68.16
IT00001954,PED00000805,SKU011,2,16.55,33.09
IT00001955,PED00000805,SKU003,12,3.73,44.81
IT00001956,PED00000806,SKU007,1,13.29,13.29
IT00001957,PED00000806,SKU010,1,14.75,14.75
IT00001958,PED00000806,SKU014,12,7.55,90.59
IT00001959,PED00000807,SKU004,2,7.89,15.79
IT00001960,PED00000807,SKU007,12,12.28,147.31
IT00001961,PED00000808,SKU002,3,4.4,13.2
IT00001962,PED00000808,SKU008,3,18.37,55.12
IT00001963,PED00000808,SKU004,1,7.58,7.58
IT00001964,PED00000809,SKU010,1,15.36,15.36
IT00001965,PED00000809,SKU013,2,11.17,22.34
IT00001966,PED00000809,SKU013,1,10.87,10.87
IT00001967,PED00000809,SKU005,2,8.63,17.27
IT00001968,PED00000810,SKU010,1,15.01,15.01
IT00001969,PED00000811,SKU011,2,16.78,33.55
IT00001970,PED00000812,SKU001,3,6.32,18.96
IT00001971,PED00000812,SKU003,1,3.89,3.89
IT00001972,PED00000813,SKU008,2,18.28,36.56
IT00001973,PED00000813,SKU001,2,6.62,13.24
IT00001974,PED00000813,SKU015,2,6.61,13.23
IT00001975,PED00000813,SKU003,1,3.67,3.67
IT00001976,PED00000814,SKU015,6,7.18,43.05
IT00001977,PED00000814,SKU015,2,6.78,13.57
IT00001978,PED00000815,SKU006,1,9.62,9.62
IT00001979,PED00000815,SKU012,3,12.3,36.9
IT00001980,PED00000816,SKU001,1,6.63,6.63
IT00001981,PED00000817,SKU003,2,3.7,7.4
IT00001982,PED00000818,SKU002,1,4.13,4.13
IT00001983,PED00000818,SKU003,6,3.63,21.76
IT00001984,PED00000819,SKU012,3,11.4,34.2
IT00001985,PED00000820,SKU011,3,17.1,51.3
IT00001986,PED00000821,SKU009,3,19.02,57.06
IT00001987,PED00000821,SKU011,3,16.67,50.02
IT00001988,PED00000821,SKU012,1,11.73,11.73
IT00001989,PED00000822,SKU003,3,3.83,11.49
IT00001990,PED00000822,SKU008,1,18.94,18.94
IT00001991,PED00000823,SKU007,2,12.31,24.62
IT00001992,PED00000824,SKU009,1,19.66,19.66
IT00001993,PED00000824,SKU002,1,4.05,4.05
IT00001994,PED00000825,SKU012,1,12.16,12.16
IT00001995,PED00000825,SKU011,2,16.35,32.69
IT00001996,PED00000825,SKU004,2,8.18,16.36
IT00001997,PED00000826,SKU002,1,4.33,4.33
IT00001998,PED00000827,SKU005,3,8.29,24.88
IT00001999,PED00000827,SKU014,3,7.54,22.61
IT00002000,PED00000827,SKU008,2,19.71,39.43
IT00002001,PED00000828,SKU011,1,16.82,16.82
IT00002002,PED00000828,SKU010,3,15.24,45.71
IT00002003,PED00000829,SKU003,2,3.89,7.77
IT00002004,PED00000829,SKU009,2,19.11,38.22
IT00002005,PED00000829,SKU013,1,10.86,10.86
IT00002006,PED00000830,SKU003,2,3.7,7.39
IT00002007,PED00000830,SKU011,2,16.57,33.14
IT00002008,PED00000830,SKU003,1,3.97,3.97
IT00002009,PED00000830,SKU015,3,7.02,21.05
IT00002010,PED00000831,SKU001,3,6.65,19.95
IT00002011,PED00000831,SKU006,1,10.1,10.1
IT00002012,PED00000831,SKU009,1,20.86,20.86
IT00002013,PED00000831,SKU006,3,9.54,28.61
IT00002014,PED00000832,SKU004,6,7.67,46.02
IT00002015,PED00000832,SKU013,6,10.57,63.4
IT00002016,PED00000833,SKU012,2,11.93,23.86
IT00002017,PED00000834,SKU007,3,13.54,40.63
IT00002018,PED00000834,SKU001,6,6.73,40.38
IT00002019,PED00000835,SKU013,2,11.3,22.59
IT00002020,PED00000835,SKU015,1,7.18,7.18
IT00002021,PED00000835,SKU004,6,8.29,49.76
IT00002022,PED00000835,SKU001,2,6.39,12.78
IT00002023,PED00000836,SKU008,1,18.49,18.49
IT00002024,PED00000836,SKU010,1,15.23,15.23
IT00002025,PED00000836,SKU007,6,13.39,80.36
IT00002026,PED00000837,SKU009,3,20.05,60.15
IT00002027,PED00000838,SKU007,1,13.31,13.31
IT00002028,PED00000838,SKU003,6,3.84,23.04
IT00002029,PED00000838,SKU009,1,19.38,19.38
IT00002030,PED00000839,SKU009,2,20.39,40.78
IT00002031,PED00000840,SKU009,3,19.14,57.41
IT00002032,PED00000840,SKU003,2,3.93,7.86
IT00002033,PED00000840,SKU001,6,6.74,40.46
IT00002034,PED00000841,SKU011,2,16.2,32.41
IT00002035,PED00000841,SKU012,1,12.44,12.44
IT00002036,PED00000842,SKU011,6,16.38,98.25
IT00002037,PED00000843,SKU009,1,19.96,19.96
IT00002038,PED00000843,SKU008,3,18.6,55.81
IT00002039,PED00000844,SKU002,1,4.27,4.27
IT00002040,PED00000844,SKU008,3,17.99,53.97
IT00002041,PED00000844,SKU014,1,7.4,7.4
IT00002042,PED00000845,SKU005,2,8.22,16.43
IT00002043,PED00000845,SKU013,2,10.98,21.96
IT00002044,PED00000846,SKU012,3,12.11,36.34
IT00002045,PED00000846,SKU014,2,7.79,15.58
IT00002046,PED00000846,SKU005,1,8.74,8.74
IT00002047,PED00000847,SKU005,2,8.75,17.5
IT00002048,PED00000847,SKU014,1,7.26,7.26
IT00002049,PED00000848,SKU001,2,6.63,13.26
IT00002050,PED00000848,SKU009,2,19.7,39.39
IT00002051,PED00000848,SKU002,2,4.17,8.33
IT00002052,PED00000848,SKU015,1,6.86,6.86
IT00002053,PED00000848,SKU012,1,11.97,11.97
IT00002054,PED00000849,SKU009,1,20.69,20.69
IT00002055,PED00000849,SKU013,1,11.25,11.25
IT00002056,PED00000850,SKU006,1,10.2,10.2
IT00002057,PED00000850,SKU013,1,11.0,11.0
IT00002058,PED00000850,SKU006,2,9.55,19.1
IT00002059,PED00000851,SKU001,2,6.7,13.4
IT00002060,PED00000851,SKU002,3,4.28,12.83
IT00002061,PED00000851,SKU003,3,3.92,11.75
IT00002062,PED00000851,SKU006,2,10.38,20.75
IT00002063,PED00000852,SKU009,1,20.69,20.69
IT00002064,PED00000852,SKU014,1,7.84,7.84
IT00002065,PED00000853,SKU002,6,4.31,25.86
IT00002066,PED00000853,SKU009,1,19.07,19.07
IT00002067,PED00000853,SKU004,6,7.77,46.62
IT00002068,PED00000853,SKU014,6,7.16,42.97
IT00002069,PED00000853,SKU002,2,4.01,8.03
IT00002070,PED00000854,SKU011,2,17.11,34.23
IT00002071,PED00000855,SKU008,2,19.09,38.17
IT00002072,PED00000856,SKU010,1,14.18,14.18
IT00002073,PED00000856,SKU013,1,11.31,11.31
IT00002074,PED00000856,SKU012,3,11.87,35.61
IT00002075,PED00000857,SKU002,12,4.07,48.88
IT00002076,PED00000857,SKU008,1,19.73,19.73
IT00002077,PED00000858,SKU001,1,6.82,6.82
IT00002078,PED00000859,SKU011,1,16.45,16.45
IT00002079,PED00000859,SKU009,2,19.59,39.18
IT00002080,PED00000859,SKU002,1,4.18,4.18
IT00002081,PED00000859,SKU015,3,6.76,20.28
IT00002082,PED00000860,SKU001,12,6.24,74.84
IT00002083,PED00000860,SKU005,1,8.12,8.12
IT00002084,PED00000861,SKU013,2,10.91,21.83
IT00002085,PED00000861,SKU015,1,6.56,6.56
IT00002086,PED00000862,SKU007,1,12.96,12.96
IT00002087,PED00000862,SKU012,6,12.24,73.43
IT00002088,PED00000862,SKU011,3,16.06,48.18
IT00002089,PED00000862,SKU007,6,12.55,75.32
IT00002090,PED00000863,SKU013,2,11.16,22.32
IT00002091,PED00000863,SKU008,3,19.07,57.2
IT00002092,PED00000864,SKU015,2,7.09,14.19
IT00002093,PED00000864,SKU003,6,3.62,21.7
IT00002094,PED00000865,SKU002,12,4.28,51.3
IT00002095,PED00000865,SKU011,2,16.96,33.92
IT00002096,PED00000865,SKU009,12,20.77,249.24
IT00002097,PED00000866,SKU006,2,10.36,20.73
IT00002098,PED00000866,SKU013,2,10.4,20.8
IT00002099,PED00000866,SKU010,2,15.17,30.34
IT00002100,PED00000867,SKU014,1,7.15,7.15
IT00002101,PED00000867,SKU010,3,14.5,43.49
IT00002102,PED00000867,SKU014,2,7.86,15.71
IT00002103,PED00000867,SKU010,3,14.53,43.59
IT00002104,PED00000868,SKU005,1,8.61,8.61
IT00002105,PED00000868,SKU009,2,20.52,41.03
IT00002106,PED00000868,SKU015,1,7.01,7.01
IT00002107,PED00000869,SKU003,1,3.84,3.84
IT00002108,PED00000869,SKU005,2,8.14,16.28
IT00002109,PED00000869,SKU010,1,15.09,15.09
IT00002110,PED00000869,SKU008,2,18.96,37.92
IT00002111,PED00000869,SKU007,2,13.36,26.72
IT00002112,PED00000870,SKU001,3,6.52,19.56
IT00002113,PED00000870,SKU011,2,16.33,32.67
IT00002114,PED00000870,SKU003,3,3.91,11.73
IT00002115,PED00000870,SKU006,1,9.67,9.67
IT00002116,PED00000870,SKU001,3,6.74,20.22
IT00002117,PED00000871,SKU015,2,7.09,14.18
IT00002118,PED00000872,SKU014,6,7.35,44.07
IT00002119,PED00000873,SKU014,6,7.53,45.21
IT00002120,PED00000873,SKU015,6,7.2,43.2
IT00002121,PED00000873,SKU006,2,9.66,19.33
IT00002122,PED00000873,SKU011,3,16.22,48.65
IT00002123,PED00000874,SKU004,6,7.68,46.08
IT00002124,PED00000874,SKU009,3,20.27,60.81
IT00002125,PED00000874,SKU002,1,4.41,4.41
IT00002126,PED00000874,SKU009,1,20.32,20.32
IT00002127,PED00000875,SKU013,2,11.1,22.19
IT00002128,PED00000875,SKU014,1,7.13,7.13
IT00002129,PED00000875,SKU005,3,8.18,24.53
IT00002130,PED00000876,SKU014,3,7.56,22.68
IT00002131,PED00000877,SKU014,1,7.21,7.21
IT00002132,PED00000878,SKU013,2,11.28,22.57
IT00002133,PED00000879,SKU001,3,6.29,18.87
IT00002134,PED00000879,SKU007,3,13.48,40.43
IT00002135,PED00000879,SKU002,3,4.21,12.63
IT00002136,PED00000880,SKU009,2,20.43,40.86
IT00002137,PED00000880,SKU007,1,12.43,12.43
IT00002138,PED00000880,SKU006,2,10.31,20.62
IT00002139,PED00000880,SKU013,2,10.42,20.84
IT00002140,PED00000881,SKU006,2,10.38,20.76
IT00002141,PED00000881,SKU015,3,6.93,20.79
IT00002142,PED00000882,SKU003,1,3.84,3.84
IT00002143,PED00000883,SKU003,6,3.75,22.51
IT00002144,PED00000884,SKU002,3,4.35,13.06
IT00002145,PED00000884,SKU002,1,4.13,4.13
IT00002146,PED00000884,SKU008,1,18.34,18.34
IT00002147,PED00000884,SKU011,2,16.89,33.79
IT00002148,PED00000884,SKU011,1,16.18,16.18
IT00002149,PED00000885,SKU015,1,6.86,6.86
IT00002150,PED00000885,SKU011,3,16.86,50.59
IT00002151,PED00000885,SKU005,3,8.2,24.61
IT00002152,PED00000885,SKU001,1,6.72,6.72
IT00002153,PED00000886,SKU009,6,19.12,114.69
IT00002154,PED00000887,SKU012,1,11.41,11.41
IT00002155,PED00000888,SKU007,2,12.37,24.73
IT00002156,PED00000888,SKU008,1,18.3,18.3
IT00002157,PED00000888,SKU006,2,9.72,19.45
IT00002158,PED00000889,SKU003,3,3.8,11.41
IT00002159,PED00000890,SKU014,1,7.45,7.45
IT00002160,PED00000891,SKU010,3,15.6,46.79
IT00002161,PED00000891,SKU014,6,7.37,44.22
IT00002162,PED00000892,SKU014,2,7.61,15.21
IT00002163,PED00000892,SKU004,2,7.62,15.24
IT00002164,PED00000893,SKU005,1,8.18,8.18
IT00002165,PED00000893,SKU012,3,12.18,36.55
IT00002166,PED00000893,SKU015,2,6.67,13.33
IT00002167,PED00000894,SKU002,1,4.18,4.18
IT00002168,PED00000894,SKU014,6,7.56,45.37
IT00002169,PED00000894,SKU001,1,6.29,6.29
IT00002170,PED00000895,SKU014,1,7.56,7.56
IT00002171,PED00000895,SKU009,6,19.94,119.63
IT00002172,PED00000895,SKU003,1,3.92,3.92
IT00002173,PED00000896,SKU001,6,6.35,38.08
IT00002174,PED00000897,SKU012,3,12.14,36.43
IT00002175,PED00000897,SKU006,3,9.76,29.28
IT00002176,PED00000897,SKU004,3,7.82,23.45
IT00002177,PED00000898,SKU010,1,14.84,14.84
IT00002178,PED00000898,SKU006,6,9.57,57.4
IT00002179,PED00000898,SKU004,6,7.96,47.73
IT00002180,PED00000898,SKU015,6,6.57,39.42
IT00002181,PED00000899,SKU012,2,11.37,22.74
IT00002182,PED00000899,SKU014,1,7.13,7.13
IT00002183,PED00000899,SKU007,12,12.36,148.34
IT00002184,PED00000900,SKU003,1,3.87,3.87
IT00002185,PED00000901,SKU007,2,12.42,24.84
IT00002186,PED00000902,SKU008,6,18.33,109.97
IT00002187,PED00000902,SKU010,3,14.47,43.42
IT00002188,PED00000903,SKU013,1,10.92,10.92
IT00002189,PED00000903,SKU003,3,3.72,11.15
IT00002190,PED00000903,SKU002,1,4.0,4.0
IT00002191,PED00000903,SKU009,3,20.15,60.45
IT00002192,PED00000904,SKU010,1,15.42,15.42
IT00002193,PED00000904,SKU006,3,10.24,30.71
IT00002194,PED00000904,SKU002,6,4.3,25.79
IT00002195,PED00000904,SKU001,6,6.31,37.89
IT00002196,PED00000905,SKU005,1,8.87,8.87
IT00002197,PED00000906,SKU012,3,11.34,34.01
IT00002198,PED00000907,SKU010,3,14.82,44.45
IT00002199,PED00000908,SKU015,1,6.78,6.78
IT00002200,PED00000908,SKU014,1,7.78,7.78
IT00002201,PED00000908,SKU011,3,16.04,48.12
IT00002202,PED00000909,SKU010,6,15.11,90.65
IT00002203,PED00000909,SKU006,2,10.18,20.37
IT00002204,PED00000909,SKU010,1,14.81,14.81
IT00002205,PED00000909,SKU011,3,16.25,48.75
IT00002206,PED00000909,SKU005,2,8.22,16.44
IT00002207,PED00000910,SKU002,1,4.01,4.01
IT00002208,PED00000910,SKU002,3,4.21,12.62
IT00002209,PED00000911,SKU008,1,18.93,18.93
IT00002210,PED00000911,SKU009,1,19.1,19.1
IT00002211,PED00000911,SKU012,3,11.84,35.51
IT00002212,PED00000911,SKU003,2,3.94,7.88
IT00002213,PED00000912,SKU008,3,18.58,55.75
IT00002214,PED00000912,SKU001,6,6.36,38.17
IT00002215,PED00000913,SKU007,1,12.94,12.94
IT00002216,PED00000914,SKU004,12,8.14,97.68
IT00002217,PED00000915,SKU002,2,4.02,8.03
IT00002218,PED00000915,SKU004,6,8.06,48.35
IT00002219,PED00000915,SKU008,1,18.06,18.06
IT00002220,PED00000915,SKU005,2,8.44,16.87
IT00002221,PED00000916,SKU008,1,18.43,18.43
IT00002222,PED00000916,SKU001,3,6.35,19.04
IT00002223,PED00000917,SKU013,1,10.63,10.63
IT00002224,PED00000918,SKU009,12,20.18,242.12
IT00002225,PED00000918,SKU011,1,16.44,16.44
IT00002226,PED00000918,SKU008,3,19.49,58.48
IT00002227,PED00000919,SKU004,2,8.26,16.52
IT00002228,PED00000920,SKU009,3,20.09,60.27
IT00002229,PED00000920,SKU010,2,14.32,28.65
IT00002230,PED00000920,SKU010,2,14.18,28.35
IT00002231,PED00000921,SKU014,6,7.76,46.55
IT00002232,PED00000921,SKU002,1,4.01,4.01
IT00002233,PED00000922,SKU010,2,15.04,30.08
IT00002234,PED00000922,SKU015,12,6.96,83.5
IT00002235,PED00000922,SKU015,1,6.63,6.63
IT00002236,PED00000923,SKU014,6,7.85,47.12
IT00002237,PED00000924,SKU015,1,7.23,7.23
IT00002238,PED00000924,SKU009,2,20.76,41.52
IT00002239,PED00000925,SKU014,1,7.27,7.27
IT00002240,PED00000926,SKU011,6,16.12,96.73
IT00002241,PED00000926,SKU003,2,3.77,7.54
IT00002242,PED00000926,SKU015,2,6.87,13.75
IT00002243,PED00000926,SKU013,2,11.38,22.77
IT00002244,PED00000927,SKU013,1,10.99,10.99
IT00002245,PED00000927,SKU002,2,4.01,8.02
IT00002246,PED00000928,SKU007,2,13.26,26.52
IT00002247,PED00000928,SKU008,2,19.58,39.16
IT00002248,PED00000929,SKU010,2,14.97,29.94
IT00002249,PED00000929,SKU012,1,12.03,12.03
IT00002250,PED00000930,SKU003,12,3.75,44.94
IT00002251,PED00000930,SKU013,1,11.04,11.04
IT00002252,PED00000931,SKU012,2,12.04,24.07
IT00002253,PED00000931,SKU015,2,7.23,14.47
IT00002254,PED00000932,SKU002,1,4.08,4.08
IT00002255,PED00000932,SKU014,1,7.8,7.8
IT00002256,PED00000932,SKU012,1,12.09,12.09
IT00002257,PED00000932,SKU010,3,14.4,43.19
IT00002258,PED00000933,SKU004,1,7.71,7.71
IT00002259,PED00000933,SKU009,2,19.7,39.4
IT00002260,PED00000934,SKU002,2,4.26,8.53
IT00002261,PED00000935,SKU008,6,19.72,118.29
IT00002262,PED00000935,SKU002,3,4.04,12.13
IT00002263,PED00000935,SKU005,2,8.56,17.12
IT00002264,PED00000936,SKU008,1,18.93,18.93
IT00002265,PED00000936,SKU002,3,4.34,13.03
IT00002266,PED00000937,SKU012,12,11.78,141.31
IT00002267,PED00000937,SKU010,2,14.62,29.24
IT00002268,PED00000937,SKU009,2,19.53,39.05
IT00002269,PED00000937,SKU015,6,6.78,40.69
IT00002270,PED00000938,SKU014,3,7.48,22.45
IT00002271,PED00000939,SKU004,6,7.93,47.58
IT00002272,PED00000939,SKU013,2,10.79,21.57
IT00002273,PED00000939,SKU007,1,12.78,12.78
IT00002274,PED00000940,SKU010,3,15.01,45.02
IT00002275,PED00000941,SKU005,3,8.7,26.11
IT00002276,PED00000941,SKU009,3,19.76,59.29
IT00002277,PED00000941,SKU007,1,13.27,13.27
IT00002278,PED00000942,SKU015,1,6.87,6.87
IT00002279,PED00000942,SKU005,3,8.9,26.69
IT00002280,PED00000943,SKU015,2,6.65,13.29
IT00002281,PED00000943,SKU011,1,16.37,16.37
IT00002282,PED00000943,SKU012,1,11.43,11.43
IT00002283,PED00000944,SKU003,1,3.67,3.67
IT00002284,PED00000945,SKU002,2,4.03,8.07
IT00002285,PED00000945,SKU003,1,3.98,3.98
IT00002286,PED00000946,SKU009,1,19.85,19.85
IT00002287,PED00000946,SKU009,12,19.86,238.35
IT00002288,PED00000946,SKU008,12,18.2,218.36
IT00002289,PED00000946,SKU014,1,7.56,7.56
IT00002290,PED00000947,SKU003,3,3.77,11.31
IT00002291,PED00000947,SKU003,3,3.96,11.88
IT00002292,PED00000948,SKU013,2,10.86,21.72
IT00002293,PED00000948,SKU006,12,10.03,120.41
IT00002294,PED00000949,SKU006,6,9.76,58.58
IT00002295,PED00000949,SKU013,12,10.65,127.77
IT00002296,PED00000950,SKU015,1,6.65,6.65
IT00002297,PED00000951,SKU010,3,15.62,46.86
IT00002298,PED00000951,SKU008,2,19.42,38.83
IT00002299,PED00000952,SKU011,1,15.8,15.8
IT00002300,PED00000952,SKU008,2,17.98,35.96
IT00002301,PED00000953,SKU001,2,6.82,13.64
IT00002302,PED00000953,SKU004,1,7.94,7.94
IT00002303,PED00000953,SKU014,1,7.59,7.59
IT00002304,PED00000954,SKU014,2,7.48,14.96
IT00002305,PED00000955,SKU005,2,8.78,17.55
IT00002306,PED00000955,SKU004,6,8.2,49.2
IT00002307,PED00000956,SKU013,6,11.15,66.88
IT00002308,PED00000956,SKU006,1,9.99,9.99
IT00002309,PED00000956,SKU003,2,3.97,7.95
IT00002310,PED00000957,SKU013,1,11.32,11.32
IT00002311,PED00000957,SKU012,2,11.67,23.34
IT00002312,PED00000958,SKU007,1,13.3,13.3
IT00002313,PED00000959,SKU011,1,16.42,16.42
IT00002314,PED00000959,SKU009,1,20.04,20.04
IT00002315,PED00000959,SKU002,1,4.04,4.04
IT00002316,PED00000959,SKU011,3,16.5,49.5
IT00002317,PED00000960,SKU012,2,12.4,24.81
IT00002318,PED00000960,SKU003,1,3.63,3.63
IT00002319,PED00000960,SKU002,1,4.09,4.09
IT00002320,PED00000960,SKU015,1,6.6,6.6
IT00002321,PED00000961,SKU015,6,6.89,41.32
IT00002322,PED00000961,SKU007,1,12.96,12.96
IT00002323,PED00000961,SKU014,1,7.4,7.4
IT00002324,PED00000961,SKU013,1,10.42,10.42
IT00002325,PED00000962,SKU008,1,19.43,19.43
IT00002326,PED00000963,SKU002,1,4.07,4.07
IT00002327,PED00000963,SKU013,12,10.85,130.24
IT00002328,PED00000963,SKU013,2,10.55,21.11
IT00002329,PED00000964,SKU015,3,6.85,20.54
IT00002330,PED00000964,SKU002,1,4.37,4.37
IT00002331,PED00000965,SKU005,1,8.45,8.45
IT00002332,PED00000965,SKU006,1,10.01,10.01
IT00002333,PED00000966,SKU007,2,12.52,25.03
IT00002334,PED00000966,SKU009,1,19.97,19.97
IT00002335,PED00000966,SKU010,2,14.76,29.52
IT00002336,PED00000967,SKU002,2,4.41,8.82
IT00002337,PED00000967,SKU011,3,16.96,50.89
IT00002338,PED00000967,SKU002,2,4.15,8.29
IT00002339,PED00000968,SKU002,1,4.36,4.36
IT00002340,PED00000969,SKU002,2,3.99,7.98
IT00002341,PED00000969,SKU015,2,7.2,14.4
IT00002342,PED00000970,SKU012,1,11.66,11.66
IT00002343,PED00000971,SKU007,1,12.46,12.46
IT00002344,PED00000971,SKU010,6,14.65,87.92
IT00002345,PED00000971,SKU010,1,14.23,14.23
IT00002346,PED00000971,SKU012,6,12.39,74.35
IT00002347,PED00000972,SKU001,1,6.68,6.68
IT00002348,PED00000972,SKU003,1,3.83,3.83
IT00002349,PED00000972,SKU003,6,3.75,22.5
IT00002350,PED00000972,SKU014,1,7.56,7.56
IT00002351,PED00000973,SKU004,6,7.72,46.35
IT00002352,PED00000973,SKU014,2,7.26,14.52
IT00002353,PED00000974,SKU009,1,20.28,20.28
IT00002354,PED00000974,SKU012,2,11.41,22.82
IT00002355,PED00000974,SKU007,1,13.47,13.47
IT00002356,PED00000974,SKU009,6,20.49,122.92
IT00002357,PED00000975,SKU010,2,14.16,28.31
IT00002358,PED00000976,SKU012,6,12.19,73.14
IT00002359,PED00000976,SKU004,6,8.19,49.12
IT00002360,PED00000977,SKU001,12,6.34,76.1
IT00002361,PED00000977,SKU012,6,12.08,72.5
IT00002362,PED00000977,SKU015,2,7.1,14.19
IT00002363,PED00000978,SKU009,2,20.63,41.25
IT00002364,PED00000978,SKU007,1,13.02,13.02
IT00002365,PED00000979,SKU008,1,18.54,18.54
IT00002366,PED00000979,SKU009,1,20.7,20.7
IT00002367,PED00000979,SKU012,3,11.35,34.04
IT00002368,PED00000979,SKU006,1,9.75,9.75
IT00002369,PED00000980,SKU008,1,19.4,19.4
IT00002370,PED00000980,SKU014,1,7.78,7.78
IT00002371,PED00000980,SKU003,2,3.63,7.27
IT00002372,PED00000981,SKU015,1,6.93,6.93
IT00002373,PED00000981,SKU004,2,8.27,16.54
IT00002374,PED00000981,SKU006,6,9.78,58.7
IT00002375,PED00000981,SKU013,6,11.41,68.47
IT00002376,PED00000981,SKU005,2,8.19,16.38
IT00002377,PED00000982,SKU006,1,10.36,10.36
IT00002378,PED00000982,SKU003,1,3.68,3.68
IT00002379,PED00000982,SKU014,1,7.15,7.15
IT00002380,PED00000983,SKU015,1,7.21,7.21
IT00002381,PED00000983,SKU002,2,4.2,8.41
IT00002382,PED00000983,SKU007,1,13.53,13.53
IT00002383,PED00000984,SKU007,3,12.73,38.2
IT00002384,PED00000984,SKU004,1,8.23,8.23
IT00002385,PED00000984,SKU005,3,8.15,24.44
IT00002386,PED00000985,SKU001,1,6.73,6.73
IT00002387,PED00000985,SKU013,6,11.36,68.14
IT00002388,PED00000986,SKU013,3,11.1,33.31
IT00002389,PED00000986,SKU005,2,8.83,17.66
IT00002390,PED00000986,SKU006,1,9.68,9.68
IT00002391,PED00000986,SKU014,2,7.7,15.4
IT00002392,PED00000987,SKU015,1,7.07,7.07
IT00002393,PED00000987,SKU002,1,4.4,4.4
IT00002394,PED00000987,SKU005,12,8.6,103.24
IT00002395,PED00000988,SKU009,3,20.84,62.52
IT00002396,PED00000988,SKU005,1,8.54,8.54
IT00002397,PED00000989,SKU013,3,11.35,34.04
IT00002398,PED00000989,SKU011,2,15.92,31.83
IT00002399,PED00000990,SKU007,6,13.43,80.56
IT00002400,PED00000990,SKU009,1,19.99,19.99
IT00002401,PED00000991,SKU004,3,7.96,23.87
IT00002402,PED00000991,SKU005,1,8.67,8.67
IT00002403,PED00000991,SKU006,6,9.43,56.55
IT00002404,PED00000991,SKU007,2,12.74,25.48
IT00002405,PED00000992,SKU007,1,12.42,12.42
IT00002406,PED00000992,SKU007,1,12.39,12.39
IT00002407,PED00000993,SKU006,6,9.47,56.84
IT00002408,PED00000993,SKU012,3,11.98,35.95
IT00002409,PED00000994,SKU007,2,12.57,0.0
IT00002410,PED00000994,SKU003,6,3.65,21.93
IT00002411,PED00000994,SKU007,2,12.54,25.08
IT00002412,PED00000995,SKU009,2,20.61,41.22
IT00002413,PED00000995,SKU014,1,7.25,7.25
IT00002414,PED00000995,SKU012,2,11.81,23.62
IT00002415,PED00000996,SKU003,2,3.74,7.49
IT00002416,PED00000996,SKU003,1,3.79,3.79
IT00002417,PED00000996,SKU008,6,19.27,115.61
IT00002418,PED00000996,SKU003,1,3.78,3.78
IT00002419,PED00000997,SKU002,3,4.25,12.74
IT00002420,PED00000997,SKU011,1,16.26,16.26
IT00002421,PED00000997,SKU015,2,6.64,13.28
IT00002422,PED00000997,SKU010,6,15.23,91.39
IT00002423,PED00000997,SKU011,2,15.83,31.66
IT00002424,PED00000998,SKU006,2,9.86,19.73
IT00002425,PED00000998,SKU008,1,19.26,19.26
IT00002426,PED00000998,SKU007,2,12.31,24.62
IT00002427,PED00000999,SKU010,6,14.91,89.48
IT00002428,PED00000999,SKU010,2,14.41,28.82
IT00002429,PED00000999,SKU009,1,20.82,20.82
IT00002430,PED00000999,SKU005,6,8.63,51.8
IT00002431,PED00000999,SKU009,1,20.34,20.34
IT00002432,PED00001000,SKU004,1,8.25,8.25
IT00002433,PED00001000,SKU001,1,6.36,6.36
IT00002434,PED00001000,SKU008,12,19.19,230.31
IT00002435,PED00001000,SKU012,1,12.2,12.2
IT00002436,PED00001001,SKU011,3,15.89,47.66
IT00002437,PED00001002,SKU003,3,3.65,10.95
IT00002438,PED00001002,SKU006,3,9.45,28.34
IT00002439,PED00001002,SKU013,3,10.9,32.71
IT00002440,PED00001002,SKU007,1,12.32,12.32
IT00002441,PED00001003,SKU008,2,19.66,39.32
IT00002442,PED00001003,SKU002,3,4.08,12.25
IT00002443,PED00001004,SKU011,12,15.8,189.57
IT00002444,PED00001004,SKU005,2,8.59,17.18
IT00002445,PED00001004,SKU014,6,7.56,45.37
IT00002446,PED00001004,SKU009,1,20.78,20.78
IT00002447,PED00001005,SKU002,6,4.08,24.45
IT00002448,PED00001006,SKU015,2,7.21,14.43
IT00002449,PED00001006,SKU015,6,6.82,40.92
IT00002450,PED00001007,SKU013,3,10.68,32.05
IT00002451,PED00001007,SKU001,2,6.46,12.91
IT00002452,PED00001008,SKU007,1,12.5,12.5
IT00002453,PED00001008,SKU014,1,7.23,7.23
IT00002454,PED00001008,SKU015,6,6.62,39.7
IT00002455,PED00001009,SKU006,1,9.55,9.55
IT00002456,PED00001009,SKU011,2,16.52,33.04
IT00002457,PED00001009,SKU015,12,6.92,83.08
IT00002458,PED00001010,SKU011,1,16.19,16.19
IT00002459,PED00001010,SKU014,3,7.62,22.86
IT00002460,PED00001011,SKU005,6,8.9,53.42
IT00002461,PED00001011,SKU003,6,3.86,23.18
IT00002462,PED00001011,SKU006,2,9.63,19.26
IT00002463,PED00001011,SKU005,6,8.88,53.29
IT00002464,PED00001011,SKU001,6,6.33,37.99
IT00002465,PED00001012,SKU013,3,11.35,34.06
IT00002466,PED00001012,SKU010,3,14.9,44.7
IT00002467,PED00001012,SKU013,2,10.99,21.99
IT00002468,PED00001012,SKU015,3,7.24,21.72
IT00002469,PED00001013,SKU007,2,13.19,26.39
IT00002470,PED00001013,SKU013,2,11.4,22.81
IT00002471,PED00001013,SKU002,2,4.37,8.74
IT00002472,PED00001013,SKU003,1,3.74,3.74
IT00002473,PED00001014,SKU002,6,4.07,24.41
IT00002474,PED00001014,SKU007,2,12.67,25.34
IT00002475,PED00001015,SKU004,1,8.19,8.19
IT00002476,PED00001015,SKU005,1,8.39,8.39
IT00002477,PED00001015,SKU012,2,11.45,22.89
IT00002478,PED00001015,SKU003,2,3.96,7.93
IT00002479,PED00001016,SKU002,1,4.12,4.12
IT00002480,PED00001016,SKU005,1,8.76,8.76
IT00002481,PED00001017,SKU012,1,12.42,12.42
IT00002482,PED00001017,SKU014,2,7.25,14.5
IT00002483,PED00001017,SKU015,1,6.81,6.81
IT00002484,PED00001018,SKU012,6,11.82,70.92
IT00002485,PED00001018,SKU015,2,6.87,13.75
IT00002486,PED00001018,SKU005,6,8.63,51.77
IT00002487,PED00001019,SKU009,2,19.58,39.17
IT00002488,PED00001020,SKU004,1,7.51,7.51
IT00002489,PED00001020,SKU005,6,8.62,51.74
IT00002490,PED00001021,SKU011,2,17.3,34.6
IT00002491,PED00001021,SKU001,1,6.27,6.27
IT00002492,PED00001022,SKU004,1,7.53,7.53
IT00002493,PED00001022,SKU005,1,8.56,8.56
IT00002494,PED00001022,SKU013,1,11.36,11.36
IT00002495,PED00001023,SKU006,3,9.92,29.75
IT00002496,PED00001023,SKU007,1,13.18,13.18
IT00002497,PED00001023,SKU010,3,15.01,45.04
IT00002498,PED00001024,SKU011,1,16.06,16.06
IT00002499,PED00001024,SKU003,1,3.87,3.87
IT00002500,PED00001024,SKU014,2,7.65,15.3
IT00002501,PED00001024,SKU004,6,7.98,47.89
IT00002502,PED00001025,SKU004,1,7.84,7.84
IT00002503,PED00001025,SKU002,2,4.4,8.8
IT00002504,PED00001025,SKU008,2,19.67,39.34
IT00002505,PED00001026,SKU014,6,7.41,44.47
IT00002506,PED00001026,SKU002,1,4.04,4.04
IT00002507,PED00001026,SKU007,1,13.09,13.09
IT00002508,PED00001026,SKU014,12,7.29,87.5
IT00002509,PED00001027,SKU015,3,6.74,20.21
IT00002510,PED00001027,SKU014,1,7.43,7.43
IT00002511,PED00001027,SKU004,1,8.1,8.1
IT00002512,PED00001028,SKU002,3,4.11,12.34
IT00002513,PED00001029,SKU006,2,9.78,19.56
IT00002514,PED00001029,SKU014,6,7.87,47.22
IT00002515,PED00001029,SKU006,1,10.05,10.05
IT00002516,PED00001030,SKU007,3,12.89,38.67
IT00002517,PED00001031,SKU001,6,6.22,37.33
IT00002518,PED00001031,SKU013,2,10.79,21.58
IT00002519,PED00001032,SKU005,3,8.11,24.34
IT00002520,PED00001032,SKU006,1,9.48,9.48
IT00002521,PED00001033,SKU011,1,16.38,16.38
IT00002522,PED00001033,SKU001,2,6.61,13.22
IT00002523,PED00001033,SKU010,3,15.04,45.11
IT00002524,PED00001034,SKU005,1,8.9,8.9
IT00002525,PED00001035,SKU004,2,8.1,16.2
IT00002526,PED00001036,SKU004,1,7.84,7.84
IT00002527,PED00001036,SKU015,2,6.61,13.22
IT00002528,PED00001037,SKU010,2,14.97,29.93
IT00002529,PED00001037,SKU006,1,10.04,10.04
IT00002530,PED00001038,SKU004,1,7.91,7.91
IT00002531,PED00001038,SKU012,3,12.06,36.19
IT00002532,PED00001039,SKU013,2,11.44,22.88
IT00002533,PED00001039,SKU010,3,15.35,46.04
IT00002534,PED00001040,SKU013,2,10.79,21.58
IT00002535,PED00001040,SKU010,2,14.83,29.65
IT00002536,PED00001041,SKU001,2,6.4,12.81
IT00002537,PED00001041,SKU012,1,11.54,11.54
IT00002538,PED00001042,SKU011,2,16.61,33.23
IT00002539,PED00001042,SKU007,1,12.52,12.52
IT00002540,PED00001042,SKU012,2,11.86,23.72
IT00002541,PED00001043,SKU002,6,4.25,25.49
IT00002542,PED00001043,SKU015,2,7.14,14.28
IT00002543,PED00001044,SKU013,1,11.34,11.34
IT00002544,PED00001044,SKU015,1,6.71,6.71
IT00002545,PED00001044,SKU012,1,11.39,11.39
IT00002546,PED00001044,SKU015,1,6.64,6.64
IT00002547,PED00001044,SKU010,6,15.03,90.2
IT00002548,PED00001045,SKU007,1,12.93,12.93
IT00002549,PED00001045,SKU011,6,16.83,100.98
IT00002550,PED00001046,SKU010,3,14.95,44.85
IT00002551,PED00001046,SKU013,6,10.99,65.94
IT00002552,PED00001046,SKU015,1,6.73,6.73
IT00002553,PED00001046,SKU002,12,4.41,52.91
IT00002554,PED00001047,SKU009,1,19.48,19.48
IT00002555,PED00001047,SKU012,3,11.75,35.24
IT00002556,PED00001047,SKU008,6,18.2,109.23
IT00002557,PED00001047,SKU013,1,10.62,10.62
IT00002558,PED00001048,SKU001,1,6.65,6.65
IT00002559,PED00001049,SKU010,2,14.65,29.3
IT00002560,PED00001049,SKU006,3,10.24,30.71
IT00002561,PED00001050,SKU005,1,8.67,8.67
IT00002562,PED00001050,SKU007,2,12.36,24.73
IT00002563,PED00001051,SKU015,3,6.65,19.95
IT00002564,PED00001051,SKU014,1,7.36,7.36
IT00002565,PED00001052,SKU012,3,12.26,36.77
IT00002566,PED00001052,SKU007,3,12.95,38.86
IT00002567,PED00001053,SKU001,1,6.7,6.7
IT00002568,PED00001053,SKU002,3,4.4,13.2
IT00002569,PED00001053,SKU008,6,18.08,108.46
IT00002570,PED00001054,SKU001,1,6.7,6.7
IT00002571,PED00001054,SKU010,6,14.78,88.7
IT00002572,PED00001055,SKU003,1,3.74,3.74
IT00002573,PED00001055,SKU010,12,14.48,173.71
IT00002574,PED00001056,SKU015,2,6.87,13.74
IT00002575,PED00001057,SKU015,3,6.67,20.02
IT00002576,PED00001057,SKU011,2,15.77,31.53
IT00002577,PED00001058,SKU012,6,12.25,73.49
IT00002578,PED00001058,SKU001,1,6.37,6.37
IT00002579,PED00001059,SKU001,6,6.21,37.28
IT00002580,PED00001060,SKU008,3,19.26,57.78
IT00002581,PED00001060,SKU006,6,9.81,58.89
IT00002582,PED00001060,SKU010,3,15.05,45.15
IT00002583,PED00001060,SKU014,1,7.32,7.32
IT00002584,PED00001061,SKU009,6,19.03,114.2
IT00002585,PED00001062,SKU012,3,12.43,37.3
IT00002586,PED00001062,SKU008,1,18.31,18.31
IT00002587,PED00001062,SKU010,3,14.27,42.81
IT00002588,PED00001062,SKU003,1,3.64,3.64
IT00002589,PED00001063,SKU012,3,12.1,36.31
IT00002590,PED00001063,SKU015,12,6.61,79.27
IT00002591,PED00001063,SKU014,1,7.74,7.74
IT00002592,PED00001063,SKU005,3,8.75,26.26
IT00002593,PED00001064,SKU012,6,12.21,73.29
IT00002594,PED00001064,SKU008,1,18.29,18.29
IT00002595,PED00001064,SKU015,2,6.82,13.65
IT00002596,PED00001065,SKU003,2,3.73,7.46
IT00002597,PED00001066,SKU004,1,7.73,7.73
IT00002598,PED00001066,SKU005,2,8.84,17.69
IT00002599,PED00001067,SKU013,1,11.29,11.29
IT00002600,PED00001067,SKU010,3,15.3,45.89
IT00002601,PED00001068,SKU007,2,13.1,26.21
IT00002602,PED00001068,SKU003,6,3.84,23.02
IT00002603,PED00001068,SKU006,2,9.67,19.34
IT00002604,PED00001068,SKU008,6,18.85,113.11
IT00002605,PED00001069,SKU013,3,10.39,31.16
IT00002606,PED00001070,SKU013,2,10.4,20.8
IT00002607,PED00001070,SKU010,1,15.28,15.28
IT00002608,PED00001070,SKU012,2,11.58,23.16
IT00002609,PED00001070,SKU004,2,8.07,16.15
IT00002610,PED00001070,SKU003,3,3.68,11.03
IT00002611,PED00001071,SKU010,2,15.12,30.24
IT00002612,PED00001071,SKU009,1,19.29,19.29
IT00002613,PED00001071,SKU012,1,12.08,12.08
IT00002614,PED00001072,SKU003,6,3.65,21.88
IT00002615,PED00001072,SKU014,1,7.18,7.18
IT00002616,PED00001072,SKU012,1,12.09,12.09
IT00002617,PED00001073,SKU015,1,7.08,7.08
IT00002618,PED00001073,SKU002,2,4.1,8.2
IT00002619,PED00001074,SKU003,2,3.8,7.6
IT00002620,PED00001074,SKU015,2,7.0,13.99
IT00002621,PED00001074,SKU008,1,18.55,18.55
IT00002622,PED00001075,SKU012,1,11.66,11.66
IT00002623,PED00001075,SKU003,1,3.66,3.66
IT00002624,PED00001075,SKU015,2,6.65,13.31
IT00002625,PED00001076,SKU002,1,4.19,4.19
IT00002626,PED00001076,SKU009,6,20.04,120.22
IT00002627,PED00001076,SKU014,3,7.21,21.63
IT00002628,PED00001077,SKU011,1,16.83,16.83
IT00002629,PED00001077,SKU002,3,4.0,12.0
IT00002630,PED00001078,SKU015,1,6.67,6.67
IT00002631,PED00001079,SKU015,2,6.72,13.43
IT00002632,PED00001079,SKU012,1,11.73,11.73
IT00002633,PED00001080,SKU012,2,12.28,24.57
IT00002634,PED00001080,SKU013,2,10.62,21.24
IT00002635,PED00001081,SKU004,1,7.89,7.89
IT00002636,PED00001081,SKU015,3,6.9,20.71
IT00002637,PED00001081,SKU011,1,16.72,16.72
IT00002638,PED00001081,SKU009,6,20.4,122.39
IT00002639,PED00001082,SKU004,1,7.9,7.9
IT00002640,PED00001082,SKU003,1,3.7,3.7
IT00002641,PED00001082,SKU010,1,15.16,15.16
IT00002642,PED00001082,SKU014,2,7.85,15.71
IT00002643,PED00001082,SKU006,6,9.86,59.17
IT00002644,PED00001083,SKU007,1,12.31,12.31
IT00002645,PED00001083,SKU013,3,10.76,32.28
IT00002646,PED00001084,SKU010,1,15.06,15.06
IT00002647,PED00001084,SKU007,1,13.44,13.44
IT00002648,PED00001084,SKU012,1,12.46,12.46
IT00002649,PED00001085,SKU012,6,11.48,68.91
IT00002650,PED00001085,SKU007,2,13.15,26.31
IT00002651,PED00001085,SKU014,2,7.41,14.83
IT00002652,PED00001086,SKU015,12,6.79,81.5
IT00002653,PED00001086,SKU004,3,8.04,24.11
IT00002654,PED00001086,SKU011,3,16.94,50.81
IT00002655,PED00001087,SKU010,12,14.61,175.3
IT00002656,PED00001087,SKU013,2,11.03,22.06
IT00002657,PED00001088,SKU014,2,7.43,14.86
IT00002658,PED00001088,SKU002,12,4.07,48.86
IT00002659,PED00001088,SKU010,6,15.42,92.5
IT00002660,PED00001089,SKU009,1,19.66,19.66
IT00002661,PED00001089,SKU013,2,10.39,20.77
IT00002662,PED00001090,SKU003,1,3.95,3.95
IT00002663,PED00001090,SKU001,1,6.27,6.27
IT00002664,PED00001091,SKU005,2,8.16,16.33
IT00002665,PED00001091,SKU004,1,8.2,8.2
IT00002666,PED00001092,SKU010,3,14.55,43.64
IT00002667,PED00001092,SKU014,3,7.2,21.61
IT00002668,PED00001093,SKU012,2,12.11,24.23
IT00002669,PED00001093,SKU002,2,4.36,8.71
IT00002670,PED00001093,SKU010,2,14.46,28.92
IT00002671,PED00001094,SKU011,6,17.31,103.86
IT00002672,PED00001094,SKU007,2,12.32,24.64
IT00002673,PED00001094,SKU013,2,11.14,22.28
IT00002674,PED00001094,SKU001,3,6.52,19.56
IT00002675,PED00001094,SKU003,2,3.85,7.71
IT00002676,PED00001095,SKU005,6,8.29,49.74
IT00002677,PED00001095,SKU010,2,14.22,28.44
IT00002678,PED00001095,SKU008,1,18.6,18.6
IT00002679,PED00001095,SKU007,2,13.45,26.91
IT00002680,PED00001096,SKU010,2,15.45,30.91
IT00002681,PED00001096,SKU003,1,3.77,3.77
IT00002682,PED00001096,SKU003,1,3.93,3.93
IT00002683,PED00001096,SKU002,3,4.13,12.39
IT00002684,PED00001097,SKU009,1,20.47,20.47
IT00002685,PED00001097,SKU006,2,10.0,20.0
IT00002686,PED00001098,SKU005,1,8.37,8.37
IT00002687,PED00001098,SKU002,1,4.34,4.34
IT00002688,PED00001098,SKU015,2,6.56,13.11
IT00002689,PED00001098,SKU004,2,8.03,16.05
IT00002690,PED00001098,SKU002,6,4.02,24.11
IT00002691,PED00001099,SKU009,3,20.13,60.4
IT00002692,PED00001099,SKU009,1,20.25,20.25
IT00002693,PED00001100,SKU007,1,12.9,12.9
IT00002694,PED00001100,SKU008,2,18.11,36.23
IT00002695,PED00001101,SKU008,1,18.85,18.85
IT00002696,PED00001101,SKU013,2,10.59,21.18
IT00002697,PED00001102,SKU008,1,19.05,19.05
IT00002698,PED00001102,SKU012,6,11.98,71.91
IT00002699,PED00001102,SKU004,1,8.17,8.17
IT00002700,PED00001103,SKU002,6,4.02,24.11
IT00002701,PED00001103,SKU004,1,8.01,8.01
IT00002702,PED00001104,SKU002,2,4.06,8.13
IT00002703,PED00001104,SKU009,2,18.92,37.85
IT00002704,PED00001104,SKU014,2,7.26,14.53
IT00002705,PED00001104,SKU011,1,15.97,15.97
IT00002706,PED00001105,SKU001,1,6.54,6.54
IT00002707,PED00001105,SKU002,2,4.28,8.56
IT00002708,PED00001105,SKU004,1,8.19,8.19
IT00002709,PED00001106,SKU005,1,8.77,8.77
IT00002710,PED00001107,SKU010,3,15.18,45.55
IT00002711,PED00001107,SKU002,1,4.24,4.24
IT00002712,PED00001107,SKU006,2,9.98,19.95
IT00002713,PED00001108,SKU005,6,8.22,49.32
IT00002714,PED00001108,SKU005,2,8.7,17.4
IT00002715,PED00001108,SKU009,3,19.5,58.49
IT00002716,PED00001109,SKU013,6,10.71,64.28
IT00002717,PED00001109,SKU012,2,12.2,24.41
IT00002718,PED00001110,SKU012,2,12.18,24.35
IT00002719,PED00001111,SKU014,2,7.19,14.37
IT00002720,PED00001111,SKU001,6,6.66,39.98
IT00002721,PED00001111,SKU009,1,20.83,20.83
IT00002722,PED00001112,SKU009,1,19.27,19.27
IT00002723,PED00001112,SKU004,3,7.67,23.01
IT00002724,PED00001113,SKU009,1,20.79,20.79
IT00002725,PED00001113,SKU006,2,10.28,20.57
IT00002726,PED00001114,SKU009,6,20.74,124.47
IT00002727,PED00001114,SKU010,1,15.38,15.38
IT00002728,PED00001115,SKU012,1,12.3,12.3
IT00002729,PED00001115,SKU006,1,10.07,10.07
IT00002730,PED00001116,SKU014,2,7.48,14.96
IT00002731,PED00001116,SKU003,3,3.73,11.19
IT00002732,PED00001117,SKU012,1,11.64,11.64
IT00002733,PED00001117,SKU001,6,6.37,38.22
IT00002734,PED00001117,SKU012,2,11.78,23.56
IT00002735,PED00001117,SKU015,1,7.04,7.04
IT00002736,PED00001118,SKU007,2,12.52,25.05
IT00002737,PED00001118,SKU004,3,7.55,22.66
IT00002738,PED00001118,SKU001,3,6.53,19.59
IT00002739,PED00001119,SKU007,1,12.88,12.88
IT00002740,PED00001119,SKU003,2,3.91,7.82
IT00002741,PED00001120,SKU004,2,7.65,15.3
IT00002742,PED00001120,SKU001,6,6.53,39.17
IT00002743,PED00001121,SKU005,1,8.67,8.67
IT00002744,PED00001121,SKU007,1,13.41,13.41
IT00002745,PED00001121,SKU010,12,14.84,178.12
IT00002746,PED00001121,SKU006,3,9.61,28.82
IT00002747,PED00001122,SKU009,1,19.88,19.88
IT00002748,PED00001122,SKU004,1,7.62,7.62
IT00002749,PED00001122,SKU007,1,12.43,12.43
IT00002750,PED00001123,SKU006,3,10.32,30.97
IT00002751,PED00001123,SKU010,2,15.34,30.69
IT00002752,PED00001124,SKU010,2,15.3,30.59
IT00002753,PED00001124,SKU014,1,7.85,7.85
IT00002754,PED00001125,SKU015,1,7.0,7.0
IT00002755,PED00001125,SKU007,6,13.49,80.96
IT00002756,PED00001126,SKU010,2,14.93,29.87
IT00002757,PED00001126,SKU002,2,4.08,8.15
IT00002758,PED00001126,SKU008,2,19.37,38.74
IT00002759,PED00001126,SKU009,1,19.37,19.37
IT00002760,PED00001127,SKU006,1,10.22,10.22
IT00002761,PED00001127,SKU014,2,7.14,14.28
IT00002762,PED00001127,SKU009,1,19.17,19.17
IT00002763,PED00001127,SKU005,3,8.9,26.7
IT00002764,PED00001128,SKU008,1,18.46,18.46
IT00002765,PED00001128,SKU005,1,8.12,8.12
IT00002766,PED00001129,SKU014,2,7.18,14.36
IT00002767,PED00001129,SKU010,2,15.07,30.15
IT00002768,PED00001129,SKU002,12,4.38,52.53
IT00002769,PED00001130,SKU005,6,8.56,51.38
IT00002770,PED00001130,SKU004,1,7.8,7.8
IT00002771,PED00001130,SKU008,6,19.45,116.73
IT00002772,PED00001131,SKU004,1,7.92,7.92
IT00002773,PED00001132,SKU015,6,7.09,42.56
IT00002774,PED00001133,SKU009,2,18.92,37.85
IT00002775,PED00001134,SKU001,1,6.47,6.47
IT00002776,PED00001134,SKU010,2,14.44,28.87
IT00002777,PED00001134,SKU013,1,10.85,10.85
IT00002778,PED00001135,SKU008,1,18.18,18.18
IT00002779,PED00001135,SKU013,6,10.7,64.2
IT00002780,PED00001135,SKU015,3,6.75,20.24
IT00002781,PED00001136,SKU005,1,8.42,8.42
IT00002782,PED00001137,SKU003,1,3.69,3.69
IT00002783,PED00001137,SKU010,1,14.28,14.28
IT00002784,PED00001138,SKU007,3,12.52,37.57
IT00002785,PED00001138,SKU003,2,3.85,7.7
IT00002786,PED00001138,SKU006,1,10.32,10.32
IT00002787,PED00001138,SKU008,2,19.19,38.37
IT00002788,PED00001139,SKU009,2,19.67,39.33
IT00002789,PED00001139,SKU003,1,3.83,3.83
IT00002790,PED00001140,SKU012,3,11.94,35.83
IT00002791,PED00001140,SKU007,1,12.97,12.97
IT00002792,PED00001140,SKU013,6,11.42,68.54
IT00002793,PED00001141,SKU009,3,19.78,59.33
IT00002794,PED00001141,SKU011,2,15.82,31.64
IT00002795,PED00001142,SKU010,3,15.29,45.88
IT00002796,PED00001143,SKU007,1,13.47,13.47
IT00002797,PED00001143,SKU001,2,6.25,12.5
IT00002798,PED00001144,SKU003,1,3.89,3.89
IT00002799,PED00001145,SKU001,1,6.51,6.51
IT00002800,PED00001146,SKU010,3,15.0,45.0
IT00002801,PED00001146,SKU002,1,4.04,4.04
IT00002802,PED00001147,SKU011,2,17.22,34.43
IT00002803,PED00001147,SKU012,6,12.11,72.64
IT00002804,PED00001148,SKU014,12,7.83,93.99
IT00002805,PED00001148,SKU014,6,7.44,44.66
IT00002806,PED00001149,SKU004,2,8.21,16.42
IT00002807,PED00001149,SKU012,6,12.44,74.64
IT00002808,PED00001149,SKU002,6,4.21,25.26
IT00002809,PED00001150,SKU013,1,11.42,11.42
IT00002810,PED00001150,SKU004,3,8.14,24.42
IT00002811,PED00001150,SKU011,1,16.27,16.27
IT00002812,PED00001151,SKU010,6,14.56,87.37
IT00002813,PED00001151,SKU007,2,12.45,24.89
IT00002814,PED00001152,SKU015,1,6.9,6.9
IT00002815,PED00001152,SKU015,1,6.71,6.71
IT00002816,PED00001152,SKU008,2,19.4,38.81
IT00002817,PED00001153,SKU012,1,11.47,11.47
IT00002818,PED00001153,SKU004,3,7.79,23.36
IT00002819,PED00001154,SKU013,2,10.51,21.01
IT00002820,PED00001154,SKU012,1,11.96,11.96
IT00002821,PED00001154,SKU011,2,15.79,31.58
IT00002822,PED00001155,SKU001,1,6.57,6.57
IT00002823,PED00001156,SKU001,1,6.75,6.75
IT00002824,PED00001156,SKU015,1,7.23,7.23
IT00002825,PED00001157,SKU009,3,18.93,56.78
IT00002826,PED00001157,SKU012,2,12.2,24.4
IT00002827,PED00001158,SKU003,12,3.77,45.23
IT00002828,PED00001159,SKU012,3,12.47,37.42
IT00002829,PED00001159,SKU012,1,12.31,12.31
IT00002830,PED00001160,SKU002,3,4.04,12.13
IT00002831,PED00001160,SKU008,3,18.3,54.9
IT00002832,PED00001161,SKU014,1,7.86,7.86
IT00002833,PED00001161,SKU015,3,6.86,20.58
IT00002834,PED00001161,SKU007,6,12.83,76.95
IT00002835,PED00001161,SKU014,6,7.72,46.31
IT00002836,PED00001161,SKU005,2,8.78,17.56
IT00002837,PED00001162,SKU009,2,20.88,41.76
IT00002838,PED00001162,SKU003,1,3.73,3.73
IT00002839,PED00001163,SKU003,1,3.91,3.91
IT00002840,PED00001163,SKU007,6,13.03,78.21
IT00002841,PED00001163,SKU013,2,10.74,21.49
IT00002842,PED00001163,SKU010,3,14.18,42.54
IT00002843,PED00001164,SKU013,1,10.95,10.95
IT00002844,PED00001164,SKU009,1,19.4,19.4
IT00002845,PED00001164,SKU014,3,7.3,21.9
IT00002846,PED00001165,SKU010,6,14.95,89.73
IT00002847,PED00001165,SKU007,2,13.37,26.74
IT00002848,PED00001166,SKU012,1,12.26,12.26
IT00002849,PED00001167,SKU004,2,7.58,15.17
IT00002850,PED00001167,SKU012,3,11.91,35.72
IT00002851,PED00001167,SKU001,12,6.31,75.68
IT00002852,PED00001167,SKU001,12,6.31,75.67
IT00002853,PED00001168,SKU015,6,7.12,42.7
IT00002854,PED00001168,SKU004,1,8.05,8.05
IT00002855,PED00001169,SKU002,6,4.31,25.85
IT00002856,PED00001169,SKU015,6,7.08,42.48
IT00002857,PED00001169,SKU006,3,10.02,30.05
IT00002858,PED00001170,SKU009,1,19.63,19.63
IT00002859,PED00001170,SKU001,3,6.23,18.68
IT00002860,PED00001171,SKU011,6,16.41,98.44
IT00002861,PED00001171,SKU012,1,11.47,11.47
IT00002862,PED00001171,SKU008,2,18.06,36.12
IT00002863,PED00001172,SKU013,3,11.42,34.26
IT00002864,PED00001172,SKU003,1,3.69,3.69
IT00002865,PED00001173,SKU014,1,7.46,7.46
IT00002866,PED00001173,SKU007,2,12.39,24.78
IT00002867,PED00001174,SKU014,12,7.15,85.78
IT00002868,PED00001174,SKU003,3,3.86,11.59
IT00002869,PED00001175,SKU007,3,13.24,39.72
IT00002870,PED00001176,SKU010,3,14.52,43.56
IT00002871,PED00001177,SKU014,1,7.18,7.18
IT00002872,PED00001177,SKU008,6,18.37,110.2
IT00002873,PED00001177,SKU006,1,10.34,10.34
IT00002874,PED00001177,SKU014,3,7.7,23.1
IT00002875,PED00001178,SKU003,1,3.94,3.94
IT00002876,PED00001178,SKU009,1,18.95,18.95
IT00002877,PED00001179,SKU015,1,6.88,6.88
IT00002878,PED00001180,SKU015,3,6.78,20.35
IT00002879,PED00001180,SKU005,2,8.15,16.31
IT00002880,PED00001180,SKU006,1,9.52,9.52
IT00002881,PED00001181,SKU002,1,4.09,4.09
IT00002882,PED00001181,SKU006,1,10.16,10.16
IT00002883,PED00001181,SKU014,1,7.53,7.53
IT00002884,PED00001181,SKU002,6,4.37,26.23
IT00002885,PED00001182,SKU007,6,13.08,78.48
IT00002886,PED00001182,SKU013,3,11.01,33.02
IT00002887,PED00001183,SKU005,2,8.47,16.94
IT00002888,PED00001183,SKU003,1,3.63,3.63
IT00002889,PED00001184,SKU009,12,20.4,244.83
IT00002890,PED00001184,SKU008,3,18.07,54.21
IT00002891,PED00001184,SKU002,2,4.12,8.24
IT00002892,PED00001185,SKU011,1,15.76,15.76
IT00002893,PED00001185,SKU010,1,14.54,14.54
IT00002894,PED00001185,SKU013,2,10.93,21.86
IT00002895,PED00001186,SKU008,3,18.67,56.0
IT00002896,PED00001187,SKU007,3,12.72,38.15
IT00002897,PED00001187,SKU003,1,3.81,3.81
IT00002898,PED00001188,SKU009,12,20.08,240.98
IT00002899,PED00001188,SKU004,1,8.05,8.05
IT00002900,PED00001188,SKU013,2,10.61,21.22
IT00002901,PED00001188,SKU001,1,6.19,6.19
IT00002902,PED00001189,SKU014,2,7.84,15.68
IT00002903,PED00001189,SKU013,1,10.56,10.56
IT00002904,PED00001190,SKU006,1,9.84,9.84
IT00002905,PED00001190,SKU002,2,4.35,8.7
IT00002906,PED00001190,SKU004,6,7.92,47.53
IT00002907,PED00001191,SKU003,6,3.67,22.0
IT00002908,PED00001191,SKU002,1,4.02,4.02
IT00002909,PED00001191,SKU008,6,19.19,115.12
IT00002910,PED00001192,SKU009,2,19.48,38.96
IT00002911,PED00001192,SKU014,2,7.56,15.12
IT00002912,PED00001192,SKU004,1,7.64,7.64
IT00002913,PED00001193,SKU012,2,12.45,24.9
IT00002914,PED00001193,SKU010,3,14.18,42.53
IT00002915,PED00001193,SKU015,1,7.02,7.02
IT00002916,PED00001193,SKU005,2,8.14,16.28
IT00002917,PED00001194,SKU015,3,7.17,21.5
IT00002918,PED00001195,SKU007,2,13.36,26.71
IT00002919,PED00001195,SKU014,6,7.24,43.47
IT00002920,PED00001195,SKU005,3,8.44,25.33
IT00002921,PED00001195,SKU004,6,7.51,45.06
IT00002922,PED00001196,SKU010,6,14.97,89.85
IT00002923,PED00001196,SKU002,3,4.08,12.25
IT00002924,PED00001196,SKU010,1,14.84,14.84
IT00002925,PED00001197,SKU005,12,8.55,102.64
IT00002926,PED00001197,SKU007,1,13.33,13.33
IT00002927,PED00001197,SKU012,2,11.78,23.55
IT00002928,PED00001198,SKU012,3,11.75,35.25
IT00002929,PED00001198,SKU008,3,18.91,56.73
IT00002930,PED00001199,SKU001,2,6.61,13.21
IT00002931,PED00001200,SKU014,6,7.79,46.72
IT00002932,PED00001200,SKU004,3,7.73,23.18
IT00002933,PED00001201,SKU003,1,3.64,3.64
IT00002934,PED00001202,SKU005,1,8.69,8.69
IT00002935,PED00001202,SKU015,1,7.15,7.15
IT00002936,PED00001202,SKU010,2,14.98,29.96
IT00002937,PED00001202,SKU009,1,20.46,20.46
IT00002938,PED00001202,SKU010,1,15.31,15.31
IT00002939,PED00001203,SKU006,2,10.14,20.28
IT00002940,PED00001203,SKU011,1,15.88,15.88
IT00002941,PED00001204,SKU006,6,10.01,60.06
IT00002942,PED00001204,SKU010,1,14.24,14.24
IT00002943,PED00001204,SKU003,1,3.8,3.8
IT00002944,PED00001205,SKU014,1,7.19,7.19
IT00002945,PED00001205,SKU004,6,7.78,46.65
IT00002946,PED00001205,SKU013,1,10.5,10.5
IT00002947,PED00001206,SKU005,2,8.2,16.41
IT00002948,PED00001206,SKU014,2,7.81,15.63
IT00002949,PED00001207,SKU001,1,6.56,6.56
IT00002950,PED00001207,SKU011,3,16.55,49.66
IT00002951,PED00001207,SKU005,1,8.19,8.19
IT00002952,PED00001208,SKU005,1,8.73,8.73
IT00002953,PED00001208,SKU002,2,4.03,8.07
IT00002954,PED00001209,SKU003,2,3.89,7.78
IT00002955,PED00001209,SKU014,1,7.85,7.85
IT00002956,PED00001209,SKU009,2,20.31,40.63
IT00002957,PED00001210,SKU013,2,10.89,21.78
IT00002958,PED00001211,SKU010,12,14.8,177.55
IT00002959,PED00001212,SKU001,6,6.39,38.35
IT00002960,PED00001212,SKU009,3,19.62,58.86
IT00002961,PED00001213,SKU013,1,11.16,11.16
IT00002962,PED00001214,SKU006,1,9.98,9.98
IT00002963,PED00001214,SKU003,2,3.68,7.35
IT00002964,PED00001215,SKU013,6,10.68,64.09
IT00002965,PED00001215,SKU003,2,3.68,7.36
IT00002966,PED00001216,SKU005,1,8.56,8.56
IT00002967,PED00001216,SKU003,2,3.91,7.82
IT00002968,PED00001217,SKU015,6,6.79,40.75
IT00002969,PED00001218,SKU004,3,7.54,22.63
IT00002970,PED00001219,SKU008,1,19.75,19.75
IT00002971,PED00001219,SKU004,2,7.51,15.02
IT00002972,PED00001220,SKU015,3,6.84,20.53
IT00002973,PED00001220,SKU014,1,7.86,7.86
IT00002974,PED00001221,SKU004,1,7.58,7.58
IT00002975,PED00001221,SKU014,2,7.23,14.47
IT00002976,PED00001222,SKU005,3,8.9,26.69
IT00002977,PED00001222,SKU005,1,8.25,8.25
IT00002978,PED00001222,SKU002,2,4.11,8.21
IT00002979,PED00001223,SKU007,2,12.87,25.74
IT00002980,PED00001223,SKU007,6,13.23,79.35
IT00002981,PED00001223,SKU007,6,12.52,75.14
IT00002982,PED00001224,SKU002,2,4.18,8.35
IT00002983,PED00001224,SKU002,6,4.2,25.19
IT00002984,PED00001224,SKU010,2,14.41,28.82
IT00002985,PED00001224,SKU012,1,12.35,12.35
IT00002986,PED00001225,SKU007,3,13.28,39.85
IT00002987,PED00001225,SKU009,6,20.04,120.27
IT00002988,PED00001226,SKU007,2,12.31,24.62
IT00002989,PED00001226,SKU012,2,11.54,23.08
IT00002990,PED00001226,SKU007,3,12.6,37.8
IT00002991,PED00001227,SKU003,1,3.89,3.89
IT00002992,PED00001227,SKU004,1,7.97,7.97
IT00002993,PED00001227,SKU001,6,6.2,37.18
IT00002994,PED00001227,SKU013,1,10.94,10.94
IT00002995,PED00001228,SKU009,12,19.94,239.34
IT00002996,PED00001228,SKU005,1,8.12,8.12
IT00002997,PED00001229,SKU014,2,7.63,15.27
IT00002998,PED00001229,SKU007,3,12.78,38.33
IT00002999,PED00001229,SKU015,6,7.22,43.32
IT00003000,PED00001229,SKU002,2,4.11,8.23
IT00003001,PED00001230,SKU012,1,12.31,12.31
IT00003002,PED00001230,SKU001,3,6.38,19.13
IT00003003,PED00001231,SKU006,6,9.63,57.78
IT00003004,PED00001231,SKU004,2,8.23,16.46
IT00003005,PED00001232,SKU012,3,12.38,37.15
IT00003006,PED00001232,SKU009,6,19.27,115.62
IT00003007,PED00001233,SKU009,2,20.19,40.39
IT00003008,PED00001234,SKU010,2,14.61,29.22
IT00003009,PED00001234,SKU014,1,7.51,7.51
IT00003010,PED00001234,SKU010,6,14.91,89.43
IT00003011,PED00001235,SKU010,1,15.39,15.39
IT00003012,PED00001235,SKU012,2,11.62,23.23
IT00003013,PED00001235,SKU014,2,7.7,15.4
IT00003014,PED00001236,SKU007,3,13.0,39.0
IT00003015,PED00001236,SKU011,6,15.7,94.2
IT00003016,PED00001236,SKU004,6,7.96,47.78
IT00003017,PED00001237,SKU003,2,3.73,7.47
IT00003018,PED00001238,SKU014,6,7.58,45.5
IT00003019,PED00001238,SKU003,2,3.72,7.44
IT00003020,PED00001239,SKU011,3,17.26,51.77
IT00003021,PED00001239,SKU005,3,8.62,25.86
IT00003022,PED00001239,SKU012,1,11.64,11.64
IT00003023,PED00001239,SKU013,2,11.42,22.84
IT00003024,PED00001240,SKU010,2,15.58,31.17
IT00003025,PED00001240,SKU005,1,8.85,8.85
IT00003026,PED00001241,SKU012,1,12.17,12.17
IT00003027,PED00001241,SKU002,2,4.2,8.4
IT00003028,PED00001241,SKU015,1,6.99,6.99
IT00003029,PED00001242,SKU001,1,6.6,6.6
IT00003030,PED00001242,SKU005,6,8.57,51.41
IT00003031,PED00001242,SKU012,3,12.38,37.13
IT00003032,PED00001242,SKU011,2,16.22,32.43
IT00003033,PED00001243,SKU015,1,6.58,6.58
IT00003034,PED00001244,SKU009,1,20.64,20.64
IT00003035,PED00001244,SKU005,6,8.79,52.75
IT00003036,PED00001244,SKU006,3,9.43,28.3
IT00003037,PED00001244,SKU014,1,7.24,7.24
IT00003038,PED00001245,SKU001,2,6.56,13.12
IT00003039,PED00001245,SKU002,3,4.36,13.08
IT00003040,PED00001246,SKU001,1,6.25,6.25
IT00003041,PED00001247,SKU007,3,12.49,37.48
IT00003042,PED00001247,SKU005,1,8.52,8.52
IT00003043,PED00001247,SKU014,6,7.8,46.8
IT00003044,PED00001247,SKU002,1,4.3,4.3
IT00003045,PED00001248,SKU010,1,15.53,15.53
IT00003046,PED00001248,SKU004,2,7.7,15.4
IT00003047,PED00001248,SKU003,2,3.71,7.42
IT00003048,PED00001249,SKU006,1,10.16,10.16
IT00003049,PED00001249,SKU012,1,11.72,11.72
IT00003050,PED00001250,SKU011,1,16.08,16.08
IT00003051,PED00001250,SKU007,6,12.61,75.64
IT00003052,PED00001250,SKU015,6,6.93,41.59
IT00003053,PED00001250,SKU002,2,4.29,8.58
IT00003054,PED00001251,SKU004,2,7.81,15.61
IT00003055,PED00001251,SKU013,2,11.2,22.4
IT00003056,PED00001251,SKU009,2,20.07,40.14
IT00003057,PED00001251,SKU003,2,3.73,7.46
IT00003058,PED00001251,SKU014,2,7.81,15.62
IT00003059,PED00001252,SKU007,2,12.42,24.84
IT00003060,PED00001253,SKU010,12,15.51,186.11
IT00003061,PED00001253,SKU010,3,14.38,43.15
IT00003062,PED00001254,SKU007,2,12.85,25.71
IT00003063,PED00001254,SKU008,2,18.31,36.62
IT00003064,PED00001254,SKU015,3,6.56,19.69
IT00003065,PED00001254,SKU002,1,4.21,4.21
IT00003066,PED00001255,SKU010,1,15.63,15.63
IT00003067,PED00001255,SKU007,1,12.26,12.26
IT00003068,PED00001255,SKU002,1,4.01,4.01
IT00003069,PED00001255,SKU011,3,17.21,51.63
IT00003070,PED00001255,SKU003,6,3.89,23.31
IT00003071,PED00001256,SKU005,1,8.25,8.25
IT00003072,PED00001257,SKU010,2,15.12,30.23
IT00003073,PED00001258,SKU003,1,3.93,3.93
IT00003074,PED00001259,SKU015,6,7.2,43.22
IT00003075,PED00001259,SKU014,3,7.82,23.45
IT00003076,PED00001260,SKU011,2,16.71,33.42
IT00003077,PED00001261,SKU013,3,11.15,33.46
IT00003078,PED00001262,SKU006,1,9.48,9.48
IT00003079,PED00001262,SKU004,2,7.99,15.99
IT00003080,PED00001262,SKU014,2,7.13,14.27
IT00003081,PED00001263,SKU013,3,11.41,34.22
IT00003082,PED00001263,SKU003,3,3.93,11.78
IT00003083,PED00001263,SKU012,6,12.02,72.1
IT00003084,PED00001264,SKU014,12,7.33,87.98
IT00003085,PED00001264,SKU008,1,19.11,19.11
IT00003086,PED00001264,SKU013,1,10.83,10.83
IT00003087,PED00001264,SKU008,3,18.97,56.9
IT00003088,PED00001265,SKU013,3,11.21,33.64
IT00003089,PED00001266,SKU006,1,9.75,9.75
IT00003090,PED00001266,SKU004,12,7.53,90.41
IT00003091,PED00001267,SKU002,1,4.34,4.34
IT00003092,PED00001267,SKU005,1,8.76,8.76
IT00003093,PED00001267,SKU007,3,12.58,37.73
IT00003094,PED00001268,SKU014,6,7.66,45.98
IT00003095,PED00001268,SKU006,6,9.52,57.13
IT00003096,PED00001269,SKU011,1,16.31,16.31
IT00003097,PED00001269,SKU013,1,11.38,11.38
IT00003098,PED00001270,SKU011,2,16.57,33.13
IT00003099,PED00001270,SKU003,2,3.67,7.34
IT00003100,PED00001270,SKU012,1,12.46,12.46
IT00003101,PED00001271,SKU001,6,6.57,39.41
IT00003102,PED00001272,SKU009,3,20.11,60.33
IT00003103,PED00001272,SKU008,12,18.04,216.43
IT00003104,PED00001273,SKU004,1,7.66,7.66
IT00003105,PED00001273,SKU014,6,7.73,46.4
IT00003106,PED00001274,SKU003,3,3.65,10.96
IT00003107,PED00001274,SKU011,2,16.16,32.32
IT00003108,PED00001275,SKU008,2,18.47,36.94
IT00003109,PED00001275,SKU012,1,11.88,11.88
IT00003110,PED00001275,SKU012,12,11.37,136.47
IT00003111,PED00001276,SKU005,2,8.14,16.27
IT00003112,PED00001276,SKU010,2,15.24,30.48
IT00003113,PED00001276,SKU010,1,15.46,15.46
IT00003114,PED00001277,SKU015,1,6.72,6.72
IT00003115,PED00001277,SKU001,1,6.42,6.42
IT00003116,PED00001277,SKU012,2,11.32,22.65
IT00003117,PED00001278,SKU007,1,12.77,12.77
IT00003118,PED00001278,SKU004,2,7.51,15.02
IT00003119,PED00001278,SKU001,1,6.52,6.52
IT00003120,PED00001278,SKU011,1,16.72,16.72
IT00003121,PED00001279,SKU013,3,11.05,33.15
IT00003122,PED00001280,SKU010,2,15.05,30.09
IT00003123,PED00001280,SKU004,6,7.96,47.75
IT00003124,PED00001280,SKU014,1,7.42,7.42
IT00003125,PED00001281,SKU014,6,7.83,46.96
IT00003126,PED00001281,SKU011,1,17.01,17.01
IT00003127,PED00001282,SKU006,1,9.49,9.49
IT00003128,PED00001282,SKU009,1,20.02,20.02
IT00003129,PED00001283,SKU007,12,12.46,149.49
IT00003130,PED00001283,SKU003,2,3.87,7.74
IT00003131,PED00001283,SKU003,1,3.84,3.84
IT00003132,PED00001284,SKU007,1,12.27,12.27
IT00003133,PED00001284,SKU008,6,18.25,109.48
IT00003134,PED00001285,SKU004,3,7.56,22.68
IT00003135,PED00001285,SKU004,3,8.01,24.02
IT00003136,PED00001286,SKU003,1,3.64,3.64
IT00003137,PED00001286,SKU004,2,7.75,15.5
IT00003138,PED00001287,SKU015,2,6.59,13.19
IT00003139,PED00001287,SKU012,2,11.99,23.97
IT00003140,PED00001288,SKU004,2,7.81,15.62
IT00003141,PED00001288,SKU002,2,4.07,8.14
IT00003142,PED00001289,SKU004,12,8.05,96.64
IT00003143,PED00001289,SKU014,2,7.67,15.35
IT00003144,PED00001289,SKU009,1,20.61,20.61
IT00003145,PED00001290,SKU014,1,7.65,7.65
IT00003146,PED00001291,SKU009,6,19.55,117.28
IT00003147,PED00001292,SKU008,6,19.13,114.78
IT00003148,PED00001293,SKU002,1,4.41,4.41
IT00003149,PED00001294,SKU002,3,4.21,12.63
IT00003150,PED00001294,SKU015,3,7.11,21.32
IT00003151,PED00001295,SKU015,2,6.86,13.71
IT00003152,PED00001296,SKU005,12,8.26,99.08
IT00003153,PED00001296,SKU003,1,3.9,3.9
IT00003154,PED00001297,SKU015,3,7.04,21.11
IT00003155,PED00001298,SKU006,1,9.78,9.78
IT00003156,PED00001298,SKU001,1,6.38,6.38
IT00003157,PED00001299,SKU012,1,12.37,12.37
IT00003158,PED00001299,SKU005,1,8.63,8.63
IT00003159,PED00001299,SKU007,2,13.23,26.47
IT00003160,PED00001300,SKU014,1,7.65,7.65
IT00003161,PED00001301,SKU008,1,19.08,19.08
IT00003162,PED00001301,SKU011,2,15.85,31.69
IT00003163,PED00001302,SKU013,1,11.01,11.01
IT00003164,PED00001302,SKU012,2,11.35,22.69
IT00003165,PED00001302,SKU012,3,11.68,35.04
IT00003166,PED00001302,SKU006,1,9.68,9.68
IT00003167,PED00001302,SKU012,6,11.55,69.31
IT00003168,PED00001303,SKU002,1,4.22,4.22
IT00003169,PED00001304,SKU005,1,8.67,8.67
IT00003170,PED00001304,SKU003,3,3.78,11.33
IT00003171,PED00001305,SKU003,6,3.96,23.78
IT00003172,PED00001305,SKU003,1,3.88,3.88
IT00003173,PED00001306,SKU009,3,20.2,60.59
IT00003174,PED00001306,SKU001,1,6.53,6.53
IT00003175,PED00001307,SKU011,2,16.18,32.36
IT00003176,PED00001307,SKU012,12,12.02,144.22
IT00003177,PED00001308,SKU007,1,13.13,13.13
IT00003178,PED00001308,SKU004,12,8.18,98.18
IT00003179,PED00001308,SKU014,6,7.24,43.44
IT00003180,PED00001309,SKU002,2,4.14,8.28
IT00003181,PED00001310,SKU006,1,10.16,10.16
IT00003182,PED00001310,SKU015,2,6.62,13.25
IT00003183,PED00001310,SKU003,1,3.77,3.77
IT00003184,PED00001310,SKU001,1,6.43,6.43
IT00003185,PED00001311,SKU006,1,9.78,9.78
IT00003186,PED00001311,SKU005,1,8.21,8.21
IT00003187,PED00001311,SKU015,1,6.76,6.76
IT00003188,PED00001312,SKU009,2,19.97,39.94
IT00003189,PED00001312,SKU007,1,13.26,13.26
IT00003190,PED00001313,SKU013,6,10.52,63.14
IT00003191,PED00001313,SKU004,2,7.83,15.66
IT00003192,PED00001313,SKU003,1,3.87,3.87
IT00003193,PED00001314,SKU005,3,8.09,24.26
IT00003194,PED00001315,SKU008,1,18.47,18.47
IT00003195,PED00001315,SKU003,2,3.65,7.3
IT00003196,PED00001315,SKU006,2,9.67,19.35
IT00003197,PED00001316,SKU009,12,18.93,227.2
IT00003198,PED00001316,SKU006,2,10.04,20.08
IT00003199,PED00001317,SKU001,1,6.58,6.58
IT00003200,PED00001317,SKU005,1,8.82,8.82
IT00003201,PED00001317,SKU014,1,7.3,7.3
IT00003202,PED00001317,SKU002,2,4.21,8.43
IT00003203,PED00001317,SKU013,1,10.92,10.92
IT00003204,PED00001318,SKU008,1,18.78,18.78
IT00003205,PED00001318,SKU006,3,10.35,31.05
IT00003206,PED00001318,SKU002,3,4.02,12.05
IT00003207,PED00001319,SKU014,3,7.72,23.15
IT00003208,PED00001319,SKU009,6,20.29,121.74
IT00003209,PED00001319,SKU013,6,10.47,62.82
IT00003210,PED00001320,SKU012,3,11.64,34.91
IT00003211,PED00001320,SKU008,2,18.86,37.73
IT00003212,PED00001321,SKU011,12,17.18,206.21
IT00003213,PED00001321,SKU002,2,4.4,8.8
IT00003214,PED00001321,SKU009,6,20.49,122.96
IT00003215,PED00001322,SKU007,3,13.02,39.06
IT00003216,PED00001322,SKU001,6,6.78,40.67
IT00003217,PED00001322,SKU004,1,8.08,8.08
IT00003218,PED00001323,SKU014,2,7.15,14.3
IT00003219,PED00001323,SKU014,3,7.86,23.58
IT00003220,PED00001324,SKU008,12,19.05,228.64
IT00003221,PED00001324,SKU012,1,12.05,12.05
IT00003222,PED00001325,SKU011,1,16.42,16.42
IT00003223,PED00001325,SKU004,2,7.56,15.11
IT00003224,PED00001326,SKU011,2,16.34,32.69
IT00003225,PED00001326,SKU009,1,19.43,19.43
IT00003226,PED00001326,SKU009,2,19.31,38.63
IT00003227,PED00001327,SKU002,6,4.32,25.92
IT00003228,PED00001328,SKU009,3,20.59,61.77
IT00003229,PED00001328,SKU013,3,10.91,32.74
IT00003230,PED00001328,SKU003,6,3.62,21.72
IT00003231,PED00001329,SKU004,2,7.62,15.24
IT00003232,PED00001329,SKU009,1,20.01,20.01
IT00003233,PED00001329,SKU015,1,6.74,6.74
IT00003234,PED00001330,SKU006,1,9.89,9.89
IT00003235,PED00001330,SKU008,2,18.74,37.47
IT00003236,PED00001331,SKU008,2,19.35,38.71
IT00003237,PED00001332,SKU006,2,10.3,20.6
IT00003238,PED00001332,SKU006,1,9.5,9.5
IT00003239,PED00001332,SKU008,3,19.23,57.7
IT00003240,PED00001332,SKU012,1,11.63,11.63
IT00003241,PED00001333,SKU008,12,19.19,230.23
IT00003242,PED00001333,SKU012,1,11.49,11.49
IT00003243,PED00001334,SKU014,6,7.53,45.15
IT00003244,PED00001334,SKU002,3,4.23,12.7
IT00003245,PED00001334,SKU008,6,18.81,112.84
IT00003246,PED00001335,SKU009,1,19.72,19.72
IT00003247,PED00001335,SKU008,2,18.51,37.02
IT00003248,PED00001336,SKU003,3,3.79,11.38
IT00003249,PED00001336,SKU013,2,11.08,22.15
IT00003250,PED00001337,SKU003,3,3.7,11.1
IT00003251,PED00001337,SKU009,2,20.02,40.04
IT00003252,PED00001337,SKU012,1,11.35,11.35
IT00003253,PED00001338,SKU004,1,7.58,7.58
IT00003254,PED00001338,SKU014,12,7.4,88.86
IT00003255,PED00001338,SKU009,1,20.38,20.38
IT00003256,PED00001338,SKU009,1,19.77,19.77
IT00003257,PED00001339,SKU002,1,4.26,4.26
IT00003258,PED00001340,SKU001,6,6.76,40.55
IT00003259,PED00001341,SKU013,1,10.65,10.65
IT00003260,PED00001341,SKU008,2,19.64,39.27
IT00003261,PED00001342,SKU010,6,15.44,92.61
IT00003262,PED00001342,SKU009,2,20.23,40.45
IT00003263,PED00001342,SKU004,12,8.11,97.37
IT00003264,PED00001342,SKU001,6,6.45,38.71
IT00003265,PED00001342,SKU014,3,7.85,23.56
IT00003266,PED00001343,SKU008,1,19.37,19.37
IT00003267,PED00001343,SKU007,2,13.48,26.97
IT00003268,PED00001344,SKU003,1,3.88,3.88
IT00003269,PED00001344,SKU004,1,7.97,7.97
IT00003270,PED00001344,SKU001,1,6.82,6.82
IT00003271,PED00001344,SKU012,2,11.81,23.62
IT00003272,PED00001345,SKU005,1,8.42,8.42
IT00003273,PED00001346,SKU007,6,12.44,74.61
IT00003274,PED00001346,SKU013,2,10.41,20.82
IT00003275,PED00001346,SKU009,2,19.88,39.76
IT00003276,PED00001346,SKU003,2,3.64,7.27
IT00003277,PED00001347,SKU003,2,3.78,7.55
IT00003278,PED00001348,SKU014,2,7.13,14.25
IT00003279,PED00001348,SKU003,3,3.74,11.21
IT00003280,PED00001348,SKU002,3,4.4,13.2
IT00003281,PED00001349,SKU004,2,7.74,15.49
IT00003282,PED00001349,SKU013,1,10.61,10.61
IT00003283,PED00001349,SKU005,6,8.31,49.86
IT00003284,PED00001349,SKU012,3,11.4,34.21
IT00003285,PED00001350,SKU009,2,20.08,40.16
IT00003286,PED00001350,SKU006,1,9.54,9.54
IT00003287,PED00001350,SKU012,1,11.32,11.32
IT00003288,PED00001351,SKU009,1,19.1,19.1
IT00003289,PED00001351,SKU012,2,12.45,24.91
IT00003290,PED00001351,SKU002,1,4.23,4.23
IT00003291,PED00001351,SKU006,1,9.47,9.47
IT00003292,PED00001352,SKU008,1,19.12,19.12
IT00003293,PED00001353,SKU011,6,15.91,95.46
IT00003294,PED00001353,SKU007,6,13.1,78.61
IT00003295,PED00001353,SKU004,6,8.07,48.45
IT00003296,PED00001354,SKU009,2,19.57,39.14
IT00003297,PED00001355,SKU005,3,8.1,24.29
IT00003298,PED00001356,SKU014,2,7.79,15.59
IT00003299,PED00001357,SKU010,1,15.15,15.15
IT00003300,PED00001357,SKU001,2,6.27,12.53
IT00003301,PED00001358,SKU004,2,7.66,15.31
IT00003302,PED00001358,SKU011,1,15.97,15.97
IT00003303,PED00001359,SKU005,1,8.26,8.26
IT00003304,PED00001359,SKU003,2,3.72,7.45
IT00003305,PED00001360,SKU012,1,12.27,12.27
IT00003306,PED00001360,SKU006,1,10.15,10.15
IT00003307,PED00001361,SKU008,6,18.63,111.77
IT00003308,PED00001362,SKU008,3,18.69,56.08
IT00003309,PED00001363,SKU006,1,9.81,9.81
IT00003310,PED00001363,SKU010,3,14.39,43.18
IT00003311,PED00001364,SKU012,3,12.41,37.22
IT00003312,PED00001364,SKU003,3,3.94,11.83
IT00003313,PED00001364,SKU010,2,14.66,29.32
IT00003314,PED00001365,SKU011,2,16.74,33.48
IT00003315,PED00001366,SKU009,1,20.4,20.4
IT00003316,PED00001366,SKU004,3,7.53,22.58
IT00003317,PED00001367,SKU010,3,15.48,46.44
IT00003318,PED00001367,SKU009,3,19.06,57.18
IT00003319,PED00001367,SKU002,2,4.08,8.17
IT00003320,PED00001368,SKU013,1,10.5,10.5
IT00003321,PED00001369,SKU009,6,18.94,113.66
IT00003322,PED00001369,SKU015,1,7.06,7.06
IT00003323,PED00001370,SKU008,2,18.57,37.13
IT00003324,PED00001370,SKU005,6,8.71,52.27
IT00003325,PED00001370,SKU014,3,7.42,22.25
IT00003326,PED00001371,SKU014,6,7.6,45.59
IT00003327,PED00001371,SKU005,1,8.41,8.41
IT00003328,PED00001371,SKU010,1,15.42,15.42
IT00003329,PED00001371,SKU002,12,4.04,48.43
IT00003330,PED00001372,SKU007,3,12.97,38.9
IT00003331,PED00001372,SKU004,1,7.98,7.98
IT00003332,PED00001372,SKU001,1,6.43,6.43
IT00003333,PED00001373,SKU013,3,10.57,31.7
IT00003334,PED00001373,SKU004,1,7.72,7.72
IT00003335,PED00001373,SKU008,6,18.75,112.48
IT00003336,PED00001374,SKU005,1,8.13,8.13
IT00003337,PED00001374,SKU002,6,4.2,25.18
IT00003338,PED00001374,SKU004,1,8.29,8.29
IT00003339,PED00001375,SKU013,1,11.28,11.28
IT00003340,PED00001375,SKU011,6,15.94,95.65
IT00003341,PED00001375,SKU015,1,6.92,6.92
IT00003342,PED00001376,SKU004,1,7.6,7.6
IT00003343,PED00001376,SKU014,3,7.32,21.96
IT00003344,PED00001376,SKU015,3,6.78,20.35
IT00003345,PED00001377,SKU011,1,17.06,17.06
IT00003346,PED00001377,SKU015,2,6.7,13.39
IT00003347,PED00001377,SKU009,2,19.06,38.13
IT00003348,PED00001378,SKU010,3,15.54,46.61
IT00003349,PED00001378,SKU014,1,7.23,7.23
IT00003350,PED00001378,SKU015,2,7.15,14.31
IT00003351,PED00001379,SKU005,1,8.85,8.85
IT00003352,PED00001379,SKU015,3,7.09,21.26
IT00003353,PED00001379,SKU010,1,14.8,14.8
IT00003354,PED00001379,SKU014,2,7.49,14.99
IT00003355,PED00001380,SKU010,12,15.13,181.62
IT00003356,PED00001380,SKU007,1,13.0,13.0
IT00003357,PED00001381,SKU004,1,7.77,7.77
IT00003358,PED00001382,SKU006,1,10.39,10.39
IT00003359,PED00001382,SKU003,3,3.8,11.4
IT00003360,PED00001383,SKU009,2,20.13,40.25
IT00003361,PED00001383,SKU009,2,20.72,41.43
IT00003362,PED00001384,SKU002,2,4.25,8.51
IT00003363,PED00001385,SKU003,2,3.89,7.77
IT00003364,PED00001386,SKU011,1,16.16,16.16
IT00003365,PED00001386,SKU011,6,15.86,95.15
IT00003366,PED00001387,SKU013,1,10.36,10.36
IT00003367,PED00001387,SKU011,12,16.35,196.25
IT00003368,PED00001388,SKU009,3,19.15,57.44
IT00003369,PED00001389,SKU009,1,19.56,19.56
IT00003370,PED00001389,SKU003,2,3.75,7.49
IT00003371,PED00001390,SKU013,1,10.76,10.76
IT00003372,PED00001390,SKU013,1,10.48,10.48
IT00003373,PED00001391,SKU009,2,20.74,41.49
IT00003374,PED00001391,SKU001,3,6.46,19.38
IT00003375,PED00001391,SKU002,3,4.38,13.15
IT00003376,PED00001392,SKU014,1,7.8,7.8
IT00003377,PED00001392,SKU002,3,4.37,13.12
IT00003378,PED00001393,SKU015,1,7.01,7.01
IT00003379,PED00001393,SKU005,2,8.42,16.85
IT00003380,PED00001394,SKU010,1,14.73,14.73
IT00003381,PED00001394,SKU013,1,11.42,11.42
IT00003382,PED00001394,SKU009,3,20.83,62.49
IT00003383,PED00001395,SKU012,2,12.41,24.83
IT00003384,PED00001395,SKU015,1,7.05,7.05
IT00003385,PED00001395,SKU010,2,14.63,29.26
IT00003386,PED00001396,SKU013,1,10.98,10.98
IT00003387,PED00001397,SKU010,6,14.79,88.77
IT00003388,PED00001398,SKU015,1,6.83,6.83
IT00003389,PED00001398,SKU003,2,3.65,7.29
IT00003390,PED00001399,SKU005,1,8.69,8.69
IT00003391,PED00001400,SKU003,1,3.94,3.94
IT00003392,PED00001400,SKU001,2,6.61,13.23
IT00003393,PED00001400,SKU004,3,8.22,24.65
IT00003394,PED00001400,SKU003,1,3.8,3.8
IT00003395,PED00001401,SKU010,1,14.95,14.95
IT00003396,PED00001401,SKU006,2,10.24,20.48
IT00003397,PED00001401,SKU010,6,14.73,88.36
IT00003398,PED00001401,SKU014,2,7.73,15.46
IT00003399,PED00001402,SKU006,3,9.69,29.08
IT00003400,PED00001402,SKU003,6,3.93,23.59
IT00003401,PED00001402,SKU006,3,10.32,30.95
IT00003402,PED00001403,SKU010,3,14.81,44.44
IT00003403,PED00001403,SKU002,2,4.39,8.78
IT00003404,PED00001403,SKU010,1,14.35,14.35
IT00003405,PED00001403,SKU005,1,8.47,8.47
IT00003406,PED00001404,SKU008,6,19.53,117.19
IT00003407,PED00001404,SKU007,1,12.42,12.42
IT00003408,PED00001404,SKU006,3,10.37,31.1
IT00003409,PED00001405,SKU001,2,6.61,13.22
IT00003410,PED00001406,SKU001,1,6.59,6.59
IT00003411,PED00001407,SKU011,1,16.49,16.49
IT00003412,PED00001407,SKU009,3,19.61,58.83
IT00003413,PED00001407,SKU010,1,15.24,15.24
IT00003414,PED00001408,SKU004,1,7.69,7.69
IT00003415,PED00001408,SKU007,3,12.86,38.58
IT00003416,PED00001408,SKU015,3,7.09,21.26
IT00003417,PED00001408,SKU005,1,8.32,8.32
IT00003418,PED00001409,SKU002,6,4.27,25.63
IT00003419,PED00001409,SKU008,2,18.75,37.5
IT00003420,PED00001409,SKU007,1,12.7,12.7
IT00003421,PED00001410,SKU012,3,11.87,35.62
IT00003422,PED00001411,SKU009,3,19.78,59.35
IT00003423,PED00001411,SKU007,3,12.87,38.61
IT00003424,PED00001412,SKU014,1,7.74,7.74
IT00003425,PED00001413,SKU005,1,8.11,8.11
IT00003426,PED00001414,SKU014,1,7.65,7.65
IT00003427,PED00001414,SKU004,1,7.85,7.85
IT00003428,PED00001414,SKU010,3,14.9,44.71
IT00003429,PED00001415,SKU013,3,10.8,32.41
IT00003430,PED00001415,SKU010,1,15.62,15.62
IT00003431,PED00001415,SKU015,1,6.92,6.92
IT00003432,PED00001416,SKU003,2,3.94,7.88
IT00003433,PED00001416,SKU015,1,7.17,7.17
IT00003434,PED00001417,SKU006,3,9.72,29.15
IT00003435,PED00001417,SKU013,2,10.87,21.73
IT00003436,PED00001417,SKU007,1,12.82,12.82
IT00003437,PED00001417,SKU005,2,8.21,16.42
IT00003438,PED00001417,SKU005,6,8.57,51.4
IT00003439,PED00001418,SKU007,1,12.94,12.94
IT00003440,PED00001418,SKU006,6,9.55,57.28
IT00003441,PED00001418,SKU011,1,16.37,16.37
IT00003442,PED00001418,SKU003,3,3.94,11.83
IT00003443,PED00001418,SKU012,2,12.02,24.03
IT00003444,PED00001419,SKU003,2,3.72,7.45
IT00003445,PED00001420,SKU014,3,7.77,23.3
IT00003446,PED00001420,SKU011,3,15.69,47.06
IT00003447,PED00001421,SKU001,2,6.31,12.61
IT00003448,PED00001421,SKU011,3,15.9,47.69
IT00003449,PED00001421,SKU005,2,8.65,17.31
IT00003450,PED00001422,SKU012,3,11.68,35.05
IT00003451,PED00001422,SKU012,6,11.89,71.32
IT00003452,PED00001422,SKU013,3,10.37,31.1
IT00003453,PED00001422,SKU004,2,7.68,15.36
IT00003454,PED00001423,SKU014,1,7.79,7.79
IT00003455,PED00001424,SKU004,12,7.67,92.07
IT00003456,PED00001424,SKU014,2,7.56,15.11
IT00003457,PED00001425,SKU007,1,12.69,12.69
IT00003458,PED00001425,SKU011,1,17.19,17.19
IT00003459,PED00001425,SKU015,2,7.19,14.37
IT00003460,PED00001426,SKU005,3,8.72,26.17
IT00003461,PED00001427,SKU007,1,12.7,12.7
IT00003462,PED00001427,SKU015,2,7.03,14.06
IT00003463,PED00001428,SKU001,1,6.59,6.59
IT00003464,PED00001428,SKU001,1,6.35,6.35
IT00003465,PED00001428,SKU002,1,4.15,4.15
IT00003466,PED00001429,SKU008,1,18.56,18.56
IT00003467,PED00001429,SKU009,1,18.99,18.99
IT00003468,PED00001429,SKU011,1,17.2,17.2
IT00003469,PED00001430,SKU015,3,6.66,19.99
IT00003470,PED00001431,SKU002,1,4.21,4.21
IT00003471,PED00001432,SKU010,3,14.93,44.8
IT00003472,PED00001432,SKU011,1,16.36,16.36
IT00003473,PED00001433,SKU002,2,4.17,8.33
IT00003474,PED00001433,SKU008,3,18.99,56.96
IT00003475,PED00001433,SKU004,2,7.69,15.39
IT00003476,PED00001434,SKU015,3,6.89,20.66
IT00003477,PED00001435,SKU001,6,6.68,40.08
IT00003478,PED00001435,SKU001,1,6.51,6.51
IT00003479,PED00001435,SKU004,1,8.16,8.16
IT00003480,PED00001435,SKU003,2,3.76,7.51
IT00003481,PED00001436,SKU003,6,3.75,22.51
IT00003482,PED00001437,SKU015,2,6.88,13.76
IT00003483,PED00001438,SKU003,12,3.91,46.94
IT00003484,PED00001438,SKU008,2,19.37,38.73
IT00003485,PED00001438,SKU013,1,11.31,11.31
IT00003486,PED00001439,SKU008,6,18.23,109.39
IT00003487,PED00001440,SKU001,1,6.6,6.6
IT00003488,PED00001440,SKU014,6,7.62,45.73
IT00003489,PED00001440,SKU008,1,19.12,19.12
IT00003490,PED00001440,SKU015,3,7.18,21.53
IT00003491,PED00001441,SKU007,3,12.78,38.34
IT00003492,PED00001441,SKU001,3,6.65,19.94
IT00003493,PED00001441,SKU007,2,12.56,25.12
IT00003494,PED00001442,SKU007,3,12.73,38.18
IT00003495,PED00001442,SKU013,2,10.57,21.15
IT00003496,PED00001442,SKU012,1,12.3,12.3
IT00003497,PED00001442,SKU010,1,14.54,14.54
IT00003498,PED00001442,SKU010,3,14.84,44.52
IT00003499,PED00001443,SKU013,3,10.48,31.44
IT00003500,PED00001443,SKU015,6,6.58,39.48
IT00003501,PED00001444,SKU010,3,15.15,45.46
IT00003502,PED00001444,SKU014,2,7.38,14.75
IT00003503,PED00001445,SKU015,1,6.68,6.68
IT00003504,PED00001445,SKU005,2,8.48,16.95
IT00003505,PED00001446,SKU013,1,11.31,11.31
IT00003506,PED00001446,SKU002,6,4.39,26.33
IT00003507,PED00001446,SKU012,1,12.09,12.09
IT00003508,PED00001446,SKU007,2,13.26,26.52
IT00003509,PED00001447,SKU001,6,6.62,39.74
IT00003510,PED00001447,SKU012,3,11.47,34.42
IT00003511,PED00001448,SKU009,3,19.46,58.39
IT00003512,PED00001448,SKU014,1,7.78,7.78
IT00003513,PED00001448,SKU007,12,12.52,150.2
IT00003514,PED00001449,SKU012,3,12.37,37.12
IT00003515,PED00001449,SKU013,1,11.34,11.34
IT00003516,PED00001450,SKU008,2,19.33,38.66
IT00003517,PED00001451,SKU012,12,11.38,136.58
IT00003518,PED00001451,SKU009,6,20.1,120.6
IT00003519,PED00001452,SKU004,3,7.82,23.45
IT00003520,PED00001452,SKU009,6,18.95,113.73
IT00003521,PED00001453,SKU013,2,11.2,22.41
IT00003522,PED00001453,SKU015,3,6.73,20.2
IT00003523,PED00001453,SKU008,6,19.6,117.62
IT00003524,PED00001453,SKU015,3,6.61,19.82
IT00003525,PED00001453,SKU014,6,7.19,43.15
IT00003526,PED00001454,SKU004,3,7.99,23.98
IT00003527,PED00001454,SKU005,12,8.16,97.87
IT00003528,PED00001455,SKU006,3,10.15,30.46
IT00003529,PED00001455,SKU002,2,4.19,8.39
IT00003530,PED00001455,SKU008,3,18.14,54.42
IT00003531,PED00001456,SKU009,2,20.23,40.46
IT00003532,PED00001456,SKU006,1,10.13,10.13
IT00003533,PED00001457,SKU014,3,7.13,21.4
IT00003534,PED00001457,SKU012,3,11.84,35.51
IT00003535,PED00001458,SKU009,12,18.91,226.88
IT00003536,PED00001458,SKU005,2,8.28,16.56
IT00003537,PED00001458,SKU006,2,9.51,19.02
IT00003538,PED00001458,SKU006,1,9.88,9.88
IT00003539,PED00001459,SKU012,2,11.68,23.36
IT00003540,PED00001459,SKU015,1,7.05,7.05
IT00003541,PED00001459,SKU015,1,7.09,7.09
IT00003542,PED00001460,SKU014,2,7.42,14.84
IT00003543,PED00001460,SKU013,1,10.94,10.94
IT00003544,PED00001460,SKU002,3,4.34,13.03
IT00003545,PED00001460,SKU005,2,8.11,16.22
IT00003546,PED00001460,SKU014,3,7.71,23.12
IT00003547,PED00001461,SKU015,2,7.0,13.99
IT00003548,PED00001461,SKU001,3,6.59,19.78
IT00003549,PED00001461,SKU013,1,10.57,10.57
IT00003550,PED00001462,SKU014,3,7.5,22.49
IT00003551,PED00001462,SKU003,2,3.98,7.96
IT00003552,PED00001463,SKU002,3,4.0,11.99
IT00003553,PED00001463,SKU003,6,3.62,21.69
IT00003554,PED00001464,SKU003,1,3.92,3.92
IT00003555,PED00001464,SKU008,2,18.84,37.68
IT00003556,PED00001464,SKU013,3,10.67,32.01
IT00003557,PED00001465,SKU010,2,14.76,29.53
IT00003558,PED00001465,SKU013,6,10.63,63.8
IT00003559,PED00001465,SKU012,2,12.38,24.76
IT00003560,PED00001466,SKU011,2,16.58,33.16
IT00003561,PED00001466,SKU009,3,19.74,59.22
IT00003562,PED00001467,SKU015,2,6.93,13.86
IT00003563,PED00001467,SKU007,3,13.36,40.07
IT00003564,PED00001468,SKU013,2,10.75,21.51
IT00003565,PED00001468,SKU008,1,18.91,18.91
IT00003566,PED00001468,SKU010,1,14.39,14.39
IT00003567,PED00001468,SKU015,3,7.09,21.26
IT00003568,PED00001469,SKU014,2,7.39,14.78
IT00003569,PED00001469,SKU013,3,10.69,32.06
IT00003570,PED00001469,SKU013,1,11.44,11.44
IT00003571,PED00001470,SKU003,6,3.9,23.39
IT00003572,PED00001471,SKU006,1,10.19,10.19
IT00003573,PED00001471,SKU006,3,10.36,31.09
IT00003574,PED00001471,SKU001,1,6.78,6.78
IT00003575,PED00001471,SKU002,2,4.13,8.26
IT00003576,PED00001471,SKU006,1,9.44,9.44
IT00003577,PED00001472,SKU004,6,7.62,45.69
IT00003578,PED00001472,SKU008,2,19.41,38.83
IT00003579,PED00001473,SKU013,3,11.34,34.03
IT00003580,PED00001474,SKU003,2,3.93,7.86
IT00003581,PED00001474,SKU007,6,13.29,79.77
IT00003582,PED00001474,SKU006,1,9.46,9.46
IT00003583,PED00001474,SKU006,2,9.93,19.86
IT00003584,PED00001475,SKU010,6,15.09,90.52
IT00003585,PED00001476,SKU012,2,11.34,22.68
IT00003586,PED00001476,SKU013,2,10.87,21.74
IT00003587,PED00001476,SKU009,6,19.73,118.39
IT00003588,PED00001477,SKU007,3,13.24,39.72
IT00003589,PED00001477,SKU012,1,11.81,11.81
IT00003590,PED00001478,SKU007,1,13.02,13.02
IT00003591,PED00001478,SKU015,1,6.95,6.95
IT00003592,PED00001478,SKU002,3,4.17,12.51
IT00003593,PED00001479,SKU001,3,6.64,19.93
IT00003594,PED00001479,SKU014,2,7.23,14.46
IT00003595,PED00001480,SKU003,12,3.69,44.3
IT00003596,PED00001481,SKU005,3,8.12,24.37
IT00003597,PED00001482,SKU004,1,7.88,7.88
IT00003598,PED00001482,SKU013,2,10.77,21.54
IT00003599,PED00001483,SKU002,2,4.29,8.57
IT00003600,PED00001484,SKU010,2,14.33,28.66
IT00003601,PED00001484,SKU011,1,15.7,15.7
IT00003602,PED00001484,SKU003,3,3.65,10.96
IT00003603,PED00001485,SKU009,1,19.76,19.76
IT00003604,PED00001485,SKU011,3,16.9,50.71
IT00003605,PED00001485,SKU012,2,11.58,23.15
IT00003606,PED00001485,SKU010,1,14.3,14.3
IT00003607,PED00001486,SKU002,3,4.14,12.42
IT00003608,PED00001486,SKU010,2,14.83,29.65
IT00003609,PED00001486,SKU001,2,6.36,12.73
IT00003610,PED00001487,SKU003,1,3.9,3.9
IT00003611,PED00001488,SKU006,6,9.57,57.44
IT00003612,PED00001488,SKU006,2,9.85,19.71
IT00003613,PED00001489,SKU011,3,16.8,50.39
IT00003614,PED00001489,SKU005,3,8.53,25.59
IT00003615,PED00001490,SKU003,2,3.64,7.27
IT00003616,PED00001490,SKU014,3,7.2,21.6
IT00003617,PED00001491,SKU003,2,3.7,7.4
IT00003618,PED00001491,SKU001,3,6.66,19.97
IT00003619,PED00001491,SKU011,3,17.13,51.39
IT00003620,PED00001492,SKU011,1,17.22,17.22
IT00003621,PED00001492,SKU008,12,19.35,232.2
IT00003622,PED00001492,SKU010,1,15.27,15.27
IT00003623,PED00001493,SKU012,3,12.23,36.7
IT00003624,PED00001494,SKU011,2,16.68,33.35
IT00003625,PED00001494,SKU002,1,4.18,4.18
IT00003626,PED00001494,SKU009,2,20.43,40.85
IT00003627,PED00001495,SKU008,1,18.7,18.7
IT00003628,PED00001495,SKU006,2,9.52,19.04
IT00003629,PED00001496,SKU012,3,11.9,35.7
IT00003630,PED00001496,SKU007,3,13.35,40.04
IT00003631,PED00001496,SKU004,2,7.82,15.64
IT00003632,PED00001496,SKU003,3,3.9,11.7
IT00003633,PED00001497,SKU014,2,7.69,15.37
IT00003634,PED00001497,SKU014,12,7.25,86.99
IT00003635,PED00001498,SKU003,2,3.69,7.38
IT00003636,PED00001498,SKU004,1,8.26,8.26
IT00003637,PED00001498,SKU002,1,4.18,4.18
IT00003638,PED00001498,SKU013,1,10.68,10.68
IT00003639,PED00001499,SKU004,6,7.83,47.0
IT00003640,PED00001499,SKU008,1,18.43,18.43
IT00003641,PED00001499,SKU006,2,10.37,20.74
IT00003642,PED00001500,SKU005,2,8.49,16.98
IT00003643,PED00001501,SKU003,3,3.88,11.64
IT00003644,PED00001501,SKU010,1,15.11,15.11
IT00003645,PED00001501,SKU008,6,18.68,112.08
IT00003646,PED00001502,SKU009,2,19.16,38.32
IT00003647,PED00001503,SKU007,3,13.35,40.05
IT00003648,PED00001503,SKU008,1,18.8,18.8
IT00003649,PED00001503,SKU010,3,15.4,46.2
IT00003650,PED00001504,SKU003,6,3.66,21.97
IT00003651,PED00001505,SKU009,3,20.88,62.65
IT00003652,PED00001505,SKU015,12,6.85,82.24
IT00003653,PED00001505,SKU008,1,19.47,19.47
IT00003654,PED00001506,SKU006,6,9.85,59.09
IT00003655,PED00001506,SKU003,3,3.9,11.69
IT00003656,PED00001507,SKU004,2,8.05,16.1
IT00003657,PED00001507,SKU010,3,15.48,46.43
IT00003658,PED00001507,SKU001,2,6.81,13.62
IT00003659,PED00001507,SKU003,3,3.65,10.96
IT00003660,PED00001508,SKU004,6,8.05,48.31
IT00003661,PED00001509,SKU013,6,10.69,64.16
IT00003662,PED00001509,SKU010,6,14.52,87.1
IT00003663,PED00001509,SKU011,1,16.26,16.26
IT00003664,PED00001510,SKU011,2,16.64,33.28
IT00003665,PED00001510,SKU013,6,10.52,63.13
IT00003666,PED00001510,SKU014,1,7.67,7.67
IT00003667,PED00001510,SKU010,3,14.37,43.12
IT00003668,PED00001511,SKU002,3,4.34,13.03
IT00003669,PED00001511,SKU015,6,6.73,40.38
IT00003670,PED00001511,SKU008,6,19.65,117.91
IT00003671,PED00001511,SKU015,6,7.12,42.72
IT00003672,PED00001512,SKU005,1,8.25,8.25
IT00003673,PED00001512,SKU013,2,10.7,21.4
IT00003674,PED00001513,SKU009,3,19.58,58.73
IT00003675,PED00001513,SKU010,1,15.03,15.03
IT00003676,PED00001513,SKU012,3,11.74,35.21
IT00003677,PED00001514,SKU012,1,11.88,11.88
IT00003678,PED00001514,SKU013,6,10.71,64.28
IT00003679,PED00001514,SKU013,6,10.81,64.87
IT00003680,PED00001514,SKU009,1,20.65,20.65
IT00003681,PED00001515,SKU012,1,11.32,11.32
IT00003682,PED00001515,SKU015,1,6.65,6.65
IT00003683,PED00001515,SKU003,3,3.89,11.67
IT00003684,PED00001516,SKU004,1,7.69,7.69
IT00003685,PED00001516,SKU006,1,9.42,9.42
IT00003686,PED00001516,SKU015,2,7.0,14.01
IT00003687,PED00001517,SKU004,6,8.1,48.6
IT00003688,PED00001517,SKU001,3,6.37,19.12
IT00003689,PED00001517,SKU007,2,13.41,26.82
IT00003690,PED00001518,SKU005,1,8.5,8.5
IT00003691,PED00001518,SKU004,3,7.99,23.98
IT00003692,PED00001518,SKU002,6,4.19,25.12
IT00003693,PED00001518,SKU006,1,10.03,10.03
IT00003694,PED00001519,SKU002,1,4.07,4.07
IT00003695,PED00001519,SKU007,1,12.6,12.6
IT00003696,PED00001519,SKU012,2,12.48,24.97
IT00003697,PED00001519,SKU001,3,6.29,18.87
IT00003698,PED00001520,SKU007,1,12.58,12.58
IT00003699,PED00001520,SKU014,1,7.74,7.74
IT00003700,PED00001521,SKU011,3,15.92,47.76
IT00003701,PED00001522,SKU009,2,19.36,38.73
IT00003702,PED00001522,SKU004,1,7.88,7.88
IT00003703,PED00001523,SKU006,6,9.58,57.47
IT00003704,PED00001523,SKU004,3,7.64,22.93
IT00003705,PED00001523,SKU010,6,14.98,89.89
IT00003706,PED00001524,SKU009,3,20.77,62.3
IT00003707,PED00001524,SKU013,3,10.76,32.29
IT00003708,PED00001524,SKU005,6,8.86,53.15
IT00003709,PED00001525,SKU002,6,4.19,25.13
IT00003710,PED00001525,SKU006,1,9.86,9.86
IT00003711,PED00001526,SKU008,1,18.47,18.47
IT00003712,PED00001526,SKU005,3,8.59,25.78
IT00003713,PED00001526,SKU007,3,12.92,38.76
IT00003714,PED00001527,SKU011,1,17.1,17.1
IT00003715,PED00001527,SKU014,2,7.16,14.33
IT00003716,PED00001527,SKU014,1,7.46,7.46
IT00003717,PED00001527,SKU002,1,4.39,4.39
IT00003718,PED00001528,SKU006,1,9.74,9.74
IT00003719,PED00001528,SKU009,3,19.75,59.24
IT00003720,PED00001529,SKU006,3,10.04,30.11
IT00003721,PED00001529,SKU007,2,12.68,25.36
IT00003722,PED00001529,SKU015,12,7.19,86.33
IT00003723,PED00001530,SKU003,6,3.89,23.37
IT00003724,PED00001530,SKU005,6,8.75,52.51
IT00003725,PED00001531,SKU014,1,7.17,7.17
IT00003726,PED00001531,SKU014,3,7.31,21.92
IT00003727,PED00001531,SKU006,6,10.39,62.36
IT00003728,PED00001531,SKU007,3,13.23,39.69
IT00003729,PED00001531,SKU014,6,7.51,45.06
IT00003730,PED00001532,SKU009,6,20.24,121.44
IT00003731,PED00001532,SKU004,1,7.78,7.78
IT00003732,PED00001533,SKU013,3,10.58,31.75
IT00003733,PED00001533,SKU013,1,11.36,11.36
IT00003734,PED00001534,SKU007,1,12.44,12.44
IT00003735,PED00001534,SKU004,3,7.68,23.03
IT00003736,PED00001534,SKU005,3,8.25,24.76
IT00003737,PED00001534,SKU010,1,14.91,14.91
IT00003738,PED00001535,SKU006,2,9.82,19.64
IT00003739,PED00001536,SKU006,2,10.28,20.56
IT00003740,PED00001536,SKU003,3,3.95,11.84
IT00003741,PED00001537,SKU010,2,14.89,29.79
IT00003742,PED00001537,SKU013,2,11.2,22.4
IT00003743,PED00001537,SKU006,3,10.08,30.25
IT00003744,PED00001537,SKU011,1,16.15,16.15
IT00003745,PED00001538,SKU005,6,8.81,52.88
IT00003746,PED00001538,SKU013,3,10.87,32.62
IT00003747,PED00001539,SKU005,2,8.37,16.75
IT00003748,PED00001539,SKU005,1,8.34,8.34
IT00003749,PED00001540,SKU010,6,15.26,91.53
IT00003750,PED00001540,SKU013,2,10.79,21.58
IT00003751,PED00001540,SKU012,2,11.59,23.19
IT00003752,PED00001541,SKU003,6,3.94,23.63
IT00003753,PED00001541,SKU003,6,3.77,22.64
IT00003754,PED00001542,SKU002,1,4.3,4.3
IT00003755,PED00001542,SKU014,1,7.87,7.87
IT00003756,PED00001542,SKU011,2,16.37,32.74
IT00003757,PED00001543,SKU009,1,20.67,20.67
IT00003758,PED00001544,SKU015,1,7.0,7.0
IT00003759,PED00001544,SKU011,2,16.48,32.96
IT00003760,PED00001545,SKU003,3,3.62,10.85
IT00003761,PED00001545,SKU006,3,9.77,29.31
IT00003762,PED00001546,SKU012,1,12.17,12.17
IT00003763,PED00001546,SKU010,3,14.89,44.68
IT00003764,PED00001546,SKU015,1,6.57,6.57
IT00003765,PED00001547,SKU015,1,6.82,6.82
IT00003766,PED00001548,SKU009,1,19.42,19.42
IT00003767,PED00001548,SKU005,6,8.78,52.67
IT00003768,PED00001548,SKU001,1,6.57,6.57
IT00003769,PED00001549,SKU006,12,9.94,119.24
IT00003770,PED00001549,SKU012,3,12.2,36.61
IT00003771,PED00001550,SKU002,2,4.07,8.14
IT00003772,PED00001550,SKU003,2,3.75,7.5
IT00003773,PED00001550,SKU005,6,8.9,53.4
IT00003774,PED00001550,SKU013,1,11.24,11.24
IT00003775,PED00001551,SKU006,6,10.2,61.22
IT00003776,PED00001551,SKU001,6,6.51,39.09
IT00003777,PED00001551,SKU012,6,12.25,73.5
IT00003778,PED00001552,SKU002,2,4.13,8.27
IT00003779,PED00001552,SKU010,1,14.96,14.96
IT00003780,PED00001552,SKU014,1,7.29,7.29
IT00003781,PED00001552,SKU009,3,20.04,60.13
IT00003782,PED00001552,SKU009,6,20.43,122.57
IT00003783,PED00001553,SKU014,1,7.81,7.81
IT00003784,PED00001553,SKU002,3,4.36,13.07
IT00003785,PED00001553,SKU010,2,15.41,30.82
IT00003786,PED00001554,SKU002,12,4.11,49.37
IT00003787,PED00001555,SKU006,1,9.59,9.59
IT00003788,PED00001555,SKU013,1,10.37,10.37
IT00003789,PED00001555,SKU008,2,19.22,38.45
IT00003790,PED00001555,SKU002,6,4.25,25.49
IT00003791,PED00001555,SKU015,3,6.8,20.41
IT00003792,PED00001556,SKU005,1,8.83,8.83
IT00003793,PED00001556,SKU002,3,4.3,12.9
IT00003794,PED00001556,SKU003,2,3.65,7.29
IT00003795,PED00001557,SKU015,3,6.63,19.88
IT00003796,PED00001557,SKU007,12,13.44,161.27
IT00003797,PED00001557,SKU012,2,12.07,24.13
IT00003798,PED00001557,SKU012,3,11.33,33.98
IT00003799,PED00001558,SKU003,2,3.8,7.6
IT00003800,PED00001558,SKU003,1,3.64,3.64
IT00003801,PED00001559,SKU003,1,3.68,3.68
IT00003802,PED00001559,SKU005,2,8.75,17.51
IT00003803,PED00001559,SKU012,1,11.31,11.31
IT00003804,PED00001560,SKU004,1,7.53,7.53
IT00003805,PED00001561,SKU009,2,19.15,38.3
IT00003806,PED00001561,SKU010,1,14.59,14.59
IT00003807,PED00001561,SKU003,6,3.92,23.51
IT00003808,PED00001561,SKU006,3,9.91,29.73
IT00003809,PED00001562,SKU009,1,20.48,20.48
IT00003810,PED00001563,SKU010,12,14.22,170.6
IT00003811,PED00001563,SKU010,1,15.45,15.45
IT00003812,PED00001564,SKU006,3,9.76,29.27
IT00003813,PED00001564,SKU013,1,10.92,10.92
IT00003814,PED00001564,SKU008,2,19.71,39.41
IT00003815,PED00001564,SKU008,3,18.67,56.02
IT00003816,PED00001565,SKU015,1,6.96,6.96
IT00003817,PED00001566,SKU011,3,17.16,51.49
IT00003818,PED00001566,SKU002,3,4.25,12.75
IT00003819,PED00001566,SKU004,2,7.67,15.34
IT00003820,PED00001567,SKU005,1,8.58,8.58
IT00003821,PED00001567,SKU013,1,10.86,10.86
IT00003822,PED00001567,SKU010,3,15.58,46.74
IT00003823,PED00001568,SKU014,2,7.67,15.34
IT00003824,PED00001568,SKU003,3,3.76,11.28
IT00003825,PED00001568,SKU001,6,6.34,38.05
IT00003826,PED00001569,SKU010,6,14.7,88.22
IT00003827,PED00001569,SKU011,6,16.56,99.34
IT00003828,PED00001569,SKU003,6,3.67,22.02
IT00003829,PED00001570,SKU007,6,12.92,77.51
IT00003830,PED00001570,SKU007,2,12.64,25.28
IT00003831,PED00001571,SKU013,2,10.88,21.76
IT00003832,PED00001571,SKU005,3,8.56,25.69
IT00003833,PED00001572,SKU008,1,18.61,18.61
IT00003834,PED00001573,SKU005,1,8.66,8.66
IT00003835,PED00001573,SKU012,3,12.46,37.38
IT00003836,PED00001573,SKU007,3,13.52,40.57
IT00003837,PED00001574,SKU005,1,8.3,8.3
IT00003838,PED00001574,SKU007,2,12.67,25.33
IT00003839,PED00001575,SKU001,6,6.21,37.24
IT00003840,PED00001575,SKU004,2,7.9,15.81
IT00003841,PED00001575,SKU003,1,3.65,3.65
IT00003842,PED00001575,SKU013,1,10.4,10.4
IT00003843,PED00001576,SKU012,1,12.22,12.22
IT00003844,PED00001576,SKU010,1,14.72,14.72
IT00003845,PED00001577,SKU001,1,6.69,6.69
IT00003846,PED00001577,SKU004,6,7.94,47.65
IT00003847,PED00001577,SKU002,6,4.13,24.78
IT00003848,PED00001577,SKU004,2,7.7,15.39
IT00003849,PED00001578,SKU004,2,8.21,16.42
IT00003850,PED00001579,SKU001,3,6.66,19.99
IT00003851,PED00001579,SKU007,6,13.35,80.13
IT00003852,PED00001580,SKU011,1,16.5,16.5
IT00003853,PED00001580,SKU012,1,12.47,12.47
IT00003854,PED00001580,SKU015,6,6.8,40.81
IT00003855,PED00001581,SKU006,2,9.49,18.99
IT00003856,PED00001581,SKU003,2,3.77,7.54
IT00003857,PED00001582,SKU010,3,14.19,42.57
IT00003858,PED00001582,SKU008,6,18.11,108.66
IT00003859,PED00001583,SKU010,3,14.57,43.7
IT00003860,PED00001584,SKU003,2,3.87,7.73
IT00003861,PED00001584,SKU004,2,8.01,16.03
IT00003862,PED00001584,SKU011,2,16.12,32.25
IT00003863,PED00001585,SKU005,3,8.3,24.9
IT00003864,PED00001585,SKU013,3,11.05,33.15
IT00003865,PED00001586,SKU012,1,12.0,12.0
IT00003866,PED00001586,SKU013,3,11.33,34.0
IT00003867,PED00001586,SKU008,2,19.75,39.5
IT00003868,PED00001586,SKU004,1,7.59,7.59
IT00003869,PED00001586,SKU004,2,7.87,15.74
IT00003870,PED00001587,SKU005,3,8.3,24.9
IT00003871,PED00001587,SKU011,1,17.15,17.15
IT00003872,PED00001588,SKU006,1,10.36,10.36
IT00003873,PED00001589,SKU004,6,7.93,47.57
IT00003874,PED00001589,SKU006,1,9.42,9.42
IT00003875,PED00001590,SKU002,3,4.16,12.48
IT00003876,PED00001590,SKU003,3,3.96,11.87
IT00003877,PED00001590,SKU013,6,11.04,66.24
IT00003878,PED00001590,SKU002,3,4.16,12.49
IT00003879,PED00001591,SKU010,12,14.82,177.81
IT00003880,PED00001591,SKU012,1,12.17,12.17
IT00003881,PED00001592,SKU001,2,6.32,12.63
IT00003882,PED00001592,SKU005,2,8.73,17.45
IT00003883,PED00001592,SKU001,1,6.19,6.19
IT00003884,PED00001593,SKU002,2,4.0,8.01
IT00003885,PED00001594,SKU009,1,20.26,20.26
IT00003886,PED00001595,SKU008,2,18.43,36.85
IT00003887,PED00001595,SKU004,3,7.89,23.67
IT00003888,PED00001595,SKU004,2,8.04,16.07
IT00003889,PED00001596,SKU013,1,10.59,10.59
IT00003890,PED00001596,SKU013,1,10.47,10.47
IT00003891,PED00001597,SKU005,12,8.27,99.21
IT00003892,PED00001597,SKU007,6,13.45,80.67
IT00003893,PED00001598,SKU013,6,11.33,67.96
IT00003894,PED00001599,SKU003,2,3.62,7.24
IT00003895,PED00001599,SKU003,12,3.74,44.88
IT00003896,PED00001599,SKU011,2,17.15,34.31
IT00003897,PED00001600,SKU002,1,4.04,4.04
IT00003898,PED00001600,SKU003,12,3.91,46.95
IT00003899,PED00001600,SKU003,1,3.85,3.85
IT00003900,PED00001600,SKU003,1,3.67,3.67
IT00003901,PED00001601,SKU013,3,10.85,32.54
IT00003902,PED00001601,SKU005,3,8.31,24.92
IT00003903,PED00001602,SKU013,3,10.94,32.81
IT00003904,PED00001602,SKU014,3,7.65,22.94
IT00003905,PED00001603,SKU011,3,15.84,47.52
IT00003906,PED00001603,SKU010,1,15.4,15.4
IT00003907,PED00001603,SKU012,2,11.66,23.33
IT00003908,PED00001604,SKU011,2,16.0,32.0
IT00003909,PED00001605,SKU001,2,6.75,13.49
IT00003910,PED00001606,SKU011,2,15.85,31.71
IT00003911,PED00001606,SKU009,1,19.83,19.83
IT00003912,PED00001607,SKU002,2,4.01,8.02
IT00003913,PED00001607,SKU009,2,19.93,39.86
IT00003914,PED00001608,SKU007,6,13.1,78.59
IT00003915,PED00001608,SKU013,2,11.03,22.05
IT00003916,PED00001608,SKU008,1,19.07,19.07
IT00003917,PED00001609,SKU010,1,15.0,15.0
IT00003918,PED00001609,SKU012,3,12.07,36.22
IT00003919,PED00001609,SKU004,1,7.77,7.77
IT00003920,PED00001610,SKU014,2,7.56,15.11
IT00003921,PED00001611,SKU004,1,7.7,7.7
IT00003922,PED00001611,SKU015,2,6.65,13.3
IT00003923,PED00001612,SKU009,3,19.81,59.43
IT00003924,PED00001612,SKU013,1,10.37,10.37
IT00003925,PED00001612,SKU014,6,7.58,45.47
IT00003926,PED00001613,SKU007,2,12.56,25.13
IT00003927,PED00001614,SKU002,1,4.06,4.06
IT00003928,PED00001614,SKU002,1,4.37,4.37
IT00003929,PED00001614,SKU013,1,11.35,11.35
IT00003930,PED00001615,SKU004,1,8.1,8.1
IT00003931,PED00001616,SKU008,6,19.64,117.86
IT00003932,PED00001616,SKU005,1,8.29,8.29
IT00003933,PED00001617,SKU009,2,19.32,38.64
IT00003934,PED00001617,SKU008,2,18.44,36.89
IT00003935,PED00001617,SKU013,2,11.19,22.38
IT00003936,PED00001618,SKU011,6,17.21,103.27
IT00003937,PED00001618,SKU013,3,11.09,33.28
IT00003938,PED00001619,SKU007,3,13.19,39.56
IT00003939,PED00001619,SKU008,1,19.38,19.38
IT00003940,PED00001619,SKU008,6,18.45,110.72
IT00003941,PED00001620,SKU008,3,18.37,55.1
IT00003942,PED00001620,SKU002,2,4.41,8.81
IT00003943,PED00001620,SKU007,1,12.69,12.69
IT00003944,PED00001621,SKU002,1,4.01,4.01
IT00003945,PED00001621,SKU010,2,14.61,29.22
IT00003946,PED00001622,SKU003,2,3.83,7.66
IT00003947,PED00001622,SKU005,2,8.3,16.61
IT00003948,PED00001623,SKU007,1,12.81,12.81
IT00003949,PED00001623,SKU012,2,12.02,24.03
IT00003950,PED00001624,SKU001,3,6.74,20.21
IT00003951,PED00001624,SKU015,2,6.87,13.74
IT00003952,PED00001625,SKU010,1,15.27,15.27
IT00003953,PED00001625,SKU013,6,10.43,62.59
IT00003954,PED00001626,SKU013,1,10.94,10.94
IT00003955,PED00001627,SKU010,2,14.5,28.99
IT00003956,PED00001628,SKU007,3,13.1,39.3
IT00003957,PED00001628,SKU004,1,7.93,7.93
IT00003958,PED00001628,SKU007,1,12.44,12.44
IT00003959,PED00001628,SKU005,1,8.5,8.5
IT00003960,PED00001629,SKU006,1,9.88,9.88
IT00003961,PED00001629,SKU006,1,9.52,9.52
IT00003962,PED00001629,SKU010,3,15.29,45.88
IT00003963,PED00001629,SKU009,3,19.41,58.24
IT00003964,PED00001630,SKU003,2,3.91,7.83
IT00003965,PED00001630,SKU008,2,19.79,39.58
IT00003966,PED00001630,SKU007,2,13.08,26.15
IT00003967,PED00001630,SKU008,2,18.01,36.01
IT00003968,PED00001630,SKU003,1,3.88,3.88
IT00003969,PED00001631,SKU015,1,6.83,6.83
IT00003970,PED00001631,SKU007,6,13.48,80.89
IT00003971,PED00001631,SKU013,2,10.5,21.0
IT00003972,PED00001631,SKU013,2,10.93,21.85
IT00003973,PED00001631,SKU008,1,19.63,19.63
IT00003974,PED00001632,SKU002,2,4.27,8.54
IT00003975,PED00001632,SKU007,1,12.4,12.4
IT00003976,PED00001632,SKU001,1,6.67,6.67
IT00003977,PED00001633,SKU006,3,9.55,28.66
IT00003978,PED00001633,SKU001,1,6.28,6.28
IT00003979,PED00001634,SKU010,1,15.44,15.44
IT00003980,PED00001634,SKU002,1,4.36,4.36
IT00003981,PED00001635,SKU011,2,16.09,32.18
IT00003982,PED00001635,SKU003,6,3.7,22.18
IT00003983,PED00001636,SKU006,2,9.89,19.79
IT00003984,PED00001637,SKU005,1,8.91,8.91
IT00003985,PED00001638,SKU011,2,15.83,31.67
IT00003986,PED00001639,SKU010,1,14.33,14.33
IT00003987,PED00001639,SKU009,1,20.35,20.35
IT00003988,PED00001640,SKU014,1,7.48,7.48
IT00003989,PED00001640,SKU006,2,9.99,19.98
IT00003990,PED00001640,SKU002,1,4.4,4.4
IT00003991,PED00001641,SKU005,3,8.9,26.71
IT00003992,PED00001641,SKU015,3,6.79,20.36
IT00003993,PED00001642,SKU010,2,14.73,29.46
IT00003994,PED00001642,SKU006,3,9.92,29.75
IT00003995,PED00001642,SKU009,1,19.04,19.04
IT00003996,PED00001642,SKU005,3,8.88,26.65
IT00003997,PED00001643,SKU013,1,10.56,10.56
IT00003998,PED00001644,SKU006,2,9.74,19.48
IT00003999,PED00001644,SKU007,3,13.35,40.06
IT00004000,PED00001644,SKU004,6,8.19,49.14
IT00004001,PED00001644,SKU011,1,15.93,15.93
IT00004002,PED00001645,SKU010,6,15.59,93.52
IT00004003,PED00001645,SKU011,1,15.76,15.76
IT00004004,PED00001646,SKU007,3,13.51,40.52
IT00004005,PED00001647,SKU013,1,11.4,11.4
IT00004006,PED00001648,SKU013,2,11.25,22.5
IT00004007,PED00001648,SKU007,1,12.34,12.34
IT00004008,PED00001648,SKU008,12,18.58,222.9
IT00004009,PED00001649,SKU006,3,10.38,31.14
IT00004010,PED00001649,SKU005,2,8.34,16.67
IT00004011,PED00001650,SKU013,6,11.43,68.56
IT00004012,PED00001650,SKU004,6,7.52,45.12
IT00004013,PED00001650,SKU003,1,3.9,3.9
IT00004014,PED00001651,SKU001,2,6.63,13.26
IT00004015,PED00001651,SKU011,1,16.17,16.17
IT00004016,PED00001651,SKU008,2,19.59,39.18
IT00004017,PED00001652,SKU001,3,6.36,19.08
IT00004018,PED00001652,SKU011,1,16.34,16.34
IT00004019,PED00001653,SKU004,3,7.75,23.24
IT00004020,PED00001653,SKU004,3,7.82,23.46
IT00004021,PED00001653,SKU001,1,6.73,6.73
IT00004022,PED00001653,SKU012,3,12.01,36.02
IT00004023,PED00001654,SKU013,6,10.46,62.77
IT00004024,PED00001654,SKU004,1,8.24,8.24
IT00004025,PED00001655,SKU005,3,8.87,26.61
IT00004026,PED00001656,SKU015,1,6.59,6.59
IT00004027,PED00001657,SKU001,6,6.8,40.78
IT00004028,PED00001657,SKU005,3,8.67,26.01
IT00004029,PED00001657,SKU005,1,8.84,8.84
IT00004030,PED00001657,SKU014,3,7.35,22.05
IT00004031,PED00001658,SKU014,1,7.49,7.49
IT00004032,PED00001658,SKU009,1,19.09,19.09
IT00004033,PED00001659,SKU010,12,15.54,186.52
IT00004034,PED00001659,SKU002,3,4.36,13.07
IT00004035,PED00001659,SKU002,1,4.2,4.2
IT00004036,PED00001660,SKU011,1,16.13,16.13
IT00004037,PED00001660,SKU004,1,8.12,8.12
IT00004038,PED00001661,SKU007,1,12.42,12.42
IT00004039,PED00001661,SKU014,3,7.47,22.41
IT00004040,PED00001661,SKU002,1,4.11,4.11
IT00004041,PED00001661,SKU001,1,6.54,6.54
IT00004042,PED00001662,SKU012,12,11.33,136.0
IT00004043,PED00001662,SKU015,2,7.07,14.14
IT00004044,PED00001662,SKU010,1,14.22,14.22
IT00004045,PED00001663,SKU009,1,20.09,20.09
IT00004046,PED00001663,SKU001,1,6.81,6.81
IT00004047,PED00001664,SKU006,1,10.21,10.21
IT00004048,PED00001664,SKU006,6,10.33,61.96
IT00004049,PED00001665,SKU003,2,3.61,7.23
IT00004050,PED00001665,SKU003,3,3.67,11.01
IT00004051,PED00001666,SKU004,2,7.73,15.46
IT00004052,PED00001667,SKU015,2,6.97,13.94
IT00004053,PED00001667,SKU011,12,16.29,195.45
IT00004054,PED00001668,SKU010,1,14.8,14.8
IT00004055,PED00001668,SKU009,2,19.74,39.47
IT00004056,PED00001669,SKU011,3,16.28,48.83
IT00004057,PED00001670,SKU001,3,6.26,18.79
IT00004058,PED00001670,SKU009,6,19.59,117.56
IT00004059,PED00001670,SKU006,3,9.62,28.85
IT00004060,PED00001670,SKU013,2,10.87,21.75
IT00004061,PED00001671,SKU014,2,7.4,14.81
IT00004062,PED00001671,SKU009,2,19.21,38.42
IT00004063,PED00001671,SKU014,1,7.32,7.32
IT00004064,PED00001672,SKU001,2,6.66,13.32
IT00004065,PED00001672,SKU001,3,6.56,19.67
IT00004066,PED00001673,SKU007,1,12.53,12.53
IT00004067,PED00001674,SKU006,1,9.71,9.71
IT00004068,PED00001674,SKU015,1,6.57,6.57
IT00004069,PED00001675,SKU007,1,13.05,13.05
IT00004070,PED00001675,SKU012,1,11.42,11.42
IT00004071,PED00001676,SKU003,1,3.66,3.66
IT00004072,PED00001677,SKU006,1,9.77,9.77
IT00004073,PED00001678,SKU015,1,6.6,6.6
IT00004074,PED00001678,SKU007,2,13.17,26.34
IT00004075,PED00001679,SKU001,2,6.42,12.85
IT00004076,PED00001679,SKU004,2,7.76,15.53
IT00004077,PED00001679,SKU008,2,18.57,37.13
IT00004078,PED00001680,SKU009,2,19.69,39.37
IT00004079,PED00001681,SKU014,6,7.81,46.86
IT00004080,PED00001682,SKU013,1,10.98,10.98
IT00004081,PED00001683,SKU002,6,4.33,25.97
IT00004082,PED00001684,SKU007,2,13.12,26.24
IT00004083,PED00001684,SKU004,1,8.27,8.27
IT00004084,PED00001684,SKU004,1,7.73,7.73
IT00004085,PED00001685,SKU015,1,7.04,7.04
IT00004086,PED00001685,SKU003,1,3.65,3.65
IT00004087,PED00001685,SKU014,2,7.13,14.25
IT00004088,PED00001685,SKU005,2,8.5,17.0
IT00004089,PED00001685,SKU007,1,13.22,13.22
IT00004090,PED00001686,SKU005,6,8.38,50.25
IT00004091,PED00001687,SKU013,1,11.15,11.15
IT00004092,PED00001687,SKU001,1,6.73,6.73
IT00004093,PED00001687,SKU015,2,6.73,13.47
IT00004094,PED00001688,SKU007,3,13.54,40.63
IT00004095,PED00001688,SKU005,1,8.77,8.77
IT00004096,PED00001688,SKU007,12,12.35,148.16
IT00004097,PED00001689,SKU006,2,10.34,20.69
IT00004098,PED00001689,SKU004,1,8.17,8.17
IT00004099,PED00001689,SKU002,1,4.21,4.21
IT00004100,PED00001690,SKU001,1,6.36,6.36
IT00004101,PED00001690,SKU009,2,20.1,40.2
IT00004102,PED00001691,SKU011,1,17.01,17.01
IT00004103,PED00001692,SKU013,6,11.07,66.41
IT00004104,PED00001692,SKU006,2,9.71,19.42
IT00004105,PED00001692,SKU004,6,8.15,48.9
IT00004106,PED00001692,SKU015,1,6.92,6.92
IT00004107,PED00001693,SKU005,1,8.15,8.15
IT00004108,PED00001693,SKU013,2,11.28,22.56
IT00004109,PED00001693,SKU007,2,12.55,25.1
IT00004110,PED00001693,SKU004,3,7.91,23.74
IT00004111,PED00001694,SKU014,1,7.3,7.3
IT00004112,PED00001694,SKU004,6,8.2,49.18
IT00004113,PED00001694,SKU013,1,11.03,11.03
IT00004114,PED00001695,SKU008,3,18.82,56.45
IT00004115,PED00001695,SKU002,12,4.08,48.97
IT00004116,PED00001695,SKU010,6,15.29,91.75
IT00004117,PED00001696,SKU009,6,20.59,123.53
IT00004118,PED00001696,SKU007,6,13.51,81.04
IT00004119,PED00001696,SKU004,6,7.63,45.76
IT00004120,PED00001697,SKU002,6,4.19,25.15
IT00004121,PED00001697,SKU010,2,15.55,31.1
IT00004122,PED00001698,SKU012,1,11.47,11.47
IT00004123,PED00001699,SKU014,2,7.65,15.29
IT00004124,PED00001699,SKU008,1,19.73,19.73
IT00004125,PED00001700,SKU011,1,16.82,16.82
IT00004126,PED00001700,SKU002,3,4.4,13.21
IT00004127,PED00001701,SKU001,3,6.29,18.86
IT00004128,PED00001702,SKU007,1,12.35,12.35
IT00004129,PED00001702,SKU010,2,14.99,29.98
IT00004130,PED00001702,SKU013,1,11.2,11.2
IT00004131,PED00001702,SKU010,3,14.28,42.83
IT00004132,PED00001703,SKU007,6,13.06,78.36
IT00004133,PED00001703,SKU013,3,11.39,34.17
IT00004134,PED00001704,SKU005,2,8.49,16.99
IT00004135,PED00001704,SKU015,6,6.88,41.26
IT00004136,PED00001705,SKU002,3,4.21,12.64
IT00004137,PED00001706,SKU007,1,13.07,13.07
IT00004138,PED00001707,SKU004,2,7.65,15.31
IT00004139,PED00001707,SKU015,3,6.96,20.89
IT00004140,PED00001708,SKU010,3,15.14,45.41
IT00004141,PED00001709,SKU007,6,12.57,75.39
IT00004142,PED00001710,SKU005,1,8.66,8.66
IT00004143,PED00001710,SKU005,3,8.29,24.86
IT00004144,PED00001711,SKU015,1,6.77,6.77
IT00004145,PED00001711,SKU004,1,7.84,7.84
IT00004146,PED00001711,SKU001,3,6.51,19.54
IT00004147,PED00001711,SKU006,2,9.88,19.76
IT00004148,PED00001712,SKU008,6,18.05,108.32
IT00004149,PED00001712,SKU015,2,6.62,13.25
IT00004150,PED00001713,SKU007,2,12.28,24.57
IT00004151,PED00001713,SKU003,1,3.8,3.8
IT00004152,PED00001713,SKU002,2,3.99,7.99
IT00004153,PED00001713,SKU010,1,15.14,15.14
IT00004154,PED00001714,SKU008,6,18.55,111.31
IT00004155,PED00001714,SKU006,1,10.36,10.36
IT00004156,PED00001715,SKU015,2,6.71,13.41
IT00004157,PED00001715,SKU009,2,20.82,41.64
IT00004158,PED00001715,SKU007,12,12.85,154.23
IT00004159,PED00001715,SKU007,1,12.46,12.46
IT00004160,PED00001715,SKU009,1,20.6,20.6
IT00004161,PED00001716,SKU003,2,3.67,7.35
IT00004162,PED00001716,SKU005,12,8.55,102.6
IT00004163,PED00001717,SKU004,1,8.01,8.01
IT00004164,PED00001717,SKU004,3,8.28,24.84
IT00004165,PED00001718,SKU001,2,6.26,12.53
IT00004166,PED00001718,SKU008,1,19.23,19.23
IT00004167,PED00001719,SKU012,1,11.7,11.7
IT00004168,PED00001719,SKU011,3,15.71,47.12
IT00004169,PED00001719,SKU006,6,9.44,56.62
IT00004170,PED00001720,SKU001,1,6.18,6.18
IT00004171,PED00001720,SKU008,1,18.41,18.41
IT00004172,PED00001720,SKU001,1,6.6,6.6
IT00004173,PED00001721,SKU013,1,10.48,10.48
IT00004174,PED00001721,SKU007,3,12.44,37.31
IT00004175,PED00001722,SKU013,2,10.78,21.55
IT00004176,PED00001722,SKU009,2,20.25,40.5
IT00004177,PED00001722,SKU001,1,6.73,6.73
IT00004178,PED00001722,SKU005,2,8.85,17.7
IT00004179,PED00001723,SKU005,3,8.36,25.07
IT00004180,PED00001723,SKU001,1,6.65,6.65
IT00004181,PED00001724,SKU002,2,4.12,8.25
IT00004182,PED00001724,SKU001,3,6.8,20.41
IT00004183,PED00001725,SKU012,1,11.5,11.5
IT00004184,PED00001725,SKU004,3,7.61,22.83
IT00004185,PED00001725,SKU013,12,11.37,136.5
IT00004186,PED00001725,SKU006,2,9.95,19.9
IT00004187,PED00001726,SKU005,2,8.42,16.84
IT00004188,PED00001726,SKU006,3,10.07,30.22
IT00004189,PED00001726,SKU010,2,15.3,30.61
IT00004190,PED00001726,SKU002,1,4.13,4.13
IT00004191,PED00001727,SKU007,1,12.36,12.36
IT00004192,PED00001727,SKU008,1,19.07,19.07
IT00004193,PED00001728,SKU002,6,4.17,25.03
IT00004194,PED00001728,SKU013,6,11.27,67.65
IT00004195,PED00001728,SKU014,6,7.26,43.55
IT00004196,PED00001729,SKU003,1,3.89,3.89
IT00004197,PED00001729,SKU006,2,9.84,19.69
IT00004198,PED00001729,SKU008,2,19.1,38.21
IT00004199,PED00001730,SKU007,12,12.83,153.9
IT00004200,PED00001730,SKU005,1,8.81,8.81
IT00004201,PED00001731,SKU002,6,4.27,25.6
IT00004202,PED00001731,SKU003,1,3.91,3.91
IT00004203,PED00001731,SKU004,2,7.92,15.83
IT00004204,PED00001732,SKU003,3,3.85,11.55
IT00004205,PED00001732,SKU015,2,6.98,13.96
IT00004206,PED00001732,SKU004,1,8.29,8.29
IT00004207,PED00001733,SKU010,6,15.42,92.49
IT00004208,PED00001733,SKU003,2,3.85,7.7
IT00004209,PED00001733,SKU015,1,6.83,6.83
IT00004210,PED00001734,SKU006,3,10.36,31.08
IT00004211,PED00001735,SKU010,2,15.19,30.39
IT00004212,PED00001735,SKU001,3,6.76,20.27
IT00004213,PED00001736,SKU011,6,16.97,101.79
IT00004214,PED00001736,SKU006,2,10.3,20.59
IT00004215,PED00001736,SKU011,1,16.99,16.99
IT00004216,PED00001736,SKU005,1,8.89,8.89
IT00004217,PED00001737,SKU011,1,16.94,16.94
IT00004218,PED00001737,SKU014,2,7.55,15.1
IT00004219,PED00001738,SKU009,1,20.15,20.15
IT00004220,PED00001738,SKU012,6,12.19,73.12
IT00004221,PED00001738,SKU008,6,19.29,115.71
IT00004222,PED00001738,SKU010,12,14.7,176.37
IT00004223,PED00001739,SKU002,2,4.21,8.42
IT00004224,PED00001739,SKU014,1,7.35,7.35
IT00004225,PED00001739,SKU001,2,6.8,13.59
IT00004226,PED00001740,SKU015,3,7.15,21.44
IT00004227,PED00001741,SKU004,3,7.9,23.7
IT00004228,PED00001742,SKU013,1,10.56,10.56
IT00004229,PED00001742,SKU002,3,4.39,13.18
IT00004230,PED00001743,SKU013,1,11.03,11.03
IT00004231,PED00001743,SKU003,1,3.87,3.87
IT00004232,PED00001743,SKU004,1,7.61,7.61
IT00004233,PED00001744,SKU006,2,10.09,20.19
IT00004234,PED00001744,SKU001,6,6.27,37.63
IT00004235,PED00001744,SKU001,2,6.48,12.96
IT00004236,PED00001745,SKU013,1,10.96,10.96
IT00004237,PED00001745,SKU004,6,7.98,47.86
IT00004238,PED00001746,SKU003,1,3.67,3.67
IT00004239,PED00001747,SKU011,1,16.1,16.1
IT00004240,PED00001747,SKU006,1,10.34,10.34
IT00004241,PED00001748,SKU009,3,20.24,60.73
IT00004242,PED00001748,SKU015,3,6.72,20.15
IT00004243,PED00001749,SKU001,2,6.63,13.25
IT00004244,PED00001749,SKU014,1,7.55,7.55
IT00004245,PED00001750,SKU008,2,18.59,37.18
IT00004246,PED00001751,SKU011,1,15.74,15.74
IT00004247,PED00001751,SKU004,2,7.67,15.34
IT00004248,PED00001751,SKU005,3,8.46,25.39
IT00004249,PED00001751,SKU010,2,14.4,28.8
IT00004250,PED00001751,SKU002,2,4.3,8.59
IT00004251,PED00001752,SKU010,6,15.32,91.93
IT00004252,PED00001752,SKU010,1,14.16,14.16
IT00004253,PED00001752,SKU006,1,9.88,9.88
IT00004254,PED00001753,SKU008,3,18.3,54.9
IT00004255,PED00001753,SKU013,1,10.67,10.67
IT00004256,PED00001753,SKU009,1,20.37,20.37
IT00004257,PED00001754,SKU009,6,20.39,122.35
IT00004258,PED00001754,SKU001,12,6.81,81.75
IT00004259,PED00001754,SKU003,2,3.83,7.66
IT00004260,PED00001755,SKU007,1,12.99,12.99
IT00004261,PED00001755,SKU014,3,7.14,21.42
IT00004262,PED00001756,SKU012,1,11.89,11.89
IT00004263,PED00001756,SKU015,2,6.56,13.13
IT00004264,PED00001756,SKU001,6,6.63,39.78
IT00004265,PED00001757,SKU010,2,15.53,31.06
IT00004266,PED00001757,SKU009,1,19.7,19.7
IT00004267,PED00001758,SKU012,3,11.75,35.26
IT00004268,PED00001758,SKU002,2,3.99,7.98
IT00004269,PED00001758,SKU004,6,7.56,45.38
IT00004270,PED00001759,SKU012,6,12.07,72.41
IT00004271,PED00001759,SKU007,1,12.86,12.86
IT00004272,PED00001760,SKU013,12,10.5,126.01
IT00004273,PED00001761,SKU010,2,14.54,29.09
IT00004274,PED00001762,SKU014,6,7.4,44.4
IT00004275,PED00001762,SKU001,2,6.6,13.19
IT00004276,PED00001763,SKU012,2,11.76,23.51
IT00004277,PED00001763,SKU012,1,12.39,12.39
IT00004278,PED00001763,SKU007,1,12.32,12.32
IT00004279,PED00001764,SKU006,1,9.58,9.58
IT00004280,PED00001764,SKU006,1,9.75,9.75
IT00004281,PED00001764,SKU005,2,8.21,16.43
IT00004282,PED00001765,SKU006,6,10.19,61.13
IT00004283,PED00001765,SKU008,1,18.83,18.83
IT00004284,PED00001765,SKU012,3,12.33,36.99
IT00004285,PED00001765,SKU006,3,10.26,30.79
IT00004286,PED00001766,SKU011,3,16.69,50.07
IT00004287,PED00001767,SKU008,1,19.73,19.73
IT00004288,PED00001767,SKU013,3,10.75,32.26
IT00004289,PED00001767,SKU015,6,6.68,40.11
IT00004290,PED00001768,SKU011,3,16.3,48.9
IT00004291,PED00001768,SKU002,3,4.37,13.1
IT00004292,PED00001768,SKU013,6,11.27,67.61
IT00004293,PED00001769,SKU012,2,11.91,23.82
IT00004294,PED00001769,SKU005,1,8.6,8.6
IT00004295,PED00001770,SKU005,1,8.1,8.1
IT00004296,PED00001770,SKU010,2,14.81,29.61
IT00004297,PED00001771,SKU012,12,12.39,148.67
IT00004298,PED00001772,SKU012,1,11.57,11.57
IT00004299,PED00001772,SKU003,1,3.75,3.75
IT00004300,PED00001772,SKU010,2,14.9,29.8
IT00004301,PED00001773,SKU001,6,6.27,37.63
IT00004302,PED00001773,SKU014,2,7.24,14.48
IT00004303,PED00001773,SKU010,12,14.89,178.72
IT00004304,PED00001773,SKU015,1,6.79,6.79
IT00004305,PED00001774,SKU002,6,4.33,25.97
IT00004306,PED00001774,SKU008,12,18.44,221.25
IT00004307,PED00001774,SKU012,2,11.84,23.67
IT00004308,PED00001775,SKU008,12,19.62,235.41
IT00004309,PED00001775,SKU002,1,4.02,4.02
IT00004310,PED00001776,SKU014,2,7.81,15.63
IT00004311,PED00001776,SKU009,3,19.81,59.43
IT00004312,PED00001777,SKU005,12,8.28,99.3
IT00004313,PED00001777,SKU001,1,6.57,6.57
IT00004314,PED00001778,SKU006,3,9.47,28.41
IT00004315,PED00001778,SKU012,2,11.6,23.21
IT00004316,PED00001778,SKU015,1,6.97,6.97
IT00004317,PED00001779,SKU006,2,10.32,20.63
IT00004318,PED00001779,SKU002,12,4.16,49.94
IT00004319,PED00001779,SKU013,2,11.12,22.25
IT00004320,PED00001780,SKU001,6,6.8,40.82
IT00004321,PED00001780,SKU002,2,4.05,8.09
IT00004322,PED00001781,SKU015,6,7.05,42.29
IT00004323,PED00001782,SKU002,3,4.03,12.1
IT00004324,PED00001783,SKU013,1,10.79,10.79
IT00004325,PED00001783,SKU002,1,4.36,4.36
IT00004326,PED00001784,SKU014,1,7.52,7.52
IT00004327,PED00001784,SKU001,1,6.73,6.73
IT00004328,PED00001785,SKU001,6,6.38,38.28
IT00004329,PED00001785,SKU010,1,15.03,15.03
IT00004330,PED00001786,SKU015,1,6.66,6.66
IT00004331,PED00001786,SKU004,1,7.68,7.68
IT00004332,PED00001787,SKU001,1,6.46,6.46
IT00004333,PED00001788,SKU009,3,20.45,61.36
IT00004334,PED00001789,SKU008,2,19.53,39.05
IT00004335,PED00001789,SKU008,12,19.76,237.16
IT00004336,PED00001789,SKU001,2,6.61,13.22
IT00004337,PED00001789,SKU004,6,7.72,46.29
IT00004338,PED00001790,SKU013,6,10.85,65.09
IT00004339,PED00001791,SKU003,3,3.69,11.08
IT00004340,PED00001791,SKU011,3,15.88,47.65
IT00004341,PED00001792,SKU003,1,3.74,3.74
IT00004342,PED00001792,SKU015,2,6.97,13.94
IT00004343,PED00001792,SKU013,3,10.6,31.79
IT00004344,PED00001793,SKU009,6,19.04,114.26
IT00004345,PED00001793,SKU013,2,11.05,22.1
IT00004346,PED00001793,SKU014,1,7.78,7.78
IT00004347,PED00001793,SKU008,1,18.69,18.69
IT00004348,PED00001793,SKU013,12,10.73,128.75
IT00004349,PED00001794,SKU004,1,7.65,7.65
IT00004350,PED00001794,SKU014,1,7.64,7.64
IT00004351,PED00001794,SKU005,2,8.36,16.71
IT00004352,PED00001795,SKU010,6,15.16,90.99
IT00004353,PED00001795,SKU005,12,8.43,101.2
IT00004354,PED00001795,SKU001,2,6.19,12.38
IT00004355,PED00001795,SKU009,2,19.32,38.63
IT00004356,PED00001796,SKU008,1,19.39,19.39
IT00004357,PED00001796,SKU003,2,3.7,7.41
IT00004358,PED00001796,SKU007,2,12.32,24.65
IT00004359,PED00001796,SKU015,6,7.09,42.54
IT00004360,PED00001797,SKU007,2,12.42,24.84
IT00004361,PED00001798,SKU008,3,19.05,57.16
IT00004362,PED00001798,SKU015,1,7.22,7.22
IT00004363,PED00001798,SKU006,2,10.01,20.02
IT00004364,PED00001799,SKU011,1,15.86,0.0
IT00004365,PED00001799,SKU009,2,20.68,41.35
IT00004366,PED00001799,SKU014,1,7.18,7.18
IT00004367,PED00001800,SKU001,6,6.76,40.54
IT00004368,PED00001800,SKU013,2,11.42,22.84
IT00004369,PED00001800,SKU003,3,3.64,10.91
IT00004370,PED00001800,SKU011,1,17.12,17.12
IT00004371,PED00001801,SKU013,1,11.22,11.22
IT00004372,PED00001802,SKU001,1,6.65,6.65
IT00004373,PED00001803,SKU012,1,11.54,11.54
IT00004374,PED00001804,SKU015,1,7.05,7.05
IT00004375,PED00001804,SKU011,1,16.46,16.46
IT00004376,PED00001804,SKU006,2,9.47,18.93
IT00004377,PED00001804,SKU001,1,6.71,6.71
IT00004378,PED00001805,SKU010,1,15.6,15.6
IT00004379,PED00001805,SKU002,1,4.12,4.12
IT00004380,PED00001805,SKU012,12,11.62,139.4
IT00004381,PED00001806,SKU008,2,18.74,37.48
IT00004382,PED00001807,SKU012,3,11.9,35.71
IT00004383,PED00001808,SKU009,3,20.32,60.96
IT00004384,PED00001809,SKU010,1,14.38,14.38
IT00004385,PED00001809,SKU011,1,16.2,16.2
IT00004386,PED00001809,SKU009,3,20.29,60.87
IT00004387,PED00001810,SKU012,6,12.48,74.9
IT00004388,PED00001810,SKU015,2,6.56,13.13
IT00004389,PED00001810,SKU011,1,16.58,16.58
IT00004390,PED00001810,SKU010,1,14.33,14.33
IT00004391,PED00001810,SKU009,3,19.86,59.58
IT00004392,PED00001811,SKU013,1,10.76,10.76
IT00004393,PED00001811,SKU001,12,6.22,74.7
IT00004394,PED00001812,SKU012,6,11.85,71.11
IT00004395,PED00001813,SKU009,3,19.09,57.27
IT00004396,PED00001813,SKU014,3,7.86,23.57
IT00004397,PED00001813,SKU001,1,6.75,6.75
IT00004398,PED00001813,SKU013,2,11.28,22.56
IT00004399,PED00001813,SKU001,12,6.67,80.03
IT00004400,PED00001814,SKU010,1,15.52,15.52
IT00004401,PED00001814,SKU014,6,7.42,44.54
IT00004402,PED00001815,SKU012,3,11.93,35.78
IT00004403,PED00001815,SKU001,3,6.55,19.66
IT00004404,PED00001816,SKU001,3,6.44,19.32
IT00004405,PED00001816,SKU015,2,6.89,13.79
IT00004406,PED00001817,SKU010,3,15.41,46.22
IT00004407,PED00001817,SKU008,1,18.95,18.95
IT00004408,PED00001818,SKU014,1,7.59,7.59
IT00004409,PED00001818,SKU002,6,4.39,26.35
IT00004410,PED00001819,SKU015,1,7.05,7.05
IT00004411,PED00001819,SKU004,2,7.95,15.9
IT00004412,PED00001820,SKU009,1,19.74,19.74
IT00004413,PED00001820,SKU013,1,10.82,10.82
IT00004414,PED00001821,SKU008,1,19.64,19.64
IT00004415,PED00001821,SKU010,2,14.75,29.5
IT00004416,PED00001822,SKU006,2,9.94,19.89
IT00004417,PED00001822,SKU012,1,11.56,11.56
IT00004418,PED00001822,SKU007,6,12.35,74.09
IT00004419,PED00001823,SKU010,1,15.27,15.27
IT00004420,PED00001824,SKU007,2,12.58,25.17
IT00004421,PED00001824,SKU014,6,7.85,47.12
IT00004422,PED00001824,SKU004,2,7.58,15.15
IT00004423,PED00001824,SKU005,6,8.24,49.46
IT00004424,PED00001824,SKU015,3,6.74,20.23
IT00004425,PED00001825,SKU014,1,7.58,7.58
IT00004426,PED00001825,SKU007,3,12.43,37.3
IT00004427,PED00001825,SKU008,3,19.76,59.29
IT00004428,PED00001825,SKU009,2,20.07,40.15
IT00004429,PED00001825,SKU015,1,6.64,6.64
IT00004430,PED00001826,SKU013,6,11.38,68.29
IT00004431,PED00001826,SKU006,6,10.03,60.18
IT00004432,PED00001827,SKU006,1,9.52,9.52
IT00004433,PED00001827,SKU004,2,8.05,16.11
IT00004434,PED00001827,SKU005,6,8.72,52.29
IT00004435,PED00001827,SKU001,1,6.71,6.71
IT00004436,PED00001828,SKU015,2,7.05,14.09
IT00004437,PED00001828,SKU010,1,15.21,15.21
IT00004438,PED00001828,SKU005,6,8.58,51.48
IT00004439,PED00001828,SKU006,1,10.01,10.01
IT00004440,PED00001829,SKU006,6,9.53,57.2
IT00004441,PED00001829,SKU006,1,9.41,9.41
IT00004442,PED00001829,SKU001,1,6.8,6.8
IT00004443,PED00001830,SKU013,1,10.56,10.56
IT00004444,PED00001830,SKU006,3,10.21,30.64
IT00004445,PED00001831,SKU011,6,15.76,94.57
IT00004446,PED00001832,SKU007,12,13.21,158.48
IT00004447,PED00001832,SKU004,1,7.72,7.72
IT00004448,PED00001833,SKU014,6,7.31,43.85
IT00004449,PED00001833,SKU012,2,11.48,22.97
IT00004450,PED00001833,SKU015,6,6.93,41.57
IT00004451,PED00001833,SKU011,1,15.95,15.95
IT00004452,PED00001834,SKU003,2,3.73,7.47
IT00004453,PED00001835,SKU002,6,4.35,26.12
IT00004454,PED00001835,SKU008,12,19.23,230.77
IT00004455,PED00001835,SKU009,3,19.46,58.37
IT00004456,PED00001836,SKU007,3,12.36,37.08
IT00004457,PED00001836,SKU002,12,4.35,52.2
IT00004458,PED00001837,SKU015,2,7.22,14.43
IT00004459,PED00001837,SKU014,3,7.51,22.54
IT00004460,PED00001838,SKU014,12,7.5,89.96
IT00004461,PED00001838,SKU001,1,6.54,6.54
IT00004462,PED00001838,SKU015,1,6.66,6.66
IT00004463,PED00001839,SKU003,3,3.76,11.29
IT00004464,PED00001839,SKU010,12,14.25,170.94
IT00004465,PED00001839,SKU007,3,12.79,38.36
IT00004466,PED00001840,SKU007,1,13.23,13.23
IT00004467,PED00001840,SKU011,2,17.28,34.57
IT00004468,PED00001841,SKU001,2,6.7,13.4
IT00004469,PED00001841,SKU008,2,18.07,36.14
IT00004470,PED00001841,SKU011,2,16.88,33.77
IT00004471,PED00001842,SKU010,12,15.48,185.78
IT00004472,PED00001842,SKU004,1,7.72,7.72
IT00004473,PED00001842,SKU003,3,3.87,11.62
IT00004474,PED00001843,SKU013,1,11.3,11.3
IT00004475,PED00001843,SKU013,1,10.7,10.7
IT00004476,PED00001843,SKU003,2,3.76,7.52
IT00004477,PED00001843,SKU011,1,16.95,16.95
IT00004478,PED00001844,SKU004,1,8.11,8.11
IT00004479,PED00001844,SKU013,1,10.56,10.56
IT00004480,PED00001844,SKU003,2,3.99,7.97
IT00004481,PED00001844,SKU004,1,7.6,7.6
IT00004482,PED00001845,SKU012,3,12.49,37.48
IT00004483,PED00001845,SKU008,3,19.5,58.51
IT00004484,PED00001845,SKU013,3,11.15,33.46
IT00004485,PED00001846,SKU002,1,4.29,4.29
IT00004486,PED00001846,SKU004,2,8.0,16.01
IT00004487,PED00001847,SKU004,1,7.89,7.89
IT00004488,PED00001847,SKU004,1,7.71,7.71
IT00004489,PED00001847,SKU003,2,3.74,7.49
IT00004490,PED00001848,SKU004,1,7.69,7.69
IT00004491,PED00001848,SKU004,3,8.16,24.47
IT00004492,PED00001848,SKU012,3,12.36,37.08
IT00004493,PED00001849,SKU001,1,6.3,6.3
IT00004494,PED00001849,SKU015,3,7.03,21.08
IT00004495,PED00001849,SKU011,3,17.14,51.42
IT00004496,PED00001850,SKU015,1,6.88,6.88
IT00004497,PED00001850,SKU008,1,18.94,18.94
IT00004498,PED00001851,SKU011,3,16.16,48.49
IT00004499,PED00001851,SKU014,3,7.36,22.07
IT00004500,PED00001851,SKU012,6,11.48,68.86
IT00004501,PED00001851,SKU006,2,10.09,20.19
IT00004502,PED00001852,SKU008,1,19.79,19.79
IT00004503,PED00001852,SKU010,2,14.94,29.89
IT00004504,PED00001852,SKU010,1,15.24,15.24
IT00004505,PED00001853,SKU011,3,17.1,51.29
IT00004506,PED00001853,SKU011,1,16.82,16.82
IT00004507,PED00001853,SKU001,1,6.24,6.24
IT00004508,PED00001853,SKU009,2,20.06,40.12
IT00004509,PED00001854,SKU007,6,13.21,79.23
IT00004510,PED00001854,SKU009,2,20.24,40.48
IT00004511,PED00001855,SKU011,2,16.08,32.16
IT00004512,PED00001855,SKU009,2,20.35,40.69
IT00004513,PED00001855,SKU002,6,3.99,23.94
IT00004514,PED00001856,SKU004,6,7.85,47.12
IT00004515,PED00001856,SKU004,2,8.28,16.57
IT00004516,PED00001856,SKU004,2,7.71,15.42
IT00004517,PED00001857,SKU007,3,13.1,39.29
IT00004518,PED00001857,SKU004,1,7.55,7.55
IT00004519,PED00001858,SKU007,3,12.54,37.62
IT00004520,PED00001858,SKU012,12,11.72,140.67
IT00004521,PED00001858,SKU007,3,12.85,38.55
IT00004522,PED00001858,SKU012,3,11.53,34.58
IT00004523,PED00001859,SKU007,3,12.26,36.78
IT00004524,PED00001859,SKU002,2,4.0,8.01
IT00004525,PED00001859,SKU001,1,6.51,6.51
IT00004526,PED00001859,SKU007,3,13.19,39.58
IT00004527,PED00001859,SKU012,2,12.47,24.93
IT00004528,PED00001860,SKU006,3,10.03,30.09
IT00004529,PED00001860,SKU005,1,8.92,8.92
IT00004530,PED00001861,SKU011,2,17.24,34.48
IT00004531,PED00001861,SKU002,1,4.14,4.14
IT00004532,PED00001861,SKU008,6,19.31,115.85
IT00004533,PED00001862,SKU004,2,8.11,16.22
IT00004534,PED00001862,SKU015,1,7.09,7.09
IT00004535,PED00001862,SKU015,6,6.78,40.68
IT00004536,PED00001863,SKU013,6,11.16,66.97
IT00004537,PED00001863,SKU008,1,18.95,18.95
IT00004538,PED00001864,SKU009,1,19.33,19.33
IT00004539,PED00001864,SKU001,2,6.66,13.32
IT00004540,PED00001864,SKU001,1,6.2,6.2
IT00004541,PED00001864,SKU014,2,7.57,15.14
IT00004542,PED00001865,SKU007,2,12.48,24.97
IT00004543,PED00001865,SKU002,1,4.03,4.03
IT00004544,PED00001866,SKU005,2,8.32,16.64
IT00004545,PED00001866,SKU007,1,12.64,12.64
IT00004546,PED00001867,SKU012,6,11.81,70.87
IT00004547,PED00001868,SKU007,3,13.52,40.55
IT00004548,PED00001868,SKU009,3,20.32,60.95
IT00004549,PED00001868,SKU012,6,11.39,68.33
IT00004550,PED00001868,SKU010,6,14.22,85.33
IT00004551,PED00001869,SKU012,3,11.78,35.35
IT00004552,PED00001869,SKU002,6,4.21,25.24
IT00004553,PED00001870,SKU001,1,6.74,6.74
IT00004554,PED00001870,SKU001,1,6.73,6.73
IT00004555,PED00001870,SKU013,2,10.86,21.73
IT00004556,PED00001871,SKU013,2,10.56,21.12
IT00004557,PED00001871,SKU007,3,13.19,39.57
IT00004558,PED00001871,SKU001,6,6.39,38.36
IT00004559,PED00001872,SKU011,2,16.47,32.94
IT00004560,PED00001872,SKU009,1,19.52,19.52
IT00004561,PED00001873,SKU008,6,19.28,115.69
IT00004562,PED00001873,SKU010,2,14.38,28.77
IT00004563,PED00001874,SKU003,1,3.94,3.94
IT00004564,PED00001874,SKU014,3,7.32,21.97
IT00004565,PED00001875,SKU012,2,11.95,23.9
IT00004566,PED00001875,SKU007,2,12.34,24.69
IT00004567,PED00001876,SKU014,2,7.18,14.36
IT00004568,PED00001876,SKU006,2,9.5,18.99
IT00004569,PED00001877,SKU011,3,17.12,51.36
IT00004570,PED00001877,SKU010,6,15.53,93.21
IT00004571,PED00001877,SKU004,1,7.76,7.76
IT00004572,PED00001878,SKU013,1,11.08,11.08
IT00004573,PED00001878,SKU010,2,15.14,30.27
IT00004574,PED00001879,SKU007,6,12.32,73.9
IT00004575,PED00001879,SKU005,2,8.37,16.73
IT00004576,PED00001879,SKU002,1,4.31,4.31
IT00004577,PED00001880,SKU005,1,8.75,8.75
IT00004578,PED00001880,SKU007,6,13.39,80.31
IT00004579,PED00001880,SKU012,1,12.03,12.03
IT00004580,PED00001881,SKU015,2,7.12,14.24
IT00004581,PED00001881,SKU001,2,6.7,13.41
IT00004582,PED00001882,SKU011,3,16.58,49.73
IT00004583,PED00001882,SKU014,1,7.62,7.62
IT00004584,PED00001882,SKU008,1,19.1,19.1
IT00004585,PED00001883,SKU015,2,6.77,13.55
IT00004586,PED00001883,SKU004,3,8.0,24.0
IT00004587,PED00001883,SKU005,2,8.71,17.43
IT00004588,PED00001884,SKU011,2,16.45,32.9
IT00004589,PED00001884,SKU005,3,8.39,25.18
IT00004590,PED00001885,SKU002,1,4.15,4.15
IT00004591,PED00001885,SKU003,3,3.82,11.45
IT00004592,PED00001885,SKU007,1,12.5,12.5
IT00004593,PED00001885,SKU010,2,14.56,29.11
IT00004594,PED00001885,SKU007,6,13.02,78.13
IT00004595,PED00001886,SKU014,3,7.16,21.48
IT00004596,PED00001886,SKU002,6,4.34,26.01
IT00004597,PED00001886,SKU008,12,18.34,220.14
IT00004598,PED00001887,SKU001,1,6.38,6.38
IT00004599,PED00001887,SKU014,2,7.59,15.18
IT00004600,PED00001888,SKU012,6,11.7,70.19
IT00004601,PED00001888,SKU013,1,11.14,11.14
IT00004602,PED00001889,SKU003,1,3.88,3.88
IT00004603,PED00001890,SKU002,3,4.11,12.32
IT00004604,PED00001890,SKU012,3,11.39,34.18
IT00004605,PED00001891,SKU014,3,7.78,23.35
IT00004606,PED00001892,SKU004,1,7.89,7.89
IT00004607,PED00001892,SKU010,6,15.5,92.99
IT00004608,PED00001893,SKU003,12,3.74,44.89
IT00004609,PED00001893,SKU008,2,19.12,38.24
IT00004610,PED00001893,SKU013,2,10.59,21.18
IT00004611,PED00001893,SKU006,2,9.87,19.75
IT00004612,PED00001894,SKU012,3,11.89,35.68
IT00004613,PED00001895,SKU009,3,20.41,61.24
IT00004614,PED00001895,SKU009,1,19.0,19.0
IT00004615,PED00001895,SKU004,1,7.79,7.79
IT00004616,PED00001895,SKU009,3,19.28,57.83
IT00004617,PED00001896,SKU009,1,19.99,19.99
IT00004618,PED00001896,SKU008,1,19.29,19.29
IT00004619,PED00001896,SKU014,2,7.18,14.37
IT00004620,PED00001897,SKU012,6,11.97,71.8
IT00004621,PED00001897,SKU010,1,14.71,14.71
IT00004622,PED00001897,SKU013,3,10.79,32.36
IT00004623,PED00001897,SKU002,3,4.0,12.01
IT00004624,PED00001898,SKU007,1,13.44,13.44
IT00004625,PED00001899,SKU004,1,8.13,8.13
IT00004626,PED00001899,SKU014,2,7.73,15.47
IT00004627,PED00001899,SKU011,6,16.05,96.3
IT00004628,PED00001899,SKU014,1,7.33,7.33
IT00004629,PED00001900,SKU004,3,7.74,23.23
IT00004630,PED00001901,SKU011,1,16.55,16.55
IT00004631,PED00001901,SKU009,1,20.76,20.76
IT00004632,PED00001901,SKU009,2,20.79,41.58
IT00004633,PED00001902,SKU009,1,20.7,20.7
IT00004634,PED00001902,SKU010,6,15.57,93.45
IT00004635,PED00001902,SKU004,1,7.63,7.63
IT00004636,PED00001902,SKU003,1,3.84,3.84
IT00004637,PED00001903,SKU015,3,7.18,21.53
IT00004638,PED00001903,SKU004,3,7.94,23.83
IT00004639,PED00001904,SKU013,2,10.37,20.74
IT00004640,PED00001904,SKU011,12,16.3,195.58
IT00004641,PED00001905,SKU003,1,3.93,3.93
IT00004642,PED00001905,SKU004,6,7.9,47.42
IT00004643,PED00001905,SKU014,12,7.25,86.99
IT00004644,PED00001906,SKU001,6,6.64,39.87
IT00004645,PED00001907,SKU007,1,12.61,12.61
IT00004646,PED00001907,SKU006,12,9.5,113.98
IT00004647,PED00001908,SKU015,12,6.62,79.42
IT00004648,PED00001908,SKU009,3,20.86,62.57
IT00004649,PED00001909,SKU011,1,16.92,16.92
IT00004650,PED00001909,SKU001,1,6.64,6.64
IT00004651,PED00001910,SKU006,3,10.22,30.65
IT00004652,PED00001910,SKU013,3,10.76,32.28
IT00004653,PED00001911,SKU007,1,13.14,13.14
IT00004654,PED00001911,SKU006,2,9.58,19.16
IT00004655,PED00001911,SKU007,2,12.93,25.85
IT00004656,PED00001912,SKU008,1,19.08,19.08
IT00004657,PED00001912,SKU010,1,15.31,15.31
IT00004658,PED00001913,SKU004,3,7.52,22.55
IT00004659,PED00001914,SKU009,12,19.52,234.21
IT00004660,PED00001914,SKU003,3,3.77,11.3
IT00004661,PED00001915,SKU007,1,13.46,13.46
IT00004662,PED00001915,SKU013,6,11.25,67.51
IT00004663,PED00001915,SKU014,2,7.58,15.16
IT00004664,PED00001916,SKU010,6,14.72,88.34
IT00004665,PED00001916,SKU011,1,16.42,16.42
IT00004666,PED00001917,SKU003,2,3.7,7.39
IT00004667,PED00001918,SKU008,1,19.55,19.55
IT00004668,PED00001918,SKU011,2,17.18,34.37
IT00004669,PED00001919,SKU002,6,4.19,25.12
IT00004670,PED00001919,SKU008,1,19.48,19.48
IT00004671,PED00001919,SKU012,6,11.8,70.78
IT00004672,PED00001920,SKU007,3,12.3,36.9
IT00004673,PED00001920,SKU013,2,11.09,22.18
IT00004674,PED00001920,SKU008,1,18.61,18.61
IT00004675,PED00001921,SKU005,6,8.12,48.71
IT00004676,PED00001921,SKU007,1,12.89,12.89
IT00004677,PED00001922,SKU008,3,18.69,56.06
IT00004678,PED00001922,SKU010,1,15.02,15.02
IT00004679,PED00001923,SKU005,6,8.63,51.75
IT00004680,PED00001923,SKU012,3,11.61,34.82
IT00004681,PED00001924,SKU009,3,19.53,58.59
IT00004682,PED00001924,SKU004,3,7.71,23.13
IT00004683,PED00001924,SKU015,1,6.86,6.86
IT00004684,PED00001924,SKU014,1,7.54,7.54
IT00004685,PED00001925,SKU010,1,15.23,15.23
IT00004686,PED00001925,SKU002,1,4.24,4.24
IT00004687,PED00001925,SKU005,12,8.52,102.25
IT00004688,PED00001925,SKU012,6,12.27,73.62
IT00004689,PED00001926,SKU003,6,3.88,23.27
IT00004690,PED00001926,SKU014,1,7.2,7.2
IT00004691,PED00001927,SKU005,6,8.47,50.83
IT00004692,PED00001927,SKU011,2,16.82,33.63
IT00004693,PED00001928,SKU013,2,10.87,21.74
IT00004694,PED00001929,SKU001,6,6.19,37.13
IT00004695,PED00001929,SKU011,2,15.75,31.5
IT00004696,PED00001929,SKU013,2,11.1,22.2
IT00004697,PED00001929,SKU010,1,14.74,14.74
IT00004698,PED00001930,SKU014,6,7.45,44.67
IT00004699,PED00001930,SKU005,1,8.83,8.83
IT00004700,PED00001930,SKU008,6,18.66,111.94
IT00004701,PED00001930,SKU012,6,11.93,71.6
IT00004702,PED00001930,SKU004,6,7.52,45.14
IT00004703,PED00001931,SKU009,2,19.77,39.53
IT00004704,PED00001931,SKU008,1,18.12,18.12
IT00004705,PED00001932,SKU002,6,4.23,25.38
IT00004706,PED00001932,SKU003,1,3.79,3.79
IT00004707,PED00001933,SKU004,2,8.24,16.49
IT00004708,PED00001933,SKU008,1,19.69,19.69
IT00004709,PED00001933,SKU009,3,18.93,56.78
IT00004710,PED00001933,SKU010,1,14.22,14.22
IT00004711,PED00001934,SKU008,2,19.39,38.79
IT00004712,PED00001935,SKU006,2,9.83,19.67
IT00004713,PED00001935,SKU014,1,7.34,0.0
IT00004714,PED00001935,SKU011,1,16.16,16.16
IT00004715,PED00001935,SKU005,3,8.48,25.45
IT00004716,PED00001936,SKU013,2,11.43,22.86
IT00004717,PED00001936,SKU004,3,7.57,22.71
IT00004718,PED00001936,SKU008,3,18.57,55.71
IT00004719,PED00001937,SKU012,2,11.33,22.67
IT00004720,PED00001937,SKU003,12,3.62,43.47
IT00004721,PED00001938,SKU003,1,3.96,3.96
IT00004722,PED00001938,SKU001,6,6.57,39.42
IT00004723,PED00001938,SKU010,3,14.75,44.26
IT00004724,PED00001939,SKU004,1,7.98,7.98
IT00004725,PED00001939,SKU010,1,14.68,14.68
IT00004726,PED00001939,SKU013,3,10.42,31.26
IT00004727,PED00001939,SKU003,3,3.69,11.07
IT00004728,PED00001939,SKU003,1,3.67,3.67
IT00004729,PED00001940,SKU009,1,18.98,18.98
IT00004730,PED00001941,SKU010,1,15.6,15.6
IT00004731,PED00001941,SKU015,12,6.76,81.12
IT00004732,PED00001941,SKU005,3,8.26,24.78
IT00004733,PED00001942,SKU005,6,8.36,50.13
IT00004734,PED00001942,SKU011,1,16.54,16.54
IT00004735,PED00001942,SKU002,2,4.03,8.05
IT00004736,PED00001943,SKU010,2,15.58,31.16
IT00004737,PED00001943,SKU009,1,20.64,20.64
IT00004738,PED00001943,SKU006,3,10.08,30.25
IT00004739,PED00001943,SKU013,2,10.93,21.86
IT00004740,PED00001944,SKU010,2,15.24,30.48
IT00004741,PED00001944,SKU014,3,7.76,23.28
IT00004742,PED00001945,SKU005,2,8.17,16.35
IT00004743,PED00001945,SKU012,6,12.18,73.09
IT00004744,PED00001946,SKU015,6,6.97,41.8
IT00004745,PED00001947,SKU009,2,20.61,41.23
IT00004746,PED00001947,SKU009,3,19.17,57.52
IT00004747,PED00001947,SKU003,2,3.9,7.81
IT00004748,PED00001947,SKU005,2,8.79,17.57
IT00004749,PED00001948,SKU014,1,7.57,7.57
IT00004750,PED00001948,SKU013,1,11.0,11.0
IT00004751,PED00001949,SKU012,3,11.85,35.56
IT00004752,PED00001949,SKU005,6,8.79,52.76
IT00004753,PED00001950,SKU010,1,15.5,15.5
IT00004754,PED00001950,SKU015,1,6.87,6.87
IT00004755,PED00001951,SKU008,1,18.87,18.87
IT00004756,PED00001951,SKU006,1,9.47,9.47
IT00004757,PED00001951,SKU005,6,8.88,53.29
IT00004758,PED00001951,SKU012,3,11.63,34.9
IT00004759,PED00001951,SKU008,6,19.16,114.95
IT00004760,PED00001952,SKU010,12,15.48,185.73
IT00004761,PED00001952,SKU006,6,10.2,61.19
IT00004762,PED00001953,SKU013,2,10.91,21.82
IT00004763,PED00001953,SKU009,6,20.12,120.75
IT00004764,PED00001953,SKU013,1,11.43,11.43
IT00004765,PED00001953,SKU012,2,11.34,22.68
IT00004766,PED00001953,SKU007,3,12.32,36.96
IT00004767,PED00001954,SKU010,2,14.5,29.0
IT00004768,PED00001954,SKU007,2,13.4,26.8
IT00004769,PED00001954,SKU013,6,11.1,66.59
IT00004770,PED00001955,SKU011,3,17.29,51.87
IT00004771,PED00001955,SKU001,2,6.69,13.38
IT00004772,PED00001956,SKU010,3,15.18,45.53
IT00004773,PED00001957,SKU015,1,6.94,6.94
IT00004774,PED00001957,SKU008,2,19.74,39.48
IT00004775,PED00001957,SKU002,2,4.25,8.5
IT00004776,PED00001958,SKU007,2,13.22,26.44
IT00004777,PED00001958,SKU005,6,8.76,52.55
IT00004778,PED00001958,SKU012,1,11.58,11.58
IT00004779,PED00001959,SKU007,1,13.35,13.35
IT00004780,PED00001959,SKU005,2,8.55,17.1
IT00004781,PED00001959,SKU013,3,10.54,31.61
IT00004782,PED00001960,SKU008,6,18.53,111.16
IT00004783,PED00001960,SKU010,2,14.62,29.24
IT00004784,PED00001961,SKU002,6,4.13,24.77
IT00004785,PED00001961,SKU007,2,13.1,26.2
IT00004786,PED00001962,SKU010,6,14.55,87.33
IT00004787,PED00001962,SKU010,2,14.78,29.56
IT00004788,PED00001962,SKU013,2,11.4,22.8
IT00004789,PED00001962,SKU002,3,4.22,12.65
IT00004790,PED00001963,SKU005,2,8.49,16.98
IT00004791,PED00001963,SKU003,6,3.7,22.18
IT00004792,PED00001963,SKU004,1,8.06,8.06
IT00004793,PED00001964,SKU009,12,19.89,238.7
IT00004794,PED00001964,SKU004,1,7.71,7.71
IT00004795,PED00001964,SKU006,1,9.79,9.79
IT00004796,PED00001964,SKU013,6,10.71,64.26
IT00004797,PED00001965,SKU006,1,10.25,10.25
IT00004798,PED00001966,SKU007,6,12.47,74.81
IT00004799,PED00001966,SKU001,2,6.24,12.49
IT00004800,PED00001967,SKU002,12,4.2,50.45
IT00004801,PED00001967,SKU008,1,19.31,19.31
IT00004802,PED00001968,SKU011,1,16.24,16.24
IT00004803,PED00001968,SKU006,3,9.64,28.91
IT00004804,PED00001969,SKU010,2,15.54,31.08
IT00004805,PED00001970,SKU003,1,3.82,3.82
IT00004806,PED00001970,SKU001,2,6.77,13.55
IT00004807,PED00001970,SKU012,6,12.04,72.23
IT00004808,PED00001971,SKU014,3,7.75,23.25
IT00004809,PED00001971,SKU005,2,8.73,17.45
IT00004810,PED00001972,SKU002,6,4.08,24.48
IT00004811,PED00001972,SKU015,12,7.12,85.46
IT00004812,PED00001973,SKU001,2,6.27,12.55
IT00004813,PED00001973,SKU015,12,6.63,79.56
IT00004814,PED00001974,SKU001,1,6.23,6.23
IT00004815,PED00001974,SKU003,2,3.7,7.41
IT00004816,PED00001974,SKU002,1,4.17,4.17
IT00004817,PED00001974,SKU006,2,9.45,18.9
IT00004818,PED00001975,SKU008,1,18.59,18.59
IT00004819,PED00001976,SKU002,1,4.36,4.36
IT00004820,PED00001976,SKU006,6,10.24,61.45
IT00004821,PED00001976,SKU015,3,6.86,20.57
IT00004822,PED00001977,SKU014,2,7.78,15.55
IT00004823,PED00001977,SKU010,1,14.42,14.42
IT00004824,PED00001978,SKU005,3,8.67,26.01
IT00004825,PED00001978,SKU002,6,4.17,24.99
IT00004826,PED00001979,SKU005,1,8.66,8.66
IT00004827,PED00001980,SKU014,3,7.8,23.41
IT00004828,PED00001980,SKU006,3,9.94,29.83
IT00004829,PED00001981,SKU007,1,12.56,12.56
IT00004830,PED00001981,SKU006,2,10.17,20.34
IT00004831,PED00001982,SKU005,1,8.86,8.86
IT00004832,PED00001982,SKU001,3,6.27,18.81
IT00004833,PED00001983,SKU010,1,15.49,15.49
IT00004834,PED00001983,SKU014,6,7.77,46.63
IT00004835,PED00001983,SKU015,6,7.12,42.72
IT00004836,PED00001984,SKU001,2,6.24,12.47
IT00004837,PED00001984,SKU012,1,12.13,12.13
IT00004838,PED00001985,SKU013,2,11.19,22.39
IT00004839,PED00001985,SKU004,1,8.02,8.02
IT00004840,PED00001985,SKU008,2,19.84,39.67
IT00004841,PED00001986,SKU012,3,12.05,36.16
IT00004842,PED00001986,SKU015,12,6.8,81.6
IT00004843,PED00001987,SKU007,6,12.26,73.58
IT00004844,PED00001987,SKU005,2,8.81,17.63
IT00004845,PED00001987,SKU008,2,19.18,38.36
IT00004846,PED00001987,SKU007,1,13.47,13.47
IT00004847,PED00001988,SKU013,3,11.4,34.2
IT00004848,PED00001988,SKU002,2,4.21,8.41
IT00004849,PED00001988,SKU014,1,7.21,7.21
IT00004850,PED00001989,SKU009,1,19.84,19.84
IT00004851,PED00001990,SKU013,3,11.11,33.32
IT00004852,PED00001990,SKU008,2,18.88,37.77
IT00004853,PED00001990,SKU008,3,18.11,54.34
IT00004854,PED00001990,SKU011,2,15.9,31.79
IT00004855,PED00001991,SKU015,2,6.85,13.71
IT00004856,PED00001991,SKU008,2,19.16,38.31
IT00004857,PED00001991,SKU010,2,15.19,30.38
IT00004858,PED00001992,SKU004,2,7.69,15.39
IT00004859,PED00001993,SKU011,3,16.26,48.77
IT00004860,PED00001993,SKU001,2,6.24,12.49
IT00004861,PED00001994,SKU012,1,12.17,12.17
IT00004862,PED00001994,SKU005,2,8.88,17.75
IT00004863,PED00001994,SKU005,2,8.59,17.18
IT00004864,PED00001995,SKU010,2,15.28,30.55
IT00004865,PED00001995,SKU003,2,3.9,7.81
IT00004866,PED00001996,SKU008,1,18.12,18.12
IT00004867,PED00001996,SKU007,12,13.0,155.96
IT00004868,PED00001997,SKU006,3,9.93,29.79
IT00004869,PED00001997,SKU009,3,20.35,61.04
IT00004870,PED00001998,SKU013,2,10.89,21.78
IT00004871,PED00001998,SKU008,2,18.17,36.34
IT00004872,PED00001998,SKU009,1,20.08,20.08
IT00004873,PED00001999,SKU004,1,8.01,8.01
IT00004874,PED00002000,SKU008,2,19.39,38.78
IT00004875,PED00002000,SKU011,1,16.21,16.21
IT00004876,PED00002000,SKU008,3,18.89,56.67
IT00004877,PED00002000,SKU008,3,19.02,57.05
IT00004878,PED00002001,SKU009,6,19.06,114.34
IT00004879,PED00002001,SKU012,1,11.72,11.72
IT00004880,PED00002002,SKU007,2,13.36,26.71
IT00004881,PED00002002,SKU008,3,19.83,59.49
IT00004882,PED00002002,SKU003,6,3.71,22.25
IT00004883,PED00002003,SKU007,2,12.61,25.21
IT00004884,PED00002003,SKU013,6,11.06,66.34
IT00004885,PED00002004,SKU005,3,8.37,25.11
IT00004886,PED00002004,SKU014,2,7.21,14.42
IT00004887,PED00002004,SKU001,1,6.52,6.52
IT00004888,PED00002005,SKU014,3,7.31,21.93
IT00004889,PED00002005,SKU008,12,18.56,222.74
IT00004890,PED00002005,SKU009,1,19.91,19.91
IT00004891,PED00002006,SKU014,12,7.43,89.21
IT00004892,PED00002006,SKU014,6,7.64,45.84
IT00004893,PED00002006,SKU007,1,13.33,13.33
IT00004894,PED00002007,SKU007,3,13.15,39.46
IT00004895,PED00002007,SKU003,3,3.83,11.48
IT00004896,PED00002008,SKU013,3,10.73,32.18
IT00004897,PED00002009,SKU002,1,4.23,4.23
IT00004898,PED00002009,SKU013,2,10.78,21.56
IT00004899,PED00002010,SKU003,1,3.85,3.85
IT00004900,PED00002011,SKU012,12,11.7,140.45
IT00004901,PED00002012,SKU010,6,14.26,85.53
IT00004902,PED00002012,SKU015,2,7.08,14.16
IT00004903,PED00002013,SKU006,1,10.2,10.2
IT00004904,PED00002014,SKU010,1,14.32,14.32
IT00004905,PED00002014,SKU002,1,4.31,4.31
IT00004906,PED00002014,SKU004,6,8.26,49.59
IT00004907,PED00002015,SKU015,1,6.67,6.67
IT00004908,PED00002016,SKU007,3,12.9,38.71
IT00004909,PED00002016,SKU009,2,19.63,39.26
IT00004910,PED00002016,SKU005,2,8.66,17.32
IT00004911,PED00002017,SKU002,6,4.12,24.73
IT00004912,PED00002017,SKU005,3,8.57,25.7
IT00004913,PED00002017,SKU015,12,6.69,80.24
IT00004914,PED00002017,SKU003,3,3.82,11.47
IT00004915,PED00002018,SKU009,3,20.67,62.01
IT00004916,PED00002018,SKU004,1,7.93,7.93
IT00004917,PED00002018,SKU015,3,6.56,19.69
IT00004918,PED00002018,SKU003,1,3.89,3.89
IT00004919,PED00002019,SKU006,1,10.23,10.23
IT00004920,PED00002019,SKU013,6,10.53,63.17
IT00004921,PED00002019,SKU009,2,20.5,40.99
IT00004922,PED00002019,SKU014,2,7.41,14.83
IT00004923,PED00002019,SKU005,3,8.6,25.8
IT00004924,PED00002020,SKU008,1,19.79,19.79
IT00004925,PED00002020,SKU012,6,12.33,74.01
IT00004926,PED00002021,SKU004,6,8.06,48.34
IT00004927,PED00002022,SKU015,1,7.11,7.11
IT00004928,PED00002022,SKU013,12,10.73,128.77
IT00004929,PED00002022,SKU003,2,3.72,7.44
IT00004930,PED00002022,SKU002,2,4.33,8.66
IT00004931,PED00002023,SKU009,1,19.27,19.27
IT00004932,PED00002023,SKU009,3,20.51,61.52
IT00004933,PED00002024,SKU011,2,15.71,31.42
IT00004934,PED00002024,SKU015,12,7.19,86.27
IT00004935,PED00002025,SKU006,2,9.48,18.95
IT00004936,PED00002025,SKU002,3,4.28,12.83
IT00004937,PED00002025,SKU010,1,14.28,14.28
IT00004938,PED00002026,SKU011,1,16.47,16.47
IT00004939,PED00002026,SKU001,3,6.53,19.6
IT00004940,PED00002026,SKU013,6,10.97,65.83
IT00004941,PED00002026,SKU011,2,16.68,33.37
IT00004942,PED00002027,SKU009,6,20.52,123.12
IT00004943,PED00002028,SKU006,2,9.74,19.48
IT00004944,PED00002029,SKU012,2,12.4,24.8
IT00004945,PED00002029,SKU012,6,11.42,68.54
IT00004946,PED00002030,SKU006,3,9.41,28.24
IT00004947,PED00002030,SKU014,1,7.15,7.15
IT00004948,PED00002031,SKU009,3,19.83,59.5
IT00004949,PED00002031,SKU001,12,6.3,75.65
IT00004950,PED00002032,SKU009,6,20.21,121.24
IT00004951,PED00002032,SKU010,3,14.68,44.04
IT00004952,PED00002032,SKU014,1,7.46,7.46
IT00004953,PED00002033,SKU010,2,15.28,30.57
IT00004954,PED00002033,SKU008,6,18.37,110.2
IT00004955,PED00002034,SKU001,6,6.65,39.9
IT00004956,PED00002034,SKU006,3,9.98,29.94
IT00004957,PED00002034,SKU005,3,8.1,24.29
IT00004958,PED00002034,SKU004,6,7.93,47.55
IT00004959,PED00002034,SKU009,6,19.39,116.34
IT00004960,PED00002035,SKU012,1,11.95,11.95
IT00004961,PED00002035,SKU008,1,18.93,18.93
IT00004962,PED00002036,SKU002,1,4.24,4.24
IT00004963,PED00002037,SKU004,3,7.75,23.24
IT00004964,PED00002037,SKU003,1,3.77,3.77
IT00004965,PED00002038,SKU002,1,4.14,4.14
IT00004966,PED00002039,SKU004,2,7.79,15.57
IT00004967,PED00002040,SKU010,6,14.99,89.93
IT00004968,PED00002040,SKU010,2,15.22,30.44
IT00004969,PED00002040,SKU015,6,6.87,41.21
IT00004970,PED00002040,SKU007,2,12.82,25.64
IT00004971,PED00002041,SKU009,12,19.35,232.19
IT00004972,PED00002041,SKU008,3,19.47,58.4
IT00004973,PED00002042,SKU007,6,13.3,79.79
IT00004974,PED00002042,SKU002,3,4.32,12.97
IT00004975,PED00002042,SKU014,3,7.34,22.01
IT00004976,PED00002043,SKU002,1,4.19,4.19
IT00004977,PED00002043,SKU006,2,10.02,20.04
IT00004978,PED00002043,SKU015,2,7.08,14.17
IT00004979,PED00002044,SKU004,3,7.97,23.9
IT00004980,PED00002044,SKU008,1,19.02,19.02
IT00004981,PED00002045,SKU011,1,16.26,16.26
IT00004982,PED00002045,SKU008,2,18.48,36.97
IT00004983,PED00002045,SKU001,3,6.4,19.2
IT00004984,PED00002046,SKU013,6,10.92,65.51
IT00004985,PED00002047,SKU012,6,11.47,68.8
IT00004986,PED00002048,SKU001,6,6.19,37.13
IT00004987,PED00002048,SKU013,3,10.89,32.68
IT00004988,PED00002048,SKU002,12,4.32,51.82
IT00004989,PED00002049,SKU015,1,7.03,7.03
IT00004990,PED00002049,SKU005,2,8.42,16.85
IT00004991,PED00002050,SKU008,1,18.44,18.44
IT00004992,PED00002050,SKU009,2,19.07,38.14
IT00004993,PED00002050,SKU013,1,10.48,10.48
IT00004994,PED00002050,SKU008,2,17.98,35.96
IT00004995,PED00002051,SKU004,1,8.17,8.17
IT00004996,PED00002052,SKU011,3,16.11,48.32
IT00004997,PED00002052,SKU004,2,7.58,15.17
IT00004998,PED00002052,SKU008,2,19.08,38.16
IT00004999,PED00002053,SKU002,1,4.38,4.38
IT00005000,PED00002053,SKU004,1,7.91,7.91
IT00005001,PED00002053,SKU013,12,10.62,127.47
IT00005002,PED00002053,SKU004,1,7.71,7.71
IT00005003,PED00002054,SKU008,1,18.42,18.42
IT00005004,PED00002054,SKU004,6,7.87,47.21
IT00005005,PED00002054,SKU004,3,7.63,22.88
IT00005006,PED00002054,SKU015,2,7.03,14.05
IT00005007,PED00002055,SKU002,6,4.1,24.59
IT00005008,PED00002055,SKU011,1,16.65,16.65
IT00005009,PED00002056,SKU004,1,7.53,7.53
IT00005010,PED00002056,SKU014,1,7.18,7.18
IT00005011,PED00002056,SKU011,1,15.95,15.95
IT00005012,PED00002057,SKU013,2,10.49,20.98
IT00005013,PED00002058,SKU014,6,7.36,44.17
IT00005014,PED00002058,SKU008,3,19.84,59.52
IT00005015,PED00002059,SKU010,2,15.42,30.85
IT00005016,PED00002059,SKU005,12,8.23,98.77
IT00005017,PED00002060,SKU011,3,16.71,50.14
IT00005018,PED00002060,SKU015,3,6.91,20.72
IT00005019,PED00002061,SKU011,6,16.72,100.29
IT00005020,PED00002062,SKU008,2,18.49,36.99
IT00005021,PED00002062,SKU015,1,6.82,6.82
IT00005022,PED00002063,SKU009,6,19.68,118.09
IT00005023,PED00002063,SKU009,2,20.82,41.63
IT00005024,PED00002064,SKU006,6,10.26,61.57
IT00005025,PED00002064,SKU011,6,15.71,94.25
IT00005026,PED00002064,SKU002,1,4.0,4.0
IT00005027,PED00002064,SKU014,1,7.48,7.48
IT00005028,PED00002064,SKU014,2,7.73,15.46
IT00005029,PED00002065,SKU014,1,7.76,7.76
IT00005030,PED00002065,SKU012,1,11.34,11.34
IT00005031,PED00002065,SKU010,1,15.57,15.57
IT00005032,PED00002065,SKU006,3,10.29,30.87
IT00005033,PED00002066,SKU014,1,7.64,7.64
IT00005034,PED00002067,SKU003,3,3.7,11.11
IT00005035,PED00002067,SKU002,3,4.2,12.6
IT00005036,PED00002067,SKU015,1,6.84,6.84
IT00005037,PED00002068,SKU003,2,3.68,7.37
IT00005038,PED00002068,SKU002,2,4.36,8.71
IT00005039,PED00002068,SKU011,3,16.76,50.29
IT00005040,PED00002068,SKU003,2,3.65,7.3
IT00005041,PED00002069,SKU011,6,16.46,98.76
IT00005042,PED00002069,SKU002,2,4.38,8.75
IT00005043,PED00002070,SKU002,1,4.15,4.15
IT00005044,PED00002070,SKU009,1,19.15,19.15
IT00005045,PED00002071,SKU011,3,16.64,49.93
IT00005046,PED00002071,SKU003,3,3.96,11.89
IT00005047,PED00002071,SKU012,6,11.83,70.99
IT00005048,PED00002072,SKU013,1,11.05,11.05
IT00005049,PED00002072,SKU015,2,7.06,14.12
IT00005050,PED00002073,SKU006,1,9.42,9.42
IT00005051,PED00002073,SKU007,1,12.82,12.82
IT00005052,PED00002073,SKU003,1,3.68,3.68
IT00005053,PED00002073,SKU011,3,17.25,51.75
IT00005054,PED00002074,SKU008,1,19.79,19.79
IT00005055,PED00002074,SKU006,1,9.96,9.96
IT00005056,PED00002074,SKU009,1,20.01,20.01
IT00005057,PED00002074,SKU004,1,8.14,8.14
IT00005058,PED00002075,SKU003,3,3.99,11.96
IT00005059,PED00002075,SKU015,6,7.2,43.23
IT00005060,PED00002076,SKU014,6,7.15,42.87
IT00005061,PED00002076,SKU003,2,3.88,7.76
IT00005062,PED00002076,SKU001,3,6.48,19.45
IT00005063,PED00002077,SKU005,1,8.28,8.28
IT00005064,PED00002077,SKU011,3,16.62,49.85
IT00005065,PED00002077,SKU013,1,10.61,10.61
IT00005066,PED00002078,SKU001,1,6.3,6.3
IT00005067,PED00002078,SKU014,6,7.52,45.12
IT00005068,PED00002078,SKU001,3,6.74,20.21
IT00005069,PED00002079,SKU015,1,6.86,6.86
IT00005070,PED00002079,SKU011,2,16.49,32.98
IT00005071,PED00002079,SKU006,2,10.18,20.36
IT00005072,PED00002079,SKU006,1,9.94,9.94
IT00005073,PED00002080,SKU015,1,6.84,6.84
IT00005074,PED00002080,SKU005,3,8.18,24.55
IT00005075,PED00002081,SKU015,1,6.94,6.94
IT00005076,PED00002081,SKU013,3,11.35,34.05
IT00005077,PED00002082,SKU005,3,8.25,24.74
IT00005078,PED00002083,SKU015,3,6.94,20.83
IT00005079,PED00002083,SKU012,6,12.42,74.51
IT00005080,PED00002083,SKU015,6,6.8,40.82
IT00005081,PED00002084,SKU007,1,12.37,12.37
IT00005082,PED00002084,SKU008,3,19.19,57.57
IT00005083,PED00002084,SKU008,2,19.64,39.28
IT00005084,PED00002085,SKU006,3,10.0,29.99
IT00005085,PED00002085,SKU003,6,3.71,22.25
IT00005086,PED00002085,SKU004,12,7.85,94.22
IT00005087,PED00002086,SKU014,2,7.42,14.84
IT00005088,PED00002086,SKU010,1,14.8,14.8
IT00005089,PED00002086,SKU012,6,11.47,68.83
IT00005090,PED00002086,SKU001,6,6.68,40.07
IT00005091,PED00002087,SKU015,2,6.68,13.36
IT00005092,PED00002087,SKU002,1,4.09,4.09
IT00005093,PED00002088,SKU012,1,11.71,11.71
IT00005094,PED00002088,SKU007,2,12.26,24.53
IT00005095,PED00002089,SKU012,12,11.34,136.1
IT00005096,PED00002089,SKU015,6,6.61,39.63
IT00005097,PED00002089,SKU015,12,7.12,85.46
IT00005098,PED00002090,SKU010,12,14.82,177.8
IT00005099,PED00002090,SKU012,6,12.28,73.66
IT00005100,PED00002090,SKU001,3,6.7,20.09
IT00005101,PED00002090,SKU007,1,12.9,12.9
IT00005102,PED00002091,SKU012,6,11.89,71.32
IT00005103,PED00002091,SKU005,6,8.32,49.9
IT00005104,PED00002091,SKU007,2,12.36,24.72
IT00005105,PED00002092,SKU008,3,19.53,58.58
IT00005106,PED00002092,SKU012,1,12.46,12.46
IT00005107,PED00002093,SKU003,2,3.75,7.49
IT00005108,PED00002094,SKU003,1,3.67,3.67
IT00005109,PED00002094,SKU004,3,7.96,23.88
IT00005110,PED00002094,SKU010,6,14.94,89.62
IT00005111,PED00002095,SKU011,3,16.15,48.46
IT00005112,PED00002095,SKU005,6,8.29,49.77
IT00005113,PED00002095,SKU013,2,10.85,21.7
IT00005114,PED00002095,SKU013,2,10.75,21.5
IT00005115,PED00002095,SKU014,3,7.21,21.62
IT00005116,PED00002096,SKU002,6,4.16,24.95
IT00005117,PED00002096,SKU014,3,7.4,22.21
IT00005118,PED00002097,SKU014,1,7.85,7.85
IT00005119,PED00002097,SKU001,2,6.26,12.51
IT00005120,PED00002098,SKU008,2,18.5,37.0
IT00005121,PED00002099,SKU005,1,8.08,8.08
IT00005122,PED00002099,SKU002,3,4.22,12.67
IT00005123,PED00002100,SKU013,3,10.39,31.18
IT00005124,PED00002100,SKU007,6,12.44,74.61
IT00005125,PED00002101,SKU002,2,4.07,8.14
IT00005126,PED00002102,SKU011,1,16.26,16.26
IT00005127,PED00002102,SKU009,2,19.59,39.18
IT00005128,PED00002103,SKU007,3,13.46,40.39
IT00005129,PED00002103,SKU006,2,10.35,20.7
IT00005130,PED00002104,SKU006,1,9.8,9.8
IT00005131,PED00002104,SKU007,6,12.81,76.87
IT00005132,PED00002104,SKU015,1,7.24,7.24
IT00005133,PED00002105,SKU005,1,8.63,8.63
IT00005134,PED00002105,SKU015,1,7.21,7.21
IT00005135,PED00002106,SKU005,3,8.43,25.3
IT00005136,PED00002106,SKU003,2,3.76,7.52
IT00005137,PED00002106,SKU015,3,6.93,20.78
IT00005138,PED00002106,SKU003,2,3.94,7.87
IT00005139,PED00002107,SKU001,1,6.75,6.75
IT00005140,PED00002107,SKU003,3,3.96,11.89
IT00005141,PED00002107,SKU014,2,7.18,14.37
IT00005142,PED00002107,SKU013,1,11.21,11.21
IT00005143,PED00002108,SKU003,1,3.94,3.94
IT00005144,PED00002109,SKU012,1,12.12,12.12
IT00005145,PED00002109,SKU003,1,3.76,3.76
IT00005146,PED00002110,SKU012,1,11.46,11.46
IT00005147,PED00002110,SKU004,3,7.58,22.73
IT00005148,PED00002111,SKU011,1,15.94,15.94
IT00005149,PED00002111,SKU003,6,3.81,22.87
IT00005150,PED00002112,SKU003,2,3.93,7.87
IT00005151,PED00002112,SKU011,6,16.61,99.64
IT00005152,PED00002112,SKU013,2,10.51,21.01
IT00005153,PED00002112,SKU005,1,8.86,8.86
IT00005154,PED00002113,SKU012,3,12.42,37.27
IT00005155,PED00002113,SKU003,3,3.8,11.39
IT00005156,PED00002113,SKU011,3,16.48,49.45
IT00005157,PED00002114,SKU005,2,8.17,16.33
IT00005158,PED00002114,SKU008,6,18.29,109.77
IT00005159,PED00002115,SKU012,6,12.03,72.17
IT00005160,PED00002115,SKU003,2,3.63,7.26
IT00005161,PED00002115,SKU003,12,3.74,44.9
IT00005162,PED00002116,SKU010,6,14.96,89.75
IT00005163,PED00002117,SKU002,6,4.24,25.46
IT00005164,PED00002117,SKU010,6,14.48,86.91
IT00005165,PED00002117,SKU015,1,6.97,6.97
IT00005166,PED00002117,SKU003,12,3.74,44.9
IT00005167,PED00002118,SKU002,2,4.27,8.55
IT00005168,PED00002118,SKU003,1,3.96,3.96
IT00005169,PED00002118,SKU007,6,13.19,79.12
IT00005170,PED00002119,SKU005,1,8.78,8.78
IT00005171,PED00002119,SKU012,3,12.27,36.8
IT00005172,PED00002120,SKU015,6,6.86,41.16
IT00005173,PED00002121,SKU015,2,7.02,14.03
IT00005174,PED00002121,SKU002,1,4.37,4.37
IT00005175,PED00002121,SKU004,2,7.8,15.6
IT00005176,PED00002121,SKU001,1,6.56,6.56
IT00005177,PED00002122,SKU011,12,17.21,206.55
IT00005178,PED00002122,SKU015,1,6.83,6.83
IT00005179,PED00002122,SKU009,2,19.86,39.72
IT00005180,PED00002122,SKU009,3,20.82,62.47
IT00005181,PED00002123,SKU011,3,16.93,50.79
IT00005182,PED00002123,SKU007,6,12.94,77.62
IT00005183,PED00002124,SKU013,1,11.43,11.43
IT00005184,PED00002124,SKU006,1,10.13,10.13
IT00005185,PED00002125,SKU013,2,10.4,20.8
IT00005186,PED00002125,SKU015,3,7.09,21.26
IT00005187,PED00002126,SKU012,1,11.61,11.61
IT00005188,PED00002126,SKU003,1,3.82,3.82
IT00005189,PED00002126,SKU003,12,3.66,43.9
IT00005190,PED00002126,SKU002,3,4.13,12.4
IT00005191,PED00002127,SKU002,1,4.38,4.38
IT00005192,PED00002128,SKU009,1,18.94,18.94
IT00005193,PED00002129,SKU001,1,6.82,6.82
IT00005194,PED00002129,SKU011,6,16.18,97.08
IT00005195,PED00002129,SKU007,6,12.97,77.84
IT00005196,PED00002130,SKU011,12,16.16,193.92
IT00005197,PED00002130,SKU008,2,19.25,38.51
IT00005198,PED00002130,SKU001,1,6.81,6.81
IT00005199,PED00002130,SKU009,1,19.51,19.51
IT00005200,PED00002131,SKU010,3,14.47,43.41
IT00005201,PED00002132,SKU013,3,10.54,31.61
IT00005202,PED00002133,SKU011,6,16.86,101.16
IT00005203,PED00002133,SKU015,2,6.93,13.86
IT00005204,PED00002134,SKU004,1,7.7,7.7
IT00005205,PED00002134,SKU015,12,6.84,82.11
IT00005206,PED00002134,SKU002,1,4.03,4.03
IT00005207,PED00002135,SKU014,2,7.69,15.39
IT00005208,PED00002136,SKU015,1,6.72,6.72
IT00005209,PED00002136,SKU015,3,7.0,21.01
IT00005210,PED00002136,SKU015,3,6.61,19.84
IT00005211,PED00002136,SKU007,3,12.67,38.02
IT00005212,PED00002136,SKU013,1,11.08,11.08
IT00005213,PED00002137,SKU002,2,4.3,8.6
IT00005214,PED00002137,SKU005,2,8.57,17.15
IT00005215,PED00002138,SKU013,1,11.2,11.2
IT00005216,PED00002138,SKU015,1,7.2,7.2
IT00005217,PED00002138,SKU001,1,6.31,6.31
IT00005218,PED00002139,SKU015,1,7.12,7.12
IT00005219,PED00002139,SKU007,3,13.14,39.42
IT00005220,PED00002140,SKU010,6,14.88,89.26
IT00005221,PED00002141,SKU011,1,17.17,17.17
IT00005222,PED00002141,SKU012,3,11.31,33.94
IT00005223,PED00002142,SKU014,3,7.83,23.49
IT00005224,PED00002142,SKU014,1,7.3,7.3
IT00005225,PED00002142,SKU004,3,7.91,23.72
IT00005226,PED00002142,SKU013,2,10.76,21.52
IT00005227,PED00002143,SKU012,3,11.84,35.53
IT00005228,PED00002144,SKU012,3,11.32,33.95
IT00005229,PED00002144,SKU014,2,7.67,15.34
IT00005230,PED00002145,SKU006,6,10.27,61.6
IT00005231,PED00002146,SKU007,1,12.45,12.45
IT00005232,PED00002146,SKU014,1,7.25,7.25
IT00005233,PED00002146,SKU004,1,7.85,7.85
IT00005234,PED00002147,SKU002,3,4.03,12.08
IT00005235,PED00002147,SKU008,2,18.17,36.34
IT00005236,PED00002147,SKU007,12,12.86,154.31
IT00005237,PED00002148,SKU007,6,13.23,79.37
IT00005238,PED00002149,SKU015,6,6.7,40.19
IT00005239,PED00002149,SKU014,1,7.83,7.83
IT00005240,PED00002149,SKU001,2,6.3,12.61
IT00005241,PED00002150,SKU005,2,8.21,16.43
IT00005242,PED00002151,SKU012,1,12.08,12.08
IT00005243,PED00002151,SKU004,12,8.02,96.23
IT00005244,PED00002152,SKU008,6,18.79,112.74
IT00005245,PED00002153,SKU012,2,11.59,23.17
IT00005246,PED00002154,SKU009,1,20.67,20.67
IT00005247,PED00002154,SKU010,1,14.2,14.2
IT00005248,PED00002154,SKU005,1,8.34,8.34
IT00005249,PED00002154,SKU002,3,4.26,12.77
IT00005250,PED00002155,SKU014,2,7.45,14.9
IT00005251,PED00002155,SKU009,2,20.8,41.6
IT00005252,PED00002155,SKU011,3,15.94,47.83
IT00005253,PED00002155,SKU013,3,11.26,33.78
IT00005254,PED00002156,SKU011,2,16.63,33.26
IT00005255,PED00002156,SKU015,1,7.24,7.24
IT00005256,PED00002157,SKU008,2,18.09,36.18
IT00005257,PED00002157,SKU014,1,7.33,7.33
IT00005258,PED00002158,SKU015,6,7.16,42.93
IT00005259,PED00002158,SKU008,3,18.03,54.09
IT00005260,PED00002159,SKU008,2,18.21,36.42
IT00005261,PED00002159,SKU014,1,7.24,7.24
IT00005262,PED00002159,SKU010,6,15.1,90.62
IT00005263,PED00002159,SKU011,3,16.55,49.66
IT00005264,PED00002160,SKU010,3,15.57,46.71
IT00005265,PED00002160,SKU004,3,7.77,23.32
IT00005266,PED00002160,SKU008,6,19.14,114.84
IT00005267,PED00002160,SKU003,3,3.71,11.12
IT00005268,PED00002160,SKU015,6,6.72,40.33
IT00005269,PED00002161,SKU004,2,7.69,15.38
IT00005270,PED00002161,SKU012,3,12.25,36.76
IT00005271,PED00002161,SKU006,1,9.64,9.64
IT00005272,PED00002162,SKU014,1,7.3,7.3
IT00005273,PED00002162,SKU005,6,8.87,53.24
IT00005274,PED00002162,SKU011,1,17.08,17.08
IT00005275,PED00002162,SKU007,2,12.57,25.14
IT00005276,PED00002162,SKU013,1,10.64,10.64
IT00005277,PED00002163,SKU013,6,10.96,0.0
IT00005278,PED00002163,SKU003,6,3.68,22.1
IT00005279,PED00002164,SKU004,1,7.73,7.73
IT00005280,PED00002164,SKU003,1,3.65,3.65
IT00005281,PED00002164,SKU006,1,9.98,9.98
IT00005282,PED00002164,SKU005,12,8.36,100.29
IT00005283,PED00002165,SKU005,2,8.5,17.01
IT00005284,PED00002165,SKU015,2,6.67,13.33
IT00005285,PED00002165,SKU002,1,4.37,4.37
IT00005286,PED00002166,SKU009,12,19.25,231.0
IT00005287,PED00002166,SKU008,3,18.57,55.7
IT00005288,PED00002166,SKU011,6,16.7,100.17
IT00005289,PED00002167,SKU005,2,8.88,17.75
IT00005290,PED00002167,SKU002,3,4.08,12.25
IT00005291,PED00002167,SKU005,2,8.56,17.12
IT00005292,PED00002167,SKU015,3,6.72,20.15
IT00005293,PED00002168,SKU003,1,3.98,3.98
IT00005294,PED00002168,SKU015,12,7.07,84.81
IT00005295,PED00002169,SKU002,6,4.26,25.53
IT00005296,PED00002169,SKU001,2,6.65,13.31
IT00005297,PED00002169,SKU010,2,15.24,30.47
IT00005298,PED00002169,SKU007,6,13.02,78.13
IT00005299,PED00002170,SKU015,2,7.21,14.43
IT00005300,PED00002171,SKU015,1,6.56,6.56
IT00005301,PED00002172,SKU009,6,20.14,120.84
IT00005302,PED00002172,SKU007,3,13.5,40.49
IT00005303,PED00002173,SKU002,1,4.28,4.28
IT00005304,PED00002173,SKU009,1,19.65,19.65
IT00005305,PED00002174,SKU005,1,8.87,8.87
IT00005306,PED00002174,SKU011,1,15.81,15.81
IT00005307,PED00002175,SKU009,6,19.04,114.24
IT00005308,PED00002175,SKU006,2,9.57,19.15
IT00005309,PED00002175,SKU012,6,11.69,70.13
IT00005310,PED00002176,SKU012,3,11.9,35.71
IT00005311,PED00002176,SKU010,1,14.66,14.66
IT00005312,PED00002176,SKU008,2,18.84,37.68
IT00005313,PED00002176,SKU014,3,7.53,22.58
IT00005314,PED00002177,SKU010,1,15.16,15.16
IT00005315,PED00002177,SKU002,1,4.31,4.31
IT00005316,PED00002177,SKU014,6,7.55,45.31
IT00005317,PED00002178,SKU007,3,13.5,40.5
IT00005318,PED00002178,SKU007,3,13.36,40.07
IT00005319,PED00002178,SKU007,1,12.65,12.65
IT00005320,PED00002179,SKU003,2,3.86,7.72
IT00005321,PED00002179,SKU007,1,13.1,13.1
IT00005322,PED00002180,SKU013,3,10.61,31.83
IT00005323,PED00002180,SKU007,2,12.69,25.38
IT00005324,PED00002181,SKU007,6,13.45,80.7
IT00005325,PED00002181,SKU013,3,10.86,32.57
IT00005326,PED00002181,SKU004,2,8.18,16.37
IT00005327,PED00002182,SKU014,3,7.75,23.24
IT00005328,PED00002182,SKU007,2,13.02,26.04
IT00005329,PED00002182,SKU011,1,16.76,16.76
IT00005330,PED00002182,SKU013,1,10.54,10.54
IT00005331,PED00002183,SKU015,1,7.1,7.1
IT00005332,PED00002183,SKU007,2,13.13,26.26
IT00005333,PED00002184,SKU001,2,6.67,13.34
IT00005334,PED00002184,SKU006,2,9.49,18.97
IT00005335,PED00002185,SKU004,3,7.99,23.96
IT00005336,PED00002186,SKU003,1,3.63,3.63
IT00005337,PED00002186,SKU006,1,9.8,9.8
IT00005338,PED00002187,SKU009,1,19.67,19.67
IT00005339,PED00002187,SKU006,12,10.29,123.47
IT00005340,PED00002188,SKU013,2,11.44,22.87
IT00005341,PED00002188,SKU004,12,8.09,97.06
IT00005342,PED00002188,SKU011,1,16.51,16.51
IT00005343,PED00002188,SKU006,1,9.49,9.49
IT00005344,PED00002189,SKU002,1,4.37,4.37
IT00005345,PED00002189,SKU009,1,19.22,19.22
IT00005346,PED00002189,SKU015,1,6.96,6.96
IT00005347,PED00002189,SKU015,2,7.06,14.11
IT00005348,PED00002190,SKU008,2,18.63,37.26
IT00005349,PED00002190,SKU005,1,8.83,8.83
IT00005350,PED00002190,SKU004,1,8.27,8.27
IT00005351,PED00002191,SKU003,2,3.69,7.38
IT00005352,PED00002191,SKU006,2,9.64,19.28
IT00005353,PED00002191,SKU001,2,6.65,13.3
IT00005354,PED00002191,SKU003,1,3.7,3.7
IT00005355,PED00002192,SKU001,1,6.34,6.34
IT00005356,PED00002193,SKU005,1,8.51,8.51
IT00005357,PED00002193,SKU007,1,13.46,13.46
IT00005358,PED00002193,SKU015,12,7.22,86.6
IT00005359,PED00002194,SKU004,1,7.97,7.97
IT00005360,PED00002194,SKU001,2,6.39,12.78
IT00005361,PED00002194,SKU008,6,18.61,111.64
IT00005362,PED00002195,SKU009,1,19.43,19.43
IT00005363,PED00002196,SKU010,2,14.28,28.56
IT00005364,PED00002196,SKU011,3,16.71,50.12
IT00005365,PED00002197,SKU003,1,3.83,3.83
IT00005366,PED00002197,SKU001,1,6.8,6.8
IT00005367,PED00002197,SKU003,1,3.67,3.67
IT00005368,PED00002198,SKU009,2,20.42,40.84
IT00005369,PED00002198,SKU010,3,15.29,45.88
IT00005370,PED00002198,SKU002,6,4.12,24.7
IT00005371,PED00002199,SKU012,1,11.9,11.9
IT00005372,PED00002199,SKU001,1,6.62,6.62
IT00005373,PED00002199,SKU011,1,16.47,16.47
IT00005374,PED00002199,SKU012,1,12.06,12.06
IT00005375,PED00002200,SKU012,2,12.04,24.08
IT00005376,PED00002200,SKU013,3,10.45,31.35
IT00005377,PED00002201,SKU011,6,17.11,102.66
IT00005378,PED00002201,SKU013,2,10.79,21.58
IT00005379,PED00002201,SKU011,6,16.23,97.4
IT00005380,PED00002202,SKU008,1,18.57,18.57
IT00005381,PED00002202,SKU014,2,7.44,14.87
IT00005382,PED00002203,SKU007,3,12.7,38.09
IT00005383,PED00002203,SKU015,2,6.64,13.27
IT00005384,PED00002204,SKU009,1,19.69,19.69
IT00005385,PED00002204,SKU007,1,12.42,12.42
IT00005386,PED00002204,SKU003,3,3.77,11.32
IT00005387,PED00002204,SKU010,2,15.26,30.51
IT00005388,PED00002205,SKU013,6,11.04,66.23
IT00005389,PED00002205,SKU007,3,12.37,37.1
IT00005390,PED00002206,SKU014,12,7.26,87.12
IT00005391,PED00002206,SKU006,6,10.13,60.78
IT00005392,PED00002206,SKU007,1,12.56,12.56
IT00005393,PED00002207,SKU002,3,4.03,12.08
IT00005394,PED00002207,SKU014,2,7.44,14.89
IT00005395,PED00002208,SKU003,1,3.61,3.61
IT00005396,PED00002208,SKU004,1,7.88,7.88
IT00005397,PED00002209,SKU013,1,11.23,11.23
IT00005398,PED00002209,SKU015,1,7.23,7.23
IT00005399,PED00002210,SKU008,1,19.27,19.27
IT00005400,PED00002211,SKU009,2,20.4,40.81
IT00005401,PED00002212,SKU010,1,15.15,15.15
IT00005402,PED00002212,SKU007,12,13.11,157.3
IT00005403,PED00002212,SKU009,1,20.73,20.73
IT00005404,PED00002213,SKU001,6,6.31,37.87
IT00005405,PED00002213,SKU007,2,12.76,25.52
IT00005406,PED00002213,SKU007,3,13.47,40.4
IT00005407,PED00002214,SKU004,1,8.05,8.05
IT00005408,PED00002214,SKU010,1,14.41,14.41
IT00005409,PED00002215,SKU011,3,16.76,50.29
IT00005410,PED00002215,SKU003,3,3.89,11.67
IT00005411,PED00002215,SKU003,6,3.78,22.68
IT00005412,PED00002216,SKU004,1,7.82,7.82
IT00005413,PED00002216,SKU008,2,18.82,37.63
IT00005414,PED00002216,SKU002,1,4.35,4.35
IT00005415,PED00002217,SKU010,12,14.51,174.11
IT00005416,PED00002217,SKU009,6,20.71,124.29
IT00005417,PED00002217,SKU015,3,6.78,20.34
IT00005418,PED00002218,SKU006,2,10.24,20.47
IT00005419,PED00002218,SKU003,2,3.99,7.98
IT00005420,PED00002219,SKU011,6,17.14,102.85
IT00005421,PED00002219,SKU003,2,3.82,7.65
IT00005422,PED00002219,SKU005,2,8.33,16.65
IT00005423,PED00002219,SKU011,6,17.02,102.11
IT00005424,PED00002220,SKU014,2,7.59,15.19
IT00005425,PED00002220,SKU001,3,6.8,20.39
IT00005426,PED00002221,SKU004,1,7.67,7.67
IT00005427,PED00002221,SKU012,3,12.19,36.56
IT00005428,PED00002222,SKU008,1,18.68,18.68
IT00005429,PED00002223,SKU003,1,3.66,3.66
IT00005430,PED00002223,SKU015,6,6.71,40.26
IT00005431,PED00002223,SKU011,3,16.58,49.75
IT00005432,PED00002223,SKU009,1,19.04,19.04
IT00005433,PED00002224,SKU011,2,16.16,32.32
IT00005434,PED00002225,SKU012,1,11.79,11.79
IT00005435,PED00002225,SKU014,1,7.73,7.73
IT00005436,PED00002225,SKU014,6,7.27,43.62
IT00005437,PED00002226,SKU010,1,15.56,15.56
IT00005438,PED00002226,SKU006,1,9.83,9.83
IT00005439,PED00002227,SKU009,1,20.6,20.6
IT00005440,PED00002227,SKU006,1,9.5,9.5
IT00005441,PED00002228,SKU001,2,6.51,13.02
IT00005442,PED00002229,SKU001,1,6.55,6.55
IT00005443,PED00002230,SKU011,1,16.49,16.49
IT00005444,PED00002230,SKU004,6,8.1,48.6
IT00005445,PED00002230,SKU004,6,8.01,48.05
IT00005446,PED00002231,SKU007,2,12.93,25.86
IT00005447,PED00002231,SKU003,1,3.97,3.97
IT00005448,PED00002231,SKU006,1,10.33,10.33
IT00005449,PED00002231,SKU009,3,20.21,60.62
IT00005450,PED00002232,SKU014,3,7.56,22.68
IT00005451,PED00002232,SKU003,3,3.72,11.15
IT00005452,PED00002232,SKU014,1,7.55,7.55
IT00005453,PED00002233,SKU012,2,11.8,23.61
IT00005454,PED00002233,SKU008,2,18.77,37.54
IT00005455,PED00002233,SKU011,2,15.95,31.9
IT00005456,PED00002234,SKU010,6,14.86,89.14
IT00005457,PED00002234,SKU004,2,7.73,15.46
IT00005458,PED00002235,SKU011,1,16.7,16.7
IT00005459,PED00002235,SKU011,6,16.84,101.04
IT00005460,PED00002235,SKU003,2,3.76,7.51
IT00005461,PED00002236,SKU014,6,7.18,43.1
IT00005462,PED00002236,SKU008,2,18.06,36.12
IT00005463,PED00002237,SKU009,2,19.17,38.35
IT00005464,PED00002237,SKU001,6,6.21,37.28
IT00005465,PED00002237,SKU003,2,3.98,7.97
IT00005466,PED00002237,SKU008,1,18.78,18.78
IT00005467,PED00002238,SKU008,2,18.16,36.33
IT00005468,PED00002238,SKU014,3,7.32,21.97
IT00005469,PED00002239,SKU005,2,8.43,16.85
IT00005470,PED00002239,SKU005,3,8.16,24.47
IT00005471,PED00002239,SKU012,1,11.58,11.58
IT00005472,PED00002239,SKU006,3,9.76,29.27
IT00005473,PED00002240,SKU010,2,14.23,28.45
IT00005474,PED00002240,SKU002,6,4.14,24.86
IT00005475,PED00002240,SKU002,3,4.03,12.1
IT00005476,PED00002241,SKU005,3,8.5,25.49
IT00005477,PED00002241,SKU001,3,6.21,18.64
IT00005478,PED00002242,SKU007,1,12.33,12.33
IT00005479,PED00002242,SKU013,2,10.91,21.82
IT00005480,PED00002243,SKU013,2,10.52,21.04
IT00005481,PED00002243,SKU005,3,8.83,26.48
IT00005482,PED00002243,SKU003,1,3.73,3.73
IT00005483,PED00002243,SKU001,1,6.38,6.38
IT00005484,PED00002244,SKU011,1,15.95,15.95
IT00005485,PED00002245,SKU013,1,11.37,11.37
IT00005486,PED00002245,SKU009,6,19.66,117.94
IT00005487,PED00002245,SKU015,2,7.06,14.13
IT00005488,PED00002246,SKU005,2,8.72,17.44
IT00005489,PED00002246,SKU013,6,10.56,63.34
IT00005490,PED00002246,SKU009,1,20.88,20.88
IT00005491,PED00002247,SKU003,6,3.88,23.26
IT00005492,PED00002247,SKU003,2,3.87,7.75
IT00005493,PED00002247,SKU014,6,7.87,47.24
IT00005494,PED00002248,SKU005,1,8.53,8.53
IT00005495,PED00002248,SKU003,1,3.95,3.95
IT00005496,PED00002249,SKU003,2,3.77,7.55
IT00005497,PED00002249,SKU004,1,7.74,7.74
IT00005498,PED00002249,SKU010,1,15.62,15.62
IT00005499,PED00002249,SKU010,6,14.97,89.82
IT00005500,PED00002250,SKU012,3,11.38,34.13
IT00005501,PED00002251,SKU011,3,17.03,51.1
IT00005502,PED00002251,SKU009,1,18.95,18.95
IT00005503,PED00002252,SKU015,3,6.83,20.48
IT00005504,PED00002252,SKU002,2,4.09,8.19
IT00005505,PED00002253,SKU004,6,8.06,48.35
IT00005506,PED00002253,SKU007,1,12.32,12.32
IT00005507,PED00002253,SKU014,6,7.71,46.27
IT00005508,PED00002254,SKU011,1,17.23,17.23
IT00005509,PED00002254,SKU001,3,6.62,19.87
IT00005510,PED00002254,SKU007,2,13.25,26.49
IT00005511,PED00002254,SKU007,1,13.22,13.22
IT00005512,PED00002255,SKU010,6,15.43,92.56
IT00005513,PED00002255,SKU007,1,13.41,13.41
IT00005514,PED00002256,SKU007,3,13.21,39.63
IT00005515,PED00002256,SKU013,1,11.3,11.3
IT00005516,PED00002256,SKU015,1,6.84,6.84
IT00005517,PED00002256,SKU001,3,6.46,19.39
IT00005518,PED00002256,SKU010,3,14.45,43.36
IT00005519,PED00002257,SKU011,2,16.57,33.15
IT00005520,PED00002257,SKU006,12,10.27,123.24
IT00005521,PED00002258,SKU004,3,7.96,23.87
IT00005522,PED00002259,SKU013,1,10.92,10.92
IT00005523,PED00002259,SKU001,1,6.6,6.6
IT00005524,PED00002259,SKU001,12,6.59,79.08
IT00005525,PED00002260,SKU011,1,15.88,15.88
IT00005526,PED00002260,SKU013,1,10.85,10.85
IT00005527,PED00002260,SKU013,1,10.63,10.63
IT00005528,PED00002260,SKU013,1,10.97,10.97
IT00005529,PED00002261,SKU011,6,15.79,94.77
IT00005530,PED00002262,SKU014,1,7.58,7.58
IT00005531,PED00002263,SKU002,1,4.24,4.24
IT00005532,PED00002263,SKU004,1,8.15,8.15
IT00005533,PED00002263,SKU012,3,11.74,35.22
IT00005534,PED00002263,SKU012,3,11.88,35.65
IT00005535,PED00002264,SKU011,6,16.47,98.82
IT00005536,PED00002264,SKU007,2,12.53,25.05
IT00005537,PED00002264,SKU010,2,14.38,28.77
IT00005538,PED00002264,SKU012,2,11.73,23.46
IT00005539,PED00002265,SKU011,1,15.89,15.89
IT00005540,PED00002265,SKU011,1,16.2,16.2
IT00005541,PED00002265,SKU001,1,6.21,6.21
IT00005542,PED00002266,SKU003,6,3.79,22.72
IT00005543,PED00002267,SKU012,1,11.45,11.45
IT00005544,PED00002267,SKU005,6,8.08,48.5
IT00005545,PED00002267,SKU004,3,7.79,23.36
IT00005546,PED00002268,SKU013,1,10.77,10.77
IT00005547,PED00002268,SKU007,6,12.83,76.95
IT00005548,PED00002269,SKU001,1,6.51,6.51
IT00005549,PED00002270,SKU010,1,14.7,14.7
IT00005550,PED00002270,SKU007,1,12.77,12.77
IT00005551,PED00002271,SKU009,6,19.34,116.02
IT00005552,PED00002271,SKU012,1,11.54,11.54
IT00005553,PED00002272,SKU015,1,6.98,6.98
IT00005554,PED00002272,SKU015,6,6.71,40.28
IT00005555,PED00002273,SKU001,2,6.52,13.05
IT00005556,PED00002273,SKU006,1,10.0,10.0
IT00005557,PED00002273,SKU009,6,20.66,123.93
IT00005558,PED00002273,SKU005,3,8.1,24.3
IT00005559,PED00002274,SKU011,6,16.42,98.5
IT00005560,PED00002274,SKU008,1,19.39,19.39
IT00005561,PED00002275,SKU014,1,7.48,7.48
IT00005562,PED00002275,SKU008,1,18.68,18.68
IT00005563,PED00002275,SKU013,6,11.08,66.47
IT00005564,PED00002276,SKU001,2,6.66,13.32
IT00005565,PED00002277,SKU008,6,19.68,118.07
IT00005566,PED00002277,SKU013,1,11.1,11.1
IT00005567,PED00002278,SKU002,2,4.2,8.41
IT00005568,PED00002278,SKU003,1,3.7,3.7
IT00005569,PED00002278,SKU013,1,10.39,10.39
IT00005570,PED00002279,SKU007,1,12.87,12.87
IT00005571,PED00002279,SKU003,2,3.64,7.27
IT00005572,PED00002279,SKU003,6,3.83,23.0
IT00005573,PED00002279,SKU002,1,4.2,4.2
IT00005574,PED00002280,SKU011,2,16.71,33.41
IT00005575,PED00002280,SKU007,1,12.94,12.94
IT00005576,PED00002281,SKU005,1,8.84,8.84
IT00005577,PED00002281,SKU004,1,7.76,7.76
IT00005578,PED00002281,SKU010,2,14.89,29.78
IT00005579,PED00002282,SKU001,1,6.66,6.66
IT00005580,PED00002282,SKU005,1,8.45,8.45
IT00005581,PED00002282,SKU007,1,12.56,12.56
IT00005582,PED00002283,SKU009,3,19.26,57.77
IT00005583,PED00002283,SKU009,2,20.69,41.39
IT00005584,PED00002283,SKU012,3,11.49,34.46
IT00005585,PED00002284,SKU014,3,7.57,22.72
IT00005586,PED00002285,SKU009,3,20.78,62.33
IT00005587,PED00002285,SKU012,1,12.1,12.1
IT00005588,PED00002286,SKU011,3,15.77,47.3
IT00005589,PED00002287,SKU015,1,6.57,6.57
IT00005590,PED00002287,SKU001,12,6.28,75.33
IT00005591,PED00002288,SKU003,2,3.99,7.98
IT00005592,PED00002288,SKU008,1,18.25,18.25
IT00005593,PED00002289,SKU014,3,7.35,22.04
IT00005594,PED00002290,SKU012,2,11.78,23.56
IT00005595,PED00002290,SKU015,6,7.14,42.84
IT00005596,PED00002291,SKU005,12,8.31,99.68
IT00005597,PED00002291,SKU008,1,18.75,18.75
IT00005598,PED00002292,SKU012,6,11.69,70.12
IT00005599,PED00002293,SKU008,1,19.59,19.59
IT00005600,PED00002293,SKU003,3,3.87,11.6
IT00005601,PED00002293,SKU014,6,7.45,44.69
IT00005602,PED00002293,SKU008,2,19.79,39.58
IT00005603,PED00002294,SKU010,1,14.65,14.65
IT00005604,PED00002294,SKU012,1,12.45,12.45
IT00005605,PED00002295,SKU004,1,7.68,7.68
IT00005606,PED00002295,SKU013,6,11.29,67.74
IT00005607,PED00002296,SKU001,2,6.82,13.64
IT00005608,PED00002296,SKU006,3,10.38,31.13
IT00005609,PED00002297,SKU002,1,4.07,4.07
IT00005610,PED00002297,SKU015,3,6.96,20.87
IT00005611,PED00002298,SKU004,1,7.52,7.52
IT00005612,PED00002298,SKU007,3,12.69,38.06
IT00005613,PED00002298,SKU006,1,9.49,9.49
IT00005614,PED00002298,SKU013,3,11.0,32.99
IT00005615,PED00002299,SKU004,1,8.28,8.28
IT00005616,PED00002299,SKU008,6,18.46,110.76
IT00005617,PED00002299,SKU014,1,7.78,7.78
IT00005618,PED00002300,SKU002,2,4.28,8.55
IT00005619,PED00002300,SKU002,1,4.38,4.38
IT00005620,PED00002301,SKU013,1,11.31,11.31
IT00005621,PED00002301,SKU008,1,19.23,19.23
IT00005622,PED00002301,SKU002,12,3.99,47.89
IT00005623,PED00002301,SKU005,2,8.17,16.33
IT00005624,PED00002302,SKU005,1,8.73,8.73
IT00005625,PED00002302,SKU005,2,8.72,17.45
IT00005626,PED00002302,SKU014,3,7.74,23.22
IT00005627,PED00002302,SKU015,1,6.65,6.65
IT00005628,PED00002302,SKU007,2,12.88,25.77
IT00005629,PED00002303,SKU001,1,6.6,6.6
IT00005630,PED00002303,SKU009,1,19.15,19.15
IT00005631,PED00002303,SKU001,1,6.36,6.36
IT00005632,PED00002304,SKU012,1,12.44,12.44
IT00005633,PED00002304,SKU009,3,20.21,60.64
IT00005634,PED00002305,SKU010,1,14.19,14.19
IT00005635,PED00002305,SKU003,12,3.64,43.66
IT00005636,PED00002305,SKU015,12,6.76,81.07
IT00005637,PED00002306,SKU010,2,14.44,28.88
IT00005638,PED00002306,SKU013,1,10.85,10.85
IT00005639,PED00002306,SKU013,1,10.91,10.91
IT00005640,PED00002307,SKU001,1,6.23,6.23
IT00005641,PED00002307,SKU014,1,7.45,7.45
IT00005642,PED00002307,SKU007,12,12.71,152.54
IT00005643,PED00002308,SKU001,1,6.55,6.55
IT00005644,PED00002309,SKU006,1,9.79,9.79
IT00005645,PED00002309,SKU015,3,7.2,21.59
IT00005646,PED00002310,SKU005,6,8.91,53.44
IT00005647,PED00002311,SKU006,6,10.33,61.97
IT00005648,PED00002311,SKU006,2,9.72,19.44
IT00005649,PED00002311,SKU007,1,13.22,13.22
IT00005650,PED00002311,SKU012,1,11.9,11.9
IT00005651,PED00002312,SKU003,3,3.79,11.37
IT00005652,PED00002312,SKU009,2,19.99,39.98
IT00005653,PED00002313,SKU015,2,7.11,14.23
IT00005654,PED00002313,SKU008,2,18.26,36.53
IT00005655,PED00002314,SKU012,3,12.2,36.6
IT00005656,PED00002314,SKU006,12,10.03,120.4
IT00005657,PED00002315,SKU011,12,16.37,196.43
IT00005658,PED00002315,SKU010,1,15.45,15.45
IT00005659,PED00002316,SKU015,6,6.75,40.5
IT00005660,PED00002316,SKU004,3,7.53,22.59
IT00005661,PED00002317,SKU014,2,7.16,14.32
IT00005662,PED00002317,SKU007,2,12.88,25.76
IT00005663,PED00002317,SKU012,1,11.88,11.88
IT00005664,PED00002317,SKU011,1,15.76,15.76
IT00005665,PED00002317,SKU015,1,7.01,7.01
IT00005666,PED00002318,SKU013,1,10.95,10.95
IT00005667,PED00002318,SKU008,3,19.44,58.32
IT00005668,PED00002319,SKU003,1,3.75,3.75
IT00005669,PED00002319,SKU013,2,10.85,21.69
IT00005670,PED00002319,SKU003,2,3.71,7.41
IT00005671,PED00002320,SKU015,1,6.77,6.77
IT00005672,PED00002321,SKU009,6,20.64,123.86
IT00005673,PED00002321,SKU003,6,3.62,21.7
IT00005674,PED00002322,SKU006,3,10.19,30.57
IT00005675,PED00002322,SKU005,2,8.48,16.96
IT00005676,PED00002322,SKU015,2,7.04,14.08
IT00005677,PED00002323,SKU015,1,6.84,6.84
IT00005678,PED00002324,SKU013,1,11.44,11.44
IT00005679,PED00002324,SKU010,2,14.8,29.6
IT00005680,PED00002325,SKU013,2,11.12,22.25
IT00005681,PED00002325,SKU002,1,4.23,4.23
IT00005682,PED00002325,SKU012,2,11.58,23.16
IT00005683,PED00002326,SKU004,2,8.12,16.25
IT00005684,PED00002326,SKU007,6,12.71,76.26
IT00005685,PED00002327,SKU003,6,3.91,23.47
IT00005686,PED00002327,SKU001,1,6.64,6.64
IT00005687,PED00002327,SKU002,1,4.0,4.0
IT00005688,PED00002328,SKU008,1,18.6,18.6
IT00005689,PED00002329,SKU013,1,10.91,10.91
IT00005690,PED00002329,SKU001,3,6.59,19.76
IT00005691,PED00002329,SKU006,2,9.88,19.77
IT00005692,PED00002330,SKU007,2,13.16,26.33
IT00005693,PED00002330,SKU003,3,3.92,11.76
IT00005694,PED00002330,SKU004,6,8.26,49.53
IT00005695,PED00002331,SKU005,1,8.88,8.88
IT00005696,PED00002331,SKU006,1,9.83,9.83
IT00005697,PED00002331,SKU006,3,10.08,30.23
IT00005698,PED00002331,SKU008,2,18.43,36.86
IT00005699,PED00002332,SKU012,3,11.83,35.48
IT00005700,PED00002333,SKU013,2,11.38,22.76
IT00005701,PED00002334,SKU005,2,8.75,17.5
IT00005702,PED00002334,SKU015,6,6.62,39.7
IT00005703,PED00002334,SKU002,3,4.06,12.18
IT00005704,PED00002334,SKU013,1,10.78,10.78
IT00005705,PED00002335,SKU015,2,7.05,14.1
IT00005706,PED00002335,SKU015,2,6.92,13.84
IT00005707,PED00002335,SKU012,3,11.76,35.27
IT00005708,PED00002335,SKU004,1,7.51,7.51
IT00005709,PED00002335,SKU009,3,20.39,61.17
IT00005710,PED00002336,SKU012,2,12.11,24.22
IT00005711,PED00002336,SKU002,1,4.15,4.15
IT00005712,PED00002337,SKU003,6,3.96,23.75
IT00005713,PED00002337,SKU006,2,9.7,19.4
IT00005714,PED00002337,SKU004,2,8.11,16.21
IT00005715,PED00002338,SKU003,3,3.65,10.96
IT00005716,PED00002338,SKU001,2,6.23,12.45
IT00005717,PED00002339,SKU011,2,17.1,34.2
IT00005718,PED00002339,SKU013,1,11.37,11.37
IT00005719,PED00002340,SKU003,3,3.84,11.51
IT00005720,PED00002340,SKU010,3,14.74,44.22
IT00005721,PED00002340,SKU008,2,18.07,36.14
IT00005722,PED00002341,SKU013,3,10.46,31.38
IT00005723,PED00002341,SKU005,3,8.23,24.69
IT00005724,PED00002342,SKU014,1,7.86,7.86
IT00005725,PED00002342,SKU007,2,12.51,25.01
IT00005726,PED00002342,SKU014,1,7.14,7.14
IT00005727,PED00002343,SKU010,12,14.94,179.27
IT00005728,PED00002344,SKU011,12,16.28,195.32
IT00005729,PED00002344,SKU009,3,19.21,57.64
IT00005730,PED00002345,SKU004,1,8.03,8.03
IT00005731,PED00002345,SKU013,1,11.2,11.2
IT00005732,PED00002345,SKU012,1,12.41,12.41
IT00005733,PED00002345,SKU013,1,11.39,11.39
IT00005734,PED00002346,SKU011,2,16.47,32.95
IT00005735,PED00002346,SKU003,2,3.86,7.72
IT00005736,PED00002346,SKU014,3,7.32,21.97
IT00005737,PED00002346,SKU005,3,8.35,25.04
IT00005738,PED00002347,SKU009,1,19.98,19.98
IT00005739,PED00002348,SKU006,2,9.51,19.03
IT00005740,PED00002348,SKU009,6,20.01,120.07
IT00005741,PED00002348,SKU011,6,16.48,98.87
IT00005742,PED00002349,SKU007,2,13.33,26.65
IT00005743,PED00002349,SKU013,3,10.78,32.34
IT00005744,PED00002349,SKU006,1,9.62,9.62
IT00005745,PED00002350,SKU013,6,11.11,66.66
IT00005746,PED00002351,SKU011,2,16.15,32.3
IT00005747,PED00002351,SKU006,1,10.36,10.36
IT00005748,PED00002352,SKU015,3,6.85,20.55
IT00005749,PED00002352,SKU010,1,14.68,14.68
IT00005750,PED00002353,SKU002,3,4.03,12.09
IT00005751,PED00002353,SKU013,1,11.42,11.42
IT00005752,PED00002354,SKU012,2,12.11,24.23
IT00005753,PED00002354,SKU015,3,6.8,20.41
IT00005754,PED00002355,SKU015,2,7.14,14.28
IT00005755,PED00002355,SKU006,1,9.88,9.88
IT00005756,PED00002356,SKU008,2,19.66,39.32
IT00005757,PED00002356,SKU002,3,4.38,13.13
IT00005758,PED00002357,SKU004,1,7.65,7.65
IT00005759,PED00002357,SKU010,1,15.32,15.32
IT00005760,PED00002358,SKU006,1,9.72,9.72
IT00005761,PED00002358,SKU010,1,14.49,14.49
IT00005762,PED00002359,SKU010,1,15.55,15.55
IT00005763,PED00002360,SKU015,6,7.02,42.11
IT00005764,PED00002360,SKU001,2,6.82,13.65
IT00005765,PED00002361,SKU009,2,20.16,40.31
IT00005766,PED00002361,SKU011,2,16.75,33.5
IT00005767,PED00002362,SKU010,6,14.83,89.0
IT00005768,PED00002362,SKU010,3,14.92,44.77
IT00005769,PED00002363,SKU008,2,18.57,37.14
IT00005770,PED00002363,SKU006,12,10.19,122.26
IT00005771,PED00002363,SKU013,1,11.06,11.06
IT00005772,PED00002364,SKU012,12,12.23,146.7
IT00005773,PED00002364,SKU001,3,6.19,18.56
IT00005774,PED00002364,SKU008,3,19.3,57.89
IT00005775,PED00002364,SKU012,6,11.79,70.72
IT00005776,PED00002365,SKU011,1,16.25,16.25
IT00005777,PED00002365,SKU008,1,18.82,18.82
IT00005778,PED00002365,SKU006,1,9.95,9.95
IT00005779,PED00002366,SKU010,3,15.42,46.25
IT00005780,PED00002366,SKU008,3,19.81,59.43
IT00005781,PED00002366,SKU011,2,15.69,31.37
IT00005782,PED00002367,SKU008,1,18.94,18.94
IT00005783,PED00002367,SKU014,3,7.4,22.21
IT00005784,PED00002367,SKU013,2,11.12,22.23
IT00005785,PED00002368,SKU002,1,4.22,4.22
IT00005786,PED00002369,SKU013,1,10.67,10.67
IT00005787,PED00002369,SKU012,2,11.67,23.35
IT00005788,PED00002369,SKU004,2,7.88,15.77
IT00005789,PED00002369,SKU001,6,6.45,38.71
IT00005790,PED00002370,SKU009,1,20.62,20.62
IT00005791,PED00002370,SKU013,6,10.92,65.5
IT00005792,PED00002370,SKU002,2,4.06,8.12
IT00005793,PED00002371,SKU006,2,9.65,19.29
IT00005794,PED00002371,SKU015,3,6.78,20.34
IT00005795,PED00002372,SKU012,6,12.2,73.18
IT00005796,PED00002373,SKU003,1,3.79,3.79
IT00005797,PED00002373,SKU005,3,8.74,26.22
IT00005798,PED00002374,SKU008,3,19.72,59.17
IT00005799,PED00002375,SKU002,1,4.14,4.14
IT00005800,PED00002375,SKU007,12,12.37,148.44
IT00005801,PED00002375,SKU011,1,16.84,16.84
IT00005802,PED00002375,SKU008,3,18.63,55.89
IT00005803,PED00002376,SKU007,6,12.99,77.95
IT00005804,PED00002376,SKU011,1,16.75,16.75
IT00005805,PED00002377,SKU009,6,20.74,124.42
IT00005806,PED00002377,SKU004,3,7.82,23.45
IT00005807,PED00002377,SKU009,1,19.49,19.49
IT00005808,PED00002378,SKU004,1,8.12,8.12
IT00005809,PED00002378,SKU013,1,11.06,11.06
IT00005810,PED00002378,SKU003,1,3.86,3.86
IT00005811,PED00002379,SKU001,1,6.31,6.31
IT00005812,PED00002380,SKU008,3,19.55,58.64
IT00005813,PED00002380,SKU002,1,4.28,4.28
IT00005814,PED00002380,SKU007,1,12.82,12.82
IT00005815,PED00002381,SKU007,12,13.49,161.91
IT00005816,PED00002382,SKU009,1,19.01,19.01
IT00005817,PED00002382,SKU007,1,12.59,12.59
IT00005818,PED00002382,SKU007,2,12.45,24.91
IT00005819,PED00002383,SKU007,1,13.37,13.37
IT00005820,PED00002383,SKU013,3,11.32,33.96
IT00005821,PED00002384,SKU009,3,19.8,59.41
IT00005822,PED00002384,SKU008,6,19.19,115.12
IT00005823,PED00002384,SKU002,3,4.32,12.95
IT00005824,PED00002385,SKU008,1,18.74,18.74
IT00005825,PED00002385,SKU001,6,6.35,38.07
IT00005826,PED00002385,SKU002,2,4.17,8.34
IT00005827,PED00002386,SKU005,3,8.39,25.17
IT00005828,PED00002386,SKU002,3,4.34,13.03
IT00005829,PED00002386,SKU013,6,11.27,67.59
IT00005830,PED00002387,SKU013,2,10.56,21.13
IT00005831,PED00002387,SKU004,2,8.24,16.48
IT00005832,PED00002387,SKU012,1,12.37,12.37
IT00005833,PED00002388,SKU015,1,7.1,7.1
IT00005834,PED00002388,SKU007,3,12.5,37.5
IT00005835,PED00002388,SKU004,1,7.76,7.76
IT00005836,PED00002388,SKU006,2,9.96,19.91
IT00005837,PED00002389,SKU014,1,7.63,7.63
IT00005838,PED00002389,SKU005,6,8.82,52.89
IT00005839,PED00002390,SKU015,1,7.16,7.16
IT00005840,PED00002391,SKU011,1,16.7,16.7
IT00005841,PED00002392,SKU007,1,12.83,12.83
IT00005842,PED00002393,SKU005,3,8.53,25.6
IT00005843,PED00002393,SKU008,3,18.82,56.46
IT00005844,PED00002393,SKU005,2,8.2,16.41
IT00005845,PED00002394,SKU003,12,3.93,47.1
IT00005846,PED00002394,SKU013,6,10.8,64.8
IT00005847,PED00002394,SKU005,3,8.59,25.76
IT00005848,PED00002394,SKU015,1,7.03,7.03
IT00005849,PED00002395,SKU002,6,4.29,25.73
IT00005850,PED00002396,SKU004,1,7.59,7.59
IT00005851,PED00002396,SKU006,3,10.06,30.19
IT00005852,PED00002396,SKU015,3,6.91,20.73
IT00005853,PED00002397,SKU010,1,14.94,14.94
IT00005854,PED00002398,SKU015,1,6.89,6.89
IT00005855,PED00002398,SKU015,1,6.89,6.89
IT00005856,PED00002398,SKU005,6,8.81,52.84
IT00005857,PED00002398,SKU010,6,14.19,85.12
IT00005858,PED00002399,SKU001,12,6.44,77.3
IT00005859,PED00002399,SKU011,1,15.91,15.91
IT00005860,PED00002400,SKU014,12,7.44,89.34
IT00005861,PED00002400,SKU011,1,16.98,16.98
IT00005862,PED00002400,SKU004,1,8.26,8.26
IT00005863,PED00002401,SKU015,3,6.83,20.48
IT00005864,PED00002401,SKU012,3,11.93,35.78
IT00005865,PED00002401,SKU001,2,6.57,13.15
IT00005866,PED00002402,SKU007,2,13.24,26.48
IT00005867,PED00002402,SKU009,6,20.25,121.47
IT00005868,PED00002403,SKU005,3,8.57,25.7
IT00005869,PED00002404,SKU007,3,12.88,38.63
IT00005870,PED00002404,SKU011,1,16.75,16.75
IT00005871,PED00002405,SKU010,1,14.5,14.5
IT00005872,PED00002405,SKU008,1,18.18,18.18
IT00005873,PED00002405,SKU006,6,9.56,57.34
IT00005874,PED00002405,SKU013,6,10.54,63.26
IT00005875,PED00002406,SKU009,3,20.59,61.76
IT00005876,PED00002406,SKU005,2,8.83,17.65
IT00005877,PED00002406,SKU005,1,8.15,8.15
IT00005878,PED00002407,SKU010,1,15.62,15.62
IT00005879,PED00002407,SKU013,2,10.79,21.58
IT00005880,PED00002407,SKU010,6,14.52,87.1
IT00005881,PED00002407,SKU014,2,7.86,15.72
IT00005882,PED00002408,SKU008,3,19.79,59.36
IT00005883,PED00002408,SKU010,2,15.25,30.49
IT00005884,PED00002408,SKU002,2,4.05,8.1
IT00005885,PED00002408,SKU011,6,16.98,101.91
IT00005886,PED00002409,SKU007,2,12.6,25.19
IT00005887,PED00002409,SKU002,1,4.12,4.12
IT00005888,PED00002410,SKU013,12,10.41,124.97
IT00005889,PED00002410,SKU010,1,15.63,15.63
IT00005890,PED00002410,SKU012,1,12.21,12.21
IT00005891,PED00002410,SKU007,6,12.55,75.28
IT00005892,PED00002410,SKU002,2,4.11,8.23
IT00005893,PED00002411,SKU005,1,8.86,8.86
IT00005894,PED00002411,SKU005,1,8.72,8.72
IT00005895,PED00002411,SKU010,3,15.01,45.02
IT00005896,PED00002412,SKU006,1,9.82,9.82
IT00005897,PED00002412,SKU004,2,7.8,15.59
IT00005898,PED00002413,SKU015,12,7.1,85.15
IT00005899,PED00002414,SKU004,2,7.86,15.71
IT00005900,PED00002415,SKU008,6,19.13,114.81
IT00005901,PED00002416,SKU010,3,15.41,46.24
IT00005902,PED00002416,SKU009,2,20.33,40.65
IT00005903,PED00002416,SKU007,6,12.97,77.82
IT00005904,PED00002416,SKU004,1,8.27,8.27
IT00005905,PED00002417,SKU005,12,8.83,105.95
IT00005906,PED00002417,SKU007,2,12.35,24.7
IT00005907,PED00002417,SKU011,6,16.41,98.44
IT00005908,PED00002417,SKU015,3,7.17,21.52
IT00005909,PED00002418,SKU011,1,16.26,16.26
IT00005910,PED00002418,SKU012,6,11.53,69.2
IT00005911,PED00002418,SKU001,6,6.6,39.58
IT00005912,PED00002418,SKU013,1,10.89,10.89
IT00005913,PED00002419,SKU008,1,18.37,18.37
IT00005914,PED00002419,SKU002,3,4.21,12.63
IT00005915,PED00002419,SKU014,3,7.47,22.4
IT00005916,PED00002420,SKU010,1,15.31,15.31
IT00005917,PED00002421,SKU008,2,19.77,39.54
IT00005918,PED00002421,SKU014,1,7.22,7.22
IT00005919,PED00002421,SKU014,1,7.33,7.33
IT00005920,PED00002421,SKU012,1,12.45,12.45
IT00005921,PED00002422,SKU003,1,3.9,3.9
IT00005922,PED00002422,SKU003,1,3.97,3.97
IT00005923,PED00002422,SKU001,3,6.76,20.27
IT00005924,PED00002422,SKU015,1,7.07,7.07
IT00005925,PED00002423,SKU006,1,10.1,10.1
IT00005926,PED00002423,SKU010,1,14.57,14.57
IT00005927,PED00002423,SKU012,2,11.68,23.37
IT00005928,PED00002424,SKU007,3,12.6,37.81
IT00005929,PED00002424,SKU013,1,10.82,10.82
IT00005930,PED00002425,SKU011,3,16.73,50.2
IT00005931,PED00002425,SKU012,6,11.59,69.56
IT00005932,PED00002425,SKU002,3,3.99,11.98
IT00005933,PED00002425,SKU008,2,19.56,39.11
IT00005934,PED00002426,SKU004,12,7.72,92.66
IT00005935,PED00002426,SKU012,3,12.06,36.18
IT00005936,PED00002426,SKU005,3,8.49,25.47
IT00005937,PED00002427,SKU013,3,10.39,31.18
IT00005938,PED00002427,SKU011,2,16.95,33.9
IT00005939,PED00002428,SKU001,3,6.31,18.94
IT00005940,PED00002428,SKU001,1,6.66,6.66
IT00005941,PED00002429,SKU006,3,10.06,30.17
IT00005942,PED00002429,SKU006,1,9.75,9.75
IT00005943,PED00002429,SKU015,2,6.9,13.8
IT00005944,PED00002430,SKU011,6,16.15,96.9
IT00005945,PED00002430,SKU007,6,12.38,74.26
IT00005946,PED00002430,SKU010,1,14.56,14.56
IT00005947,PED00002431,SKU009,12,20.89,250.67
IT00005948,PED00002431,SKU012,3,11.77,35.32
IT00005949,PED00002431,SKU013,1,11.19,11.19
IT00005950,PED00002432,SKU014,6,7.28,43.69
IT00005951,PED00002433,SKU009,6,20.78,124.69
IT00005952,PED00002433,SKU015,2,6.85,13.7
IT00005953,PED00002433,SKU012,2,11.44,22.89
IT00005954,PED00002433,SKU005,1,8.31,8.31
IT00005955,PED00002434,SKU005,1,8.74,8.74
IT00005956,PED00002434,SKU011,6,16.87,101.2
IT00005957,PED00002435,SKU002,3,4.25,12.75
IT00005958,PED00002435,SKU003,1,3.98,3.98
IT00005959,PED00002436,SKU006,3,10.14,30.41
IT00005960,PED00002436,SKU009,2,20.11,40.23
IT00005961,PED00002436,SKU012,3,11.78,35.33
IT00005962,PED00002437,SKU007,12,13.27,159.21
IT00005963,PED00002437,SKU002,1,4.05,4.05
IT00005964,PED00002437,SKU004,1,7.59,7.59
IT00005965,PED00002438,SKU011,1,17.11,17.11
IT00005966,PED00002438,SKU007,12,12.61,151.38
IT00005967,PED00002438,SKU009,6,20.52,123.13
IT00005968,PED00002438,SKU012,3,11.43,34.28
IT00005969,PED00002439,SKU006,6,10.26,61.54
IT00005970,PED00002439,SKU008,1,19.41,19.41
IT00005971,PED00002440,SKU009,1,20.13,20.13
IT00005972,PED00002440,SKU002,1,4.4,4.4
IT00005973,PED00002441,SKU004,2,7.8,15.6
IT00005974,PED00002441,SKU010,1,15.53,15.53
IT00005975,PED00002441,SKU014,2,7.33,14.65
IT00005976,PED00002441,SKU010,2,15.33,30.65
IT00005977,PED00002442,SKU002,1,4.32,4.32
IT00005978,PED00002442,SKU008,1,18.43,18.43
IT00005979,PED00002443,SKU001,1,6.33,6.33
IT00005980,PED00002443,SKU006,1,10.34,10.34
IT00005981,PED00002443,SKU009,1,19.31,19.31
IT00005982,PED00002443,SKU005,2,8.16,16.32
IT00005983,PED00002443,SKU002,3,4.0,12.0
IT00005984,PED00002444,SKU005,2,8.58,17.16
IT00005985,PED00002444,SKU009,3,20.82,62.46
IT00005986,PED00002444,SKU009,2,19.61,39.22
IT00005987,PED00002444,SKU008,1,18.66,18.66
IT00005988,PED00002445,SKU011,6,15.78,94.65
IT00005989,PED00002445,SKU015,3,6.83,20.5
IT00005990,PED00002446,SKU006,3,9.43,28.29
IT00005991,PED00002446,SKU004,2,8.08,16.16
IT00005992,PED00002446,SKU014,1,7.64,7.64
IT00005993,PED00002447,SKU002,6,4.23,25.4
IT00005994,PED00002448,SKU014,1,7.86,7.86
IT00005995,PED00002448,SKU005,1,8.44,8.44
IT00005996,PED00002449,SKU010,3,14.19,42.57
IT00005997,PED00002449,SKU012,6,11.76,70.58
IT00005998,PED00002449,SKU015,6,6.99,41.91
IT00005999,PED00002449,SKU002,1,4.33,4.33
IT00006000,PED00002450,SKU010,1,14.5,14.5
IT00006001,PED00002450,SKU012,12,11.69,140.24
IT00006002,PED00002450,SKU015,12,6.62,79.48
IT00006003,PED00002451,SKU012,3,12.23,36.7
IT00006004,PED00002451,SKU014,3,7.32,21.97
IT00006005,PED00002451,SKU003,1,3.73,3.73
IT00006006,PED00002451,SKU001,6,6.59,39.53
IT00006007,PED00002451,SKU015,1,7.17,7.17
IT00006008,PED00002452,SKU007,3,13.29,39.86
IT00006009,PED00002453,SKU005,6,8.37,50.23
IT00006010,PED00002453,SKU011,2,16.31,32.63
IT00006011,PED00002453,SKU008,1,18.09,18.09
IT00006012,PED00002454,SKU001,1,6.64,6.64
IT00006013,PED00002454,SKU005,6,8.29,49.73
IT00006014,PED00002454,SKU008,2,19.45,38.9
IT00006015,PED00002454,SKU005,3,8.53,25.59
IT00006016,PED00002455,SKU003,1,3.77,3.77
IT00006017,PED00002455,SKU002,12,4.21,50.55
IT00006018,PED00002456,SKU007,2,13.13,26.27
IT00006019,PED00002456,SKU006,1,10.07,10.07
IT00006020,PED00002456,SKU006,2,10.0,20.0
IT00006021,PED00002457,SKU005,2,8.76,17.52
IT00006022,PED00002457,SKU014,3,7.67,23.0
IT00006023,PED00002458,SKU004,1,7.87,7.87
IT00006024,PED00002459,SKU007,1,13.24,13.24
IT00006025,PED00002459,SKU011,2,17.16,34.33
IT00006026,PED00002460,SKU013,3,11.3,33.89
IT00006027,PED00002461,SKU008,3,18.57,55.71
IT00006028,PED00002461,SKU010,1,15.44,15.44
IT00006029,PED00002461,SKU015,6,7.23,43.35
IT00006030,PED00002462,SKU014,2,7.8,15.6
IT00006031,PED00002462,SKU004,6,8.13,48.8
IT00006032,PED00002462,SKU003,3,3.72,11.16
IT00006033,PED00002462,SKU012,6,11.9,71.42
IT00006034,PED00002463,SKU005,6,8.47,50.85
IT00006035,PED00002463,SKU004,2,7.54,15.08
IT00006036,PED00002464,SKU008,1,18.78,18.78
IT00006037,PED00002464,SKU008,2,19.27,38.53
IT00006038,PED00002465,SKU005,1,8.57,8.57
IT00006039,PED00002465,SKU011,3,15.86,47.59
IT00006040,PED00002466,SKU001,3,6.72,20.17
IT00006041,PED00002466,SKU007,3,12.53,37.59
IT00006042,PED00002466,SKU015,3,7.0,21.01
IT00006043,PED00002467,SKU002,1,4.14,4.14
IT00006044,PED00002467,SKU008,6,18.84,113.04
IT00006045,PED00002467,SKU015,1,7.22,7.22
IT00006046,PED00002467,SKU012,1,11.41,11.41
IT00006047,PED00002468,SKU006,2,9.73,19.45
IT00006048,PED00002468,SKU006,2,10.03,20.06
IT00006049,PED00002468,SKU008,1,19.67,19.67
IT00006050,PED00002468,SKU015,3,6.74,20.22
IT00006051,PED00002469,SKU003,1,3.95,3.95
IT00006052,PED00002469,SKU006,1,9.96,9.96
IT00006053,PED00002469,SKU006,12,10.18,122.13
IT00006054,PED00002470,SKU010,1,14.91,14.91
IT00006055,PED00002470,SKU009,2,20.79,41.58
IT00006056,PED00002471,SKU007,6,12.95,77.71
IT00006057,PED00002471,SKU013,3,11.2,33.61
IT00006058,PED00002472,SKU001,12,6.57,78.8
IT00006059,PED00002472,SKU007,6,12.81,76.88
IT00006060,PED00002473,SKU005,2,8.13,0.0
IT00006061,PED00002473,SKU002,2,4.39,8.77
IT00006062,PED00002474,SKU010,1,14.79,14.79
IT00006063,PED00002475,SKU004,1,8.18,8.18
IT00006064,PED00002475,SKU005,6,8.57,51.41
IT00006065,PED00002476,SKU010,1,14.98,14.98
IT00006066,PED00002476,SKU002,3,4.27,12.82
IT00006067,PED00002476,SKU011,2,16.68,33.37
IT00006068,PED00002477,SKU009,2,20.1,40.2
IT00006069,PED00002477,SKU002,1,4.37,4.37
IT00006070,PED00002478,SKU001,12,6.57,78.8
IT00006071,PED00002478,SKU007,12,13.13,157.59
IT00006072,PED00002478,SKU011,2,15.93,31.86
IT00006073,PED00002479,SKU005,6,8.53,51.15
IT00006074,PED00002479,SKU005,2,8.48,16.96
IT00006075,PED00002479,SKU008,1,19.14,19.14
IT00006076,PED00002479,SKU011,3,15.76,47.29
IT00006077,PED00002480,SKU014,1,7.24,7.24
IT00006078,PED00002480,SKU001,6,6.39,38.34
IT00006079,PED00002480,SKU004,1,7.86,7.86
IT00006080,PED00002481,SKU009,3,20.42,61.27
IT00006081,PED00002481,SKU008,2,18.41,36.82
IT00006082,PED00002482,SKU008,1,18.88,18.88
IT00006083,PED00002482,SKU005,2,8.53,17.07
IT00006084,PED00002482,SKU015,3,6.59,19.77
IT00006085,PED00002482,SKU001,2,6.63,13.27
IT00006086,PED00002482,SKU014,3,7.57,22.72
IT00006087,PED00002483,SKU003,1,3.62,3.62
IT00006088,PED00002483,SKU002,3,3.99,11.98
IT00006089,PED00002484,SKU006,2,10.32,20.64
IT00006090,PED00002485,SKU011,1,17.13,17.13
IT00006091,PED00002485,SKU012,1,11.66,11.66
IT00006092,PED00002485,SKU007,2,12.55,25.09
IT00006093,PED00002485,SKU015,1,6.71,6.71
IT00006094,PED00002486,SKU008,2,19.75,39.51
IT00006095,PED00002486,SKU013,2,10.61,21.22
IT00006096,PED00002486,SKU003,6,3.88,23.27
IT00006097,PED00002486,SKU012,12,12.32,147.8
IT00006098,PED00002487,SKU002,3,4.39,13.16
IT00006099,PED00002487,SKU010,1,14.39,14.39
IT00006100,PED00002487,SKU014,3,7.54,22.62
IT00006101,PED00002487,SKU014,1,7.77,7.77
IT00006102,PED00002488,SKU012,2,12.41,24.82
IT00006103,PED00002488,SKU001,1,6.6,6.6
IT00006104,PED00002489,SKU009,3,18.97,56.9
IT00006105,PED00002490,SKU006,3,10.31,30.92
IT00006106,PED00002491,SKU005,3,8.91,26.73
IT00006107,PED00002491,SKU008,12,19.1,229.23
IT00006108,PED00002491,SKU007,1,12.68,12.68
IT00006109,PED00002492,SKU014,1,7.17,7.17
IT00006110,PED00002492,SKU010,6,15.14,90.86
IT00006111,PED00002493,SKU002,3,4.12,12.35
IT00006112,PED00002493,SKU009,6,19.1,114.59
IT00006113,PED00002493,SKU001,2,6.54,13.07
IT00006114,PED00002494,SKU007,6,12.68,76.05
IT00006115,PED00002494,SKU001,1,6.65,6.65
IT00006116,PED00002494,SKU002,6,4.37,26.22
IT00006117,PED00002495,SKU009,1,19.59,19.59
IT00006118,PED00002496,SKU007,2,13.39,26.77
IT00006119,PED00002496,SKU008,1,18.23,18.23
IT00006120,PED00002496,SKU002,2,4.23,8.45
IT00006121,PED00002496,SKU009,1,19.2,19.2
IT00006122,PED00002497,SKU002,6,4.08,24.49
IT00006123,PED00002497,SKU006,2,9.56,19.12
IT00006124,PED00002498,SKU014,2,7.19,14.38
IT00006125,PED00002498,SKU001,1,6.5,6.5
IT00006126,PED00002499,SKU008,6,19.0,114.01
IT00006127,PED00002500,SKU013,1,10.82,10.82
IT00006128,PED00002500,SKU003,3,3.84,11.52
IT00006129,PED00002501,SKU010,3,14.32,42.96
IT00006130,PED00002501,SKU003,2,3.68,7.35
IT00006131,PED00002501,SKU006,3,9.93,29.8
IT00006132,PED00002501,SKU004,2,8.16,16.32
IT00006133,PED00002501,SKU015,12,7.1,85.16
IT00006134,PED00002502,SKU013,1,10.86,10.86
IT00006135,PED00002502,SKU015,3,6.96,20.89
IT00006136,PED00002502,SKU014,2,7.77,15.54
IT00006137,PED00002502,SKU001,1,6.61,6.61
IT00006138,PED00002503,SKU001,1,6.49,6.49
IT00006139,PED00002503,SKU011,1,15.79,15.79
IT00006140,PED00002503,SKU007,6,12.47,74.83
IT00006141,PED00002504,SKU015,6,6.63,39.77
IT00006142,PED00002504,SKU002,2,4.37,8.74
IT00006143,PED00002504,SKU013,1,11.12,11.12
IT00006144,PED00002505,SKU007,6,12.33,73.95
IT00006145,PED00002505,SKU013,2,11.42,22.85
IT00006146,PED00002505,SKU007,2,12.5,25.0
IT00006147,PED00002506,SKU009,12,20.72,248.68
IT00006148,PED00002507,SKU009,2,19.1,38.2
IT00006149,PED00002507,SKU014,2,7.28,14.55
IT00006150,PED00002507,SKU015,1,6.64,6.64
IT00006151,PED00002508,SKU004,6,8.1,48.61
IT00006152,PED00002508,SKU013,2,11.4,22.79
IT00006153,PED00002508,SKU013,1,10.82,10.82
IT00006154,PED00002508,SKU004,3,7.75,23.26
IT00006155,PED00002508,SKU011,3,15.68,47.03
IT00006156,PED00002509,SKU008,2,19.46,38.92
IT00006157,PED00002509,SKU005,1,8.83,8.83
IT00006158,PED00002509,SKU001,3,6.79,20.37
IT00006159,PED00002510,SKU008,2,18.65,37.3
IT00006160,PED00002511,SKU009,6,19.56,117.34
IT00006161,PED00002511,SKU008,1,18.87,18.87
IT00006162,PED00002511,SKU015,2,7.09,14.18
IT00006163,PED00002511,SKU009,1,19.87,19.87
IT00006164,PED00002512,SKU006,3,10.36,31.07
IT00006165,PED00002513,SKU008,2,18.85,37.7
IT00006166,PED00002514,SKU011,1,16.52,16.52
IT00006167,PED00002514,SKU006,3,10.22,30.66
IT00006168,PED00002514,SKU002,1,4.4,4.4
IT00006169,PED00002514,SKU015,6,6.89,41.37
IT00006170,PED00002515,SKU013,3,10.87,32.61
IT00006171,PED00002515,SKU012,3,12.24,36.72
IT00006172,PED00002516,SKU004,1,8.24,8.24
IT00006173,PED00002516,SKU011,2,17.08,34.16
IT00006174,PED00002516,SKU010,1,15.61,15.61
IT00006175,PED00002516,SKU006,2,9.81,19.62
IT00006176,PED00002517,SKU011,1,17.31,17.31
IT00006177,PED00002518,SKU006,3,9.6,28.79
IT00006178,PED00002518,SKU011,1,16.89,16.89
IT00006179,PED00002518,SKU006,3,10.0,29.99
IT00006180,PED00002518,SKU013,1,11.39,11.39
IT00006181,PED00002518,SKU009,3,19.64,58.91
IT00006182,PED00002519,SKU002,2,4.25,8.5
IT00006183,PED00002519,SKU010,2,14.77,29.53
IT00006184,PED00002519,SKU004,1,8.04,8.04
IT00006185,PED00002519,SKU001,1,6.18,6.18
IT00006186,PED00002520,SKU007,1,12.44,12.44
IT00006187,PED00002520,SKU001,3,6.64,19.92
IT00006188,PED00002520,SKU003,2,3.71,7.42
IT00006189,PED00002521,SKU008,3,18.69,56.07
IT00006190,PED00002522,SKU008,1,18.06,18.06
IT00006191,PED00002522,SKU009,3,20.85,62.54
IT00006192,PED00002523,SKU003,1,3.8,3.8
IT00006193,PED00002523,SKU011,3,16.27,48.82
IT00006194,PED00002523,SKU009,3,19.69,59.08
IT00006195,PED00002524,SKU009,3,19.04,57.12
IT00006196,PED00002524,SKU007,2,13.0,25.99
IT00006197,PED00002524,SKU001,1,6.68,6.68
IT00006198,PED00002525,SKU005,3,8.21,24.64
IT00006199,PED00002525,SKU003,2,3.71,7.42
IT00006200,PED00002525,SKU006,2,9.43,18.86
IT00006201,PED00002526,SKU010,2,14.48,28.96
IT00006202,PED00002526,SKU001,2,6.52,13.04
IT00006203,PED00002526,SKU005,2,8.08,16.16
IT00006204,PED00002527,SKU005,6,8.53,51.17
IT00006205,PED00002527,SKU004,1,8.22,8.22
IT00006206,PED00002527,SKU006,2,10.31,20.63
IT00006207,PED00002527,SKU008,6,19.15,114.92
IT00006208,PED00002528,SKU007,1,12.67,12.67
IT00006209,PED00002528,SKU011,3,16.63,49.89
IT00006210,PED00002528,SKU011,3,16.04,48.13
IT00006211,PED00002529,SKU013,1,11.36,11.36
IT00006212,PED00002529,SKU004,2,7.61,15.21
IT00006213,PED00002529,SKU012,6,11.93,71.58
IT00006214,PED00002529,SKU008,1,19.83,19.83
IT00006215,PED00002529,SKU002,1,4.39,4.39
IT00006216,PED00002530,SKU014,2,7.38,14.76
IT00006217,PED00002530,SKU003,1,3.84,3.84
IT00006218,PED00002530,SKU005,12,8.29,99.47
IT00006219,PED00002530,SKU004,6,7.9,47.38
IT00006220,PED00002530,SKU009,1,19.35,19.35
IT00006221,PED00002531,SKU015,2,6.74,13.49
IT00006222,PED00002532,SKU010,3,14.88,44.64
IT00006223,PED00002533,SKU013,2,10.85,21.7
IT00006224,PED00002533,SKU010,1,15.06,15.06
IT00006225,PED00002534,SKU013,1,10.6,10.6
IT00006226,PED00002535,SKU003,6,3.93,23.56
IT00006227,PED00002535,SKU011,3,16.54,0.0
IT00006228,PED00002536,SKU007,12,12.33,147.99
IT00006229,PED00002536,SKU006,2,9.9,19.79
IT00006230,PED00002537,SKU010,1,14.37,14.37
IT00006231,PED00002537,SKU004,3,7.51,22.52
IT00006232,PED00002537,SKU007,1,13.2,13.2
IT00006233,PED00002537,SKU003,6,3.77,22.6
IT00006234,PED00002538,SKU014,1,7.16,7.16
IT00006235,PED00002538,SKU002,2,4.14,8.28
IT00006236,PED00002538,SKU011,2,16.21,32.42
IT00006237,PED00002539,SKU007,1,13.2,13.2
IT00006238,PED00002539,SKU008,3,19.58,58.75
IT00006239,PED00002540,SKU011,2,16.51,33.02
IT00006240,PED00002540,SKU015,2,7.2,14.39
IT00006241,PED00002541,SKU010,6,14.22,85.34
IT00006242,PED00002541,SKU008,1,18.96,18.96
IT00006243,PED00002541,SKU011,2,17.17,34.35
IT00006244,PED00002541,SKU014,1,7.5,7.5
IT00006245,PED00002542,SKU007,6,12.59,75.52
IT00006246,PED00002542,SKU005,6,8.62,51.75
IT00006247,PED00002542,SKU013,3,10.72,32.17
IT00006248,PED00002542,SKU015,2,7.03,14.06
IT00006249,PED00002542,SKU006,1,9.72,9.72
IT00006250,PED00002543,SKU015,2,7.05,14.1
IT00006251,PED00002543,SKU015,12,6.93,83.11
IT00006252,PED00002543,SKU008,1,19.09,19.09
IT00006253,PED00002544,SKU013,12,11.16,133.91
IT00006254,PED00002544,SKU014,6,7.7,46.18
IT00006255,PED00002545,SKU003,3,3.8,11.39
IT00006256,PED00002545,SKU012,1,12.07,12.07
IT00006257,PED00002545,SKU005,1,8.73,8.73
IT00006258,PED00002545,SKU003,2,3.73,7.45
IT00006259,PED00002545,SKU011,2,16.38,32.76
IT00006260,PED00002546,SKU003,1,3.85,3.85
IT00006261,PED00002546,SKU007,3,13.43,40.3
IT00006262,PED00002546,SKU008,1,19.6,19.6
IT00006263,PED00002546,SKU012,6,11.56,69.34
IT00006264,PED00002547,SKU001,2,6.46,12.92
IT00006265,PED00002548,SKU003,2,3.77,7.54
IT00006266,PED00002549,SKU006,2,9.97,19.94
IT00006267,PED00002549,SKU002,2,4.35,8.69
IT00006268,PED00002550,SKU005,1,8.3,8.3
IT00006269,PED00002550,SKU001,3,6.48,19.44
IT00006270,PED00002550,SKU001,2,6.19,12.38
IT00006271,PED00002551,SKU009,3,20.21,60.63
IT00006272,PED00002551,SKU005,6,8.6,51.61
IT00006273,PED00002551,SKU012,2,12.49,24.98
IT00006274,PED00002551,SKU012,6,11.49,68.94
IT00006275,PED00002552,SKU002,1,4.1,4.1
IT00006276,PED00002552,SKU008,12,18.91,226.92
IT00006277,PED00002552,SKU004,3,8.01,24.02
IT00006278,PED00002553,SKU015,1,7.02,7.02
IT00006279,PED00002553,SKU003,2,3.68,7.36
IT00006280,PED00002553,SKU005,3,8.82,26.45
IT00006281,PED00002554,SKU012,2,11.88,23.76
IT00006282,PED00002555,SKU011,1,16.65,16.65
IT00006283,PED00002556,SKU013,2,11.09,22.18
IT00006284,PED00002556,SKU009,6,19.81,118.83
IT00006285,PED00002556,SKU012,6,11.49,68.93
IT00006286,PED00002556,SKU003,2,3.67,7.33
IT00006287,PED00002557,SKU005,2,8.76,17.51
IT00006288,PED00002557,SKU014,3,7.5,22.49
IT00006289,PED00002558,SKU002,3,4.08,12.24
IT00006290,PED00002558,SKU005,6,8.36,50.13
IT00006291,PED00002558,SKU007,6,13.05,78.3
IT00006292,PED00002559,SKU013,1,10.9,10.9
IT00006293,PED00002559,SKU007,1,13.04,13.04
IT00006294,PED00002559,SKU010,2,15.37,30.74
IT00006295,PED00002559,SKU009,3,20.41,61.22
IT00006296,PED00002560,SKU014,3,7.44,22.32
IT00006297,PED00002560,SKU002,3,3.99,11.97
IT00006298,PED00002560,SKU015,1,6.9,6.9
IT00006299,PED00002561,SKU015,12,6.75,81.04
IT00006300,PED00002561,SKU014,3,7.71,23.12
IT00006301,PED00002561,SKU003,2,3.81,7.61
IT00006302,PED00002562,SKU008,1,19.2,19.2
IT00006303,PED00002562,SKU008,1,19.09,19.09
IT00006304,PED00002563,SKU012,2,12.09,24.18
IT00006305,PED00002564,SKU010,6,15.22,91.34
IT00006306,PED00002565,SKU009,1,20.19,20.19
IT00006307,PED00002565,SKU001,1,6.25,6.25
IT00006308,PED00002565,SKU009,1,19.08,19.08
IT00006309,PED00002566,SKU010,1,14.57,14.57
IT00006310,PED00002566,SKU012,2,11.82,23.63
IT00006311,PED00002567,SKU006,1,9.67,9.67
IT00006312,PED00002568,SKU008,2,19.55,39.1
IT00006313,PED00002568,SKU014,3,7.82,23.46
IT00006314,PED00002568,SKU006,3,10.28,30.84
IT00006315,PED00002569,SKU006,3,10.19,0.0
IT00006316,PED00002569,SKU013,3,10.62,31.85
IT00006317,PED00002570,SKU014,2,7.2,14.4
IT00006318,PED00002570,SKU007,12,12.69,152.24
IT00006319,PED00002570,SKU014,6,7.47,44.83
IT00006320,PED00002571,SKU015,6,6.66,39.95
IT00006321,PED00002572,SKU007,2,12.77,25.54
IT00006322,PED00002572,SKU001,1,6.73,6.73
IT00006323,PED00002572,SKU008,1,19.04,19.04
IT00006324,PED00002572,SKU005,1,8.47,8.47
IT00006325,PED00002573,SKU005,2,8.1,16.2
IT00006326,PED00002573,SKU015,3,7.02,21.06
IT00006327,PED00002573,SKU009,2,20.13,40.26
IT00006328,PED00002574,SKU012,2,12.32,24.63
IT00006329,PED00002574,SKU009,2,19.91,39.82
IT00006330,PED00002575,SKU005,6,8.23,49.41
IT00006331,PED00002576,SKU006,2,9.76,19.51
IT00006332,PED00002576,SKU002,6,4.07,24.43
IT00006333,PED00002577,SKU012,2,11.38,22.77
IT00006334,PED00002577,SKU001,2,6.76,13.53
IT00006335,PED00002578,SKU011,1,15.81,15.81
IT00006336,PED00002578,SKU013,1,10.97,10.97
IT00006337,PED00002578,SKU011,3,16.77,50.31
IT00006338,PED00002578,SKU013,1,10.47,10.47
IT00006339,PED00002579,SKU002,2,4.21,8.41
IT00006340,PED00002579,SKU002,3,4.15,12.45
IT00006341,PED00002579,SKU010,6,14.19,85.17
IT00006342,PED00002579,SKU015,2,6.59,13.18
IT00006343,PED00002580,SKU013,1,10.63,10.63
IT00006344,PED00002581,SKU013,6,11.01,66.03
IT00006345,PED00002582,SKU015,12,6.76,81.07
IT00006346,PED00002582,SKU014,1,7.8,7.8
IT00006347,PED00002583,SKU001,2,6.74,13.48
IT00006348,PED00002584,SKU010,3,14.88,44.63
IT00006349,PED00002585,SKU002,3,4.21,12.63
IT00006350,PED00002586,SKU007,1,13.49,13.49
IT00006351,PED00002586,SKU010,1,15.59,15.59
IT00006352,PED00002586,SKU006,6,10.33,61.97
IT00006353,PED00002586,SKU003,12,3.64,43.66
IT00006354,PED00002587,SKU008,6,18.87,113.24
IT00006355,PED00002587,SKU013,2,10.93,21.87
IT00006356,PED00002587,SKU010,1,15.17,15.17
IT00006357,PED00002587,SKU007,2,12.56,25.12
IT00006358,PED00002587,SKU011,3,16.9,50.69
IT00006359,PED00002588,SKU006,3,9.74,29.22
IT00006360,PED00002589,SKU006,6,9.65,57.91
IT00006361,PED00002589,SKU015,6,6.88,41.28
IT00006362,PED00002590,SKU012,1,11.64,11.64
IT00006363,PED00002591,SKU006,6,9.57,57.41
IT00006364,PED00002591,SKU001,2,6.75,13.5
IT00006365,PED00002591,SKU006,1,9.82,9.82
IT00006366,PED00002591,SKU005,6,8.35,50.11
IT00006367,PED00002592,SKU011,2,16.53,33.06
IT00006368,PED00002592,SKU003,2,3.74,7.48
IT00006369,PED00002593,SKU008,3,18.67,56.02
IT00006370,PED00002593,SKU009,1,19.61,19.61
IT00006371,PED00002593,SKU003,6,3.66,21.97
IT00006372,PED00002593,SKU003,3,3.97,11.9
IT00006373,PED00002594,SKU008,3,19.82,59.47
IT00006374,PED00002595,SKU009,2,20.25,40.5
IT00006375,PED00002595,SKU004,3,7.58,22.73
IT00006376,PED00002595,SKU008,12,19.07,228.79
IT00006377,PED00002595,SKU008,1,18.01,18.01
IT00006378,PED00002596,SKU011,3,16.04,48.13
IT00006379,PED00002596,SKU011,6,16.32,97.91
IT00006380,PED00002596,SKU014,1,7.64,7.64
IT00006381,PED00002597,SKU006,6,9.56,57.35
IT00006382,PED00002598,SKU003,2,3.87,7.74
IT00006383,PED00002598,SKU007,1,12.92,12.92
IT00006384,PED00002599,SKU010,1,14.27,14.27
IT00006385,PED00002599,SKU007,3,12.94,38.81
IT00006386,PED00002600,SKU003,2,3.75,7.5
IT00006387,PED00002600,SKU008,3,18.15,54.46
IT00006388,PED00002601,SKU015,1,6.99,6.99
IT00006389,PED00002601,SKU011,2,16.69,33.37
IT00006390,PED00002601,SKU002,1,4.12,4.12
IT00006391,PED00002602,SKU001,2,6.23,12.47
IT00006392,PED00002602,SKU015,1,6.62,6.62
IT00006393,PED00002603,SKU009,3,20.86,62.57
IT00006394,PED00002603,SKU011,2,16.11,32.21
IT00006395,PED00002604,SKU012,2,11.89,23.79
IT00006396,PED00002604,SKU007,1,12.98,12.98
IT00006397,PED00002604,SKU004,3,7.56,22.69
IT00006398,PED00002605,SKU013,2,10.87,21.73
IT00006399,PED00002605,SKU008,1,19.41,19.41
IT00006400,PED00002606,SKU008,1,18.27,18.27
IT00006401,PED00002606,SKU002,3,4.28,12.84
IT00006402,PED00002606,SKU004,1,7.63,7.63
IT00006403,PED00002606,SKU007,2,13.15,26.29
IT00006404,PED00002607,SKU013,3,10.69,32.07
IT00006405,PED00002608,SKU013,1,10.81,10.81
IT00006406,PED00002608,SKU001,6,6.25,37.5
IT00006407,PED00002609,SKU015,1,7.23,7.23
IT00006408,PED00002609,SKU014,1,7.58,7.58
IT00006409,PED00002610,SKU004,3,8.26,24.78
IT00006410,PED00002611,SKU007,3,12.36,37.08
IT00006411,PED00002611,SKU012,1,11.78,11.78
IT00006412,PED00002611,SKU015,2,6.65,13.31
IT00006413,PED00002612,SKU012,6,11.55,69.29
IT00006414,PED00002613,SKU002,1,4.34,4.34
IT00006415,PED00002614,SKU002,1,4.27,4.27
IT00006416,PED00002614,SKU001,2,6.46,12.93
IT00006417,PED00002614,SKU001,6,6.78,40.69
IT00006418,PED00002614,SKU014,6,7.72,46.32
IT00006419,PED00002615,SKU004,1,7.54,7.54
IT00006420,PED00002615,SKU013,2,11.08,22.15
IT00006421,PED00002616,SKU001,1,6.53,6.53
IT00006422,PED00002617,SKU002,1,4.14,4.14
IT00006423,PED00002617,SKU014,3,7.29,21.88
IT00006424,PED00002618,SKU007,6,12.63,75.76
IT00006425,PED00002618,SKU003,1,3.8,3.8
IT00006426,PED00002618,SKU013,3,11.01,33.02
IT00006427,PED00002618,SKU003,1,3.61,3.61
IT00006428,PED00002618,SKU007,12,12.39,148.69
IT00006429,PED00002619,SKU006,1,10.38,10.38
IT00006430,PED00002620,SKU007,3,13.11,39.33
IT00006431,PED00002621,SKU012,6,11.97,71.81
IT00006432,PED00002621,SKU013,3,11.21,33.63
IT00006433,PED00002622,SKU013,3,10.6,31.81
IT00006434,PED00002622,SKU008,2,18.51,37.03
IT00006435,PED00002623,SKU002,6,4.14,24.86
IT00006436,PED00002623,SKU006,2,10.35,20.71
IT00006437,PED00002624,SKU006,1,9.6,9.6
IT00006438,PED00002624,SKU006,2,10.31,20.63
IT00006439,PED00002624,SKU003,6,3.87,23.23
IT00006440,PED00002625,SKU001,3,6.25,18.75
IT00006441,PED00002625,SKU012,2,11.66,23.32
IT00006442,PED00002626,SKU001,1,6.41,6.41
IT00006443,PED00002626,SKU006,1,10.31,10.31
IT00006444,PED00002626,SKU011,3,15.99,47.96
IT00006445,PED00002627,SKU005,3,8.16,24.47
IT00006446,PED00002627,SKU004,12,7.86,94.32
IT00006447,PED00002628,SKU004,3,7.99,23.96
IT00006448,PED00002628,SKU007,3,13.42,40.26
IT00006449,PED00002628,SKU001,3,6.8,20.4
IT00006450,PED00002629,SKU014,6,7.34,44.03
IT00006451,PED00002630,SKU015,1,6.74,6.74
IT00006452,PED00002631,SKU015,2,7.17,14.33
IT00006453,PED00002631,SKU009,2,18.92,37.84
IT00006454,PED00002631,SKU009,1,19.57,19.57
IT00006455,PED00002631,SKU014,1,7.3,7.3
IT00006456,PED00002632,SKU013,2,11.26,22.53
IT00006457,PED00002632,SKU002,2,4.4,8.79
IT00006458,PED00002632,SKU014,6,7.72,46.31
IT00006459,PED00002633,SKU001,12,6.49,77.91
IT00006460,PED00002633,SKU015,1,7.02,7.02
IT00006461,PED00002634,SKU007,2,13.15,26.31
IT00006462,PED00002634,SKU014,1,7.77,7.77
IT00006463,PED00002635,SKU005,12,8.72,104.65
IT00006464,PED00002635,SKU006,6,9.68,58.08
IT00006465,PED00002635,SKU014,2,7.83,15.67
IT00006466,PED00002635,SKU002,6,4.09,24.56
IT00006467,PED00002635,SKU008,3,18.84,56.53
IT00006468,PED00002636,SKU008,3,19.02,57.06
IT00006469,PED00002636,SKU003,3,3.7,11.09
IT00006470,PED00002636,SKU012,2,11.5,23.01
IT00006471,PED00002637,SKU001,1,6.44,6.44
IT00006472,PED00002637,SKU006,3,10.37,31.11
IT00006473,PED00002637,SKU015,6,6.6,39.59
IT00006474,PED00002638,SKU009,2,20.52,41.04
IT00006475,PED00002638,SKU009,1,20.16,20.16
IT00006476,PED00002638,SKU007,1,12.71,12.71
IT00006477,PED00002639,SKU012,1,11.6,11.6
IT00006478,PED00002639,SKU011,1,16.09,16.09
IT00006479,PED00002640,SKU012,1,11.83,11.83
IT00006480,PED00002640,SKU009,1,19.15,19.15
IT00006481,PED00002640,SKU002,3,4.11,12.33
IT00006482,PED00002641,SKU006,1,9.68,9.68
IT00006483,PED00002641,SKU006,6,10.19,61.14
IT00006484,PED00002642,SKU003,2,3.7,7.4
IT00006485,PED00002642,SKU011,3,15.7,47.09
IT00006486,PED00002643,SKU008,2,19.84,39.67
IT00006487,PED00002643,SKU002,2,4.37,8.74
IT00006488,PED00002643,SKU001,2,6.8,13.61
IT00006489,PED00002644,SKU007,6,12.49,74.96
IT00006490,PED00002644,SKU009,3,19.77,59.3
IT00006491,PED00002645,SKU002,1,4.07,4.07
IT00006492,PED00002645,SKU002,2,4.07,8.14
IT00006493,PED00002645,SKU015,1,6.66,6.66
IT00006494,PED00002645,SKU012,1,12.19,12.19
IT00006495,PED00002646,SKU011,1,16.15,16.15
IT00006496,PED00002646,SKU007,1,12.49,12.49
IT00006497,PED00002646,SKU008,1,19.26,19.26
IT00006498,PED00002647,SKU008,6,19.43,116.59
IT00006499,PED00002648,SKU015,1,6.69,6.69
IT00006500,PED00002648,SKU008,1,18.05,18.05
IT00006501,PED00002649,SKU010,12,14.86,178.3
IT00006502,PED00002649,SKU007,6,13.14,78.84
IT00006503,PED00002650,SKU009,3,19.79,59.37
IT00006504,PED00002651,SKU015,1,7.22,7.22
IT00006505,PED00002651,SKU003,3,3.86,11.57
IT00006506,PED00002651,SKU009,1,19.75,19.75
IT00006507,PED00002652,SKU001,2,6.59,13.17
IT00006508,PED00002652,SKU014,2,7.2,14.4
IT00006509,PED00002652,SKU011,1,16.39,16.39
IT00006510,PED00002653,SKU011,2,16.31,32.62
IT00006511,PED00002654,SKU015,6,6.58,39.48
IT00006512,PED00002654,SKU009,1,19.74,19.74
IT00006513,PED00002655,SKU007,3,12.87,38.62
IT00006514,PED00002655,SKU004,6,7.61,45.65
IT00006515,PED00002655,SKU008,2,18.72,37.45
IT00006516,PED00002655,SKU012,2,12.21,24.41
IT00006517,PED00002655,SKU010,6,15.18,91.07
IT00006518,PED00002656,SKU012,2,11.96,23.92
IT00006519,PED00002656,SKU011,1,17.14,17.14
IT00006520,PED00002657,SKU014,2,7.39,14.78
IT00006521,PED00002658,SKU006,2,9.81,19.63
IT00006522,PED00002658,SKU009,12,20.75,249.04
IT00006523,PED00002659,SKU007,1,12.42,12.42
IT00006524,PED00002659,SKU005,1,8.23,8.23
IT00006525,PED00002659,SKU014,6,7.5,44.98
IT00006526,PED00002660,SKU015,2,6.63,13.26
IT00006527,PED00002660,SKU001,12,6.46,77.52
IT00006528,PED00002660,SKU007,1,12.46,12.46
IT00006529,PED00002660,SKU005,1,8.78,8.78
IT00006530,PED00002661,SKU014,2,7.13,14.26
IT00006531,PED00002661,SKU012,2,11.68,23.37
IT00006532,PED00002661,SKU002,1,4.16,4.16
IT00006533,PED00002662,SKU010,3,15.17,45.5
IT00006534,PED00002662,SKU004,1,7.75,7.75
IT00006535,PED00002663,SKU006,2,9.88,19.75
IT00006536,PED00002663,SKU009,2,20.17,40.34
IT00006537,PED00002664,SKU007,1,13.4,13.4
IT00006538,PED00002664,SKU006,2,9.92,19.85
IT00006539,PED00002664,SKU011,3,17.06,51.17
IT00006540,PED00002665,SKU011,6,16.76,100.58
IT00006541,PED00002665,SKU004,12,7.85,94.24
IT00006542,PED00002665,SKU007,1,13.15,13.15
IT00006543,PED00002665,SKU005,1,8.39,8.39
IT00006544,PED00002665,SKU010,2,15.03,30.07
IT00006545,PED00002666,SKU005,2,8.09,16.18
IT00006546,PED00002666,SKU009,1,20.45,20.45
IT00006547,PED00002666,SKU003,2,3.75,7.5
IT00006548,PED00002667,SKU009,3,20.61,61.82
IT00006549,PED00002667,SKU012,6,11.44,68.65
IT00006550,PED00002667,SKU008,3,18.93,56.8
IT00006551,PED00002668,SKU003,6,3.76,22.55
IT00006552,PED00002668,SKU015,2,6.72,13.44
IT00006553,PED00002669,SKU005,1,8.88,8.88
IT00006554,PED00002669,SKU002,3,4.03,12.08
IT00006555,PED00002669,SKU004,1,8.18,8.18
IT00006556,PED00002670,SKU014,3,7.49,22.47
IT00006557,PED00002670,SKU004,1,8.01,8.01
IT00006558,PED00002670,SKU007,1,13.37,13.37
IT00006559,PED00002671,SKU007,12,13.04,156.44
IT00006560,PED00002671,SKU013,2,11.11,22.22
IT00006561,PED00002672,SKU008,1,19.43,19.43
IT00006562,PED00002672,SKU010,12,15.36,184.33
IT00006563,PED00002672,SKU001,6,6.37,38.24
IT00006564,PED00002673,SKU012,2,11.75,23.51
IT00006565,PED00002673,SKU010,2,15.01,30.01
IT00006566,PED00002673,SKU002,1,4.15,4.15
IT00006567,PED00002674,SKU009,2,20.03,40.06
IT00006568,PED00002674,SKU002,12,4.11,49.38
IT00006569,PED00002674,SKU009,3,19.55,58.65
IT00006570,PED00002675,SKU003,2,3.78,7.56
IT00006571,PED00002675,SKU006,1,9.75,9.75
IT00006572,PED00002676,SKU005,6,8.46,50.78
IT00006573,PED00002676,SKU002,6,4.09,24.56
IT00006574,PED00002677,SKU006,2,10.35,20.69
IT00006575,PED00002678,SKU008,1,19.32,19.32
IT00006576,PED00002678,SKU006,1,9.59,9.59
IT00006577,PED00002679,SKU008,3,18.53,55.59
IT00006578,PED00002679,SKU011,6,17.02,102.11
IT00006579,PED00002679,SKU002,3,4.19,12.57
IT00006580,PED00002679,SKU008,1,18.72,18.72
IT00006581,PED00002679,SKU007,2,12.82,25.64
IT00006582,PED00002680,SKU007,1,12.94,12.94
IT00006583,PED00002680,SKU004,1,7.66,7.66
IT00006584,PED00002680,SKU012,3,11.46,34.38
IT00006585,PED00002681,SKU010,2,14.2,28.4
IT00006586,PED00002681,SKU006,1,9.7,9.7
IT00006587,PED00002681,SKU013,1,10.63,10.63
IT00006588,PED00002681,SKU010,3,14.58,43.75
IT00006589,PED00002682,SKU009,3,20.69,62.07
IT00006590,PED00002683,SKU007,1,12.63,12.63
IT00006591,PED00002683,SKU006,2,9.83,19.65
IT00006592,PED00002684,SKU013,1,11.39,11.39
IT00006593,PED00002684,SKU015,12,7.2,86.34
IT00006594,PED00002685,SKU011,6,16.47,98.81
IT00006595,PED00002685,SKU014,6,7.84,47.05
IT00006596,PED00002685,SKU010,3,14.45,43.35
IT00006597,PED00002685,SKU004,1,8.16,8.16
IT00006598,PED00002686,SKU007,1,13.38,13.38
IT00006599,PED00002686,SKU012,3,11.51,34.54
IT00006600,PED00002687,SKU002,3,4.38,13.15
IT00006601,PED00002687,SKU008,6,19.22,115.31
IT00006602,PED00002688,SKU007,3,12.42,37.26
IT00006603,PED00002688,SKU011,6,16.04,96.23
IT00006604,PED00002689,SKU014,3,7.74,23.22
IT00006605,PED00002690,SKU004,1,8.15,8.15
IT00006606,PED00002690,SKU005,6,8.37,50.2
IT00006607,PED00002690,SKU012,12,11.82,141.8
IT00006608,PED00002690,SKU014,12,7.63,91.52
IT00006609,PED00002691,SKU009,1,20.32,20.32
IT00006610,PED00002691,SKU013,1,10.43,10.43
IT00006611,PED00002691,SKU012,3,12.23,36.68
IT00006612,PED00002691,SKU008,3,19.12,57.37
IT00006613,PED00002691,SKU009,6,19.54,117.22
IT00006614,PED00002692,SKU005,2,8.37,16.75
IT00006615,PED00002692,SKU003,1,3.84,3.84
IT00006616,PED00002693,SKU003,1,3.91,3.91
IT00006617,PED00002693,SKU004,1,7.93,7.93
IT00006618,PED00002693,SKU007,1,13.5,13.5
IT00006619,PED00002694,SKU003,3,3.89,11.66
IT00006620,PED00002695,SKU011,1,15.72,15.72
IT00006621,PED00002695,SKU001,1,6.35,6.35
IT00006622,PED00002695,SKU012,3,11.55,34.66
IT00006623,PED00002695,SKU003,3,3.67,11.01
IT00006624,PED00002696,SKU007,6,13.4,80.4
IT00006625,PED00002696,SKU005,3,8.39,25.17
IT00006626,PED00002696,SKU013,1,11.36,11.36
IT00006627,PED00002697,SKU002,1,4.28,4.28
IT00006628,PED00002697,SKU002,12,4.2,50.42
IT00006629,PED00002698,SKU014,2,7.49,14.97
IT00006630,PED00002699,SKU009,3,19.77,59.3
IT00006631,PED00002699,SKU006,3,9.99,29.96
IT00006632,PED00002699,SKU013,3,10.67,32.02
IT00006633,PED00002699,SKU013,3,11.11,33.33
IT00006634,PED00002700,SKU008,1,18.35,18.35
IT00006635,PED00002700,SKU003,2,3.97,7.93
IT00006636,PED00002701,SKU003,1,3.74,3.74
IT00006637,PED00002702,SKU001,3,6.71,20.14
IT00006638,PED00002702,SKU015,2,6.89,13.77
IT00006639,PED00002703,SKU011,2,16.72,33.45
IT00006640,PED00002703,SKU010,2,15.51,31.02
IT00006641,PED00002704,SKU003,3,3.98,11.94
IT00006642,PED00002704,SKU002,3,4.25,12.75
IT00006643,PED00002705,SKU001,2,6.55,13.1
IT00006644,PED00002706,SKU015,6,7.07,42.44
IT00006645,PED00002706,SKU001,3,6.22,18.67
IT00006646,PED00002706,SKU007,1,13.37,13.37
IT00006647,PED00002706,SKU004,1,7.77,7.77
IT00006648,PED00002706,SKU010,6,14.24,85.46
IT00006649,PED00002707,SKU007,1,12.64,12.64
IT00006650,PED00002708,SKU012,1,11.64,11.64
IT00006651,PED00002708,SKU002,1,4.01,4.01
IT00006652,PED00002709,SKU002,2,4.01,8.01
IT00006653,PED00002710,SKU011,1,15.78,15.78
IT00006654,PED00002710,SKU006,3,9.67,29.02
IT00006655,PED00002710,SKU011,6,16.38,98.29
IT00006656,PED00002711,SKU011,2,16.88,33.75
IT00006657,PED00002711,SKU011,2,16.88,33.75
IT00006658,PED00002712,SKU014,3,7.68,23.05
IT00006659,PED00002712,SKU008,2,18.98,37.95
IT00006660,PED00002712,SKU014,2,7.25,14.49
IT00006661,PED00002713,SKU014,2,7.14,14.29
IT00006662,PED00002713,SKU008,6,17.96,107.75
IT00006663,PED00002714,SKU005,3,8.15,24.45
IT00006664,PED00002714,SKU007,1,12.43,12.43
IT00006665,PED00002715,SKU003,1,3.91,3.91
IT00006666,PED00002715,SKU003,12,3.97,47.68
IT00006667,PED00002716,SKU011,1,17.14,17.14
IT00006668,PED00002716,SKU009,3,20.66,61.97
IT00006669,PED00002716,SKU002,1,4.31,4.31
IT00006670,PED00002716,SKU009,1,19.51,19.51
IT00006671,PED00002717,SKU012,2,11.43,22.86
IT00006672,PED00002717,SKU010,2,14.3,28.59
IT00006673,PED00002718,SKU015,2,6.69,13.39
IT00006674,PED00002718,SKU011,2,15.79,31.59
IT00006675,PED00002719,SKU005,1,8.48,8.48
IT00006676,PED00002719,SKU004,1,7.98,7.98
IT00006677,PED00002719,SKU005,2,8.56,17.12
IT00006678,PED00002720,SKU014,2,7.65,15.29
IT00006679,PED00002720,SKU012,2,12.2,24.4
IT00006680,PED00002721,SKU003,12,3.86,46.29
IT00006681,PED00002721,SKU011,2,17.04,34.08
IT00006682,PED00002722,SKU006,3,10.16,30.49
IT00006683,PED00002722,SKU010,3,14.72,44.16
IT00006684,PED00002722,SKU011,3,16.04,48.13
IT00006685,PED00002722,SKU004,1,7.75,7.75
IT00006686,PED00002723,SKU012,1,12.12,12.12
IT00006687,PED00002723,SKU014,1,7.73,7.73
IT00006688,PED00002723,SKU009,3,19.09,57.26
IT00006689,PED00002724,SKU012,3,11.78,35.33
IT00006690,PED00002724,SKU011,6,17.17,103.04
IT00006691,PED00002725,SKU014,2,7.43,14.86
IT00006692,PED00002725,SKU006,2,9.47,18.93
IT00006693,PED00002726,SKU007,2,12.44,24.88
IT00006694,PED00002727,SKU004,1,7.92,7.92
IT00006695,PED00002727,SKU012,1,11.88,11.88
IT00006696,PED00002727,SKU010,3,15.11,45.32
IT00006697,PED00002728,SKU013,1,10.51,10.51
IT00006698,PED00002728,SKU008,6,18.38,110.26
IT00006699,PED00002729,SKU007,1,12.26,12.26
IT00006700,PED00002729,SKU013,1,10.84,10.84
IT00006701,PED00002730,SKU005,2,8.59,17.19
IT00006702,PED00002730,SKU009,3,20.78,62.33
IT00006703,PED00002730,SKU002,2,4.06,8.13
IT00006704,PED00002731,SKU011,2,16.85,33.7
IT00006705,PED00002731,SKU014,1,7.59,7.59
IT00006706,PED00002732,SKU009,1,19.35,19.35
IT00006707,PED00002732,SKU011,1,15.97,15.97
IT00006708,PED00002733,SKU013,1,10.63,10.63
IT00006709,PED00002733,SKU003,1,3.97,3.97
IT00006710,PED00002733,SKU013,2,10.48,20.97
IT00006711,PED00002733,SKU014,1,7.27,7.27
IT00006712,PED00002734,SKU002,1,4.31,4.31
IT00006713,PED00002734,SKU011,1,16.75,16.75
IT00006714,PED00002734,SKU005,3,8.47,25.4
IT00006715,PED00002734,SKU004,2,8.03,16.05
IT00006716,PED00002735,SKU015,3,7.02,21.06
IT00006717,PED00002735,SKU003,2,3.64,7.28
IT00006718,PED00002736,SKU014,2,7.64,15.27
IT00006719,PED00002736,SKU005,1,8.56,0.0
IT00006720,PED00002736,SKU005,1,8.52,8.52
IT00006721,PED00002737,SKU005,6,8.59,51.54
IT00006722,PED00002737,SKU013,2,10.96,21.92
IT00006723,PED00002737,SKU005,1,8.67,8.67
IT00006724,PED00002737,SKU004,2,7.7,15.41
IT00006725,PED00002738,SKU007,1,12.49,12.49
IT00006726,PED00002738,SKU007,1,12.27,12.27
IT00006727,PED00002738,SKU001,2,6.53,13.06
IT00006728,PED00002739,SKU004,2,7.63,15.25
IT00006729,PED00002739,SKU007,6,13.2,79.23
IT00006730,PED00002740,SKU002,6,4.17,25.01
IT00006731,PED00002740,SKU012,1,11.5,11.5
IT00006732,PED00002740,SKU014,3,7.48,22.43
IT00006733,PED00002740,SKU011,2,15.86,31.72
IT00006734,PED00002741,SKU015,1,7.06,7.06
IT00006735,PED00002741,SKU010,3,15.39,46.18
IT00006736,PED00002741,SKU012,2,12.32,24.63
IT00006737,PED00002742,SKU015,2,6.94,13.88
IT00006738,PED00002743,SKU010,1,15.31,15.31
IT00006739,PED00002744,SKU005,2,8.26,16.52
IT00006740,PED00002744,SKU009,6,19.1,114.59
IT00006741,PED00002744,SKU007,1,13.03,13.03
IT00006742,PED00002745,SKU010,3,15.28,45.85
IT00006743,PED00002745,SKU013,6,11.29,67.74
IT00006744,PED00002746,SKU010,3,14.91,44.74
IT00006745,PED00002747,SKU002,2,4.06,8.12
IT00006746,PED00002747,SKU005,1,8.51,8.51
IT00006747,PED00002747,SKU009,3,19.44,58.33
IT00006748,PED00002747,SKU005,1,8.11,8.11
IT00006749,PED00002747,SKU014,1,7.26,7.26
IT00006750,PED00002748,SKU001,6,6.54,39.22
IT00006751,PED00002749,SKU011,12,16.41,196.94
IT00006752,PED00002749,SKU011,1,17.17,17.17
IT00006753,PED00002749,SKU003,1,3.99,3.99
IT00006754,PED00002750,SKU012,1,11.43,11.43
IT00006755,PED00002750,SKU012,3,11.44,34.31
IT00006756,PED00002750,SKU013,1,11.29,11.29
IT00006757,PED00002750,SKU005,3,8.32,24.97
IT00006758,PED00002751,SKU001,2,6.6,13.2
IT00006759,PED00002751,SKU015,1,7.03,7.03
IT00006760,PED00002751,SKU013,2,11.03,22.06
IT00006761,PED00002752,SKU015,12,7.21,86.48
IT00006762,PED00002752,SKU009,1,19.78,19.78
IT00006763,PED00002753,SKU005,3,8.34,25.01
IT00006764,PED00002753,SKU013,3,10.91,32.72
IT00006765,PED00002754,SKU006,2,9.62,19.24
IT00006766,PED00002754,SKU013,6,11.44,68.62
IT00006767,PED00002755,SKU009,2,19.55,39.1
IT00006768,PED00002756,SKU005,6,8.51,51.05
IT00006769,PED00002756,SKU002,1,4.01,4.01
IT00006770,PED00002756,SKU003,1,3.71,3.71
IT00006771,PED00002757,SKU011,12,16.15,193.77
IT00006772,PED00002757,SKU008,1,19.5,19.5
IT00006773,PED00002758,SKU010,6,15.12,90.73
IT00006774,PED00002759,SKU011,3,16.21,48.64
IT00006775,PED00002759,SKU005,1,8.56,8.56
IT00006776,PED00002759,SKU002,3,4.09,12.28
IT00006777,PED00002759,SKU015,3,6.75,20.26
IT00006778,PED00002760,SKU007,2,13.27,26.53
IT00006779,PED00002760,SKU005,6,8.24,49.44
IT00006780,PED00002760,SKU001,6,6.53,39.18
IT00006781,PED00002761,SKU008,1,19.1,19.1
IT00006782,PED00002761,SKU011,1,16.47,16.47
IT00006783,PED00002761,SKU012,6,11.94,71.64
IT00006784,PED00002762,SKU008,2,19.78,39.57
IT00006785,PED00002762,SKU006,2,9.46,18.92
IT00006786,PED00002763,SKU010,3,15.11,45.33
IT00006787,PED00002763,SKU001,6,6.3,37.81
IT00006788,PED00002764,SKU015,3,7.11,21.32
IT00006789,PED00002765,SKU002,3,4.16,12.49
IT00006790,PED00002765,SKU002,1,4.2,4.2
IT00006791,PED00002765,SKU004,2,7.67,15.34
IT00006792,PED00002765,SKU013,2,11.11,22.21
IT00006793,PED00002766,SKU013,2,10.92,21.84
IT00006794,PED00002766,SKU012,1,11.72,11.72
IT00006795,PED00002767,SKU013,1,10.49,10.49
IT00006796,PED00002768,SKU003,2,3.64,7.28
IT00006797,PED00002768,SKU007,1,13.07,13.07
IT00006798,PED00002768,SKU008,2,19.52,39.05
IT00006799,PED00002768,SKU005,1,8.31,8.31
IT00006800,PED00002768,SKU007,1,13.09,13.09
IT00006801,PED00002769,SKU003,2,3.82,7.64
IT00006802,PED00002769,SKU008,1,18.28,18.28
IT00006803,PED00002770,SKU002,2,4.26,8.53
IT00006804,PED00002770,SKU011,2,16.51,33.02
IT00006805,PED00002770,SKU001,1,6.66,6.66
IT00006806,PED00002770,SKU011,1,16.28,16.28
IT00006807,PED00002771,SKU003,6,3.71,22.24
IT00006808,PED00002771,SKU015,1,7.05,7.05
IT00006809,PED00002771,SKU006,6,10.29,61.76
IT00006810,PED00002772,SKU010,1,14.7,14.7
IT00006811,PED00002772,SKU011,1,16.12,16.12
IT00006812,PED00002773,SKU004,2,7.97,15.94
IT00006813,PED00002773,SKU002,2,4.05,8.11
IT00006814,PED00002774,SKU006,3,9.89,29.67
IT00006815,PED00002775,SKU011,1,16.18,16.18
IT00006816,PED00002776,SKU013,1,11.0,11.0
IT00006817,PED00002776,SKU010,3,15.27,45.81
IT00006818,PED00002777,SKU003,1,3.72,3.72
IT00006819,PED00002777,SKU001,1,6.19,6.19
IT00006820,PED00002777,SKU007,1,12.34,12.34
IT00006821,PED00002778,SKU010,1,15.16,15.16
IT00006822,PED00002778,SKU013,1,10.68,10.68
IT00006823,PED00002779,SKU007,3,13.44,40.31
IT00006824,PED00002780,SKU003,1,3.7,3.7
IT00006825,PED00002780,SKU003,1,3.66,3.66
IT00006826,PED00002780,SKU012,1,11.34,11.34
IT00006827,PED00002781,SKU011,2,16.48,32.96
IT00006828,PED00002781,SKU002,3,4.09,12.26
IT00006829,PED00002782,SKU012,2,11.79,23.58
IT00006830,PED00002782,SKU008,3,18.5,55.49
IT00006831,PED00002782,SKU015,3,7.07,21.22
IT00006832,PED00002782,SKU015,6,7.15,42.92
IT00006833,PED00002783,SKU010,1,14.52,14.52
IT00006834,PED00002783,SKU015,1,6.59,6.59
IT00006835,PED00002784,SKU015,6,6.69,40.15
IT00006836,PED00002784,SKU003,2,3.72,7.44
IT00006837,PED00002785,SKU012,1,12.43,12.43
IT00006838,PED00002785,SKU003,1,3.77,3.77
IT00006839,PED00002785,SKU010,1,14.43,14.43
IT00006840,PED00002786,SKU003,3,3.69,11.08
IT00006841,PED00002786,SKU010,12,14.73,176.74
IT00006842,PED00002786,SKU008,3,19.41,58.24
IT00006843,PED00002786,SKU014,3,7.81,23.44
IT00006844,PED00002787,SKU010,12,14.53,174.36
IT00006845,PED00002788,SKU012,3,11.35,34.04
IT00006846,PED00002788,SKU007,6,13.15,78.9
IT00006847,PED00002788,SKU010,3,14.45,43.34
IT00006848,PED00002788,SKU008,1,18.62,18.62
IT00006849,PED00002789,SKU013,3,11.15,33.46
IT00006850,PED00002789,SKU013,6,10.38,62.27
IT00006851,PED00002789,SKU004,3,7.96,23.89
IT00006852,PED00002790,SKU015,2,6.71,13.42
IT00006853,PED00002790,SKU012,3,11.53,34.6
IT00006854,PED00002791,SKU011,2,16.44,32.89
IT00006855,PED00002791,SKU011,3,15.95,47.86
IT00006856,PED00002792,SKU007,2,13.11,26.22
IT00006857,PED00002792,SKU003,2,3.97,7.93
IT00006858,PED00002792,SKU015,3,7.07,21.21
IT00006859,PED00002793,SKU002,3,4.02,12.05
IT00006860,PED00002794,SKU007,6,12.91,77.46
IT00006861,PED00002794,SKU013,3,10.98,32.93
IT00006862,PED00002795,SKU014,1,7.7,7.7
IT00006863,PED00002795,SKU013,1,11.13,11.13
IT00006864,PED00002796,SKU001,3,6.76,20.29
IT00006865,PED00002796,SKU014,3,7.75,23.25
IT00006866,PED00002797,SKU007,2,13.09,26.19
IT00006867,PED00002797,SKU001,3,6.76,20.27
IT00006868,PED00002797,SKU006,1,10.36,10.36
IT00006869,PED00002797,SKU002,3,4.07,12.2
IT00006870,PED00002798,SKU008,3,19.22,57.65
IT00006871,PED00002799,SKU001,3,6.65,19.95
IT00006872,PED00002800,SKU002,1,4.2,4.2
IT00006873,PED00002800,SKU005,3,8.63,25.89
IT00006874,PED00002800,SKU001,1,6.55,6.55
IT00006875,PED00002800,SKU014,1,7.85,7.85
IT00006876,PED00002801,SKU001,1,6.57,6.57
IT00006877,PED00002801,SKU001,3,6.44,19.33
IT00006878,PED00002801,SKU001,6,6.23,37.38
IT00006879,PED00002802,SKU004,1,8.08,8.08
IT00006880,PED00002802,SKU009,2,19.53,39.07
IT00006881,PED00002802,SKU007,2,13.25,26.5
IT00006882,PED00002803,SKU001,2,6.25,12.51
IT00006883,PED00002803,SKU012,1,11.85,11.85
IT00006884,PED00002804,SKU006,1,9.48,9.48
IT00006885,PED00002805,SKU002,1,4.03,4.03
IT00006886,PED00002806,SKU002,6,4.01,24.03
IT00006887,PED00002806,SKU004,2,7.56,15.13
IT00006888,PED00002807,SKU014,3,7.26,21.77
IT00006889,PED00002807,SKU015,1,6.91,6.91
IT00006890,PED00002808,SKU007,1,13.12,13.12
IT00006891,PED00002808,SKU015,6,7.06,42.37
IT00006892,PED00002808,SKU010,2,15.32,30.64
IT00006893,PED00002808,SKU014,6,7.86,47.17
IT00006894,PED00002809,SKU009,1,20.57,20.57
IT00006895,PED00002809,SKU014,3,7.83,23.49
IT00006896,PED00002809,SKU002,12,4.24,50.84
IT00006897,PED00002810,SKU005,3,8.76,26.27
IT00006898,PED00002810,SKU005,3,8.33,24.98
IT00006899,PED00002810,SKU006,6,9.55,57.31
IT00006900,PED00002810,SKU007,1,12.48,12.48
IT00006901,PED00002811,SKU002,12,4.06,48.74
IT00006902,PED00002812,SKU010,2,15.14,30.29
IT00006903,PED00002812,SKU008,2,18.08,36.16
IT00006904,PED00002813,SKU012,3,12.36,37.08
IT00006905,PED00002813,SKU004,3,7.58,22.75
IT00006906,PED00002814,SKU011,1,15.81,15.81
IT00006907,PED00002814,SKU014,12,7.24,86.86
IT00006908,PED00002814,SKU013,12,11.15,133.85
IT00006909,PED00002815,SKU013,1,10.45,10.45
IT00006910,PED00002815,SKU001,2,6.18,12.35
IT00006911,PED00002815,SKU004,3,8.09,24.27
IT00006912,PED00002816,SKU004,6,7.67,46.01
IT00006913,PED00002816,SKU014,2,7.61,15.22
IT00006914,PED00002817,SKU009,3,20.2,60.59
IT00006915,PED00002817,SKU006,6,9.45,56.72
IT00006916,PED00002818,SKU009,6,19.6,117.63
IT00006917,PED00002818,SKU006,6,10.32,61.94
IT00006918,PED00002818,SKU005,3,8.57,25.72
IT00006919,PED00002819,SKU010,3,15.57,46.72
IT00006920,PED00002819,SKU010,12,14.81,177.73
IT00006921,PED00002819,SKU002,2,4.31,8.62
IT00006922,PED00002820,SKU004,1,8.25,8.25
IT00006923,PED00002820,SKU008,2,19.02,38.04
IT00006924,PED00002820,SKU012,1,11.45,11.45
IT00006925,PED00002821,SKU006,3,9.6,28.81
IT00006926,PED00002821,SKU014,1,7.74,7.74
IT00006927,PED00002821,SKU006,3,10.06,30.19
IT00006928,PED00002821,SKU003,6,3.85,23.08
IT00006929,PED00002822,SKU007,2,12.72,25.44
IT00006930,PED00002822,SKU007,2,12.73,25.46
IT00006931,PED00002823,SKU003,2,3.81,7.61
IT00006932,PED00002823,SKU003,1,3.82,3.82
IT00006933,PED00002823,SKU013,6,10.38,62.3
IT00006934,PED00002824,SKU014,1,7.8,7.8
IT00006935,PED00002824,SKU014,3,7.13,21.4
IT00006936,PED00002825,SKU007,2,12.98,25.96
IT00006937,PED00002826,SKU011,3,17.14,51.42
IT00006938,PED00002826,SKU012,1,12.45,12.45
IT00006939,PED00002827,SKU011,3,17.24,51.71
IT00006940,PED00002827,SKU003,3,3.62,10.85
IT00006941,PED00002828,SKU010,1,14.96,14.96
IT00006942,PED00002828,SKU013,2,10.63,21.26
IT00006943,PED00002828,SKU010,2,14.48,28.96
IT00006944,PED00002829,SKU001,1,6.53,6.53
IT00006945,PED00002830,SKU013,2,10.61,21.22
IT00006946,PED00002830,SKU013,3,10.4,31.19
IT00006947,PED00002830,SKU014,1,7.37,7.37
IT00006948,PED00002831,SKU005,1,8.56,8.56
IT00006949,PED00002831,SKU001,1,6.78,6.78
IT00006950,PED00002832,SKU002,3,4.37,13.1
IT00006951,PED00002833,SKU015,2,6.77,13.55
IT00006952,PED00002833,SKU015,3,6.9,20.7
IT00006953,PED00002834,SKU014,1,7.65,7.65
IT00006954,PED00002834,SKU015,1,7.01,7.01
IT00006955,PED00002835,SKU012,1,12.47,12.47
IT00006956,PED00002835,SKU007,3,12.28,36.85
IT00006957,PED00002835,SKU002,12,4.11,49.36
IT00006958,PED00002835,SKU009,2,18.99,37.98
IT00006959,PED00002836,SKU011,6,15.71,94.27
IT00006960,PED00002837,SKU007,6,12.35,74.12
IT00006961,PED00002837,SKU001,2,6.67,13.34
IT00006962,PED00002838,SKU011,3,16.25,48.74
IT00006963,PED00002838,SKU013,1,10.58,10.58
IT00006964,PED00002838,SKU013,2,10.92,21.85
IT00006965,PED00002839,SKU014,1,7.74,7.74
IT00006966,PED00002839,SKU010,2,15.16,30.32
IT00006967,PED00002840,SKU001,3,6.3,18.9
IT00006968,PED00002840,SKU012,1,12.25,12.25
IT00006969,PED00002841,SKU007,1,12.49,12.49
IT00006970,PED00002841,SKU005,2,8.15,16.29
IT00006971,PED00002842,SKU009,6,20.49,122.92
IT00006972,PED00002842,SKU012,1,12.14,12.14
IT00006973,PED00002842,SKU011,1,16.17,16.17
IT00006974,PED00002843,SKU002,1,4.37,4.37
IT00006975,PED00002843,SKU001,1,6.61,6.61
IT00006976,PED00002843,SKU013,1,10.77,10.77
IT00006977,PED00002844,SKU006,6,10.05,60.32
IT00006978,PED00002844,SKU007,6,12.83,76.98
IT00006979,PED00002844,SKU004,3,8.27,24.8
IT00006980,PED00002844,SKU008,2,18.68,37.36
IT00006981,PED00002845,SKU011,6,16.96,101.77
IT00006982,PED00002845,SKU009,3,19.23,57.69
IT00006983,PED00002846,SKU003,2,3.9,7.8
IT00006984,PED00002846,SKU006,3,9.66,28.98
IT00006985,PED00002847,SKU004,2,7.74,15.48
IT00006986,PED00002847,SKU003,1,3.63,3.63
IT00006987,PED00002848,SKU012,1,12.09,12.09
IT00006988,PED00002848,SKU013,3,11.41,34.23
IT00006989,PED00002848,SKU002,6,4.3,25.78
IT00006990,PED00002848,SKU008,2,19.26,38.52
IT00006991,PED00002849,SKU008,1,19.61,19.61
IT00006992,PED00002849,SKU013,3,10.61,31.83
IT00006993,PED00002849,SKU011,12,16.96,203.51
IT00006994,PED00002849,SKU004,1,8.16,8.16
IT00006995,PED00002850,SKU001,1,6.76,6.76
IT00006996,PED00002850,SKU013,1,11.32,11.32
IT00006997,PED00002850,SKU013,1,11.12,11.12
IT00006998,PED00002850,SKU009,2,20.3,40.61
IT00006999,PED00002851,SKU011,1,15.95,15.95
IT00007000,PED00002851,SKU008,6,18.15,108.9
IT00007001,PED00002851,SKU006,2,9.86,19.71
IT00007002,PED00002851,SKU008,3,18.97,56.91
IT00007003,PED00002852,SKU002,1,4.21,4.21
IT00007004,PED00002852,SKU008,1,18.51,18.51
IT00007005,PED00002853,SKU005,3,8.64,25.91
IT00007006,PED00002853,SKU010,3,14.93,44.8
IT00007007,PED00002854,SKU011,3,15.88,47.65
IT00007008,PED00002854,SKU008,2,19.8,39.6
IT00007009,PED00002855,SKU010,2,15.06,30.13
IT00007010,PED00002855,SKU006,2,9.77,19.54
IT00007011,PED00002856,SKU013,2,10.63,21.26
IT00007012,PED00002857,SKU003,6,3.82,22.93
IT00007013,PED00002858,SKU011,2,16.78,33.55
IT00007014,PED00002858,SKU004,6,7.6,45.58
IT00007015,PED00002859,SKU006,1,9.41,9.41
IT00007016,PED00002859,SKU004,12,7.7,92.38
IT00007017,PED00002860,SKU012,2,11.69,23.39
IT00007018,PED00002860,SKU014,2,7.34,14.69
IT00007019,PED00002860,SKU010,3,14.69,44.07
IT00007020,PED00002860,SKU010,3,15.28,45.85
IT00007021,PED00002861,SKU004,1,7.56,7.56
IT00007022,PED00002861,SKU005,6,8.26,49.55
IT00007023,PED00002862,SKU004,2,7.85,15.7
IT00007024,PED00002862,SKU007,3,13.33,39.99
IT00007025,PED00002862,SKU011,1,16.19,16.19
IT00007026,PED00002863,SKU004,2,8.01,16.01
IT00007027,PED00002863,SKU007,6,13.27,79.6
IT00007028,PED00002864,SKU004,3,8.13,24.39
IT00007029,PED00002864,SKU006,1,10.0,10.0
IT00007030,PED00002865,SKU004,2,8.08,16.15
IT00007031,PED00002865,SKU010,2,15.03,30.06
IT00007032,PED00002865,SKU014,12,7.79,93.42
IT00007033,PED00002865,SKU015,1,6.81,6.81
IT00007034,PED00002866,SKU013,1,11.04,11.04
IT00007035,PED00002866,SKU007,2,13.48,26.96
IT00007036,PED00002866,SKU001,1,6.8,6.8
IT00007037,PED00002867,SKU002,6,4.37,26.21
IT00007038,PED00002867,SKU004,6,7.83,47.0
IT00007039,PED00002867,SKU015,2,6.74,13.47
IT00007040,PED00002868,SKU011,3,16.63,49.89
IT00007041,PED00002868,SKU013,3,11.0,33.01
IT00007042,PED00002868,SKU002,2,4.34,8.69
IT00007043,PED00002869,SKU006,12,9.97,119.62
IT00007044,PED00002869,SKU001,6,6.71,40.27
IT00007045,PED00002869,SKU010,1,15.1,15.1
IT00007046,PED00002870,SKU006,6,10.22,61.33
IT00007047,PED00002870,SKU004,12,7.83,94.01
IT00007048,PED00002870,SKU010,2,14.47,28.94
IT00007049,PED00002871,SKU010,2,15.56,31.13
IT00007050,PED00002872,SKU003,6,3.87,23.2
IT00007051,PED00002872,SKU009,2,20.61,41.23
IT00007052,PED00002873,SKU015,3,6.78,20.33
IT00007053,PED00002873,SKU002,3,4.23,12.69
IT00007054,PED00002874,SKU002,1,4.26,4.26
IT00007055,PED00002874,SKU004,2,7.95,15.91
IT00007056,PED00002874,SKU011,1,16.52,16.52
IT00007057,PED00002875,SKU003,1,3.8,3.8
IT00007058,PED00002875,SKU014,1,7.5,7.5
IT00007059,PED00002875,SKU007,2,13.18,26.36
IT00007060,PED00002875,SKU005,3,8.24,24.71
IT00007061,PED00002875,SKU005,1,8.09,8.09
IT00007062,PED00002876,SKU006,2,10.19,20.38
IT00007063,PED00002876,SKU010,3,15.59,46.76
IT00007064,PED00002876,SKU001,1,6.19,6.19
IT00007065,PED00002876,SKU008,2,19.38,38.75
IT00007066,PED00002877,SKU001,2,6.51,13.03
IT00007067,PED00002877,SKU009,1,19.28,19.28
IT00007068,PED00002878,SKU004,3,8.07,24.2
IT00007069,PED00002878,SKU002,2,4.0,8.01
IT00007070,PED00002878,SKU001,12,6.51,78.11
IT00007071,PED00002879,SKU012,2,12.11,24.22
IT00007072,PED00002880,SKU007,1,12.6,12.6
IT00007073,PED00002880,SKU015,1,7.22,7.22
IT00007074,PED00002880,SKU013,3,11.15,33.46
IT00007075,PED00002880,SKU010,2,14.25,28.49
IT00007076,PED00002881,SKU002,1,4.36,4.36
IT00007077,PED00002881,SKU005,2,8.27,16.55
IT00007078,PED00002881,SKU005,3,8.11,24.32
IT00007079,PED00002881,SKU007,3,13.45,40.36
IT00007080,PED00002882,SKU005,2,8.85,17.71
IT00007081,PED00002882,SKU014,3,7.13,21.38
IT00007082,PED00002882,SKU002,1,4.08,4.08
IT00007083,PED00002883,SKU015,1,6.71,6.71
IT00007084,PED00002883,SKU012,3,12.48,37.43
IT00007085,PED00002883,SKU004,2,7.75,15.5
IT00007086,PED00002884,SKU001,1,6.3,6.3
IT00007087,PED00002884,SKU011,12,16.88,202.56
IT00007088,PED00002884,SKU013,3,10.73,32.19
IT00007089,PED00002885,SKU006,12,9.89,118.7
IT00007090,PED00002885,SKU002,1,4.2,4.2
IT00007091,PED00002886,SKU006,3,10.3,30.9
IT00007092,PED00002886,SKU010,2,15.4,30.81
IT00007093,PED00002886,SKU015,1,6.79,6.79
IT00007094,PED00002886,SKU002,2,4.24,8.48
IT00007095,PED00002886,SKU012,12,11.74,140.92
IT00007096,PED00002887,SKU005,3,8.48,25.45
IT00007097,PED00002887,SKU011,3,16.61,49.83
IT00007098,PED00002888,SKU013,1,11.06,11.06
IT00007099,PED00002888,SKU012,1,11.34,11.34
IT00007100,PED00002889,SKU006,1,9.62,9.62
IT00007101,PED00002890,SKU014,1,7.19,7.19
IT00007102,PED00002890,SKU004,2,7.88,0.0
IT00007103,PED00002891,SKU008,1,19.2,19.2
IT00007104,PED00002891,SKU007,1,12.65,12.65
IT00007105,PED00002892,SKU007,3,12.82,38.45
IT00007106,PED00002893,SKU008,1,18.8,18.8
IT00007107,PED00002893,SKU007,1,12.98,12.98
IT00007108,PED00002893,SKU009,1,18.98,18.98
IT00007109,PED00002894,SKU001,1,6.27,6.27
IT00007110,PED00002895,SKU004,1,8.07,8.07
IT00007111,PED00002895,SKU003,1,3.82,3.82
IT00007112,PED00002895,SKU013,1,10.59,10.59
IT00007113,PED00002896,SKU007,2,12.31,24.61
IT00007114,PED00002896,SKU002,1,4.41,4.41
IT00007115,PED00002896,SKU013,3,10.72,32.15
IT00007116,PED00002896,SKU002,3,4.04,12.12
IT00007117,PED00002897,SKU009,2,19.27,38.53
IT00007118,PED00002897,SKU005,1,8.42,8.42
IT00007119,PED00002897,SKU003,3,3.72,11.17
IT00007120,PED00002897,SKU013,2,11.14,22.28
IT00007121,PED00002898,SKU014,1,7.63,0.0
IT00007122,PED00002898,SKU006,3,9.86,29.58
IT00007123,PED00002899,SKU009,3,19.24,57.73
IT00007124,PED00002899,SKU005,6,8.45,50.7
IT00007125,PED00002900,SKU002,1,4.21,4.21
IT00007126,PED00002900,SKU007,1,12.47,12.47
IT00007127,PED00002900,SKU008,3,19.17,57.52
IT00007128,PED00002901,SKU004,3,7.7,23.09
IT00007129,PED00002901,SKU011,3,16.73,50.2
IT00007130,PED00002902,SKU005,3,8.82,26.45
IT00007131,PED00002902,SKU006,1,9.84,9.84
IT00007132,PED00002902,SKU008,3,18.01,54.03
IT00007133,PED00002903,SKU004,1,7.52,7.52
IT00007134,PED00002903,SKU008,1,19.42,19.42
IT00007135,PED00002904,SKU007,2,12.42,24.84
IT00007136,PED00002904,SKU001,2,6.4,12.79
IT00007137,PED00002904,SKU011,6,15.94,95.66
IT00007138,PED00002905,SKU005,6,8.72,52.32
IT00007139,PED00002905,SKU012,1,11.83,11.83
IT00007140,PED00002905,SKU003,2,3.66,7.32
IT00007141,PED00002906,SKU003,2,3.67,7.34
IT00007142,PED00002907,SKU008,1,18.02,18.02
IT00007143,PED00002907,SKU010,1,14.39,14.39
IT00007144,PED00002907,SKU002,3,4.13,12.4
IT00007145,PED00002907,SKU012,6,12.05,72.27
IT00007146,PED00002907,SKU013,1,10.76,10.76
IT00007147,PED00002908,SKU006,6,9.92,59.52
IT00007148,PED00002908,SKU005,3,8.18,24.55
IT00007149,PED00002908,SKU007,1,13.42,13.42
IT00007150,PED00002909,SKU012,1,11.37,11.37
IT00007151,PED00002909,SKU013,2,10.62,21.24
IT00007152,PED00002910,SKU010,2,14.66,29.32
IT00007153,PED00002911,SKU001,6,6.32,37.9
IT00007154,PED00002911,SKU013,3,11.37,34.11
IT00007155,PED00002912,SKU012,2,12.41,24.83
IT00007156,PED00002912,SKU003,2,3.76,7.52
IT00007157,PED00002912,SKU002,2,4.15,8.31
IT00007158,PED00002913,SKU013,6,10.42,62.51
IT00007159,PED00002913,SKU002,1,4.08,4.08
IT00007160,PED00002913,SKU011,2,16.81,33.62
IT00007161,PED00002913,SKU010,1,14.46,14.46
IT00007162,PED00002914,SKU007,3,13.07,39.2
IT00007163,PED00002914,SKU005,1,8.65,8.65
IT00007164,PED00002914,SKU007,2,12.78,25.57
IT00007165,PED00002914,SKU005,6,8.86,53.17
IT00007166,PED00002915,SKU010,2,14.24,28.48
IT00007167,PED00002916,SKU011,2,15.76,31.52
IT00007168,PED00002916,SKU010,6,15.14,90.85
IT00007169,PED00002917,SKU014,1,7.59,7.59
IT00007170,PED00002917,SKU007,2,13.39,26.78
IT00007171,PED00002918,SKU013,1,11.43,11.43
IT00007172,PED00002918,SKU007,1,12.95,12.95
IT00007173,PED00002918,SKU015,6,7.16,42.94
IT00007174,PED00002919,SKU008,3,19.39,58.18
IT00007175,PED00002919,SKU002,6,4.2,25.22
IT00007176,PED00002919,SKU002,1,4.24,4.24
IT00007177,PED00002920,SKU010,1,14.67,14.67
IT00007178,PED00002920,SKU009,1,20.0,20.0
IT00007179,PED00002920,SKU006,3,9.88,29.64
IT00007180,PED00002920,SKU015,2,6.89,13.79
IT00007181,PED00002921,SKU015,1,6.85,6.85
IT00007182,PED00002921,SKU008,2,18.36,36.73
IT00007183,PED00002921,SKU011,1,16.52,16.52
IT00007184,PED00002921,SKU012,6,11.54,69.22
IT00007185,PED00002921,SKU009,1,20.6,20.6
IT00007186,PED00002922,SKU001,2,6.41,12.83
IT00007187,PED00002922,SKU006,1,9.43,9.43
IT00007188,PED00002923,SKU008,6,19.12,114.75
IT00007189,PED00002924,SKU005,2,8.23,16.45
IT00007190,PED00002924,SKU014,2,7.56,15.12
IT00007191,PED00002924,SKU011,1,16.35,16.35
IT00007192,PED00002924,SKU012,3,12.05,36.14
IT00007193,PED00002925,SKU013,1,10.79,10.79
IT00007194,PED00002925,SKU010,6,14.92,89.5
IT00007195,PED00002925,SKU003,3,3.62,10.86
IT00007196,PED00002926,SKU011,2,16.65,33.3
IT00007197,PED00002926,SKU009,6,18.97,113.8
IT00007198,PED00002926,SKU009,2,19.03,38.06
IT00007199,PED00002926,SKU001,3,6.33,18.98
IT00007200,PED00002927,SKU005,1,8.49,8.49
IT00007201,PED00002927,SKU013,1,11.12,11.12
IT00007202,PED00002928,SKU007,3,13.0,39.0
IT00007203,PED00002928,SKU013,6,10.97,65.84
IT00007204,PED00002928,SKU015,2,6.8,13.61
IT00007205,PED00002929,SKU010,3,15.46,46.39
IT00007206,PED00002929,SKU004,1,7.84,7.84
IT00007207,PED00002930,SKU012,1,12.45,12.45
IT00007208,PED00002930,SKU002,12,4.03,48.35
IT00007209,PED00002931,SKU005,12,8.36,100.26
IT00007210,PED00002932,SKU013,1,10.77,10.77
IT00007211,PED00002932,SKU015,3,6.85,20.54
IT00007212,PED00002932,SKU014,2,7.59,15.18
IT00007213,PED00002932,SKU013,2,11.38,22.76
IT00007214,PED00002932,SKU010,2,15.38,30.77
IT00007215,PED00002933,SKU013,1,10.47,10.47
IT00007216,PED00002933,SKU005,1,8.64,8.64
IT00007217,PED00002933,SKU012,1,12.36,12.36
IT00007218,PED00002934,SKU013,1,11.34,11.34
IT00007219,PED00002934,SKU003,1,3.65,3.65
IT00007220,PED00002935,SKU002,3,4.36,13.07
IT00007221,PED00002935,SKU011,2,17.19,34.38
IT00007222,PED00002935,SKU005,2,8.16,16.33
IT00007223,PED00002935,SKU006,1,10.06,10.06
IT00007224,PED00002935,SKU010,6,14.96,89.76
IT00007225,PED00002936,SKU006,1,9.62,9.62
IT00007226,PED00002936,SKU011,2,16.01,32.02
IT00007227,PED00002937,SKU015,12,6.71,80.57
IT00007228,PED00002937,SKU013,1,10.73,10.73
IT00007229,PED00002937,SKU008,3,19.28,57.84
IT00007230,PED00002937,SKU014,1,7.87,7.87
IT00007231,PED00002937,SKU004,6,8.01,48.03
IT00007232,PED00002938,SKU007,6,12.43,74.56
IT00007233,PED00002939,SKU006,2,10.07,20.15
IT00007234,PED00002939,SKU007,2,13.14,26.28
IT00007235,PED00002939,SKU002,3,4.27,12.81
IT00007236,PED00002939,SKU009,12,19.76,237.06
IT00007237,PED00002940,SKU007,1,12.51,12.51
IT00007238,PED00002940,SKU015,2,6.85,13.71
IT00007239,PED00002941,SKU005,1,8.46,8.46
IT00007240,PED00002942,SKU007,3,13.43,40.3
IT00007241,PED00002942,SKU006,12,10.2,122.42
IT00007242,PED00002943,SKU010,2,15.62,31.25
IT00007243,PED00002943,SKU014,1,7.19,7.19
IT00007244,PED00002944,SKU012,3,11.97,35.91
IT00007245,PED00002944,SKU012,1,12.45,12.45
IT00007246,PED00002945,SKU006,3,9.66,28.99
IT00007247,PED00002945,SKU014,1,7.21,7.21
IT00007248,PED00002945,SKU012,1,12.31,12.31
IT00007249,PED00002945,SKU015,6,6.59,39.53
IT00007250,PED00002945,SKU010,6,14.34,86.05
IT00007251,PED00002946,SKU006,6,10.15,60.9
IT00007252,PED00002946,SKU010,2,14.45,28.9
IT00007253,PED00002947,SKU004,1,7.99,7.99
IT00007254,PED00002948,SKU002,6,4.18,25.11
IT00007255,PED00002948,SKU013,2,10.62,21.25
IT00007256,PED00002948,SKU006,2,9.79,19.59
IT00007257,PED00002949,SKU007,2,12.9,25.81
IT00007258,PED00002949,SKU002,1,4.33,4.33
IT00007259,PED00002950,SKU010,1,14.71,14.71
IT00007260,PED00002950,SKU001,2,6.54,13.09
IT00007261,PED00002950,SKU010,1,15.31,15.31
IT00007262,PED00002950,SKU003,3,3.81,11.44
IT00007263,PED00002950,SKU004,3,7.55,22.66
IT00007264,PED00002951,SKU012,6,12.04,72.23
IT00007265,PED00002951,SKU015,1,6.77,6.77
IT00007266,PED00002951,SKU010,3,14.55,43.64
IT00007267,PED00002952,SKU009,12,19.62,235.47
IT00007268,PED00002952,SKU005,1,8.09,8.09
IT00007269,PED00002952,SKU013,2,11.17,22.33
IT00007270,PED00002952,SKU012,2,12.13,24.25
IT00007271,PED00002953,SKU001,12,6.69,80.26
IT00007272,PED00002953,SKU011,6,16.62,99.7
IT00007273,PED00002953,SKU010,2,14.27,28.54
IT00007274,PED00002953,SKU011,1,15.72,15.72
IT00007275,PED00002954,SKU005,12,8.42,101.06
IT00007276,PED00002954,SKU006,3,9.67,29.02
IT00007277,PED00002954,SKU012,3,11.9,35.7
IT00007278,PED00002954,SKU009,1,19.21,19.21
IT00007279,PED00002954,SKU001,2,6.71,13.42
IT00007280,PED00002955,SKU002,1,4.1,4.1
IT00007281,PED00002955,SKU011,6,16.41,98.46
IT00007282,PED00002955,SKU010,2,15.21,30.42
IT00007283,PED00002956,SKU008,1,19.28,19.28
IT00007284,PED00002956,SKU005,1,8.86,8.86
IT00007285,PED00002956,SKU005,1,8.78,8.78
IT00007286,PED00002956,SKU004,1,8.16,8.16
IT00007287,PED00002956,SKU004,3,8.18,24.53
IT00007288,PED00002957,SKU004,3,7.95,23.84
IT00007289,PED00002957,SKU005,1,8.11,8.11
IT00007290,PED00002958,SKU012,2,12.35,24.69
IT00007291,PED00002958,SKU005,6,8.18,49.06
IT00007292,PED00002959,SKU011,1,16.93,16.93
IT00007293,PED00002959,SKU014,6,7.47,44.79
IT00007294,PED00002959,SKU009,3,19.21,57.62
IT00007295,PED00002960,SKU003,12,3.64,43.63
IT00007296,PED00002961,SKU015,1,7.19,7.19
IT00007297,PED00002961,SKU004,6,7.95,47.67
IT00007298,PED00002962,SKU010,6,14.51,87.07
IT00007299,PED00002962,SKU006,2,9.67,19.35
IT00007300,PED00002963,SKU010,12,15.2,182.4
IT00007301,PED00002963,SKU003,1,3.62,3.62
IT00007302,PED00002964,SKU006,1,9.45,9.45
IT00007303,PED00002965,SKU006,1,10.35,10.35
IT00007304,PED00002965,SKU013,6,11.26,67.57
IT00007305,PED00002966,SKU004,6,7.74,46.43
IT00007306,PED00002966,SKU011,1,15.97,15.97
IT00007307,PED00002967,SKU001,1,6.62,6.62
IT00007308,PED00002967,SKU002,12,4.28,51.4
IT00007309,PED00002967,SKU015,3,7.12,21.35
IT00007310,PED00002968,SKU006,1,10.13,10.13
IT00007311,PED00002968,SKU012,2,12.46,24.92
IT00007312,PED00002969,SKU003,1,3.71,3.71
IT00007313,PED00002969,SKU015,3,7.2,21.61
IT00007314,PED00002969,SKU009,1,19.05,19.05
IT00007315,PED00002970,SKU002,1,4.05,4.05
IT00007316,PED00002970,SKU013,6,10.85,65.1
IT00007317,PED00002971,SKU008,3,18.76,56.28
IT00007318,PED00002971,SKU015,6,7.07,42.41
IT00007319,PED00002971,SKU004,3,8.13,24.4
IT00007320,PED00002972,SKU005,2,8.16,16.32
IT00007321,PED00002973,SKU007,1,13.0,13.0
IT00007322,PED00002973,SKU003,2,3.89,7.77
IT00007323,PED00002973,SKU014,2,7.56,15.13
IT00007324,PED00002973,SKU012,2,12.35,24.69
IT00007325,PED00002974,SKU015,3,7.12,21.37
IT00007326,PED00002974,SKU006,12,10.33,123.97
IT00007327,PED00002974,SKU013,2,10.95,21.89
IT00007328,PED00002975,SKU002,2,4.35,8.7
IT00007329,PED00002976,SKU001,1,6.26,6.26
IT00007330,PED00002976,SKU014,1,7.5,7.5
IT00007331,PED00002976,SKU001,1,6.28,6.28
IT00007332,PED00002977,SKU007,6,13.15,78.89
IT00007333,PED00002977,SKU011,2,16.51,33.02
IT00007334,PED00002977,SKU013,6,10.56,63.33
IT00007335,PED00002978,SKU001,3,6.28,0.0
IT00007336,PED00002978,SKU006,1,9.59,9.59
IT00007337,PED00002978,SKU013,6,10.97,65.8
IT00007338,PED00002979,SKU012,1,12.34,12.34
IT00007339,PED00002979,SKU009,2,20.08,40.16
IT00007340,PED00002980,SKU010,1,15.62,15.62
IT00007341,PED00002980,SKU006,1,10.03,10.03
IT00007342,PED00002980,SKU014,1,7.5,7.5
IT00007343,PED00002980,SKU011,1,16.68,16.68
IT00007344,PED00002981,SKU010,3,14.37,43.1
IT00007345,PED00002981,SKU009,3,20.2,60.61
IT00007346,PED00002981,SKU006,1,10.39,10.39
IT00007347,PED00002982,SKU004,3,7.6,22.81
IT00007348,PED00002982,SKU005,6,8.43,50.61
IT00007349,PED00002982,SKU004,2,7.53,15.05
IT00007350,PED00002983,SKU013,2,11.28,22.56
IT00007351,PED00002983,SKU010,3,15.5,46.49
IT00007352,PED00002984,SKU005,2,8.7,17.4
IT00007353,PED00002984,SKU003,1,3.88,3.88
IT00007354,PED00002984,SKU003,1,3.8,3.8
IT00007355,PED00002984,SKU005,6,8.82,52.92
IT00007356,PED00002985,SKU006,1,10.1,10.1
IT00007357,PED00002985,SKU005,1,8.92,8.92
IT00007358,PED00002986,SKU014,3,7.87,23.61
IT00007359,PED00002986,SKU011,6,17.3,103.82
IT00007360,PED00002986,SKU011,2,17.17,34.35
IT00007361,PED00002986,SKU007,2,12.4,24.8
IT00007362,PED00002987,SKU013,2,11.26,22.52
IT00007363,PED00002987,SKU009,12,19.87,238.43
IT00007364,PED00002987,SKU012,1,11.79,11.79
IT00007365,PED00002987,SKU010,6,15.48,92.85
IT00007366,PED00002987,SKU007,2,13.1,26.2
IT00007367,PED00002988,SKU008,2,17.99,35.98
IT00007368,PED00002988,SKU003,3,3.74,11.23
IT00007369,PED00002988,SKU002,3,4.0,12.0
IT00007370,PED00002989,SKU005,6,8.55,51.32
IT00007371,PED00002989,SKU015,3,6.85,20.54
IT00007372,PED00002990,SKU012,2,12.15,24.29
IT00007373,PED00002990,SKU008,6,18.17,109.01
IT00007374,PED00002990,SKU009,1,20.46,20.46
IT00007375,PED00002991,SKU015,1,6.69,6.69
IT00007376,PED00002991,SKU005,1,8.31,8.31
IT00007377,PED00002991,SKU011,6,15.7,94.17
IT00007378,PED00002991,SKU008,6,19.4,116.37
IT00007379,PED00002992,SKU001,6,6.65,39.88
IT00007380,PED00002992,SKU004,3,7.64,22.92
IT00007381,PED00002992,SKU012,1,11.91,11.91
IT00007382,PED00002993,SKU008,2,19.61,39.22
IT00007383,PED00002994,SKU011,6,17.31,103.87
IT00007384,PED00002994,SKU010,1,15.2,15.2
IT00007385,PED00002994,SKU014,3,7.51,22.53
IT00007386,PED00002994,SKU003,1,3.9,3.9
IT00007387,PED00002994,SKU008,1,18.19,18.19
IT00007388,PED00002995,SKU004,1,7.68,7.68
IT00007389,PED00002995,SKU015,6,7.13,42.81
IT00007390,PED00002995,SKU012,3,11.99,35.96
IT00007391,PED00002996,SKU013,1,10.44,10.44
IT00007392,PED00002996,SKU015,1,6.66,6.66
IT00007393,PED00002997,SKU008,1,18.06,18.06
IT00007394,PED00002997,SKU003,1,3.66,3.66
IT00007395,PED00002998,SKU011,6,16.32,97.9
IT00007396,PED00002998,SKU014,2,7.21,14.42
IT00007397,PED00002998,SKU012,1,12.17,12.17
IT00007398,PED00002999,SKU014,2,7.15,14.29
IT00007399,PED00002999,SKU003,6,3.64,21.85
IT00007400,PED00002999,SKU014,2,7.51,15.01
IT00007401,PED00002999,SKU010,6,14.54,87.22
IT00007402,PED00002999,SKU005,3,8.69,26.06
IT00007403,PED00003000,SKU008,1,19.53,19.53
IT00007404,PED00003001,SKU007,1,13.38,13.38
IT00007405,PED00003001,SKU005,1,8.43,8.43
IT00007406,PED00003002,SKU009,3,19.97,59.9
IT00007407,PED00003002,SKU013,2,10.77,21.54
IT00007408,PED00003002,SKU014,1,7.55,7.55
IT00007409,PED00003003,SKU004,3,8.06,24.18
IT00007410,PED00003003,SKU010,6,14.66,87.97
IT00007411,PED00003003,SKU009,1,19.33,19.33
IT00007412,PED00003004,SKU003,12,3.98,47.75
IT00007413,PED00003004,SKU013,1,10.58,10.58
IT00007414,PED00003005,SKU008,6,18.04,108.22
IT00007415,PED00003005,SKU005,6,8.58,51.51
IT00007416,PED00003005,SKU006,1,9.88,9.88
IT00007417,PED00003005,SKU011,1,16.38,16.38
IT00007418,PED00003006,SKU006,1,10.39,10.39
IT00007419,PED00003006,SKU009,1,19.96,19.96
IT00007420,PED00003007,SKU007,6,12.46,74.76
IT00007421,PED00003007,SKU002,2,4.11,8.22
IT00007422,PED00003007,SKU013,3,11.31,33.94
IT00007423,PED00003008,SKU009,1,19.1,19.1
IT00007424,PED00003008,SKU010,3,14.43,43.28
IT00007425,PED00003008,SKU002,2,4.36,8.73
IT00007426,PED00003009,SKU015,12,6.79,81.47
IT00007427,PED00003009,SKU013,1,10.56,10.56
IT00007428,PED00003009,SKU010,3,15.22,45.65
IT00007429,PED00003010,SKU011,6,15.98,95.88
IT00007430,PED00003010,SKU003,1,3.68,3.68
IT00007431,PED00003010,SKU011,12,17.05,204.66
IT00007432,PED00003010,SKU001,6,6.57,39.44
IT00007433,PED00003011,SKU001,3,6.6,19.8
IT00007434,PED00003011,SKU011,2,17.26,34.52
IT00007435,PED00003011,SKU005,1,8.5,8.5
IT00007436,PED00003012,SKU013,2,11.0,21.99
IT00007437,PED00003012,SKU015,3,6.61,19.83
IT00007438,PED00003013,SKU011,3,15.97,47.9
IT00007439,PED00003013,SKU001,2,6.55,13.09
IT00007440,PED00003014,SKU010,2,14.79,29.58
IT00007441,PED00003014,SKU006,6,9.46,56.76
IT00007442,PED00003015,SKU002,3,4.04,12.13
IT00007443,PED00003015,SKU002,2,4.13,8.27
IT00007444,PED00003016,SKU014,1,7.56,7.56
IT00007445,PED00003016,SKU015,12,7.24,86.89
IT00007446,PED00003017,SKU013,6,10.9,65.42
IT00007447,PED00003017,SKU014,2,7.77,15.54
IT00007448,PED00003018,SKU003,1,3.65,3.65
IT00007449,PED00003018,SKU003,2,3.81,7.62
IT00007450,PED00003019,SKU007,3,13.12,39.37
IT00007451,PED00003019,SKU009,3,19.25,57.76
IT00007452,PED00003020,SKU007,1,12.35,12.35
IT00007453,PED00003020,SKU010,1,14.71,14.71
IT00007454,PED00003021,SKU015,1,6.66,6.66
IT00007455,PED00003022,SKU008,1,18.79,18.79
IT00007456,PED00003022,SKU001,1,6.41,6.41
IT00007457,PED00003023,SKU003,2,3.84,7.68
IT00007458,PED00003023,SKU009,1,19.45,19.45
IT00007459,PED00003024,SKU010,2,15.56,31.13
IT00007460,PED00003024,SKU002,1,4.01,4.01
IT00007461,PED00003024,SKU006,2,9.74,19.49
IT00007462,PED00003024,SKU015,6,6.97,41.83
IT00007463,PED00003025,SKU005,1,8.62,8.62
IT00007464,PED00003025,SKU010,12,14.25,170.95
IT00007465,PED00003025,SKU009,2,20.0,39.99
IT00007466,PED00003026,SKU004,2,7.76,15.52
IT00007467,PED00003026,SKU011,2,16.29,32.58
IT00007468,PED00003026,SKU010,2,15.0,29.99
IT00007469,PED00003027,SKU013,6,10.59,63.52
IT00007470,PED00003028,SKU012,6,11.84,71.07
IT00007471,PED00003029,SKU006,2,9.94,19.89
IT00007472,PED00003029,SKU007,12,12.93,155.15
IT00007473,PED00003030,SKU007,2,13.09,26.18
IT00007474,PED00003030,SKU011,2,16.65,33.31
IT00007475,PED00003030,SKU008,1,18.36,18.36
IT00007476,PED00003030,SKU015,1,7.16,7.16
IT00007477,PED00003031,SKU009,6,19.6,117.62
IT00007478,PED00003031,SKU001,2,6.7,13.41
IT00007479,PED00003031,SKU001,2,6.33,12.67
IT00007480,PED00003031,SKU002,1,4.26,4.26
IT00007481,PED00003032,SKU011,1,16.76,16.76
IT00007482,PED00003032,SKU004,2,7.76,15.53
IT00007483,PED00003032,SKU001,2,6.68,13.36
IT00007484,PED00003032,SKU004,1,8.08,8.08
IT00007485,PED00003033,SKU013,1,11.13,11.13
IT00007486,PED00003033,SKU001,3,6.24,18.72
IT00007487,PED00003033,SKU005,2,8.47,16.93
IT00007488,PED00003033,SKU001,2,6.48,12.97
IT00007489,PED00003034,SKU003,2,3.77,7.53
IT00007490,PED00003034,SKU001,1,6.19,6.19
IT00007491,PED00003035,SKU009,1,19.64,19.64
IT00007492,PED00003036,SKU004,6,7.54,45.22
IT00007493,PED00003036,SKU008,1,17.99,17.99
IT00007494,PED00003037,SKU010,1,14.3,14.3
IT00007495,PED00003037,SKU012,1,12.4,12.4
IT00007496,PED00003038,SKU007,6,12.82,76.91
IT00007497,PED00003039,SKU013,12,10.61,127.26
IT00007498,PED00003039,SKU003,2,3.89,7.79
IT00007499,PED00003039,SKU006,1,9.78,9.78
IT00007500,PED00003040,SKU014,2,7.78,15.55
IT00007501,PED00003041,SKU005,6,8.21,49.25
IT00007502,PED00003042,SKU012,2,11.72,23.43
IT00007503,PED00003043,SKU006,1,9.52,9.52
IT00007504,PED00003043,SKU008,3,18.5,55.5
IT00007505,PED00003044,SKU013,3,10.37,31.11
IT00007506,PED00003044,SKU002,3,4.16,12.49
IT00007507,PED00003045,SKU009,1,20.72,20.72
IT00007508,PED00003045,SKU010,1,15.53,15.53
IT00007509,PED00003045,SKU015,1,6.85,6.85
IT00007510,PED00003046,SKU011,1,16.98,16.98
IT00007511,PED00003046,SKU010,6,15.56,93.38
IT00007512,PED00003047,SKU006,6,10.38,62.3
IT00007513,PED00003047,SKU006,3,10.25,30.74
IT00007514,PED00003047,SKU012,1,11.79,11.79
IT00007515,PED00003047,SKU008,2,19.74,39.49
IT00007516,PED00003047,SKU004,3,8.22,24.65
IT00007517,PED00003048,SKU015,6,7.09,42.52
IT00007518,PED00003049,SKU008,6,19.41,116.44
IT00007519,PED00003049,SKU013,3,11.42,34.27
IT00007520,PED00003050,SKU005,1,8.43,8.43
IT00007521,PED00003051,SKU006,3,9.62,28.86
IT00007522,PED00003051,SKU007,2,13.3,26.6
IT00007523,PED00003052,SKU011,1,15.68,15.68
IT00007524,PED00003052,SKU013,12,11.27,135.26
IT00007525,PED00003052,SKU010,2,14.32,28.65
IT00007526,PED00003053,SKU001,1,6.38,6.38
IT00007527,PED00003053,SKU002,1,4.02,4.02
IT00007528,PED00003054,SKU009,1,19.62,19.62
IT00007529,PED00003054,SKU008,6,19.69,118.16
IT00007530,PED00003055,SKU008,6,19.1,114.6
IT00007531,PED00003055,SKU013,3,10.49,31.46
IT00007532,PED00003056,SKU004,1,7.61,7.61
IT00007533,PED00003056,SKU008,1,19.37,19.37
IT00007534,PED00003057,SKU011,2,16.31,32.61
IT00007535,PED00003058,SKU002,3,4.18,12.55
IT00007536,PED00003058,SKU004,6,7.9,47.41
IT00007537,PED00003059,SKU010,1,15.34,15.34
IT00007538,PED00003059,SKU011,12,16.1,193.19
IT00007539,PED00003060,SKU002,2,4.12,8.23
IT00007540,PED00003060,SKU012,1,11.95,11.95
IT00007541,PED00003060,SKU010,6,15.51,93.05
IT00007542,PED00003060,SKU014,1,7.52,7.52
IT00007543,PED00003061,SKU014,1,7.35,7.35
IT00007544,PED00003061,SKU014,3,7.81,23.43
IT00007545,PED00003062,SKU005,1,8.63,8.63
IT00007546,PED00003062,SKU005,1,8.09,8.09
IT00007547,PED00003063,SKU013,1,10.58,10.58
IT00007548,PED00003063,SKU012,6,11.34,68.05
IT00007549,PED00003064,SKU004,2,8.14,16.28
IT00007550,PED00003064,SKU015,6,7.13,42.79
IT00007551,PED00003064,SKU001,3,6.58,19.75
IT00007552,PED00003065,SKU012,1,12.31,12.31
IT00007553,PED00003065,SKU008,3,18.37,55.1
IT00007554,PED00003066,SKU002,3,4.04,12.12
IT00007555,PED00003066,SKU008,2,18.88,37.76
IT00007556,PED00003067,SKU006,2,9.71,19.42
IT00007557,PED00003067,SKU004,2,8.2,16.41
IT00007558,PED00003068,SKU011,2,17.18,34.36
IT00007559,PED00003068,SKU015,1,7.12,7.12
IT00007560,PED00003068,SKU009,6,20.45,122.7
IT00007561,PED00003069,SKU014,1,7.19,7.19
IT00007562,PED00003069,SKU003,1,3.84,3.84
IT00007563,PED00003069,SKU003,6,3.77,22.62
IT00007564,PED00003070,SKU007,3,13.27,39.82
IT00007565,PED00003070,SKU001,3,6.46,19.38
IT00007566,PED00003071,SKU012,2,12.45,24.91
IT00007567,PED00003072,SKU010,1,14.3,14.3
IT00007568,PED00003072,SKU015,1,6.78,6.78
IT00007569,PED00003073,SKU001,2,6.63,13.25
IT00007570,PED00003074,SKU014,1,7.57,7.57
IT00007571,PED00003074,SKU002,2,4.14,8.28
IT00007572,PED00003075,SKU011,1,16.15,16.15
IT00007573,PED00003076,SKU013,6,10.85,65.08
IT00007574,PED00003076,SKU008,2,18.51,37.01
IT00007575,PED00003076,SKU011,6,17.16,102.95
IT00007576,PED00003076,SKU014,6,7.74,46.46
IT00007577,PED00003077,SKU013,12,10.62,127.43
IT00007578,PED00003077,SKU007,1,12.68,12.68
IT00007579,PED00003078,SKU001,2,6.82,13.64
IT00007580,PED00003078,SKU007,2,13.46,26.93
IT00007581,PED00003078,SKU010,3,14.69,44.06
IT00007582,PED00003078,SKU009,6,20.32,121.93
IT00007583,PED00003079,SKU005,2,8.81,17.62
IT00007584,PED00003079,SKU011,3,15.78,47.34
IT00007585,PED00003080,SKU010,3,14.73,44.2
IT00007586,PED00003080,SKU001,1,6.22,6.22
IT00007587,PED00003081,SKU010,1,15.16,15.16
IT00007588,PED00003081,SKU011,3,16.46,49.38
IT00007589,PED00003081,SKU010,1,15.04,15.04
IT00007590,PED00003082,SKU006,1,10.24,10.24
IT00007591,PED00003083,SKU012,2,12.31,24.61
IT00007592,PED00003083,SKU012,1,11.79,11.79
IT00007593,PED00003084,SKU007,6,12.69,76.14
IT00007594,PED00003084,SKU012,1,12.43,12.43
IT00007595,PED00003084,SKU004,1,7.57,7.57
IT00007596,PED00003084,SKU010,3,14.84,44.53
IT00007597,PED00003084,SKU005,2,8.17,16.35
IT00007598,PED00003085,SKU006,1,9.65,9.65
IT00007599,PED00003085,SKU008,2,18.65,37.31
IT00007600,PED00003085,SKU002,6,4.36,26.15
IT00007601,PED00003086,SKU013,1,10.94,10.94
IT00007602,PED00003086,SKU004,2,7.93,15.86
IT00007603,PED00003087,SKU008,1,19.08,19.08
IT00007604,PED00003088,SKU005,2,8.17,16.35
IT00007605,PED00003088,SKU014,6,7.87,47.22
IT00007606,PED00003089,SKU008,1,18.03,18.03
IT00007607,PED00003089,SKU013,2,10.59,21.19
IT00007608,PED00003089,SKU002,1,4.08,4.08
IT00007609,PED00003089,SKU013,3,10.76,32.29
IT00007610,PED00003090,SKU005,1,8.83,8.83
IT00007611,PED00003090,SKU002,1,4.03,4.03
IT00007612,PED00003091,SKU001,2,6.68,13.36
IT00007613,PED00003091,SKU014,6,7.58,45.5
IT00007614,PED00003091,SKU012,12,12.04,144.52
IT00007615,PED00003091,SKU008,2,18.68,37.36
IT00007616,PED00003092,SKU010,1,15.61,15.61
IT00007617,PED00003092,SKU008,6,18.88,113.25
IT00007618,PED00003093,SKU009,1,20.31,20.31
IT00007619,PED00003093,SKU015,1,7.02,7.02
IT00007620,PED00003093,SKU015,1,6.98,6.98
IT00007621,PED00003094,SKU012,6,12.28,73.65
IT00007622,PED00003095,SKU014,6,7.82,46.94
IT00007623,PED00003095,SKU008,2,18.92,37.83
IT00007624,PED00003096,SKU008,3,19.62,58.85
IT00007625,PED00003096,SKU008,3,18.86,56.57
IT00007626,PED00003096,SKU002,1,4.24,4.24
IT00007627,PED00003097,SKU015,6,7.11,42.64
IT00007628,PED00003097,SKU011,3,17.0,51.0
IT00007629,PED00003097,SKU002,1,4.35,4.35
IT00007630,PED00003098,SKU007,2,13.36,26.72
IT00007631,PED00003098,SKU009,12,20.86,250.32
IT00007632,PED00003099,SKU001,6,6.77,40.62
IT00007633,PED00003099,SKU005,1,8.31,8.31
IT00007634,PED00003100,SKU005,3,8.48,25.44
IT00007635,PED00003100,SKU001,1,6.82,6.82
IT00007636,PED00003100,SKU013,2,11.3,22.59
IT00007637,PED00003100,SKU002,12,4.22,50.6
IT00007638,PED00003101,SKU009,12,19.99,239.82
IT00007639,PED00003101,SKU007,1,13.15,13.15
IT00007640,PED00003102,SKU013,1,10.66,10.66
IT00007641,PED00003102,SKU004,12,7.6,91.2
IT00007642,PED00003103,SKU012,6,11.6,69.58
IT00007643,PED00003103,SKU015,1,7.16,7.16
IT00007644,PED00003103,SKU015,1,6.91,6.91
IT00007645,PED00003103,SKU006,2,9.45,18.89
IT00007646,PED00003104,SKU015,1,6.89,6.89
IT00007647,PED00003104,SKU004,1,7.67,7.67
IT00007648,PED00003105,SKU014,6,7.25,43.48
IT00007649,PED00003105,SKU002,3,4.32,12.96
IT00007650,PED00003105,SKU008,3,19.71,59.12
IT00007651,PED00003105,SKU014,3,7.84,23.51
IT00007652,PED00003106,SKU003,1,3.74,3.74
IT00007653,PED00003106,SKU002,6,4.31,25.87
IT00007654,PED00003107,SKU012,6,12.0,72.02
IT00007655,PED00003107,SKU014,1,7.8,7.8
IT00007656,PED00003107,SKU012,3,12.06,36.18
IT00007657,PED00003108,SKU012,2,12.13,24.25
IT00007658,PED00003108,SKU013,2,10.53,21.07
IT00007659,PED00003109,SKU003,1,3.83,3.83
IT00007660,PED00003109,SKU004,6,8.02,48.14
IT00007661,PED00003110,SKU003,3,3.83,11.49
IT00007662,PED00003111,SKU012,12,11.57,138.79
IT00007663,PED00003112,SKU010,1,15.29,15.29
IT00007664,PED00003112,SKU009,2,20.19,40.38
IT00007665,PED00003113,SKU004,3,7.62,22.85
IT00007666,PED00003114,SKU013,2,10.76,21.51
IT00007667,PED00003114,SKU014,1,7.49,7.49
IT00007668,PED00003114,SKU012,6,12.36,74.16
IT00007669,PED00003114,SKU004,1,7.62,7.62
IT00007670,PED00003114,SKU012,12,11.65,139.77
IT00007671,PED00003115,SKU003,2,3.73,7.45
IT00007672,PED00003116,SKU011,2,15.84,31.67
IT00007673,PED00003116,SKU013,2,11.07,22.15
IT00007674,PED00003116,SKU007,2,12.44,24.89
IT00007675,PED00003117,SKU002,1,4.05,4.05
IT00007676,PED00003118,SKU014,2,7.48,14.97
IT00007677,PED00003118,SKU004,3,8.1,24.31
IT00007678,PED00003118,SKU013,3,11.18,33.54
IT00007679,PED00003119,SKU009,3,19.7,59.09
IT00007680,PED00003119,SKU010,3,14.38,43.13
IT00007681,PED00003120,SKU004,1,7.89,7.89
IT00007682,PED00003120,SKU014,3,7.75,23.25
IT00007683,PED00003120,SKU011,3,16.47,49.4
IT00007684,PED00003121,SKU005,6,8.58,51.49
IT00007685,PED00003121,SKU001,3,6.78,20.34
IT00007686,PED00003121,SKU015,1,6.97,6.97
IT00007687,PED00003121,SKU014,3,7.67,23.01
IT00007688,PED00003122,SKU008,2,18.82,37.64
IT00007689,PED00003122,SKU008,6,18.97,113.83
IT00007690,PED00003122,SKU007,12,13.12,157.44
IT00007691,PED00003122,SKU004,3,7.89,23.66
IT00007692,PED00003123,SKU013,2,10.97,21.95
IT00007693,PED00003123,SKU004,1,7.68,7.68
IT00007694,PED00003124,SKU004,1,7.73,7.73
IT00007695,PED00003125,SKU009,6,20.41,122.44
IT00007696,PED00003126,SKU004,2,7.78,15.56
IT00007697,PED00003126,SKU013,1,10.79,10.79
IT00007698,PED00003127,SKU012,3,11.93,35.79
IT00007699,PED00003127,SKU014,3,7.15,21.44
IT00007700,PED00003128,SKU011,3,17.31,51.92
IT00007701,PED00003128,SKU012,1,11.69,11.69
IT00007702,PED00003128,SKU014,1,7.15,7.15
IT00007703,PED00003128,SKU009,3,20.39,61.18
IT00007704,PED00003128,SKU006,3,9.89,29.66
IT00007705,PED00003129,SKU001,2,6.64,13.29
IT00007706,PED00003130,SKU012,3,12.2,36.61
IT00007707,PED00003130,SKU006,6,9.64,57.84
IT00007708,PED00003130,SKU001,1,6.5,6.5
IT00007709,PED00003130,SKU003,2,3.75,7.5
IT00007710,PED00003131,SKU001,6,6.25,37.47
IT00007711,PED00003131,SKU006,1,9.95,9.95
IT00007712,PED00003132,SKU001,1,6.44,6.44
IT00007713,PED00003132,SKU014,3,7.59,22.77
IT00007714,PED00003133,SKU003,6,3.71,22.24
IT00007715,PED00003134,SKU005,1,8.15,8.15
IT00007716,PED00003134,SKU010,6,15.01,90.04
IT00007717,PED00003134,SKU006,3,10.31,30.92
IT00007718,PED00003134,SKU007,2,12.51,25.02
IT00007719,PED00003134,SKU001,1,6.23,6.23
IT00007720,PED00003135,SKU006,3,9.42,28.25
IT00007721,PED00003135,SKU007,6,12.52,75.15
IT00007722,PED00003136,SKU002,2,4.07,8.14
IT00007723,PED00003136,SKU001,3,6.55,19.65
IT00007724,PED00003136,SKU010,1,14.95,14.95
IT00007725,PED00003137,SKU003,2,3.98,7.95
IT00007726,PED00003137,SKU004,1,8.01,8.01
IT00007727,PED00003137,SKU009,1,19.62,19.62
IT00007728,PED00003138,SKU003,3,3.63,10.89
IT00007729,PED00003138,SKU012,3,11.73,35.18
IT00007730,PED00003138,SKU009,2,19.55,39.11
IT00007731,PED00003139,SKU007,2,12.65,25.3
IT00007732,PED00003139,SKU002,3,4.07,12.21
IT00007733,PED00003139,SKU008,3,19.74,59.21
IT00007734,PED00003139,SKU011,12,16.09,193.12
IT00007735,PED00003140,SKU001,6,6.43,38.58
IT00007736,PED00003140,SKU001,2,6.82,13.65
IT00007737,PED00003140,SKU005,3,8.82,26.45
IT00007738,PED00003140,SKU006,1,9.5,9.5
IT00007739,PED00003141,SKU007,6,13.35,80.08
IT00007740,PED00003141,SKU014,2,7.86,15.73
IT00007741,PED00003141,SKU010,1,14.92,14.92
IT00007742,PED00003141,SKU006,3,10.09,30.28
IT00007743,PED00003142,SKU005,2,8.27,16.53
IT00007744,PED00003142,SKU003,6,3.93,23.58
IT00007745,PED00003142,SKU001,3,6.39,19.16
IT00007746,PED00003142,SKU003,1,3.91,3.91
IT00007747,PED00003143,SKU013,1,10.43,10.43
IT00007748,PED00003143,SKU013,3,10.69,32.07
IT00007749,PED00003144,SKU007,3,12.43,37.28
IT00007750,PED00003144,SKU008,2,19.83,39.66
IT00007751,PED00003145,SKU003,1,3.81,3.81
IT00007752,PED00003145,SKU013,3,10.58,31.74
IT00007753,PED00003146,SKU007,12,13.43,161.11
IT00007754,PED00003146,SKU007,2,12.94,25.88
IT00007755,PED00003147,SKU015,6,7.08,42.45
IT00007756,PED00003147,SKU009,1,19.84,19.84
IT00007757,PED00003147,SKU006,6,9.46,56.75
IT00007758,PED00003148,SKU001,12,6.47,77.64
IT00007759,PED00003148,SKU015,3,6.74,20.23
IT00007760,PED00003148,SKU015,3,6.63,19.89
IT00007761,PED00003149,SKU005,1,8.42,8.42
IT00007762,PED00003149,SKU015,2,6.96,13.93
IT00007763,PED00003149,SKU005,1,8.15,8.15
IT00007764,PED00003149,SKU001,6,6.44,38.64
IT00007765,PED00003150,SKU006,1,10.27,10.27
IT00007766,PED00003150,SKU011,2,16.5,32.99
IT00007767,PED00003151,SKU013,3,10.61,31.83
IT00007768,PED00003151,SKU013,2,11.26,22.53
IT00007769,PED00003152,SKU005,2,8.21,16.42
IT00007770,PED00003152,SKU009,1,19.34,19.34
IT00007771,PED00003153,SKU004,1,7.59,7.59
IT00007772,PED00003154,SKU014,2,7.27,14.54
IT00007773,PED00003154,SKU003,3,3.7,11.09
IT00007774,PED00003155,SKU006,2,9.74,19.49
IT00007775,PED00003155,SKU009,12,20.76,249.14
IT00007776,PED00003155,SKU005,3,8.18,24.53
IT00007777,PED00003155,SKU011,3,16.19,48.58
IT00007778,PED00003156,SKU008,1,19.14,19.14
IT00007779,PED00003157,SKU009,6,20.38,122.27
IT00007780,PED00003157,SKU005,1,8.18,8.18
IT00007781,PED00003158,SKU015,1,7.22,7.22
IT00007782,PED00003159,SKU014,3,7.41,22.23
IT00007783,PED00003160,SKU014,2,7.58,15.17
IT00007784,PED00003161,SKU009,1,20.35,20.35
IT00007785,PED00003161,SKU002,1,4.02,4.02
IT00007786,PED00003161,SKU008,2,17.98,35.97
IT00007787,PED00003161,SKU001,2,6.55,13.1
IT00007788,PED00003162,SKU014,3,7.39,22.18
IT00007789,PED00003162,SKU009,3,19.98,59.95
IT00007790,PED00003163,SKU001,2,6.33,12.66
IT00007791,PED00003163,SKU009,2,19.04,38.08
IT00007792,PED00003163,SKU014,2,7.52,15.04
IT00007793,PED00003163,SKU014,2,7.25,14.5
IT00007794,PED00003164,SKU006,1,9.43,9.43
IT00007795,PED00003164,SKU001,2,6.18,12.35
IT00007796,PED00003165,SKU008,1,18.05,18.05
IT00007797,PED00003165,SKU003,2,3.92,7.85
IT00007798,PED00003165,SKU004,3,7.61,22.84
IT00007799,PED00003165,SKU008,1,18.35,18.35
IT00007800,PED00003166,SKU001,1,6.21,6.21
IT00007801,PED00003166,SKU008,1,18.35,18.35
IT00007802,PED00003167,SKU014,3,7.77,23.31
IT00007803,PED00003167,SKU010,2,14.44,28.88
IT00007804,PED00003167,SKU005,6,8.16,48.94
IT00007805,PED00003167,SKU011,3,17.01,51.03
IT00007806,PED00003167,SKU010,2,14.37,28.74
IT00007807,PED00003168,SKU001,3,6.23,18.7
IT00007808,PED00003168,SKU011,3,15.86,47.59
IT00007809,PED00003169,SKU005,3,8.9,26.71
IT00007810,PED00003169,SKU013,1,10.75,10.75
IT00007811,PED00003170,SKU004,2,7.67,15.33
IT00007812,PED00003171,SKU015,2,6.67,13.34
IT00007813,PED00003171,SKU006,1,9.88,9.88
IT00007814,PED00003172,SKU009,6,20.52,123.1
IT00007815,PED00003173,SKU008,1,18.11,18.11
IT00007816,PED00003173,SKU001,1,6.26,6.26
IT00007817,PED00003174,SKU003,1,3.72,3.72
IT00007818,PED00003174,SKU009,1,20.48,20.48
IT00007819,PED00003174,SKU005,3,8.72,26.16
IT00007820,PED00003175,SKU004,2,7.61,15.21
IT00007821,PED00003175,SKU003,2,3.72,7.44
IT00007822,PED00003176,SKU005,3,8.43,25.3
IT00007823,PED00003177,SKU006,2,9.51,19.02
IT00007824,PED00003177,SKU009,1,20.72,20.72
IT00007825,PED00003178,SKU002,1,4.35,4.35
IT00007826,PED00003178,SKU007,2,12.54,25.09
IT00007827,PED00003178,SKU004,1,7.79,7.79
IT00007828,PED00003178,SKU005,1,8.9,8.9
IT00007829,PED00003178,SKU015,1,7.12,7.12
IT00007830,PED00003179,SKU011,1,16.21,16.21
IT00007831,PED00003180,SKU013,6,10.44,62.64
IT00007832,PED00003180,SKU002,3,4.31,12.93
IT00007833,PED00003180,SKU002,1,4.17,4.17
IT00007834,PED00003180,SKU005,1,8.85,8.85
IT00007835,PED00003181,SKU007,6,12.98,77.88
IT00007836,PED00003182,SKU002,2,4.13,8.27
IT00007837,PED00003182,SKU003,2,3.99,7.97
IT00007838,PED00003182,SKU009,3,19.77,59.32
IT00007839,PED00003183,SKU004,1,7.99,7.99
IT00007840,PED00003183,SKU010,2,14.91,29.83
IT00007841,PED00003183,SKU002,2,4.15,8.29
IT00007842,PED00003184,SKU010,12,14.34,172.07
IT00007843,PED00003184,SKU015,3,6.76,20.27
IT00007844,PED00003184,SKU014,6,7.47,44.82
IT00007845,PED00003184,SKU007,1,12.56,12.56
IT00007846,PED00003184,SKU011,1,16.82,16.82
IT00007847,PED00003185,SKU015,1,7.19,7.19
IT00007848,PED00003185,SKU008,1,18.34,18.34
IT00007849,PED00003185,SKU003,6,3.62,21.74
IT00007850,PED00003186,SKU014,2,7.68,15.37
IT00007851,PED00003186,SKU004,1,7.81,7.81
IT00007852,PED00003187,SKU013,3,10.79,32.38
IT00007853,PED00003187,SKU006,3,9.69,29.08
IT00007854,PED00003188,SKU011,3,16.44,49.31
IT00007855,PED00003189,SKU006,6,9.7,58.21
IT00007856,PED00003190,SKU012,6,12.42,74.49
IT00007857,PED00003191,SKU011,2,17.11,34.22
IT00007858,PED00003191,SKU012,3,12.04,36.12
IT00007859,PED00003192,SKU001,3,6.63,19.9
IT00007860,PED00003192,SKU011,1,16.71,16.71
IT00007861,PED00003192,SKU012,1,12.02,12.02
IT00007862,PED00003193,SKU012,1,11.57,11.57
IT00007863,PED00003194,SKU009,12,19.81,237.69
IT00007864,PED00003194,SKU012,3,11.47,34.41
IT00007865,PED00003195,SKU007,2,12.48,24.97
IT00007866,PED00003195,SKU010,1,15.12,15.12
IT00007867,PED00003195,SKU002,1,4.12,4.12
IT00007868,PED00003196,SKU001,1,6.57,6.57
IT00007869,PED00003196,SKU014,2,7.65,15.31
IT00007870,PED00003196,SKU010,2,14.52,29.05
IT00007871,PED00003196,SKU014,6,7.75,46.49
IT00007872,PED00003197,SKU014,2,7.28,14.56
IT00007873,PED00003198,SKU009,2,20.43,40.87
IT00007874,PED00003198,SKU004,2,7.89,15.79
IT00007875,PED00003198,SKU001,3,6.39,19.16
IT00007876,PED00003198,SKU004,1,7.51,7.51
IT00007877,PED00003199,SKU004,6,7.69,46.15
IT00007878,PED00003199,SKU015,1,6.62,6.62
IT00007879,PED00003199,SKU007,2,13.04,26.08
IT00007880,PED00003199,SKU009,3,20.28,60.85
IT00007881,PED00003200,SKU010,1,14.46,14.46
IT00007882,PED00003200,SKU011,6,16.82,100.9
IT00007883,PED00003200,SKU002,1,4.14,4.14
IT00007884,PED00003200,SKU007,3,12.51,37.52
IT00007885,PED00003201,SKU002,3,4.12,12.35
IT00007886,PED00003202,SKU014,1,7.62,7.62
IT00007887,PED00003202,SKU012,1,12.16,12.16
IT00007888,PED00003202,SKU008,3,19.03,57.09
IT00007889,PED00003203,SKU006,1,10.07,10.07
IT00007890,PED00003203,SKU008,1,19.25,19.25
IT00007891,PED00003203,SKU005,1,8.44,8.44
IT00007892,PED00003204,SKU004,1,8.25,8.25
IT00007893,PED00003204,SKU015,1,6.63,6.63
IT00007894,PED00003205,SKU006,1,10.34,10.34
IT00007895,PED00003206,SKU015,6,7.21,43.25
IT00007896,PED00003207,SKU007,2,12.65,25.3
IT00007897,PED00003207,SKU008,3,19.71,59.12
IT00007898,PED00003208,SKU004,1,7.89,7.89
IT00007899,PED00003208,SKU013,2,11.23,22.46
IT00007900,PED00003208,SKU012,2,11.47,22.93
IT00007901,PED00003209,SKU010,1,14.3,14.3
IT00007902,PED00003209,SKU009,2,19.52,39.04
IT00007903,PED00003210,SKU012,1,11.34,11.34
IT00007904,PED00003210,SKU007,2,12.49,24.98
IT00007905,PED00003210,SKU003,12,3.78,45.41
IT00007906,PED00003210,SKU006,3,9.48,28.43
IT00007907,PED00003211,SKU004,1,7.77,7.77
IT00007908,PED00003211,SKU008,2,18.04,36.08
IT00007909,PED00003211,SKU009,2,20.49,40.98
IT00007910,PED00003212,SKU012,6,12.17,73.04
IT00007911,PED00003212,SKU013,3,10.44,31.32
IT00007912,PED00003212,SKU001,1,6.31,6.31
IT00007913,PED00003212,SKU014,6,7.23,43.38
IT00007914,PED00003212,SKU004,6,8.0,47.99
IT00007915,PED00003213,SKU001,2,6.27,12.54
IT00007916,PED00003214,SKU002,3,4.39,13.18
IT00007917,PED00003214,SKU011,3,16.7,50.09
IT00007918,PED00003215,SKU007,12,13.47,161.65
IT00007919,PED00003215,SKU014,1,7.42,7.42
IT00007920,PED00003215,SKU011,2,16.16,32.32
IT00007921,PED00003215,SKU003,2,3.76,7.51
IT00007922,PED00003215,SKU014,3,7.75,23.26
IT00007923,PED00003216,SKU007,1,12.28,12.28
IT00007924,PED00003217,SKU012,2,11.36,22.73
IT00007925,PED00003217,SKU014,2,7.18,14.37
IT00007926,PED00003217,SKU004,1,7.51,7.51
IT00007927,PED00003218,SKU012,12,11.83,141.91
IT00007928,PED00003218,SKU007,1,12.51,12.51
IT00007929,PED00003218,SKU011,1,15.68,15.68
IT00007930,PED00003218,SKU008,3,18.48,55.45
IT00007931,PED00003218,SKU006,1,9.68,9.68
IT00007932,PED00003219,SKU011,1,17.2,17.2
IT00007933,PED00003219,SKU013,3,10.45,31.35
IT00007934,PED00003220,SKU006,12,9.52,114.22
IT00007935,PED00003220,SKU015,3,6.85,20.55
IT00007936,PED00003221,SKU004,2,8.24,16.47
IT00007937,PED00003222,SKU004,2,7.57,15.14
IT00007938,PED00003222,SKU007,1,12.89,12.89
IT00007939,PED00003222,SKU002,12,4.04,48.48
IT00007940,PED00003223,SKU014,1,7.64,7.64
IT00007941,PED00003223,SKU010,1,15.5,15.5
IT00007942,PED00003224,SKU006,3,10.24,30.71
IT00007943,PED00003224,SKU009,2,19.07,38.13
IT00007944,PED00003224,SKU002,6,4.01,24.07
IT00007945,PED00003225,SKU013,2,10.79,0.0
IT00007946,PED00003225,SKU003,2,3.62,7.23
IT00007947,PED00003226,SKU014,2,7.16,14.32
IT00007948,PED00003226,SKU008,1,19.02,19.02
IT00007949,PED00003227,SKU002,2,4.35,8.7
IT00007950,PED00003227,SKU004,6,7.93,47.55
IT00007951,PED00003227,SKU005,2,8.84,17.68
IT00007952,PED00003228,SKU011,2,15.98,31.96
IT00007953,PED00003229,SKU002,6,4.12,24.7
IT00007954,PED00003229,SKU004,1,8.11,8.11
IT00007955,PED00003229,SKU005,2,8.47,16.94
IT00007956,PED00003229,SKU011,2,15.92,31.83
IT00007957,PED00003230,SKU010,1,14.57,14.57
IT00007958,PED00003230,SKU001,1,6.24,6.24
IT00007959,PED00003230,SKU006,1,9.49,9.49
IT00007960,PED00003231,SKU007,3,12.77,38.32
IT00007961,PED00003231,SKU012,1,11.8,11.8
IT00007962,PED00003231,SKU013,3,11.09,33.27
IT00007963,PED00003231,SKU003,3,3.98,11.94
IT00007964,PED00003232,SKU010,2,14.36,28.73
IT00007965,PED00003232,SKU013,1,11.33,11.33
IT00007966,PED00003233,SKU014,1,7.85,7.85
IT00007967,PED00003233,SKU003,1,3.98,3.98
IT00007968,PED00003233,SKU002,2,4.39,8.78
IT00007969,PED00003234,SKU015,3,6.6,19.79
IT00007970,PED00003235,SKU013,2,10.96,21.92
IT00007971,PED00003235,SKU004,6,7.91,47.46
IT00007972,PED00003235,SKU005,3,8.86,26.58
IT00007973,PED00003236,SKU006,2,9.75,19.5
IT00007974,PED00003236,SKU014,6,7.33,44.0
IT00007975,PED00003236,SKU011,2,16.33,32.65
IT00007976,PED00003236,SKU007,2,12.69,25.37
IT00007977,PED00003237,SKU012,1,11.93,11.93
IT00007978,PED00003237,SKU010,1,14.7,14.7
IT00007979,PED00003237,SKU007,2,13.02,26.03
IT00007980,PED00003238,SKU015,6,7.16,42.96
IT00007981,PED00003238,SKU004,1,8.16,8.16
IT00007982,PED00003238,SKU013,3,11.06,33.18
IT00007983,PED00003239,SKU004,3,8.15,24.46
IT00007984,PED00003239,SKU004,1,7.62,7.62
IT00007985,PED00003239,SKU010,3,15.15,45.44
IT00007986,PED00003240,SKU009,2,19.34,38.67
IT00007987,PED00003240,SKU010,1,14.17,14.17
IT00007988,PED00003240,SKU004,2,8.15,16.29
IT00007989,PED00003240,SKU007,1,12.65,12.65
IT00007990,PED00003241,SKU003,6,3.78,22.69
IT00007991,PED00003241,SKU008,1,19.35,19.35
IT00007992,PED00003241,SKU013,2,11.02,22.04
IT00007993,PED00003242,SKU014,1,7.57,7.57
IT00007994,PED00003242,SKU010,6,14.92,89.55
IT00007995,PED00003243,SKU007,1,13.16,13.16
IT00007996,PED00003243,SKU007,12,13.12,157.46
IT00007997,PED00003243,SKU008,6,18.82,112.89
IT00007998,PED00003243,SKU012,2,11.53,23.05
IT00007999,PED00003244,SKU014,1,7.53,7.53
IT00008000,PED00003245,SKU003,3,3.9,11.69
IT00008001,PED00003245,SKU008,1,18.03,18.03
IT00008002,PED00003246,SKU002,2,4.39,8.78
IT00008003,PED00003246,SKU014,3,7.67,23.0
IT00008004,PED00003246,SKU009,2,20.54,41.08
IT00008005,PED00003246,SKU007,2,13.49,26.99
IT00008006,PED00003247,SKU014,3,7.35,22.05
IT00008007,PED00003247,SKU003,1,3.7,3.7
IT00008008,PED00003247,SKU014,3,7.62,22.85
IT00008009,PED00003247,SKU009,6,19.33,115.96
IT00008010,PED00003248,SKU007,3,12.51,37.52
IT00008011,PED00003248,SKU006,6,10.32,61.94
IT00008012,PED00003249,SKU005,1,8.33,8.33
IT00008013,PED00003250,SKU015,2,6.76,13.52
IT00008014,PED00003251,SKU013,6,10.97,65.83
IT00008015,PED00003252,SKU010,2,14.29,28.59
IT00008016,PED00003253,SKU012,3,11.35,34.04
IT00008017,PED00003254,SKU002,1,4.35,4.35
IT00008018,PED00003254,SKU014,3,7.63,22.9
IT00008019,PED00003255,SKU001,1,6.47,6.47
IT00008020,PED00003255,SKU009,2,20.54,41.08
IT00008021,PED00003255,SKU009,1,20.3,20.3
IT00008022,PED00003255,SKU006,1,9.43,9.43
IT00008023,PED00003256,SKU004,1,8.08,8.08
IT00008024,PED00003256,SKU009,12,19.29,231.48
IT00008025,PED00003256,SKU013,1,11.06,11.06
IT00008026,PED00003257,SKU009,1,20.56,20.56
IT00008027,PED00003257,SKU005,1,8.72,8.72
IT00008028,PED00003258,SKU015,2,6.8,13.61
IT00008029,PED00003258,SKU014,3,7.34,22.02
IT00008030,PED00003258,SKU013,1,10.72,10.72
IT00008031,PED00003259,SKU010,1,14.73,14.73
IT00008032,PED00003260,SKU015,1,6.63,6.63
IT00008033,PED00003260,SKU009,2,19.96,39.92
IT00008034,PED00003261,SKU013,1,10.84,10.84
IT00008035,PED00003261,SKU012,1,12.46,12.46
IT00008036,PED00003261,SKU001,1,6.52,6.52
IT00008037,PED00003261,SKU008,6,19.84,119.05
IT00008038,PED00003262,SKU011,2,16.78,33.55
IT00008039,PED00003262,SKU013,1,11.36,11.36
IT00008040,PED00003262,SKU001,1,6.63,6.63
IT00008041,PED00003263,SKU007,1,12.94,12.94
IT00008042,PED00003263,SKU007,6,13.25,79.5
IT00008043,PED00003264,SKU010,2,15.41,30.82
IT00008044,PED00003265,SKU007,6,13.3,79.78
IT00008045,PED00003265,SKU013,3,10.89,32.68
IT00008046,PED00003265,SKU013,3,10.74,32.21
IT00008047,PED00003266,SKU005,1,8.19,8.19
IT00008048,PED00003267,SKU006,1,9.94,9.94
IT00008049,PED00003268,SKU003,1,3.72,3.72
IT00008050,PED00003269,SKU011,2,16.15,32.31
IT00008051,PED00003269,SKU011,1,16.6,16.6
IT00008052,PED00003270,SKU007,2,13.19,26.38
IT00008053,PED00003270,SKU005,3,8.29,24.86
IT00008054,PED00003271,SKU013,2,10.7,21.4
IT00008055,PED00003272,SKU005,2,8.59,17.19
IT00008056,PED00003272,SKU005,1,8.54,8.54
IT00008057,PED00003273,SKU014,2,7.82,15.63
IT00008058,PED00003273,SKU007,1,13.18,13.18
IT00008059,PED00003273,SKU006,2,9.93,19.86
IT00008060,PED00003273,SKU010,2,14.9,29.8
IT00008061,PED00003273,SKU005,1,8.33,8.33
IT00008062,PED00003274,SKU003,2,3.83,7.67
IT00008063,PED00003274,SKU011,2,15.75,31.5
IT00008064,PED00003274,SKU009,1,19.06,19.06
IT00008065,PED00003275,SKU009,2,19.32,38.65
IT00008066,PED00003275,SKU009,1,19.55,19.55
IT00008067,PED00003275,SKU014,1,7.42,7.42
IT00008068,PED00003276,SKU010,1,14.22,14.22
IT00008069,PED00003276,SKU003,1,3.89,3.89
IT00008070,PED00003277,SKU015,2,6.85,13.69
IT00008071,PED00003277,SKU011,1,16.96,16.96
IT00008072,PED00003277,SKU014,6,7.28,43.69
IT00008073,PED00003277,SKU004,12,7.94,95.22
IT00008074,PED00003277,SKU011,6,17.01,102.08
IT00008075,PED00003278,SKU010,2,15.26,30.53
IT00008076,PED00003279,SKU011,6,15.92,95.53
IT00008077,PED00003280,SKU008,2,18.46,36.92
IT00008078,PED00003280,SKU003,6,3.9,23.41
IT00008079,PED00003281,SKU011,6,15.98,95.9
IT00008080,PED00003281,SKU014,1,7.8,7.8
IT00008081,PED00003281,SKU014,1,7.68,7.68
IT00008082,PED00003281,SKU008,1,19.09,19.09
IT00008083,PED00003281,SKU008,1,18.39,18.39
IT00008084,PED00003282,SKU007,6,12.66,75.99
IT00008085,PED00003282,SKU012,6,12.36,74.16
IT00008086,PED00003283,SKU010,1,15.43,15.43
IT00008087,PED00003284,SKU001,6,6.49,38.96
IT00008088,PED00003284,SKU002,3,4.15,12.46
IT00008089,PED00003285,SKU009,1,19.4,19.4
IT00008090,PED00003285,SKU007,6,13.4,80.43
IT00008091,PED00003285,SKU012,3,11.98,35.95
IT00008092,PED00003285,SKU008,1,19.18,19.18
IT00008093,PED00003285,SKU014,1,7.66,7.66
IT00008094,PED00003286,SKU012,1,11.8,11.8
IT00008095,PED00003286,SKU004,2,8.13,16.26
IT00008096,PED00003286,SKU003,1,3.64,3.64
IT00008097,PED00003287,SKU001,2,6.26,12.52
IT00008098,PED00003288,SKU002,6,4.04,24.23
IT00008099,PED00003288,SKU014,1,7.19,7.19
IT00008100,PED00003289,SKU008,1,18.04,18.04
IT00008101,PED00003290,SKU013,1,10.86,10.86
IT00008102,PED00003290,SKU015,1,6.85,6.85
IT00008103,PED00003290,SKU004,6,7.78,46.68
IT00008104,PED00003291,SKU001,6,6.63,39.76
IT00008105,PED00003291,SKU006,1,10.3,10.3
IT00008106,PED00003291,SKU015,1,7.22,7.22
IT00008107,PED00003292,SKU011,6,16.88,101.3
IT00008108,PED00003292,SKU005,2,8.8,17.61
IT00008109,PED00003293,SKU002,1,4.39,4.39
IT00008110,PED00003293,SKU008,1,18.8,18.8
IT00008111,PED00003293,SKU005,2,8.16,16.32
IT00008112,PED00003293,SKU013,2,10.91,21.82
IT00008113,PED00003294,SKU011,3,17.11,51.34
IT00008114,PED00003294,SKU004,3,7.72,23.15
IT00008115,PED00003294,SKU001,1,6.35,6.35
IT00008116,PED00003294,SKU008,2,18.65,37.31
IT00008117,PED00003295,SKU010,1,15.63,15.63
IT00008118,PED00003295,SKU009,6,19.23,115.37
IT00008119,PED00003295,SKU012,1,12.03,12.03
IT00008120,PED00003295,SKU004,3,8.0,24.0
IT00008121,PED00003296,SKU015,6,6.61,39.69
IT00008122,PED00003296,SKU006,12,9.75,116.99
IT00008123,PED00003297,SKU012,1,11.91,11.91
IT00008124,PED00003297,SKU013,1,11.14,11.14
IT00008125,PED00003298,SKU002,3,4.26,12.77
IT00008126,PED00003298,SKU002,1,4.14,4.14
IT00008127,PED00003299,SKU007,3,13.53,40.6
IT00008128,PED00003300,SKU007,2,12.77,25.55
IT00008129,PED00003301,SKU003,6,3.67,22.04
IT00008130,PED00003302,SKU007,1,13.51,13.51
IT00008131,PED00003302,SKU007,2,13.34,26.68
IT00008132,PED00003302,SKU002,6,4.35,26.11
IT00008133,PED00003303,SKU009,6,18.95,113.7
IT00008134,PED00003303,SKU008,1,19.82,19.82
IT00008135,PED00003304,SKU009,3,19.14,57.43
IT00008136,PED00003304,SKU008,1,18.7,18.7
IT00008137,PED00003304,SKU007,1,13.42,13.42
IT00008138,PED00003305,SKU010,6,15.01,90.06
IT00008139,PED00003305,SKU003,1,3.74,3.74
IT00008140,PED00003305,SKU013,1,10.37,10.37
IT00008141,PED00003305,SKU013,6,10.94,65.63
IT00008142,PED00003306,SKU012,6,11.35,68.11
IT00008143,PED00003306,SKU009,1,19.37,19.37
IT00008144,PED00003306,SKU009,6,19.38,116.3
IT00008145,PED00003307,SKU008,2,18.35,36.7
IT00008146,PED00003307,SKU001,2,6.72,13.44
IT00008147,PED00003307,SKU011,6,15.9,95.41
IT00008148,PED00003307,SKU009,1,20.01,20.01
IT00008149,PED00003308,SKU001,12,6.49,77.93
IT00008150,PED00003309,SKU011,2,15.7,31.41
IT00008151,PED00003309,SKU001,1,6.18,6.18
IT00008152,PED00003310,SKU001,1,6.65,6.65
IT00008153,PED00003310,SKU015,1,7.1,7.1
IT00008154,PED00003311,SKU004,3,8.07,24.2
IT00008155,PED00003311,SKU005,1,8.14,8.14
IT00008156,PED00003312,SKU012,3,12.19,36.57
IT00008157,PED00003312,SKU004,1,7.82,7.82
IT00008158,PED00003313,SKU012,1,11.53,11.53
IT00008159,PED00003313,SKU011,3,15.7,47.1
IT00008160,PED00003313,SKU009,3,19.35,58.04
IT00008161,PED00003314,SKU010,2,15.48,30.95
IT00008162,PED00003314,SKU003,2,3.77,7.53
IT00008163,PED00003314,SKU010,2,14.73,29.46
IT00008164,PED00003314,SKU014,2,7.55,15.1
IT00008165,PED00003315,SKU013,2,10.85,21.7
IT00008166,PED00003315,SKU015,3,7.19,21.58
IT00008167,PED00003316,SKU008,1,19.21,19.21
IT00008168,PED00003316,SKU013,3,10.37,31.12
IT00008169,PED00003317,SKU004,3,7.69,23.07
IT00008170,PED00003317,SKU015,1,6.72,6.72
IT00008171,PED00003317,SKU008,3,19.26,57.78
IT00008172,PED00003318,SKU011,6,17.17,103.01
IT00008173,PED00003318,SKU006,1,9.8,9.8
IT00008174,PED00003319,SKU009,3,20.26,60.78
IT00008175,PED00003319,SKU010,1,15.09,15.09
IT00008176,PED00003319,SKU009,6,20.86,125.17
IT00008177,PED00003320,SKU009,1,20.53,20.53
IT00008178,PED00003320,SKU001,2,6.65,13.3
IT00008179,PED00003321,SKU005,1,8.34,8.34
IT00008180,PED00003321,SKU010,1,15.39,15.39
IT00008181,PED00003322,SKU008,3,18.25,54.76
IT00008182,PED00003323,SKU014,1,7.59,7.59
IT00008183,PED00003323,SKU002,2,4.05,8.1
IT00008184,PED00003323,SKU012,3,12.22,36.67
IT00008185,PED00003323,SKU008,1,17.98,17.98
IT00008186,PED00003323,SKU010,2,14.99,29.98
IT00008187,PED00003324,SKU002,3,4.25,12.75
IT00008188,PED00003324,SKU009,2,19.83,39.66
IT00008189,PED00003325,SKU009,6,20.85,125.1
IT00008190,PED00003325,SKU003,1,3.7,3.7
IT00008191,PED00003325,SKU009,2,19.7,39.39
IT00008192,PED00003325,SKU006,1,10.31,10.31
IT00008193,PED00003326,SKU012,1,11.41,11.41
IT00008194,PED00003326,SKU007,6,12.7,76.2
IT00008195,PED00003327,SKU010,1,15.34,15.34
IT00008196,PED00003327,SKU013,1,11.03,11.03
IT00008197,PED00003328,SKU007,3,12.91,38.73
IT00008198,PED00003328,SKU006,1,9.85,9.85
IT00008199,PED00003329,SKU007,1,12.28,12.28
IT00008200,PED00003329,SKU007,3,13.05,39.14
IT00008201,PED00003330,SKU005,3,8.2,24.61
IT00008202,PED00003330,SKU014,1,7.83,7.83
IT00008203,PED00003331,SKU006,3,9.48,28.44
IT00008204,PED00003332,SKU007,2,13.26,26.52
IT00008205,PED00003332,SKU004,1,7.87,7.87
IT00008206,PED00003332,SKU001,1,6.58,6.58
IT00008207,PED00003333,SKU010,2,15.01,30.03
IT00008208,PED00003334,SKU004,6,8.14,48.83
IT00008209,PED00003335,SKU012,6,12.03,72.17
IT00008210,PED00003336,SKU014,1,7.52,7.52
IT00008211,PED00003336,SKU009,1,20.74,20.74
IT00008212,PED00003337,SKU012,2,11.31,22.63
IT00008213,PED00003338,SKU012,1,11.55,11.55
IT00008214,PED00003339,SKU006,3,10.03,30.1
IT00008215,PED00003339,SKU013,1,11.37,11.37
IT00008216,PED00003340,SKU003,2,3.84,7.68
IT00008217,PED00003340,SKU003,1,3.86,3.86
IT00008218,PED00003341,SKU007,6,12.62,75.73
IT00008219,PED00003341,SKU014,3,7.87,23.62
IT00008220,PED00003342,SKU003,6,3.69,22.12
IT00008221,PED00003343,SKU003,6,3.91,23.43
IT00008222,PED00003343,SKU014,2,7.48,14.97
IT00008223,PED00003344,SKU001,1,6.56,6.56
IT00008224,PED00003344,SKU011,3,16.31,48.94
IT00008225,PED00003345,SKU004,1,7.8,7.8
IT00008226,PED00003345,SKU010,12,14.7,176.46
IT00008227,PED00003346,SKU002,3,4.27,12.81
IT00008228,PED00003346,SKU001,6,6.45,38.7
IT00008229,PED00003347,SKU008,12,18.44,221.34
IT00008230,PED00003347,SKU014,1,7.82,7.82
IT00008231,PED00003347,SKU003,1,3.71,3.71
IT00008232,PED00003347,SKU003,2,3.74,7.48
IT00008233,PED00003348,SKU009,6,19.92,119.5
IT00008234,PED00003349,SKU014,1,7.26,7.26
IT00008235,PED00003350,SKU002,1,4.3,4.3
IT00008236,PED00003350,SKU008,6,19.05,114.32
IT00008237,PED00003351,SKU010,2,15.34,30.69
IT00008238,PED00003352,SKU010,3,15.26,45.77
IT00008239,PED00003352,SKU005,6,8.22,49.31
IT00008240,PED00003353,SKU001,1,6.49,6.49
IT00008241,PED00003353,SKU009,1,19.12,19.12
IT00008242,PED00003354,SKU010,2,15.01,30.03
IT00008243,PED00003354,SKU011,1,16.21,16.21
IT00008244,PED00003354,SKU006,1,9.59,9.59
IT00008245,PED00003355,SKU012,1,11.64,11.64
IT00008246,PED00003355,SKU002,1,4.18,4.18
IT00008247,PED00003356,SKU003,3,3.84,11.53
IT00008248,PED00003356,SKU013,3,10.38,31.13
IT00008249,PED00003357,SKU003,12,3.96,47.57
IT00008250,PED00003357,SKU012,2,12.4,24.8
IT00008251,PED00003358,SKU012,3,11.71,35.13
IT00008252,PED00003358,SKU010,6,15.04,90.25
IT00008253,PED00003358,SKU015,1,6.89,6.89
IT00008254,PED00003358,SKU013,2,10.83,21.67
IT00008255,PED00003359,SKU001,1,6.3,6.3
IT00008256,PED00003359,SKU007,6,13.42,80.52
IT00008257,PED00003359,SKU010,1,15.09,15.09
IT00008258,PED00003360,SKU009,3,19.77,59.31
IT00008259,PED00003360,SKU004,6,7.59,45.55
IT00008260,PED00003360,SKU011,3,16.78,50.33
IT00008261,PED00003361,SKU015,3,7.08,21.24
IT00008262,PED00003362,SKU002,2,4.09,8.18
IT00008263,PED00003362,SKU011,2,16.18,32.36
IT00008264,PED00003362,SKU002,1,4.03,4.03
IT00008265,PED00003363,SKU001,6,6.34,38.02
IT00008266,PED00003363,SKU003,1,3.93,3.93
IT00008267,PED00003363,SKU004,1,7.78,7.78
IT00008268,PED00003363,SKU005,12,8.56,102.7
IT00008269,PED00003364,SKU006,1,9.85,9.85
IT00008270,PED00003364,SKU002,1,4.36,4.36
IT00008271,PED00003365,SKU010,1,15.61,15.61
IT00008272,PED00003365,SKU005,3,8.12,24.35
IT00008273,PED00003366,SKU012,1,12.42,12.42
IT00008274,PED00003366,SKU015,1,6.83,6.83
IT00008275,PED00003366,SKU010,12,14.41,172.87
IT00008276,PED00003367,SKU010,1,15.57,15.57
IT00008277,PED00003367,SKU005,1,8.17,8.17
IT00008278,PED00003367,SKU007,2,12.33,24.66
IT00008279,PED00003367,SKU002,2,4.15,8.3
IT00008280,PED00003368,SKU006,3,10.11,30.33
IT00008281,PED00003368,SKU004,2,7.57,15.14
IT00008282,PED00003368,SKU006,6,10.13,60.77
IT00008283,PED00003369,SKU009,2,20.36,40.72
IT00008284,PED00003369,SKU001,2,6.77,13.55
IT00008285,PED00003369,SKU011,3,17.12,51.35
IT00008286,PED00003369,SKU012,3,11.59,34.77
IT00008287,PED00003369,SKU001,1,6.48,6.48
IT00008288,PED00003370,SKU006,1,9.93,9.93
IT00008289,PED00003370,SKU002,1,4.3,4.3
IT00008290,PED00003370,SKU014,3,7.21,21.64
IT00008291,PED00003371,SKU005,1,8.41,8.41
IT00008292,PED00003371,SKU007,3,13.28,39.85
IT00008293,PED00003371,SKU001,1,6.74,6.74
IT00008294,PED00003371,SKU003,6,3.74,22.45
IT00008295,PED00003372,SKU008,2,19.8,39.61
IT00008296,PED00003372,SKU006,1,9.79,9.79
IT00008297,PED00003373,SKU001,1,6.78,6.78
IT00008298,PED00003373,SKU005,1,8.56,8.56
IT00008299,PED00003373,SKU003,3,3.96,11.88
IT00008300,PED00003374,SKU013,2,11.32,22.64
IT00008301,PED00003374,SKU015,3,6.87,20.61
IT00008302,PED00003374,SKU007,2,12.77,25.55
IT00008303,PED00003375,SKU008,2,18.89,37.78
IT00008304,PED00003375,SKU007,6,12.7,76.22
IT00008305,PED00003375,SKU009,1,20.89,20.89
IT00008306,PED00003376,SKU007,3,12.32,36.95
IT00008307,PED00003376,SKU002,2,4.41,8.81
IT00008308,PED00003376,SKU008,1,19.42,19.42
IT00008309,PED00003377,SKU008,1,18.74,18.74
IT00008310,PED00003377,SKU006,2,10.23,20.47
IT00008311,PED00003377,SKU004,1,8.27,8.27
IT00008312,PED00003378,SKU011,12,17.28,207.32
IT00008313,PED00003379,SKU004,1,8.16,8.16
IT00008314,PED00003379,SKU014,3,7.48,22.43
IT00008315,PED00003379,SKU005,1,8.46,8.46
IT00008316,PED00003379,SKU009,6,20.87,125.24
IT00008317,PED00003380,SKU003,12,3.97,47.6
IT00008318,PED00003380,SKU009,6,19.58,117.48
IT00008319,PED00003380,SKU011,1,16.51,16.51
IT00008320,PED00003380,SKU009,6,20.59,123.56
IT00008321,PED00003381,SKU006,12,9.87,118.41
IT00008322,PED00003381,SKU002,2,4.07,8.14
IT00008323,PED00003382,SKU012,3,11.36,34.08
IT00008324,PED00003382,SKU001,1,6.28,6.28
IT00008325,PED00003382,SKU002,6,4.34,26.02
IT00008326,PED00003382,SKU015,6,6.79,40.72
IT00008327,PED00003382,SKU005,12,8.77,105.3
IT00008328,PED00003383,SKU004,1,8.18,8.18
IT00008329,PED00003383,SKU002,2,4.29,8.58
IT00008330,PED00003383,SKU010,6,14.55,87.31
IT00008331,PED00003383,SKU012,3,12.05,36.16
IT00008332,PED00003384,SKU002,3,4.01,12.02
IT00008333,PED00003385,SKU014,6,7.67,46.0
IT00008334,PED00003385,SKU003,1,3.61,3.61
IT00008335,PED00003386,SKU004,3,7.66,22.97
IT00008336,PED00003386,SKU013,6,11.11,66.67
IT00008337,PED00003387,SKU010,1,15.28,15.28
IT00008338,PED00003387,SKU001,6,6.81,40.85
IT00008339,PED00003388,SKU012,3,11.44,34.33
IT00008340,PED00003388,SKU013,1,11.36,11.36
IT00008341,PED00003388,SKU014,3,7.87,23.62
IT00008342,PED00003389,SKU003,3,3.63,10.88
IT00008343,PED00003389,SKU010,1,14.73,14.73
IT00008344,PED00003389,SKU007,2,12.77,25.54
IT00008345,PED00003389,SKU006,1,9.6,9.6
IT00008346,PED00003390,SKU015,1,6.97,6.97
IT00008347,PED00003390,SKU003,1,3.69,3.69
IT00008348,PED00003390,SKU005,1,8.54,8.54
IT00008349,PED00003390,SKU014,6,7.49,44.96
IT00008350,PED00003391,SKU006,12,10.35,124.21
IT00008351,PED00003391,SKU009,2,19.42,38.83
IT00008352,PED00003392,SKU014,6,7.84,47.02
IT00008353,PED00003392,SKU007,1,12.91,12.91
IT00008354,PED00003392,SKU011,6,16.57,99.44
IT00008355,PED00003393,SKU005,1,8.75,8.75
IT00008356,PED00003393,SKU011,3,16.56,49.68
IT00008357,PED00003393,SKU009,2,20.23,40.46
IT00008358,PED00003394,SKU010,3,14.29,42.88
IT00008359,PED00003394,SKU003,2,3.63,7.26
IT00008360,PED00003395,SKU007,1,13.24,13.24
IT00008361,PED00003395,SKU004,3,7.78,23.35
IT00008362,PED00003396,SKU003,6,3.61,21.68
IT00008363,PED00003396,SKU007,3,12.82,38.47
IT00008364,PED00003397,SKU007,2,12.46,24.93
IT00008365,PED00003397,SKU012,2,12.46,24.92
IT00008366,PED00003398,SKU003,2,3.87,7.74
IT00008367,PED00003398,SKU014,1,7.76,7.76
IT00008368,PED00003399,SKU001,2,6.43,12.86
IT00008369,PED00003399,SKU002,1,4.28,4.28
IT00008370,PED00003400,SKU012,3,12.41,37.22
IT00008371,PED00003400,SKU011,2,16.86,33.71
IT00008372,PED00003401,SKU014,6,7.57,45.42
IT00008373,PED00003402,SKU006,1,10.2,10.2
IT00008374,PED00003402,SKU002,1,4.05,4.05
IT00008375,PED00003403,SKU001,12,6.74,80.93
IT00008376,PED00003404,SKU001,1,6.8,6.8
IT00008377,PED00003405,SKU014,3,7.74,23.21
IT00008378,PED00003405,SKU007,6,12.51,75.09
IT00008379,PED00003406,SKU011,2,16.04,32.08
IT00008380,PED00003407,SKU002,1,4.08,4.08
IT00008381,PED00003408,SKU007,2,12.85,25.71
IT00008382,PED00003408,SKU007,2,12.68,25.36
IT00008383,PED00003409,SKU015,6,7.21,43.27
IT00008384,PED00003409,SKU013,3,10.55,31.66
IT00008385,PED00003409,SKU015,6,6.81,40.88
IT00008386,PED00003410,SKU015,2,7.11,14.21
IT00008387,PED00003410,SKU001,2,6.51,13.03
IT00008388,PED00003411,SKU010,1,15.24,15.24
IT00008389,PED00003412,SKU011,3,17.23,51.68
IT00008390,PED00003413,SKU012,12,11.43,137.13
IT00008391,PED00003413,SKU005,6,8.73,52.35
IT00008392,PED00003413,SKU007,6,13.46,80.75
IT00008393,PED00003414,SKU011,6,16.73,100.36
IT00008394,PED00003414,SKU006,1,10.05,10.05
IT00008395,PED00003414,SKU005,6,8.08,48.47
IT00008396,PED00003414,SKU008,2,19.84,39.67
IT00008397,PED00003415,SKU006,3,9.43,28.29
IT00008398,PED00003415,SKU006,6,9.57,57.44
IT00008399,PED00003415,SKU014,1,7.69,7.69
IT00008400,PED00003416,SKU013,6,10.92,65.52
IT00008401,PED00003416,SKU008,6,19.39,116.34
IT00008402,PED00003417,SKU004,2,8.11,16.22
IT00008403,PED00003417,SKU001,3,6.43,19.3
IT00008404,PED00003417,SKU009,1,18.93,18.93
IT00008405,PED00003417,SKU012,2,11.79,23.57
IT00008406,PED00003418,SKU013,2,11.19,22.38
IT00008407,PED00003418,SKU015,2,6.65,13.3
IT00008408,PED00003419,SKU007,3,13.24,39.72
IT00008409,PED00003419,SKU008,2,19.52,39.04
IT00008410,PED00003420,SKU013,2,11.0,21.99
IT00008411,PED00003420,SKU006,12,9.54,114.5
IT00008412,PED00003420,SKU002,6,4.04,24.24
IT00008413,PED00003420,SKU009,2,19.88,39.76
IT00008414,PED00003420,SKU003,1,3.85,3.85
IT00008415,PED00003421,SKU013,6,10.93,65.55
IT00008416,PED00003421,SKU012,1,11.62,11.62
IT00008417,PED00003421,SKU011,3,16.12,48.36
IT00008418,PED00003422,SKU009,1,19.53,19.53
IT00008419,PED00003422,SKU008,2,18.14,36.27
IT00008420,PED00003423,SKU013,3,10.52,31.57
IT00008421,PED00003423,SKU014,3,7.69,23.06
IT00008422,PED00003424,SKU012,1,12.13,12.13
IT00008423,PED00003424,SKU003,1,3.68,3.68
IT00008424,PED00003425,SKU007,2,13.04,26.07
IT00008425,PED00003425,SKU003,6,3.61,21.66
IT00008426,PED00003425,SKU013,3,10.98,32.93
IT00008427,PED00003426,SKU004,6,7.74,46.46
IT00008428,PED00003426,SKU012,1,11.58,11.58
IT00008429,PED00003426,SKU008,6,19.61,117.64
IT00008430,PED00003427,SKU009,1,19.18,19.18
IT00008431,PED00003427,SKU005,1,8.87,8.87
IT00008432,PED00003427,SKU003,2,3.69,7.37
IT00008433,PED00003427,SKU012,1,11.76,11.76
IT00008434,PED00003428,SKU001,1,6.47,6.47
IT00008435,PED00003428,SKU002,1,4.37,4.37
IT00008436,PED00003429,SKU004,3,7.62,22.86
IT00008437,PED00003429,SKU011,1,16.8,16.8
IT00008438,PED00003429,SKU003,2,3.81,7.63
IT00008439,PED00003429,SKU007,3,13.2,39.59
IT00008440,PED00003430,SKU003,1,3.81,3.81
IT00008441,PED00003431,SKU015,1,6.67,6.67
IT00008442,PED00003432,SKU011,3,16.09,48.28
IT00008443,PED00003432,SKU009,2,20.09,40.18
IT00008444,PED00003433,SKU007,3,13.53,40.58
IT00008445,PED00003433,SKU002,3,4.23,12.68
IT00008446,PED00003433,SKU002,1,4.29,4.29
IT00008447,PED00003434,SKU011,6,15.81,94.85
IT00008448,PED00003434,SKU005,1,8.38,8.38
IT00008449,PED00003435,SKU015,3,6.98,20.94
IT00008450,PED00003435,SKU008,6,19.41,116.49
IT00008451,PED00003435,SKU003,6,3.86,23.16
IT00008452,PED00003435,SKU010,3,14.83,44.49
IT00008453,PED00003436,SKU014,1,7.68,7.68
IT00008454,PED00003436,SKU013,6,11.44,68.64
IT00008455,PED00003436,SKU001,2,6.18,12.36
IT00008456,PED00003436,SKU011,3,16.08,48.25
IT00008457,PED00003437,SKU010,2,15.5,31.01
IT00008458,PED00003437,SKU002,3,4.37,13.12
IT00008459,PED00003438,SKU003,1,3.88,3.88
IT00008460,PED00003438,SKU012,2,12.45,24.9
IT00008461,PED00003438,SKU013,3,10.71,32.13
IT00008462,PED00003438,SKU010,3,15.17,45.5
IT00008463,PED00003438,SKU008,2,18.15,36.31
IT00008464,PED00003439,SKU007,1,12.95,12.95
IT00008465,PED00003439,SKU015,2,6.98,13.96
IT00008466,PED00003439,SKU003,1,3.86,3.86
IT00008467,PED00003440,SKU012,6,11.33,67.99
IT00008468,PED00003440,SKU002,2,4.26,8.52
IT00008469,PED00003440,SKU006,3,9.86,29.57
IT00008470,PED00003440,SKU014,1,7.31,7.31
IT00008471,PED00003441,SKU010,12,15.33,183.9
IT00008472,PED00003441,SKU008,6,19.28,115.68
IT00008473,PED00003441,SKU008,3,18.94,56.81
IT00008474,PED00003442,SKU011,3,17.29,51.87
IT00008475,PED00003442,SKU001,2,6.32,12.64
IT00008476,PED00003443,SKU004,3,7.66,22.98
IT00008477,PED00003443,SKU013,6,10.91,65.46
IT00008478,PED00003443,SKU014,6,7.27,43.61
IT00008479,PED00003443,SKU006,1,9.51,9.51
IT00008480,PED00003443,SKU015,1,7.06,7.06
IT00008481,PED00003444,SKU012,2,12.22,24.45
IT00008482,PED00003444,SKU009,2,19.63,39.26
IT00008483,PED00003444,SKU014,12,7.47,89.66
IT00008484,PED00003444,SKU003,3,3.85,11.56
IT00008485,PED00003444,SKU003,6,3.79,22.76
IT00008486,PED00003445,SKU010,1,14.21,14.21
IT00008487,PED00003445,SKU003,1,3.97,3.97
IT00008488,PED00003446,SKU002,6,4.31,25.84
IT00008489,PED00003446,SKU009,2,18.98,37.97
IT00008490,PED00003447,SKU010,1,14.97,14.97
IT00008491,PED00003447,SKU002,1,4.13,4.13
IT00008492,PED00003447,SKU011,1,16.96,16.96
IT00008493,PED00003447,SKU003,1,3.95,3.95
IT00008494,PED00003448,SKU014,1,7.22,7.22
IT00008495,PED00003448,SKU011,3,17.21,51.62
IT00008496,PED00003449,SKU012,12,12.36,148.38
IT00008497,PED00003449,SKU003,1,3.94,3.94
IT00008498,PED00003450,SKU013,2,10.5,21.0
IT00008499,PED00003450,SKU008,2,19.19,38.38
IT00008500,PED00003450,SKU009,3,19.72,59.15
IT00008501,PED00003451,SKU013,1,10.77,10.77
IT00008502,PED00003451,SKU009,1,20.28,20.28
IT00008503,PED00003451,SKU009,12,20.46,245.52
IT00008504,PED00003451,SKU010,2,14.29,28.59
IT00008505,PED00003452,SKU001,1,6.67,6.67
IT00008506,PED00003452,SKU010,1,15.53,15.53
IT00008507,PED00003453,SKU015,1,7.13,7.13
IT00008508,PED00003453,SKU014,12,7.67,92.09
IT00008509,PED00003454,SKU001,3,6.23,18.7
IT00008510,PED00003455,SKU006,1,10.09,10.09
IT00008511,PED00003455,SKU012,12,12.22,146.64
IT00008512,PED00003456,SKU011,3,16.43,49.3
IT00008513,PED00003456,SKU014,1,7.36,7.36
IT00008514,PED00003457,SKU007,1,12.86,12.86
IT00008515,PED00003457,SKU010,12,15.45,185.39
IT00008516,PED00003457,SKU004,2,7.57,15.14
IT00008517,PED00003458,SKU001,3,6.29,18.87
IT00008518,PED00003458,SKU002,1,4.02,4.02
IT00008519,PED00003459,SKU007,1,13.17,13.17
IT00008520,PED00003459,SKU013,6,10.47,62.8
IT00008521,PED00003459,SKU004,1,7.84,7.84
IT00008522,PED00003459,SKU013,12,10.91,130.9
IT00008523,PED00003459,SKU005,1,8.49,8.49
IT00008524,PED00003460,SKU012,1,11.36,11.36
IT00008525,PED00003460,SKU004,1,7.95,7.95
IT00008526,PED00003461,SKU015,3,6.88,20.63
IT00008527,PED00003461,SKU004,1,8.27,8.27
IT00008528,PED00003462,SKU007,6,13.14,78.81
IT00008529,PED00003462,SKU013,1,10.48,10.48
IT00008530,PED00003463,SKU002,3,3.99,11.97
IT00008531,PED00003463,SKU012,12,12.49,149.82
IT00008532,PED00003463,SKU012,2,11.6,23.2
IT00008533,PED00003463,SKU009,1,20.71,20.71
IT00008534,PED00003464,SKU012,1,12.42,12.42
IT00008535,PED00003464,SKU002,1,4.18,4.18
IT00008536,PED00003464,SKU014,1,7.46,7.46
IT00008537,PED00003464,SKU014,12,7.59,91.05
IT00008538,PED00003465,SKU006,3,10.29,30.87
IT00008539,PED00003465,SKU013,1,10.53,10.53
IT00008540,PED00003465,SKU013,1,10.87,10.87
IT00008541,PED00003465,SKU006,1,9.69,9.69
IT00008542,PED00003466,SKU005,3,8.47,25.42
IT00008543,PED00003467,SKU015,1,6.69,6.69
IT00008544,PED00003467,SKU001,2,6.29,12.59
IT00008545,PED00003468,SKU008,3,18.28,54.83
IT00008546,PED00003468,SKU012,1,11.77,11.77
IT00008547,PED00003469,SKU003,2,3.96,7.91
IT00008548,PED00003469,SKU010,2,14.65,29.3
IT00008549,PED00003469,SKU011,6,16.91,101.45
IT00008550,PED00003470,SKU007,1,12.43,12.43
IT00008551,PED00003470,SKU014,2,7.86,15.71
IT00008552,PED00003471,SKU009,3,19.6,58.81
IT00008553,PED00003471,SKU005,2,8.1,16.21
IT00008554,PED00003472,SKU014,1,7.85,7.85
IT00008555,PED00003472,SKU009,3,19.43,58.28
IT00008556,PED00003473,SKU001,2,6.64,13.27
IT00008557,PED00003473,SKU010,2,15.64,31.28
IT00008558,PED00003474,SKU007,3,12.92,38.76
IT00008559,PED00003474,SKU001,3,6.39,19.17
IT00008560,PED00003474,SKU002,2,4.39,8.78
IT00008561,PED00003474,SKU015,2,6.86,13.72
IT00008562,PED00003475,SKU009,3,19.49,58.47
IT00008563,PED00003475,SKU008,1,18.86,18.86
IT00008564,PED00003476,SKU011,1,16.57,16.57
IT00008565,PED00003476,SKU006,6,9.69,58.11
IT00008566,PED00003476,SKU012,1,11.5,11.5
IT00008567,PED00003477,SKU002,6,4.13,24.81
IT00008568,PED00003478,SKU003,2,3.92,7.83
IT00008569,PED00003478,SKU003,1,3.82,3.82
IT00008570,PED00003478,SKU005,2,8.77,17.54
IT00008571,PED00003478,SKU007,3,13.25,39.75
IT00008572,PED00003479,SKU006,1,10.22,10.22
IT00008573,PED00003479,SKU004,2,7.66,15.33
IT00008574,PED00003480,SKU015,2,6.67,13.34
IT00008575,PED00003480,SKU013,6,11.04,66.25
IT00008576,PED00003481,SKU001,2,6.19,12.38
IT00008577,PED00003481,SKU014,2,7.19,14.37
IT00008578,PED00003481,SKU001,1,6.76,6.76
IT00008579,PED00003482,SKU007,3,12.65,37.96
IT00008580,PED00003482,SKU010,6,15.02,90.12
IT00008581,PED00003483,SKU005,6,8.21,49.28
IT00008582,PED00003483,SKU001,3,6.28,18.83
IT00008583,PED00003483,SKU014,6,7.21,43.27
IT00008584,PED00003484,SKU007,6,12.74,76.44
IT00008585,PED00003484,SKU005,1,8.71,8.71
IT00008586,PED00003485,SKU015,1,6.83,6.83
IT00008587,PED00003485,SKU009,1,20.88,20.88
IT00008588,PED00003485,SKU015,2,6.95,13.9
IT00008589,PED00003486,SKU014,1,7.64,7.64
IT00008590,PED00003486,SKU005,2,8.4,16.79
IT00008591,PED00003487,SKU005,2,8.7,17.4
IT00008592,PED00003488,SKU011,1,16.55,16.55
IT00008593,PED00003488,SKU001,1,6.52,6.52
IT00008594,PED00003488,SKU012,3,12.31,36.93
IT00008595,PED00003488,SKU007,1,12.72,12.72
IT00008596,PED00003489,SKU002,1,4.27,4.27
IT00008597,PED00003489,SKU012,2,11.46,22.92
IT00008598,PED00003489,SKU004,6,7.77,46.63
IT00008599,PED00003490,SKU010,6,15.6,93.61
IT00008600,PED00003490,SKU006,3,9.99,29.96
IT00008601,PED00003490,SKU002,1,4.05,4.05
IT00008602,PED00003491,SKU014,3,7.45,22.34
IT00008603,PED00003492,SKU006,1,9.45,9.45
IT00008604,PED00003492,SKU001,2,6.53,13.07
IT00008605,PED00003492,SKU006,1,9.75,9.75
IT00008606,PED00003493,SKU006,6,9.69,58.11
IT00008607,PED00003493,SKU002,2,4.0,7.99
IT00008608,PED00003493,SKU014,2,7.29,14.57
IT00008609,PED00003494,SKU005,3,8.62,25.87
IT00008610,PED00003494,SKU003,3,3.74,11.21
IT00008611,PED00003494,SKU009,12,20.88,250.53
IT00008612,PED00003494,SKU013,3,11.39,34.16
IT00008613,PED00003495,SKU001,1,6.51,6.51
IT00008614,PED00003495,SKU012,1,12.43,12.43
IT00008615,PED00003496,SKU004,2,7.63,15.26
IT00008616,PED00003496,SKU014,2,7.72,15.45
IT00008617,PED00003496,SKU014,1,7.17,7.17
IT00008618,PED00003497,SKU014,1,7.32,7.32
IT00008619,PED00003497,SKU007,1,12.88,12.88
IT00008620,PED00003497,SKU015,3,6.58,19.73
IT00008621,PED00003497,SKU009,1,20.1,20.1
IT00008622,PED00003497,SKU006,3,10.3,30.89
IT00008623,PED00003498,SKU012,6,11.63,69.8
IT00008624,PED00003498,SKU005,1,8.11,8.11
IT00008625,PED00003498,SKU013,1,10.94,10.94
IT00008626,PED00003498,SKU014,2,7.8,15.59
IT00008627,PED00003499,SKU007,2,13.12,26.23
IT00008628,PED00003499,SKU007,2,12.93,25.86
IT00008629,PED00003499,SKU005,1,8.37,8.37
IT00008630,PED00003499,SKU014,2,7.42,14.84
IT00008631,PED00003500,SKU003,2,3.8,7.6
IT00008632,PED00003500,SKU006,1,10.0,10.0
IT00008633,PED00003501,SKU014,1,7.44,7.44
IT00008634,PED00003502,SKU003,3,3.89,11.66
IT00008635,PED00003502,SKU012,1,11.68,11.68
IT00008636,PED00003502,SKU015,2,6.98,13.97
IT00008637,PED00003503,SKU002,6,4.13,24.79
IT00008638,PED00003503,SKU006,1,10.13,10.13
IT00008639,PED00003504,SKU006,12,9.76,117.09
IT00008640,PED00003504,SKU003,2,3.92,7.83
IT00008641,PED00003504,SKU006,1,10.21,10.21
IT00008642,PED00003504,SKU013,2,11.41,22.82
IT00008643,PED00003504,SKU010,2,14.26,28.51
IT00008644,PED00003505,SKU006,12,10.33,123.92
IT00008645,PED00003505,SKU015,1,7.09,7.09
IT00008646,PED00003506,SKU007,1,12.28,12.28
IT00008647,PED00003506,SKU006,1,9.8,9.8
IT00008648,PED00003507,SKU009,1,19.94,19.94
IT00008649,PED00003507,SKU013,3,11.31,33.92
IT00008650,PED00003507,SKU015,1,6.81,6.81
IT00008651,PED00003508,SKU014,1,7.26,7.26
IT00008652,PED00003508,SKU007,2,13.08,26.17
IT00008653,PED00003508,SKU006,3,9.57,28.72
IT00008654,PED00003508,SKU014,1,7.17,7.17
IT00008655,PED00003509,SKU001,1,6.34,6.34
IT00008656,PED00003509,SKU013,1,10.8,10.8
IT00008657,PED00003510,SKU003,3,3.68,11.03
IT00008658,PED00003511,SKU002,6,4.09,24.55
IT00008659,PED00003511,SKU001,6,6.31,37.84
IT00008660,PED00003511,SKU005,2,8.55,17.11
IT00008661,PED00003511,SKU014,3,7.37,22.11
IT00008662,PED00003512,SKU014,12,7.28,87.39
IT00008663,PED00003512,SKU014,1,7.18,7.18
IT00008664,PED00003512,SKU012,2,12.36,24.72
IT00008665,PED00003513,SKU015,1,6.98,6.98
IT00008666,PED00003513,SKU002,2,4.08,8.17
IT00008667,PED00003514,SKU006,3,10.2,30.59
IT00008668,PED00003515,SKU014,3,7.64,22.93
IT00008669,PED00003515,SKU011,2,15.99,31.98
IT00008670,PED00003515,SKU009,3,19.28,57.85
IT00008671,PED00003516,SKU003,3,3.92,11.76
IT00008672,PED00003516,SKU008,3,19.56,58.69
IT00008673,PED00003517,SKU012,2,11.76,23.51
IT00008674,PED00003518,SKU004,3,8.08,24.25
IT00008675,PED00003518,SKU005,1,8.31,8.31
IT00008676,PED00003519,SKU001,6,6.8,40.82
IT00008677,PED00003519,SKU004,1,7.67,7.67
IT00008678,PED00003519,SKU005,1,8.78,8.78
IT00008679,PED00003520,SKU005,1,8.27,8.27
IT00008680,PED00003520,SKU004,1,8.05,8.05
IT00008681,PED00003521,SKU012,6,11.54,69.21
IT00008682,PED00003521,SKU003,6,3.93,23.6
IT00008683,PED00003521,SKU014,3,7.38,22.13
IT00008684,PED00003522,SKU005,2,8.17,16.34
IT00008685,PED00003522,SKU015,2,6.56,13.12
IT00008686,PED00003523,SKU015,3,6.67,20.0
IT00008687,PED00003523,SKU012,6,11.34,68.07
IT00008688,PED00003523,SKU005,1,8.2,8.2
IT00008689,PED00003523,SKU011,12,15.89,190.73
IT00008690,PED00003524,SKU004,2,7.53,15.06
IT00008691,PED00003524,SKU001,1,6.38,6.38
IT00008692,PED00003524,SKU012,2,11.95,23.9
IT00008693,PED00003525,SKU002,3,4.19,12.57
IT00008694,PED00003525,SKU012,6,12.32,73.91
IT00008695,PED00003526,SKU008,2,18.88,37.77
IT00008696,PED00003526,SKU006,2,10.27,20.54
IT00008697,PED00003526,SKU003,2,3.64,7.29
IT00008698,PED00003527,SKU009,6,20.11,120.63
IT00008699,PED00003528,SKU006,3,9.66,28.98
IT00008700,PED00003529,SKU007,2,13.52,27.03
IT00008701,PED00003529,SKU015,12,6.89,82.65
IT00008702,PED00003529,SKU011,6,16.86,101.17
IT00008703,PED00003529,SKU010,6,14.84,89.02
IT00008704,PED00003529,SKU013,1,10.47,10.47
IT00008705,PED00003530,SKU014,1,7.38,7.38
IT00008706,PED00003530,SKU009,1,20.31,20.31
IT00008707,PED00003531,SKU012,6,12.1,72.61
IT00008708,PED00003531,SKU007,1,12.61,12.61
IT00008709,PED00003532,SKU010,3,15.31,45.93
IT00008710,PED00003532,SKU009,2,19.64,39.29
IT00008711,PED00003532,SKU003,6,3.65,21.89
IT00008712,PED00003532,SKU005,3,8.27,24.8
IT00008713,PED00003533,SKU012,2,12.09,24.18
IT00008714,PED00003533,SKU007,2,12.6,25.19
IT00008715,PED00003533,SKU014,1,7.74,7.74
IT00008716,PED00003534,SKU007,3,12.58,37.74
IT00008717,PED00003534,SKU002,3,4.4,13.21
IT00008718,PED00003534,SKU007,3,12.9,38.69
IT00008719,PED00003534,SKU011,1,16.85,16.85
IT00008720,PED00003534,SKU008,3,19.3,57.91
IT00008721,PED00003535,SKU013,6,10.99,65.96
IT00008722,PED00003536,SKU002,1,4.05,4.05
IT00008723,PED00003537,SKU009,2,20.45,40.9
IT00008724,PED00003537,SKU004,3,7.53,22.59
IT00008725,PED00003537,SKU002,1,4.09,4.09
IT00008726,PED00003537,SKU008,3,18.38,55.13
IT00008727,PED00003538,SKU001,6,6.25,37.52
IT00008728,PED00003538,SKU014,12,7.53,90.38
IT00008729,PED00003539,SKU003,2,3.94,7.88
IT00008730,PED00003539,SKU002,3,4.01,12.04
IT00008731,PED00003540,SKU006,6,9.85,59.1
IT00008732,PED00003540,SKU001,12,6.38,76.61
IT00008733,PED00003540,SKU011,1,17.05,17.05
IT00008734,PED00003541,SKU015,2,7.21,14.42
IT00008735,PED00003541,SKU011,1,16.86,16.86
IT00008736,PED00003542,SKU006,3,10.04,30.13
IT00008737,PED00003542,SKU013,2,11.12,22.25
IT00008738,PED00003543,SKU014,12,7.51,90.16
IT00008739,PED00003544,SKU008,3,19.69,59.06
IT00008740,PED00003544,SKU009,2,18.99,37.99
IT00008741,PED00003545,SKU013,3,11.3,33.91
IT00008742,PED00003545,SKU011,2,16.87,33.73
IT00008743,PED00003546,SKU012,1,12.04,12.04
IT00008744,PED00003546,SKU013,1,10.59,10.59
IT00008745,PED00003547,SKU004,3,8.24,24.71
IT00008746,PED00003547,SKU012,3,12.48,37.43
IT00008747,PED00003547,SKU011,2,16.4,32.8
IT00008748,PED00003548,SKU004,2,7.87,15.75
IT00008749,PED00003549,SKU005,6,8.36,50.17
IT00008750,PED00003550,SKU009,3,19.13,57.39
IT00008751,PED00003550,SKU015,3,7.1,21.31
IT00008752,PED00003550,SKU013,1,10.55,10.55
IT00008753,PED00003550,SKU014,1,7.34,7.34
IT00008754,PED00003550,SKU013,1,10.42,10.42
IT00008755,PED00003551,SKU012,3,11.9,35.69
IT00008756,PED00003551,SKU001,6,6.24,37.41
IT00008757,PED00003551,SKU004,1,8.11,8.11
IT00008758,PED00003552,SKU002,1,4.04,4.04
IT00008759,PED00003552,SKU014,3,7.22,21.67
IT00008760,PED00003552,SKU003,6,3.64,21.81
IT00008761,PED00003553,SKU001,6,6.78,40.7
IT00008762,PED00003553,SKU012,1,12.06,12.06
IT00008763,PED00003553,SKU015,12,7.23,86.79
IT00008764,PED00003553,SKU010,1,14.36,14.36
IT00008765,PED00003554,SKU002,1,4.0,4.0
IT00008766,PED00003554,SKU001,3,6.32,18.95
IT00008767,PED00003554,SKU004,2,8.16,16.32
IT00008768,PED00003555,SKU008,3,18.1,54.3
IT00008769,PED00003556,SKU002,1,4.28,4.28
IT00008770,PED00003557,SKU008,3,19.05,57.15
IT00008771,PED00003557,SKU015,6,7.05,42.29
IT00008772,PED00003557,SKU009,12,19.32,231.88
IT00008773,PED00003558,SKU008,1,18.23,18.23
IT00008774,PED00003558,SKU013,1,11.33,11.33
IT00008775,PED00003558,SKU014,3,7.74,23.21
IT00008776,PED00003558,SKU005,12,8.45,101.39
IT00008777,PED00003559,SKU005,1,8.36,8.36
IT00008778,PED00003559,SKU008,1,18.46,18.46
IT00008779,PED00003559,SKU013,1,11.24,11.24
IT00008780,PED00003560,SKU002,1,4.02,4.02
IT00008781,PED00003560,SKU008,6,19.08,114.5
IT00008782,PED00003560,SKU002,1,4.26,4.26
IT00008783,PED00003561,SKU003,12,3.72,44.69
IT00008784,PED00003561,SKU006,1,10.01,10.01
IT00008785,PED00003561,SKU007,1,12.33,12.33
IT00008786,PED00003562,SKU014,3,7.53,22.59
IT00008787,PED00003562,SKU007,1,12.86,12.86
IT00008788,PED00003562,SKU007,3,12.82,38.46
IT00008789,PED00003563,SKU011,1,17.24,17.24
IT00008790,PED00003563,SKU012,12,11.67,140.07
IT00008791,PED00003563,SKU001,3,6.52,19.55
IT00008792,PED00003564,SKU003,6,3.73,22.4
IT00008793,PED00003564,SKU002,1,4.05,4.05
IT00008794,PED00003565,SKU001,2,6.2,12.41
IT00008795,PED00003565,SKU005,3,8.57,25.72
IT00008796,PED00003566,SKU014,1,7.52,7.52
IT00008797,PED00003566,SKU008,2,19.51,39.02
IT00008798,PED00003567,SKU011,1,16.59,16.59
IT00008799,PED00003567,SKU001,6,6.62,39.71
IT00008800,PED00003568,SKU004,1,8.18,8.18
IT00008801,PED00003568,SKU001,2,6.48,12.96
IT00008802,PED00003569,SKU009,12,20.6,247.23
IT00008803,PED00003569,SKU005,1,8.16,8.16
IT00008804,PED00003570,SKU014,1,7.38,7.38
IT00008805,PED00003570,SKU006,2,9.69,19.38
IT00008806,PED00003570,SKU007,3,13.19,39.56
IT00008807,PED00003571,SKU013,1,10.48,10.48
IT00008808,PED00003571,SKU011,2,16.25,32.5
IT00008809,PED00003572,SKU012,2,12.02,24.03
IT00008810,PED00003573,SKU014,12,7.59,91.03
IT00008811,PED00003574,SKU003,6,3.61,21.68
IT00008812,PED00003575,SKU008,2,18.08,36.16
IT00008813,PED00003575,SKU014,1,7.71,7.71
IT00008814,PED00003575,SKU005,2,8.14,16.28
IT00008815,PED00003576,SKU001,3,6.56,19.67
IT00008816,PED00003576,SKU009,6,19.45,116.71
IT00008817,PED00003576,SKU001,2,6.46,12.93
IT00008818,PED00003577,SKU002,6,4.18,25.05
IT00008819,PED00003577,SKU004,1,7.98,7.98
IT00008820,PED00003578,SKU014,6,7.28,43.66
IT00008821,PED00003578,SKU008,12,18.2,218.44
IT00008822,PED00003578,SKU015,6,6.81,40.89
IT00008823,PED00003579,SKU008,6,18.59,111.52
IT00008824,PED00003579,SKU009,1,19.36,19.36
IT00008825,PED00003579,SKU001,3,6.3,18.89
IT00008826,PED00003580,SKU005,6,8.85,53.12
IT00008827,PED00003580,SKU006,1,9.96,9.96
IT00008828,PED00003581,SKU012,2,11.39,22.78
IT00008829,PED00003581,SKU012,1,12.37,12.37
IT00008830,PED00003581,SKU005,6,8.49,50.96
IT00008831,PED00003581,SKU011,2,15.98,31.97
IT00008832,PED00003582,SKU002,6,4.33,25.96
IT00008833,PED00003582,SKU012,3,11.31,33.93
IT00008834,PED00003583,SKU009,1,20.7,20.7
IT00008835,PED00003583,SKU009,6,20.56,123.34
IT00008836,PED00003583,SKU012,2,11.86,23.73
IT00008837,PED00003584,SKU001,1,6.24,6.24
IT00008838,PED00003585,SKU010,2,15.34,30.67
IT00008839,PED00003585,SKU003,1,3.77,3.77
IT00008840,PED00003586,SKU011,6,17.28,103.68
IT00008841,PED00003586,SKU015,2,7.1,14.2
IT00008842,PED00003586,SKU003,6,3.82,22.92
IT00008843,PED00003586,SKU009,3,20.02,60.05
IT00008844,PED00003587,SKU009,6,18.96,113.77
IT00008845,PED00003587,SKU004,3,8.15,24.45
IT00008846,PED00003587,SKU015,2,6.77,13.53
IT00008847,PED00003588,SKU011,3,16.95,50.86
IT00008848,PED00003588,SKU009,2,19.01,38.02
IT00008849,PED00003588,SKU014,1,7.52,7.52
IT00008850,PED00003589,SKU005,1,8.4,8.4
IT00008851,PED00003589,SKU006,2,10.02,20.03
IT00008852,PED00003589,SKU005,2,8.86,17.73
IT00008853,PED00003589,SKU003,1,3.89,3.89
IT00008854,PED00003589,SKU002,1,4.03,4.03
IT00008855,PED00003590,SKU009,2,19.25,38.51
IT00008856,PED00003590,SKU004,2,8.12,16.23
IT00008857,PED00003591,SKU013,6,11.3,67.81
IT00008858,PED00003591,SKU012,1,12.34,12.34
IT00008859,PED00003591,SKU005,3,8.42,25.26
IT00008860,PED00003591,SKU015,1,6.75,6.75
IT00008861,PED00003592,SKU013,1,10.73,10.73
IT00008862,PED00003593,SKU006,2,9.85,19.71
IT00008863,PED00003593,SKU002,12,4.01,48.16
IT00008864,PED00003593,SKU008,6,19.02,114.13
IT00008865,PED00003593,SKU003,3,3.86,11.57
IT00008866,PED00003594,SKU005,1,8.08,8.08
IT00008867,PED00003595,SKU015,2,7.07,14.15
IT00008868,PED00003595,SKU003,12,3.62,43.4
IT00008869,PED00003596,SKU006,3,9.63,28.9
IT00008870,PED00003596,SKU002,1,4.11,4.11
IT00008871,PED00003596,SKU004,1,7.55,7.55
IT00008872,PED00003597,SKU015,2,6.66,13.32
IT00008873,PED00003597,SKU002,1,4.16,4.16
IT00008874,PED00003598,SKU003,1,3.62,3.62
IT00008875,PED00003598,SKU004,1,7.64,7.64
IT00008876,PED00003599,SKU005,6,8.6,51.58
IT00008877,PED00003599,SKU015,3,6.75,20.24
IT00008878,PED00003599,SKU013,3,11.38,34.13
IT00008879,PED00003600,SKU012,6,11.46,68.78
IT00008880,PED00003600,SKU007,2,12.36,24.72
IT00008881,PED00003601,SKU010,1,14.73,14.73
IT00008882,PED00003601,SKU004,1,7.62,7.62
IT00008883,PED00003602,SKU012,1,12.22,12.22
IT00008884,PED00003602,SKU006,1,9.63,9.63
IT00008885,PED00003603,SKU014,1,7.56,7.56
IT00008886,PED00003604,SKU012,1,12.22,12.22
IT00008887,PED00003605,SKU006,6,9.62,57.74
IT00008888,PED00003605,SKU003,1,3.8,3.8
IT00008889,PED00003605,SKU008,2,19.38,38.76
IT00008890,PED00003606,SKU006,6,10.19,61.16
IT00008891,PED00003606,SKU011,3,16.03,48.08
IT00008892,PED00003606,SKU005,3,8.43,25.28
IT00008893,PED00003606,SKU006,6,9.41,56.44
IT00008894,PED00003607,SKU011,2,17.32,34.63
IT00008895,PED00003607,SKU014,3,7.42,22.25
IT00008896,PED00003608,SKU015,2,7.0,14.0
IT00008897,PED00003608,SKU015,2,7.07,14.14
IT00008898,PED00003609,SKU001,3,6.47,19.41
IT00008899,PED00003609,SKU006,1,9.41,9.41
IT00008900,PED00003610,SKU003,3,3.86,11.57
IT00008901,PED00003610,SKU001,6,6.76,40.53
IT00008902,PED00003611,SKU007,1,12.92,12.92
IT00008903,PED00003611,SKU006,2,9.47,18.95
IT00008904,PED00003612,SKU015,12,7.02,84.29
IT00008905,PED00003613,SKU007,12,13.35,160.21
IT00008906,PED00003613,SKU006,12,10.21,122.53
IT00008907,PED00003614,SKU012,2,11.34,22.67
IT00008908,PED00003614,SKU010,3,14.43,43.3
IT00008909,PED00003614,SKU007,6,12.36,74.13
IT00008910,PED00003614,SKU007,3,13.0,38.99
IT00008911,PED00003614,SKU006,2,10.37,20.74
IT00008912,PED00003615,SKU008,1,19.49,19.49
IT00008913,PED00003615,SKU006,1,9.56,9.56
IT00008914,PED00003615,SKU013,3,10.83,32.48
IT00008915,PED00003615,SKU014,6,7.64,45.85
IT00008916,PED00003616,SKU014,6,7.65,45.91
IT00008917,PED00003616,SKU007,2,12.89,25.77
IT00008918,PED00003617,SKU011,1,15.97,15.97
IT00008919,PED00003617,SKU001,1,6.77,6.77
IT00008920,PED00003618,SKU001,3,6.24,18.72
IT00008921,PED00003619,SKU003,2,3.99,7.98
IT00008922,PED00003619,SKU011,6,16.63,99.76
IT00008923,PED00003619,SKU002,1,4.07,4.07
IT00008924,PED00003619,SKU013,2,10.64,21.28
IT00008925,PED00003620,SKU005,6,8.87,53.24
IT00008926,PED00003620,SKU001,6,6.6,39.6
IT00008927,PED00003621,SKU004,3,7.58,22.75
IT00008928,PED00003621,SKU012,1,11.32,11.32
IT00008929,PED00003621,SKU002,1,4.33,4.33
IT00008930,PED00003622,SKU010,2,15.26,30.52
IT00008931,PED00003623,SKU002,1,4.17,4.17
IT00008932,PED00003624,SKU004,2,7.62,15.23
IT00008933,PED00003624,SKU013,2,11.28,22.56
IT00008934,PED00003624,SKU010,3,14.66,43.97
IT00008935,PED00003624,SKU011,2,16.5,33.0
IT00008936,PED00003625,SKU011,12,16.05,192.65
IT00008937,PED00003625,SKU012,6,12.18,73.06
IT00008938,PED00003625,SKU013,2,10.61,21.22
IT00008939,PED00003626,SKU012,2,12.12,24.24
IT00008940,PED00003626,SKU010,6,15.1,90.61
IT00008941,PED00003626,SKU002,3,4.34,13.01
IT00008942,PED00003626,SKU013,1,10.58,10.58
IT00008943,PED00003627,SKU004,1,7.89,7.89
IT00008944,PED00003627,SKU002,3,4.12,12.35
IT00008945,PED00003627,SKU003,6,3.63,21.81
IT00008946,PED00003628,SKU005,1,8.83,8.83
IT00008947,PED00003628,SKU002,2,4.07,8.14
IT00008948,PED00003628,SKU002,1,4.08,4.08
IT00008949,PED00003629,SKU005,1,8.35,8.35
IT00008950,PED00003630,SKU004,1,7.81,7.81
IT00008951,PED00003631,SKU015,6,7.02,42.1
IT00008952,PED00003631,SKU002,6,4.34,26.04
IT00008953,PED00003631,SKU015,1,7.24,7.24
IT00008954,PED00003632,SKU015,2,6.73,13.46
IT00008955,PED00003632,SKU006,3,9.45,28.34
IT00008956,PED00003633,SKU008,1,18.47,18.47
IT00008957,PED00003634,SKU009,2,20.15,40.3
IT00008958,PED00003634,SKU004,1,8.22,8.22
IT00008959,PED00003635,SKU013,6,11.14,66.83
IT00008960,PED00003635,SKU015,3,6.65,19.94
IT00008961,PED00003635,SKU014,1,7.87,7.87
IT00008962,PED00003635,SKU007,3,13.41,40.22
IT00008963,PED00003636,SKU004,1,8.18,8.18
IT00008964,PED00003636,SKU006,2,9.79,19.58
IT00008965,PED00003636,SKU012,2,11.71,23.41
IT00008966,PED00003637,SKU002,1,4.06,4.06
IT00008967,PED00003637,SKU004,2,8.03,16.07
IT00008968,PED00003637,SKU011,1,16.42,16.42
IT00008969,PED00003637,SKU007,1,13.33,13.33
IT00008970,PED00003638,SKU014,6,7.84,47.02
IT00008971,PED00003638,SKU011,3,17.09,51.28
IT00008972,PED00003638,SKU007,2,12.65,25.3
IT00008973,PED00003639,SKU014,6,7.7,46.2
IT00008974,PED00003639,SKU014,1,7.15,7.15
IT00008975,PED00003639,SKU013,2,11.18,22.36
IT00008976,PED00003639,SKU001,2,6.41,12.83
IT00008977,PED00003640,SKU013,3,10.86,32.59
IT00008978,PED00003640,SKU004,1,8.26,8.26
IT00008979,PED00003640,SKU009,6,19.56,117.37
IT00008980,PED00003640,SKU001,1,6.55,6.55
IT00008981,PED00003641,SKU004,2,7.58,15.17
IT00008982,PED00003642,SKU006,2,9.96,19.92
IT00008983,PED00003643,SKU005,1,8.16,8.16
IT00008984,PED00003644,SKU001,1,6.37,6.37
IT00008985,PED00003644,SKU007,3,12.28,36.84
IT00008986,PED00003644,SKU012,1,12.3,12.3
IT00008987,PED00003645,SKU012,2,11.32,22.65
IT00008988,PED00003645,SKU010,3,14.65,43.96
IT00008989,PED00003645,SKU002,3,4.26,12.77
IT00008990,PED00003646,SKU013,1,10.66,10.66
IT00008991,PED00003646,SKU015,1,6.66,6.66
IT00008992,PED00003646,SKU008,2,19.76,39.52
IT00008993,PED00003646,SKU012,12,12.36,148.29
IT00008994,PED00003647,SKU010,1,14.51,14.51
IT00008995,PED00003648,SKU015,3,7.11,21.34
IT00008996,PED00003648,SKU009,3,19.31,57.92
IT00008997,PED00003649,SKU015,2,6.95,13.91
IT00008998,PED00003650,SKU001,3,6.63,19.9
IT00008999,PED00003650,SKU008,3,18.39,55.16
IT00009000,PED00003650,SKU010,1,15.35,15.35
IT00009001,PED00003650,SKU008,2,18.39,36.78
IT00009002,PED00003651,SKU004,1,7.71,7.71
IT00009003,PED00003651,SKU004,3,8.16,24.49
IT00009004,PED00003651,SKU007,6,13.19,79.12
IT00009005,PED00003652,SKU012,3,12.02,36.07
IT00009006,PED00003652,SKU011,1,16.06,16.06
IT00009007,PED00003652,SKU005,6,8.86,53.18
IT00009008,PED00003652,SKU002,2,4.28,8.56
IT00009009,PED00003653,SKU012,3,12.04,36.12
IT00009010,PED00003653,SKU011,2,16.31,32.61
IT00009011,PED00003653,SKU015,6,6.85,41.11
IT00009012,PED00003653,SKU010,1,14.57,14.57
IT00009013,PED00003654,SKU003,1,3.78,3.78
IT00009014,PED00003654,SKU008,2,18.52,37.04
IT00009015,PED00003654,SKU005,1,8.2,8.2
IT00009016,PED00003654,SKU002,1,4.28,4.28
IT00009017,PED00003655,SKU012,1,11.5,11.5
IT00009018,PED00003656,SKU012,2,11.93,23.87
IT00009019,PED00003656,SKU008,1,18.67,18.67
IT00009020,PED00003657,SKU003,6,3.67,22.05
IT00009021,PED00003657,SKU009,1,20.28,20.28
IT00009022,PED00003657,SKU003,6,3.86,23.18
IT00009023,PED00003658,SKU014,6,7.47,44.83
IT00009024,PED00003658,SKU010,2,15.41,30.82
IT00009025,PED00003658,SKU011,12,17.06,204.76
IT00009026,PED00003659,SKU002,3,4.11,12.34
IT00009027,PED00003659,SKU001,2,6.48,12.96
IT00009028,PED00003660,SKU003,1,3.64,3.64
IT00009029,PED00003660,SKU007,1,12.76,12.76
IT00009030,PED00003661,SKU002,2,4.04,8.09
IT00009031,PED00003661,SKU001,3,6.5,19.5
IT00009032,PED00003662,SKU015,3,7.01,21.04
IT00009033,PED00003662,SKU004,2,7.89,15.79
IT00009034,PED00003662,SKU001,2,6.67,13.35
IT00009035,PED00003662,SKU011,2,16.02,32.04
IT00009036,PED00003663,SKU015,1,6.96,6.96
IT00009037,PED00003663,SKU001,1,6.53,6.53
IT00009038,PED00003664,SKU014,1,7.33,7.33
IT00009039,PED00003665,SKU009,1,19.53,19.53
IT00009040,PED00003665,SKU003,3,3.69,11.07
IT00009041,PED00003666,SKU008,1,18.16,18.16
IT00009042,PED00003666,SKU007,2,12.76,25.52
IT00009043,PED00003667,SKU010,2,14.74,29.48
IT00009044,PED00003668,SKU015,2,6.73,13.47
IT00009045,PED00003668,SKU013,2,10.56,21.12
IT00009046,PED00003668,SKU007,6,13.21,79.26
IT00009047,PED00003668,SKU002,1,4.22,4.22
IT00009048,PED00003669,SKU004,1,7.62,7.62
IT00009049,PED00003669,SKU008,2,19.42,38.84
IT00009050,PED00003670,SKU015,1,7.23,7.23
IT00009051,PED00003670,SKU005,3,8.39,25.17
IT00009052,PED00003670,SKU009,2,19.76,39.51
IT00009053,PED00003670,SKU001,3,6.65,19.95
IT00009054,PED00003671,SKU001,2,6.77,13.55
IT00009055,PED00003671,SKU012,1,11.85,11.85
IT00009056,PED00003672,SKU013,6,10.69,64.12
IT00009057,PED00003672,SKU014,2,7.71,15.42
IT00009058,PED00003673,SKU005,1,8.55,8.55
IT00009059,PED00003673,SKU009,1,19.51,19.51
IT00009060,PED00003674,SKU006,2,9.97,19.95
IT00009061,PED00003674,SKU006,6,10.21,61.25
IT00009062,PED00003674,SKU012,3,11.85,35.54
IT00009063,PED00003674,SKU009,6,19.59,117.52
IT00009064,PED00003675,SKU011,1,17.31,17.31
IT00009065,PED00003676,SKU012,3,12.04,36.13
IT00009066,PED00003677,SKU007,1,13.36,13.36
IT00009067,PED00003677,SKU002,2,4.34,8.69
IT00009068,PED00003677,SKU011,6,16.26,97.58
IT00009069,PED00003678,SKU002,1,4.19,4.19
IT00009070,PED00003678,SKU007,12,13.32,159.78
IT00009071,PED00003678,SKU005,6,8.12,48.75
IT00009072,PED00003678,SKU001,1,6.2,6.2
IT00009073,PED00003679,SKU013,2,11.43,22.87
IT00009074,PED00003680,SKU008,1,19.02,19.02
IT00009075,PED00003680,SKU013,2,10.69,21.37
IT00009076,PED00003681,SKU003,2,3.66,7.31
IT00009077,PED00003681,SKU006,12,9.98,119.81
IT00009078,PED00003681,SKU011,1,16.85,16.85
IT00009079,PED00003682,SKU005,1,8.74,8.74
IT00009080,PED00003682,SKU005,2,8.49,16.98
IT00009081,PED00003682,SKU002,2,3.99,7.98
IT00009082,PED00003683,SKU012,3,12.36,37.07
IT00009083,PED00003683,SKU009,6,19.57,117.44
IT00009084,PED00003684,SKU011,2,16.73,33.47
IT00009085,PED00003684,SKU005,1,8.62,8.62
IT00009086,PED00003684,SKU002,2,4.39,8.77
IT00009087,PED00003684,SKU004,6,8.25,49.51
IT00009088,PED00003685,SKU007,2,13.54,27.08
IT00009089,PED00003685,SKU011,3,17.26,51.77
IT00009090,PED00003685,SKU013,3,11.09,33.26
IT00009091,PED00003685,SKU002,3,4.25,12.74
IT00009092,PED00003686,SKU004,12,7.82,93.83
IT00009093,PED00003686,SKU006,3,9.94,29.82
IT00009094,PED00003687,SKU004,2,7.83,15.65
IT00009095,PED00003688,SKU014,1,7.65,7.65
IT00009096,PED00003689,SKU009,1,19.43,19.43
IT00009097,PED00003689,SKU001,3,6.81,20.44
IT00009098,PED00003690,SKU005,1,8.75,8.75
IT00009099,PED00003690,SKU011,12,17.03,204.39
IT00009100,PED00003690,SKU007,2,12.75,25.5
IT00009101,PED00003690,SKU014,12,7.42,89.09
IT00009102,PED00003691,SKU014,2,7.73,15.46
IT00009103,PED00003691,SKU002,1,4.07,4.07
IT00009104,PED00003691,SKU013,1,10.73,10.73
IT00009105,PED00003692,SKU006,3,10.13,30.38
IT00009106,PED00003692,SKU010,1,14.94,14.94
IT00009107,PED00003692,SKU004,6,7.55,45.32
IT00009108,PED00003692,SKU001,1,6.58,6.58
IT00009109,PED00003693,SKU001,1,6.54,6.54
IT00009110,PED00003693,SKU010,1,14.68,14.68
IT00009111,PED00003693,SKU008,1,18.1,18.1
IT00009112,PED00003694,SKU006,3,10.1,30.29
IT00009113,PED00003694,SKU014,2,7.22,14.44
IT00009114,PED00003695,SKU013,6,10.38,62.31
IT00009115,PED00003695,SKU012,2,12.41,24.81
IT00009116,PED00003696,SKU012,3,12.28,36.84
IT00009117,PED00003696,SKU007,1,12.5,12.5
IT00009118,PED00003696,SKU009,1,20.5,20.5
IT00009119,PED00003696,SKU006,3,9.52,28.57
IT00009120,PED00003697,SKU009,1,19.95,19.95
IT00009121,PED00003697,SKU001,2,6.25,12.5
IT00009122,PED00003698,SKU008,6,18.24,109.43
IT00009123,PED00003698,SKU005,1,8.13,8.13
IT00009124,PED00003698,SKU015,3,6.8,20.41
IT00009125,PED00003699,SKU015,2,7.01,14.01
IT00009126,PED00003700,SKU013,6,11.33,67.99
IT00009127,PED00003700,SKU015,6,7.06,42.35
IT00009128,PED00003700,SKU003,6,3.86,23.14
IT00009129,PED00003701,SKU003,6,3.63,21.78
IT00009130,PED00003701,SKU003,3,3.64,10.92
IT00009131,PED00003701,SKU013,1,10.53,10.53
IT00009132,PED00003702,SKU005,3,8.62,25.85
IT00009133,PED00003702,SKU014,2,7.53,15.05
IT00009134,PED00003702,SKU014,6,7.76,46.54
IT00009135,PED00003703,SKU002,1,4.18,4.18
IT00009136,PED00003703,SKU010,2,14.86,29.72
IT00009137,PED00003703,SKU003,2,3.96,7.93
IT00009138,PED00003703,SKU002,1,4.39,4.39
IT00009139,PED00003704,SKU001,1,6.79,6.79
IT00009140,PED00003704,SKU014,3,7.47,22.41
IT00009141,PED00003704,SKU007,1,13.18,13.18
IT00009142,PED00003705,SKU010,12,14.44,173.23
IT00009143,PED00003705,SKU009,1,19.52,19.52
IT00009144,PED00003705,SKU002,1,4.35,4.35
IT00009145,PED00003706,SKU005,1,8.22,8.22
IT00009146,PED00003706,SKU004,1,7.71,7.71
IT00009147,PED00003706,SKU003,2,3.82,7.64
IT00009148,PED00003707,SKU002,12,4.36,52.38
IT00009149,PED00003708,SKU010,2,15.16,30.32
IT00009150,PED00003708,SKU007,3,12.98,38.93
IT00009151,PED00003708,SKU008,3,19.51,58.54
IT00009152,PED00003708,SKU006,1,10.26,10.26
IT00009153,PED00003709,SKU006,1,9.68,9.68
IT00009154,PED00003709,SKU009,1,20.58,20.58
IT00009155,PED00003710,SKU013,12,10.81,129.77
IT00009156,PED00003710,SKU013,12,10.45,125.44
IT00009157,PED00003711,SKU001,2,6.59,13.17
IT00009158,PED00003711,SKU015,1,6.64,6.64
IT00009159,PED00003711,SKU012,2,12.29,24.59
IT00009160,PED00003712,SKU008,3,19.43,58.3
IT00009161,PED00003713,SKU008,1,18.37,18.37
IT00009162,PED00003713,SKU007,3,13.51,40.52
IT00009163,PED00003713,SKU013,1,11.44,11.44
IT00009164,PED00003713,SKU015,1,6.96,6.96
IT00009165,PED00003714,SKU004,1,7.98,7.98
IT00009166,PED00003714,SKU015,3,7.24,21.73
IT00009167,PED00003715,SKU003,1,3.71,3.71
IT00009168,PED00003715,SKU010,1,14.69,14.69
IT00009169,PED00003716,SKU001,1,6.78,6.78
IT00009170,PED00003717,SKU010,2,14.78,29.55
IT00009171,PED00003717,SKU015,2,7.06,14.12
IT00009172,PED00003718,SKU012,2,11.62,23.24
IT00009173,PED00003718,SKU014,1,7.44,7.44
IT00009174,PED00003719,SKU007,2,12.26,24.52
IT00009175,PED00003719,SKU011,6,15.72,94.35
IT00009176,PED00003720,SKU001,6,6.2,37.19
IT00009177,PED00003721,SKU012,1,11.95,11.95
IT00009178,PED00003722,SKU001,3,6.56,19.68
IT00009179,PED00003722,SKU009,1,20.83,20.83
IT00009180,PED00003723,SKU004,6,7.91,47.46
IT00009181,PED00003723,SKU009,1,19.82,19.82
IT00009182,PED00003724,SKU004,2,8.16,16.31
IT00009183,PED00003724,SKU015,3,7.21,21.64
IT00009184,PED00003725,SKU010,3,15.64,46.93
IT00009185,PED00003725,SKU002,1,4.22,4.22
IT00009186,PED00003726,SKU001,2,6.59,13.18
IT00009187,PED00003727,SKU004,1,7.71,7.71
IT00009188,PED00003727,SKU010,3,15.21,45.63
IT00009189,PED00003727,SKU008,2,18.93,37.86
IT00009190,PED00003727,SKU006,3,9.6,28.8
IT00009191,PED00003727,SKU013,3,11.23,33.68
IT00009192,PED00003728,SKU004,6,7.54,45.23
IT00009193,PED00003728,SKU012,1,11.85,11.85
IT00009194,PED00003729,SKU001,12,6.77,81.19
IT00009195,PED00003729,SKU011,2,16.71,33.43
IT00009196,PED00003729,SKU002,2,4.0,7.99
IT00009197,PED00003730,SKU012,3,11.42,34.26
IT00009198,PED00003730,SKU007,1,13.32,13.32
IT00009199,PED00003731,SKU013,6,11.12,66.73
IT00009200,PED00003731,SKU002,1,4.15,4.15
IT00009201,PED00003732,SKU005,2,8.86,17.72
IT00009202,PED00003732,SKU007,1,13.04,13.04
IT00009203,PED00003732,SKU005,3,8.84,26.53
IT00009204,PED00003732,SKU010,1,15.57,15.57
IT00009205,PED00003733,SKU009,3,19.64,58.93
IT00009206,PED00003733,SKU014,6,7.17,43.01
IT00009207,PED00003734,SKU011,1,17.09,17.09
IT00009208,PED00003734,SKU015,2,7.04,14.08
IT00009209,PED00003735,SKU002,3,4.13,12.38
IT00009210,PED00003736,SKU013,1,10.38,10.38
IT00009211,PED00003736,SKU003,3,3.78,11.35
IT00009212,PED00003736,SKU013,1,11.0,11.0
IT00009213,PED00003737,SKU006,2,10.13,20.25
IT00009214,PED00003737,SKU008,1,18.16,18.16
IT00009215,PED00003738,SKU007,3,12.9,38.7
IT00009216,PED00003738,SKU008,1,18.9,18.9
IT00009217,PED00003738,SKU015,6,6.8,40.82
IT00009218,PED00003739,SKU012,3,11.71,35.13
IT00009219,PED00003739,SKU006,1,10.36,10.36
IT00009220,PED00003740,SKU009,3,20.36,61.08
IT00009221,PED00003740,SKU007,6,13.09,78.56
IT00009222,PED00003741,SKU007,2,12.58,25.15
IT00009223,PED00003741,SKU008,1,18.87,18.87
IT00009224,PED00003741,SKU011,1,16.21,16.21
IT00009225,PED00003741,SKU006,12,9.93,119.15
IT00009226,PED00003742,SKU012,3,11.52,34.56
IT00009227,PED00003742,SKU015,3,6.79,20.38
IT00009228,PED00003743,SKU004,6,7.55,45.29
IT00009229,PED00003743,SKU002,6,4.09,24.54
IT00009230,PED00003744,SKU002,6,4.06,24.39
IT00009231,PED00003744,SKU015,2,6.57,13.14
IT00009232,PED00003744,SKU011,1,16.63,16.63
IT00009233,PED00003745,SKU009,1,20.15,20.15
IT00009234,PED00003745,SKU013,3,10.78,32.34
IT00009235,PED00003745,SKU007,2,13.42,26.85
IT00009236,PED00003746,SKU001,2,6.39,12.77
IT00009237,PED00003746,SKU008,12,19.56,234.73
IT00009238,PED00003747,SKU011,12,16.02,192.29
IT00009239,PED00003747,SKU012,1,11.39,11.39
IT00009240,PED00003747,SKU001,2,6.25,12.5
IT00009241,PED00003748,SKU008,3,19.43,58.3
IT00009242,PED00003749,SKU007,2,12.91,25.82
IT00009243,PED00003749,SKU015,1,6.69,6.69
IT00009244,PED00003750,SKU005,3,8.11,24.34
IT00009245,PED00003751,SKU009,1,20.21,20.21
IT00009246,PED00003751,SKU009,6,19.4,116.39
IT00009247,PED00003752,SKU004,3,7.8,23.39
IT00009248,PED00003752,SKU005,2,8.2,16.41
IT00009249,PED00003753,SKU011,2,17.17,34.34
IT00009250,PED00003754,SKU011,2,17.04,34.07
IT00009251,PED00003754,SKU015,6,7.14,42.84
IT00009252,PED00003755,SKU013,3,11.26,33.77
IT00009253,PED00003755,SKU011,3,15.82,47.47
IT00009254,PED00003756,SKU010,2,15.41,30.83
IT00009255,PED00003756,SKU009,2,20.78,41.57
IT00009256,PED00003757,SKU001,2,6.33,12.65
IT00009257,PED00003757,SKU003,12,3.77,45.19
IT00009258,PED00003757,SKU007,1,12.52,12.52
IT00009259,PED00003757,SKU004,12,7.66,91.88
IT00009260,PED00003758,SKU002,6,4.18,25.07
IT00009261,PED00003758,SKU007,3,12.76,38.27
IT00009262,PED00003758,SKU007,12,12.43,149.12
IT00009263,PED00003758,SKU011,2,17.29,34.57
IT00009264,PED00003759,SKU008,12,18.29,219.44
IT00009265,PED00003760,SKU014,2,7.67,15.34
IT00009266,PED00003760,SKU014,12,7.19,86.28
IT00009267,PED00003760,SKU007,2,12.82,25.64
IT00009268,PED00003760,SKU011,2,17.28,34.56
IT00009269,PED00003761,SKU003,2,3.84,7.67
IT00009270,PED00003761,SKU002,1,4.26,4.26
IT00009271,PED00003761,SKU013,1,11.0,11.0
IT00009272,PED00003762,SKU012,1,11.51,11.51
IT00009273,PED00003762,SKU010,2,15.27,30.54
IT00009274,PED00003763,SKU005,2,8.48,16.97
IT00009275,PED00003763,SKU010,2,14.66,29.32
IT00009276,PED00003763,SKU002,1,4.02,4.02
IT00009277,PED00003763,SKU002,6,4.15,24.88
IT00009278,PED00003764,SKU003,1,3.91,3.91
IT00009279,PED00003764,SKU012,2,11.8,23.59
IT00009280,PED00003765,SKU004,3,7.76,23.29
IT00009281,PED00003766,SKU004,1,7.82,7.82
IT00009282,PED00003766,SKU011,1,17.03,17.03
IT00009283,PED00003767,SKU005,1,8.23,8.23
IT00009284,PED00003767,SKU004,2,7.85,15.7
IT00009285,PED00003768,SKU004,1,7.83,7.83
IT00009286,PED00003768,SKU012,12,12.31,147.67
IT00009287,PED00003768,SKU008,2,18.8,37.61
IT00009288,PED00003769,SKU013,2,11.05,22.1
IT00009289,PED00003769,SKU015,1,6.86,6.86
IT00009290,PED00003769,SKU013,2,10.63,21.26
IT00009291,PED00003769,SKU002,3,4.17,12.52
IT00009292,PED00003769,SKU015,1,7.15,0.0
IT00009293,PED00003770,SKU013,3,10.66,31.99
IT00009294,PED00003770,SKU004,6,7.95,47.7
IT00009295,PED00003770,SKU012,6,11.4,68.41
IT00009296,PED00003770,SKU005,3,8.82,26.47
IT00009297,PED00003770,SKU002,2,4.0,7.99
IT00009298,PED00003771,SKU010,1,14.39,14.39
IT00009299,PED00003771,SKU013,12,10.86,130.36
IT00009300,PED00003771,SKU010,2,14.31,28.63
IT00009301,PED00003772,SKU002,1,4.03,4.03
IT00009302,PED00003772,SKU015,2,7.23,14.46
IT00009303,PED00003772,SKU011,6,16.43,98.6
IT00009304,PED00003773,SKU015,1,6.88,6.88
IT00009305,PED00003774,SKU001,1,6.54,6.54
IT00009306,PED00003774,SKU015,6,6.66,39.93
IT00009307,PED00003774,SKU009,2,20.12,40.25
IT00009308,PED00003775,SKU009,3,20.01,60.04
IT00009309,PED00003776,SKU009,2,19.45,38.89
IT00009310,PED00003776,SKU001,2,6.38,12.77
IT00009311,PED00003776,SKU012,1,12.37,12.37
IT00009312,PED00003776,SKU014,2,7.41,14.81
IT00009313,PED00003776,SKU011,1,17.25,17.25
IT00009314,PED00003777,SKU009,1,20.21,20.21
IT00009315,PED00003777,SKU011,2,16.7,33.39
IT00009316,PED00003777,SKU008,1,18.37,18.37
IT00009317,PED00003778,SKU002,3,4.06,12.18
IT00009318,PED00003778,SKU005,6,8.88,53.25
IT00009319,PED00003779,SKU012,2,12.43,24.86
IT00009320,PED00003779,SKU001,1,6.55,6.55
IT00009321,PED00003779,SKU014,3,7.26,21.79
IT00009322,PED00003779,SKU015,2,7.18,14.36
IT00009323,PED00003780,SKU009,6,19.3,115.81
IT00009324,PED00003780,SKU012,2,11.83,23.66
IT00009325,PED00003780,SKU003,3,3.63,10.88
IT00009326,PED00003781,SKU004,2,7.71,15.41
IT00009327,PED00003781,SKU013,6,11.33,68.0
IT00009328,PED00003782,SKU014,2,7.79,15.58
IT00009329,PED00003782,SKU005,6,8.66,51.96
IT00009330,PED00003783,SKU015,6,7.22,43.31
IT00009331,PED00003784,SKU012,2,11.94,23.89
IT00009332,PED00003785,SKU003,6,3.72,22.34
IT00009333,PED00003785,SKU003,12,3.72,44.61
IT00009334,PED00003786,SKU011,6,17.02,102.14
IT00009335,PED00003786,SKU001,2,6.82,13.65
IT00009336,PED00003787,SKU009,6,20.78,124.7
IT00009337,PED00003787,SKU001,1,6.36,6.36
IT00009338,PED00003787,SKU001,6,6.24,37.46
IT00009339,PED00003788,SKU009,1,19.89,19.89
IT00009340,PED00003788,SKU006,3,10.0,29.99
IT00009341,PED00003788,SKU013,3,10.92,32.76
IT00009342,PED00003788,SKU009,1,20.82,20.82
IT00009343,PED00003789,SKU003,3,3.76,11.28
IT00009344,PED00003790,SKU012,3,11.88,35.65
IT00009345,PED00003790,SKU003,2,3.92,7.84
IT00009346,PED00003790,SKU009,2,20.5,41.0
IT00009347,PED00003790,SKU015,1,7.23,7.23
IT00009348,PED00003790,SKU007,3,13.43,40.3
IT00009349,PED00003791,SKU011,1,17.08,17.08
IT00009350,PED00003792,SKU014,2,7.61,15.22
IT00009351,PED00003792,SKU012,1,12.18,12.18
IT00009352,PED00003792,SKU002,2,4.1,8.21
IT00009353,PED00003793,SKU003,1,3.69,3.69
IT00009354,PED00003793,SKU010,2,15.5,31.0
IT00009355,PED00003793,SKU005,1,8.37,8.37
IT00009356,PED00003793,SKU007,6,13.16,78.96
IT00009357,PED00003794,SKU015,3,7.11,21.33
IT00009358,PED00003794,SKU011,1,16.54,16.54
IT00009359,PED00003794,SKU009,2,18.98,37.96
IT00009360,PED00003795,SKU002,2,4.02,8.04
IT00009361,PED00003795,SKU007,3,12.51,37.54
IT00009362,PED00003796,SKU002,6,4.4,26.37
IT00009363,PED00003796,SKU011,2,16.19,32.38
IT00009364,PED00003796,SKU003,6,3.61,21.68
IT00009365,PED00003797,SKU005,2,8.43,16.86
IT00009366,PED00003797,SKU015,1,7.02,7.02
IT00009367,PED00003798,SKU005,6,8.84,53.07
IT00009368,PED00003798,SKU012,2,12.28,24.57
IT00009369,PED00003798,SKU005,1,8.26,8.26
IT00009370,PED00003799,SKU014,2,7.76,15.51
IT00009371,PED00003799,SKU003,3,3.63,10.88
IT00009372,PED00003800,SKU008,1,18.72,18.72
IT00009373,PED00003800,SKU006,2,9.78,19.56
IT00009374,PED00003801,SKU002,2,4.24,8.47
IT00009375,PED00003801,SKU013,3,10.66,31.98
IT00009376,PED00003801,SKU001,1,6.37,6.37
IT00009377,PED00003802,SKU005,3,8.19,24.56
IT00009378,PED00003802,SKU005,2,8.09,16.17
IT00009379,PED00003803,SKU009,1,19.63,19.63
IT00009380,PED00003803,SKU013,1,10.99,10.99
IT00009381,PED00003803,SKU006,2,9.49,18.98
IT00009382,PED00003804,SKU009,1,19.41,19.41
IT00009383,PED00003804,SKU001,2,6.5,13.0
IT00009384,PED00003805,SKU001,1,6.63,6.63
IT00009385,PED00003805,SKU015,1,7.22,7.22
IT00009386,PED00003805,SKU003,3,3.63,10.88
IT00009387,PED00003805,SKU011,2,16.64,33.28
IT00009388,PED00003805,SKU001,6,6.82,40.91
IT00009389,PED00003806,SKU014,6,7.4,44.41
IT00009390,PED00003806,SKU013,1,10.65,10.65
IT00009391,PED00003806,SKU010,3,14.32,42.96
IT00009392,PED00003807,SKU001,1,6.53,6.53
IT00009393,PED00003807,SKU011,1,16.82,16.82
IT00009394,PED00003808,SKU002,3,4.13,12.4
IT00009395,PED00003809,SKU002,2,4.19,8.38
IT00009396,PED00003809,SKU003,1,3.69,3.69
IT00009397,PED00003810,SKU002,1,4.04,4.04
IT00009398,PED00003810,SKU002,1,4.35,4.35
IT00009399,PED00003811,SKU003,6,3.65,21.91
IT00009400,PED00003811,SKU004,6,8.14,48.85
IT00009401,PED00003811,SKU003,1,3.7,3.7
IT00009402,PED00003812,SKU001,1,6.82,6.82
IT00009403,PED00003812,SKU005,2,8.31,16.63
IT00009404,PED00003812,SKU015,2,6.71,13.41
IT00009405,PED00003813,SKU012,1,11.82,11.82
IT00009406,PED00003813,SKU010,1,15.45,15.45
IT00009407,PED00003814,SKU006,1,10.14,10.14
IT00009408,PED00003814,SKU009,2,20.39,40.78
IT00009409,PED00003815,SKU006,1,10.21,10.21
IT00009410,PED00003816,SKU013,1,10.82,10.82
IT00009411,PED00003816,SKU008,1,19.68,19.68
IT00009412,PED00003817,SKU005,2,8.18,16.35
IT00009413,PED00003817,SKU002,1,4.11,4.11
IT00009414,PED00003818,SKU003,2,3.89,7.79
IT00009415,PED00003818,SKU003,6,3.81,22.87
IT00009416,PED00003819,SKU009,3,19.47,58.4
IT00009417,PED00003820,SKU010,6,15.34,92.03
IT00009418,PED00003820,SKU005,6,8.32,49.9
IT00009419,PED00003820,SKU003,1,3.73,3.73
IT00009420,PED00003820,SKU001,2,6.51,13.02
IT00009421,PED00003821,SKU004,2,7.62,15.24
IT00009422,PED00003821,SKU010,1,14.36,14.36
IT00009423,PED00003821,SKU005,2,8.67,17.34
IT00009424,PED00003821,SKU009,3,19.84,59.53
IT00009425,PED00003822,SKU011,3,17.2,51.6
IT00009426,PED00003822,SKU007,2,13.32,26.64
IT00009427,PED00003822,SKU006,2,9.88,19.75
IT00009428,PED00003823,SKU015,1,7.13,7.13
IT00009429,PED00003823,SKU015,1,6.9,6.9
IT00009430,PED00003824,SKU012,1,11.66,11.66
IT00009431,PED00003825,SKU002,3,4.18,12.53
IT00009432,PED00003825,SKU012,1,11.52,11.52
IT00009433,PED00003825,SKU004,1,7.97,7.97
IT00009434,PED00003826,SKU015,3,7.21,21.64
IT00009435,PED00003826,SKU002,3,4.2,12.61
IT00009436,PED00003826,SKU001,1,6.39,6.39
IT00009437,PED00003827,SKU005,3,8.62,25.85
IT00009438,PED00003827,SKU005,6,8.87,53.19
IT00009439,PED00003828,SKU005,2,8.68,17.36
IT00009440,PED00003828,SKU004,6,8.11,48.65
IT00009441,PED00003829,SKU015,1,7.15,7.15
IT00009442,PED00003830,SKU011,12,16.72,200.65
IT00009443,PED00003830,SKU012,1,11.48,11.48
IT00009444,PED00003830,SKU001,2,6.5,13.01
IT00009445,PED00003830,SKU008,1,19.51,19.51
IT00009446,PED00003830,SKU006,2,10.19,20.37
IT00009447,PED00003831,SKU003,3,3.79,11.38
IT00009448,PED00003832,SKU003,1,3.62,3.62
IT00009449,PED00003832,SKU005,3,8.5,25.51
IT00009450,PED00003832,SKU015,2,6.68,13.36
IT00009451,PED00003832,SKU013,6,10.98,65.91
IT00009452,PED00003833,SKU006,3,10.08,30.25
IT00009453,PED00003833,SKU008,1,19.15,19.15
IT00009454,PED00003834,SKU006,6,9.88,59.26
IT00009455,PED00003834,SKU007,1,13.02,13.02
IT00009456,PED00003834,SKU006,3,9.52,28.57
IT00009457,PED00003835,SKU012,2,11.9,23.79
IT00009458,PED00003835,SKU014,2,7.3,14.61
IT00009459,PED00003835,SKU001,1,6.43,6.43
IT00009460,PED00003836,SKU006,6,9.66,57.96
IT00009461,PED00003836,SKU001,1,6.8,6.8
IT00009462,PED00003836,SKU002,2,4.22,8.44
IT00009463,PED00003837,SKU005,6,8.12,48.75
IT00009464,PED00003838,SKU014,1,7.19,7.19
IT00009465,PED00003838,SKU002,2,4.1,8.21
IT00009466,PED00003839,SKU005,1,8.9,8.9
IT00009467,PED00003839,SKU008,3,18.09,54.27
IT00009468,PED00003839,SKU003,3,3.7,11.09
IT00009469,PED00003839,SKU005,12,8.17,97.99
IT00009470,PED00003840,SKU013,3,10.56,31.67
IT00009471,PED00003840,SKU002,2,4.02,8.03
IT00009472,PED00003841,SKU006,3,10.24,30.71
IT00009473,PED00003841,SKU002,2,4.04,8.09
IT00009474,PED00003841,SKU015,3,7.15,21.46
IT00009475,PED00003842,SKU015,3,6.7,20.11
IT00009476,PED00003842,SKU014,12,7.41,88.95
IT00009477,PED00003842,SKU013,2,11.07,22.14
IT00009478,PED00003843,SKU012,2,11.34,22.68
IT00009479,PED00003843,SKU002,1,4.09,4.09
IT00009480,PED00003843,SKU009,3,18.95,56.85
IT00009481,PED00003843,SKU012,3,12.09,36.27
IT00009482,PED00003844,SKU004,1,7.66,7.66
IT00009483,PED00003845,SKU002,1,4.1,4.1
IT00009484,PED00003845,SKU005,6,8.78,52.65
IT00009485,PED00003845,SKU002,1,4.3,4.3
IT00009486,PED00003846,SKU012,3,12.04,36.12
IT00009487,PED00003846,SKU013,2,10.71,21.42
IT00009488,PED00003846,SKU001,3,6.44,19.32
IT00009489,PED00003846,SKU015,12,6.74,80.88
IT00009490,PED00003847,SKU008,2,19.07,38.14
IT00009491,PED00003847,SKU006,2,9.58,19.17
IT00009492,PED00003847,SKU011,1,16.91,16.91
IT00009493,PED00003848,SKU008,6,18.9,113.43
IT00009494,PED00003848,SKU005,2,8.69,17.37
IT00009495,PED00003849,SKU005,3,8.78,26.33
IT00009496,PED00003849,SKU015,3,7.01,21.02
IT00009497,PED00003849,SKU011,6,16.59,99.56
IT00009498,PED00003849,SKU001,6,6.82,40.94
IT00009499,PED00003849,SKU009,1,19.72,19.72
IT00009500,PED00003850,SKU004,2,7.55,15.1
IT00009501,PED00003850,SKU002,1,4.18,4.18
IT00009502,PED00003850,SKU009,3,19.44,58.31
IT00009503,PED00003851,SKU014,6,7.17,43.04
IT00009504,PED00003852,SKU007,2,13.23,26.46
IT00009505,PED00003852,SKU011,6,15.79,94.75
IT00009506,PED00003852,SKU006,2,9.7,19.4
IT00009507,PED00003853,SKU015,2,6.85,13.69
IT00009508,PED00003853,SKU012,3,11.67,35.02
IT00009509,PED00003854,SKU004,1,8.1,8.1
IT00009510,PED00003854,SKU010,1,14.58,14.58
IT00009511,PED00003854,SKU009,1,18.99,18.99
IT00009512,PED00003855,SKU001,1,6.8,6.8
IT00009513,PED00003855,SKU008,1,18.14,18.14
IT00009514,PED00003855,SKU013,1,11.26,11.26
IT00009515,PED00003856,SKU012,12,12.1,145.19
IT00009516,PED00003856,SKU011,1,16.13,16.13
IT00009517,PED00003857,SKU013,3,11.26,33.79
IT00009518,PED00003857,SKU015,2,7.23,14.45
IT00009519,PED00003857,SKU002,2,4.2,8.4
IT00009520,PED00003858,SKU006,6,9.94,59.61
IT00009521,PED00003858,SKU011,3,16.44,49.32
IT00009522,PED00003858,SKU013,1,10.51,10.51
IT00009523,PED00003859,SKU015,1,6.83,6.83
IT00009524,PED00003859,SKU001,6,6.78,40.66
IT00009525,PED00003859,SKU013,1,10.95,10.95
IT00009526,PED00003859,SKU008,1,19.38,19.38
IT00009527,PED00003860,SKU014,6,7.45,44.71
IT00009528,PED00003860,SKU010,2,15.49,30.98
IT00009529,PED00003860,SKU009,3,20.27,60.82
IT00009530,PED00003860,SKU008,1,18.27,18.27
IT00009531,PED00003861,SKU014,1,7.62,7.62
IT00009532,PED00003861,SKU012,12,11.78,141.42
IT00009533,PED00003862,SKU010,1,15.39,15.39
IT00009534,PED00003863,SKU012,2,11.72,23.43
IT00009535,PED00003863,SKU005,6,8.71,52.27
IT00009536,PED00003864,SKU015,1,7.2,7.2
IT00009537,PED00003864,SKU002,2,4.27,8.53
IT00009538,PED00003865,SKU004,2,7.52,15.04
IT00009539,PED00003866,SKU007,1,13.38,13.38
IT00009540,PED00003866,SKU013,2,11.11,22.22
IT00009541,PED00003866,SKU009,3,19.74,59.22
IT00009542,PED00003866,SKU015,1,6.65,6.65
IT00009543,PED00003867,SKU003,12,3.79,45.5
IT00009544,PED00003868,SKU015,2,6.86,13.72
IT00009545,PED00003868,SKU005,3,8.83,26.49
IT00009546,PED00003869,SKU006,3,9.97,29.92
IT00009547,PED00003869,SKU012,1,11.77,11.77
IT00009548,PED00003869,SKU002,2,4.2,8.4
IT00009549,PED00003870,SKU008,1,18.75,18.75
IT00009550,PED00003870,SKU001,3,6.45,19.36
IT00009551,PED00003871,SKU006,6,9.86,59.18
IT00009552,PED00003871,SKU004,1,8.03,8.03
IT00009553,PED00003871,SKU009,1,20.07,20.07
IT00009554,PED00003872,SKU015,2,6.65,13.31
IT00009555,PED00003872,SKU006,3,9.79,29.38
IT00009556,PED00003872,SKU002,3,4.09,12.28
IT00009557,PED00003872,SKU012,3,12.02,36.07
IT00009558,PED00003872,SKU011,1,16.24,16.24
IT00009559,PED00003873,SKU007,1,13.34,13.34
IT00009560,PED00003873,SKU001,2,6.62,13.24
IT00009561,PED00003873,SKU015,3,6.95,20.85
IT00009562,PED00003873,SKU012,2,11.39,22.77
IT00009563,PED00003874,SKU007,3,12.64,37.92
IT00009564,PED00003874,SKU001,3,6.53,19.6
IT00009565,PED00003875,SKU011,1,16.23,16.23
IT00009566,PED00003875,SKU005,1,8.64,8.64
IT00009567,PED00003876,SKU012,1,11.49,11.49
IT00009568,PED00003876,SKU013,3,11.04,33.11
IT00009569,PED00003877,SKU014,6,7.5,45.03
IT00009570,PED00003877,SKU008,3,19.78,59.33
IT00009571,PED00003877,SKU006,6,9.63,57.78
IT00009572,PED00003878,SKU001,2,6.8,13.61
IT00009573,PED00003878,SKU006,3,9.67,29.02
IT00009574,PED00003879,SKU015,12,7.06,84.72
IT00009575,PED00003879,SKU006,1,10.31,10.31
IT00009576,PED00003880,SKU014,6,7.32,43.92
IT00009577,PED00003880,SKU015,1,6.83,6.83
IT00009578,PED00003881,SKU011,1,16.25,16.25
IT00009579,PED00003882,SKU004,3,8.19,24.57
IT00009580,PED00003883,SKU011,1,17.2,17.2
IT00009581,PED00003883,SKU002,6,4.02,24.13
IT00009582,PED00003884,SKU015,1,6.59,6.59
IT00009583,PED00003884,SKU011,6,15.99,95.91
IT00009584,PED00003884,SKU013,3,10.44,31.33
IT00009585,PED00003885,SKU003,2,3.76,7.53
IT00009586,PED00003885,SKU015,3,6.9,20.71
IT00009587,PED00003885,SKU002,2,4.1,8.2
IT00009588,PED00003885,SKU004,3,8.23,24.7
IT00009589,PED00003886,SKU009,12,19.8,237.65
IT00009590,PED00003886,SKU011,12,16.65,199.84
IT00009591,PED00003886,SKU009,1,19.72,19.72
IT00009592,PED00003886,SKU008,2,18.29,36.58
IT00009593,PED00003886,SKU005,2,8.31,16.61
IT00009594,PED00003887,SKU012,6,12.0,72.0
IT00009595,PED00003888,SKU013,6,10.52,63.13
IT00009596,PED00003888,SKU015,3,6.94,20.81
IT00009597,PED00003888,SKU009,1,19.5,19.5
IT00009598,PED00003888,SKU007,2,12.96,25.93
IT00009599,PED00003888,SKU014,6,7.74,46.46
IT00009600,PED00003889,SKU009,3,19.12,57.35
IT00009601,PED00003889,SKU001,3,6.72,20.15
IT00009602,PED00003890,SKU011,3,17.17,51.52
IT00009603,PED00003890,SKU004,1,7.78,7.78
IT00009604,PED00003890,SKU008,1,19.22,19.22
IT00009605,PED00003890,SKU002,6,4.14,24.85
IT00009606,PED00003891,SKU011,1,16.64,16.64
IT00009607,PED00003891,SKU009,3,20.5,61.5
IT00009608,PED00003892,SKU003,3,3.92,11.77
IT00009609,PED00003892,SKU006,6,10.31,61.87
IT00009610,PED00003892,SKU007,1,13.44,13.44
IT00009611,PED00003892,SKU009,1,19.61,19.61
IT00009612,PED00003893,SKU012,1,11.92,11.92
IT00009613,PED00003894,SKU006,2,9.92,19.85
IT00009614,PED00003894,SKU003,2,3.69,7.38
IT00009615,PED00003895,SKU011,3,16.04,48.12
IT00009616,PED00003895,SKU006,12,10.1,121.17
IT00009617,PED00003895,SKU013,1,10.87,10.87
IT00009618,PED00003895,SKU007,2,13.48,26.96
IT00009619,PED00003895,SKU004,1,8.24,8.24
IT00009620,PED00003896,SKU011,6,16.02,96.1
IT00009621,PED00003897,SKU012,1,12.43,12.43
IT00009622,PED00003897,SKU012,1,11.9,11.9
IT00009623,PED00003897,SKU009,2,20.39,40.78
IT00009624,PED00003898,SKU014,1,7.28,7.28
IT00009625,PED00003898,SKU003,1,3.64,3.64
IT00009626,PED00003898,SKU008,3,19.45,58.35
IT00009627,PED00003898,SKU014,3,7.81,23.44
IT00009628,PED00003899,SKU012,1,11.92,11.92
IT00009629,PED00003900,SKU002,1,4.17,4.17
IT00009630,PED00003900,SKU012,2,11.61,23.22
IT00009631,PED00003901,SKU013,1,10.47,10.47
IT00009632,PED00003901,SKU005,2,8.7,17.41
IT00009633,PED00003901,SKU009,3,19.83,59.5
IT00009634,PED00003901,SKU012,1,11.55,11.55
IT00009635,PED00003902,SKU009,3,19.54,58.61
IT00009636,PED00003902,SKU005,2,8.27,16.54
IT00009637,PED00003903,SKU012,2,12.4,24.81
IT00009638,PED00003903,SKU002,6,4.26,25.58
IT00009639,PED00003903,SKU010,2,14.81,29.63
IT00009640,PED00003903,SKU003,1,3.77,3.77
IT00009641,PED00003904,SKU008,1,19.25,19.25
IT00009642,PED00003904,SKU008,2,19.28,38.56
IT00009643,PED00003904,SKU001,1,6.24,6.24
IT00009644,PED00003904,SKU014,3,7.81,23.44
IT00009645,PED00003905,SKU001,2,6.26,12.52
IT00009646,PED00003905,SKU009,2,19.54,39.09
IT00009647,PED00003905,SKU006,6,10.12,60.7
IT00009648,PED00003905,SKU009,1,20.58,20.58
IT00009649,PED00003906,SKU002,3,4.16,12.48
IT00009650,PED00003906,SKU007,6,13.51,81.05
IT00009651,PED00003906,SKU011,2,16.01,32.03
IT00009652,PED00003907,SKU014,6,7.56,45.37
IT00009653,PED00003907,SKU010,1,15.42,15.42
IT00009654,PED00003907,SKU008,3,19.72,59.17
IT00009655,PED00003908,SKU012,1,11.39,11.39
IT00009656,PED00003908,SKU001,1,6.67,6.67
IT00009657,PED00003908,SKU007,6,12.62,75.7
IT00009658,PED00003908,SKU009,3,19.07,57.2
IT00009659,PED00003909,SKU012,6,12.17,73.02
IT00009660,PED00003909,SKU014,1,7.83,7.83
IT00009661,PED00003910,SKU005,2,8.55,17.09
IT00009662,PED00003910,SKU014,6,7.69,46.13
IT00009663,PED00003910,SKU015,2,6.78,13.57
IT00009664,PED00003910,SKU008,1,17.97,17.97
IT00009665,PED00003911,SKU014,1,7.66,7.66
IT00009666,PED00003911,SKU004,3,8.03,24.08
IT00009667,PED00003911,SKU001,3,6.33,19.0
IT00009668,PED00003911,SKU012,2,12.4,24.8
IT00009669,PED00003911,SKU011,1,15.93,15.93
IT00009670,PED00003912,SKU004,3,7.75,23.26
IT00009671,PED00003912,SKU002,1,4.05,4.05
IT00009672,PED00003912,SKU008,1,19.51,19.51
IT00009673,PED00003912,SKU006,3,10.08,30.23
IT00009674,PED00003913,SKU011,6,16.81,100.88
IT00009675,PED00003913,SKU004,3,8.08,24.24
IT00009676,PED00003914,SKU003,2,3.7,7.4
IT00009677,PED00003914,SKU014,2,7.4,14.8
IT00009678,PED00003915,SKU015,1,7.03,7.03
IT00009679,PED00003916,SKU001,1,6.55,6.55
IT00009680,PED00003916,SKU007,1,13.3,13.3
IT00009681,PED00003916,SKU015,2,7.23,14.46
IT00009682,PED00003916,SKU006,6,10.36,62.18
IT00009683,PED00003917,SKU006,1,9.43,9.43
IT00009684,PED00003917,SKU004,1,8.2,8.2
IT00009685,PED00003917,SKU003,3,3.9,11.69
IT00009686,PED00003918,SKU002,1,4.07,4.07
IT00009687,PED00003918,SKU004,1,7.64,7.64
IT00009688,PED00003919,SKU010,1,15.17,15.17
IT00009689,PED00003919,SKU002,1,4.25,4.25
IT00009690,PED00003919,SKU009,3,20.89,62.68
IT00009691,PED00003919,SKU013,1,11.3,11.3
IT00009692,PED00003920,SKU011,3,16.18,48.53
IT00009693,PED00003921,SKU001,3,6.56,19.68
IT00009694,PED00003921,SKU011,3,17.06,51.18
IT00009695,PED00003922,SKU011,1,17.23,17.23
IT00009696,PED00003923,SKU011,3,16.71,50.14
IT00009697,PED00003923,SKU010,2,15.1,30.19
IT00009698,PED00003923,SKU012,2,11.82,23.64
IT00009699,PED00003923,SKU006,1,10.09,10.09
IT00009700,PED00003923,SKU010,12,15.06,180.77
IT00009701,PED00003924,SKU008,3,18.13,54.4
IT00009702,PED00003924,SKU013,2,11.39,22.77
IT00009703,PED00003924,SKU002,6,4.05,24.3
IT00009704,PED00003925,SKU003,1,3.69,3.69
IT00009705,PED00003925,SKU011,3,16.19,48.56
IT00009706,PED00003925,SKU011,2,17.0,34.01
IT00009707,PED00003926,SKU010,1,15.54,15.54
IT00009708,PED00003926,SKU001,3,6.79,20.38
IT00009709,PED00003926,SKU003,6,3.66,21.98
IT00009710,PED00003926,SKU012,1,11.36,11.36
IT00009711,PED00003927,SKU002,1,4.17,4.17
IT00009712,PED00003927,SKU011,1,16.24,16.24
IT00009713,PED00003927,SKU009,1,19.13,19.13
IT00009714,PED00003928,SKU002,1,4.19,4.19
IT00009715,PED00003928,SKU001,1,6.66,6.66
IT00009716,PED00003929,SKU014,1,7.33,7.33
IT00009717,PED00003930,SKU009,2,19.3,38.59
IT00009718,PED00003930,SKU002,1,4.29,4.29
IT00009719,PED00003930,SKU015,3,6.59,19.77
IT00009720,PED00003931,SKU005,1,8.53,8.53
IT00009721,PED00003932,SKU010,3,15.56,46.68
IT00009722,PED00003932,SKU005,12,8.33,99.93
IT00009723,PED00003933,SKU011,1,16.29,16.29
IT00009724,PED00003934,SKU012,2,11.64,23.29
IT00009725,PED00003934,SKU015,2,7.18,14.36
IT00009726,PED00003935,SKU014,1,7.45,7.45
IT00009727,PED00003935,SKU015,6,6.97,41.81
IT00009728,PED00003935,SKU015,2,6.71,13.41
IT00009729,PED00003935,SKU014,1,7.77,7.77
IT00009730,PED00003936,SKU015,2,6.93,13.86
IT00009731,PED00003936,SKU014,1,7.63,7.63
IT00009732,PED00003937,SKU012,6,11.76,70.55
IT00009733,PED00003937,SKU004,12,8.26,99.18
IT00009734,PED00003938,SKU011,1,16.8,16.8
IT00009735,PED00003939,SKU011,2,17.3,34.6
IT00009736,PED00003939,SKU006,3,9.97,29.9
IT00009737,PED00003939,SKU014,1,7.82,7.82
IT00009738,PED00003940,SKU007,6,12.73,76.38
IT00009739,PED00003940,SKU008,6,18.45,110.7
IT00009740,PED00003940,SKU002,3,4.04,12.12
IT00009741,PED00003940,SKU014,6,7.82,46.89
IT00009742,PED00003941,SKU006,1,9.79,9.79
IT00009743,PED00003941,SKU008,1,18.06,18.06
IT00009744,PED00003942,SKU007,6,12.55,75.28
IT00009745,PED00003942,SKU005,1,8.59,8.59
IT00009746,PED00003942,SKU003,2,3.73,7.46
IT00009747,PED00003943,SKU008,3,18.38,55.13
IT00009748,PED00003943,SKU004,2,8.25,16.5
IT00009749,PED00003944,SKU006,1,9.73,9.73
IT00009750,PED00003944,SKU009,6,20.46,122.74
IT00009751,PED00003945,SKU001,3,6.43,19.29
IT00009752,PED00003945,SKU009,6,19.67,117.99
IT00009753,PED00003945,SKU009,3,19.89,59.66
IT00009754,PED00003945,SKU001,12,6.61,79.31
IT00009755,PED00003946,SKU003,6,3.66,21.96
IT00009756,PED00003946,SKU013,2,10.55,21.1
IT00009757,PED00003947,SKU007,2,12.55,25.11
IT00009758,PED00003947,SKU010,1,15.52,15.52
IT00009759,PED00003948,SKU007,2,12.83,25.66
IT00009760,PED00003948,SKU002,6,4.18,25.1
IT00009761,PED00003948,SKU007,2,13.15,26.3
IT00009762,PED00003949,SKU002,6,4.27,25.6
IT00009763,PED00003950,SKU002,2,4.1,8.21
IT00009764,PED00003950,SKU012,6,11.81,70.85
IT00009765,PED00003951,SKU009,1,19.94,19.94
IT00009766,PED00003951,SKU013,1,11.44,11.44
IT00009767,PED00003951,SKU004,3,8.1,24.29
IT00009768,PED00003951,SKU006,2,9.82,19.64
IT00009769,PED00003952,SKU004,2,7.81,15.62
IT00009770,PED00003952,SKU007,2,13.14,26.29
IT00009771,PED00003952,SKU005,12,8.54,102.48
IT00009772,PED00003953,SKU010,2,14.69,29.38
IT00009773,PED00003953,SKU007,1,13.15,13.15
IT00009774,PED00003953,SKU013,1,10.64,10.64
IT00009775,PED00003953,SKU013,1,10.65,10.65
IT00009776,PED00003954,SKU007,1,12.62,12.62
IT00009777,PED00003954,SKU006,1,10.33,10.33
IT00009778,PED00003954,SKU002,3,4.31,12.92
IT00009779,PED00003955,SKU008,6,19.84,119.02
IT00009780,PED00003955,SKU011,2,16.85,33.69
IT00009781,PED00003955,SKU008,2,19.29,38.59
IT00009782,PED00003955,SKU005,3,8.8,26.39
IT00009783,PED00003956,SKU012,1,12.1,12.1
IT00009784,PED00003956,SKU013,6,10.64,63.85
IT00009785,PED00003957,SKU002,2,4.24,8.48
IT00009786,PED00003958,SKU012,3,11.81,35.43
IT00009787,PED00003958,SKU007,1,12.72,12.72
IT00009788,PED00003959,SKU004,3,7.66,22.99
IT00009789,PED00003959,SKU014,2,7.39,14.78
IT00009790,PED00003960,SKU006,3,10.24,30.71
IT00009791,PED00003960,SKU004,1,7.6,7.6
IT00009792,PED00003960,SKU014,2,7.58,15.16
IT00009793,PED00003961,SKU002,3,4.06,12.19
IT00009794,PED00003961,SKU015,12,6.89,82.7
IT00009795,PED00003961,SKU010,1,14.26,14.26
IT00009796,PED00003961,SKU011,2,15.68,31.36
IT00009797,PED00003961,SKU009,1,20.12,20.12
IT00009798,PED00003962,SKU015,3,7.17,21.51
IT00009799,PED00003962,SKU011,6,16.45,98.71
IT00009800,PED00003962,SKU011,2,15.77,31.53
IT00009801,PED00003963,SKU006,12,9.99,119.82
IT00009802,PED00003963,SKU004,1,8.26,8.26
IT00009803,PED00003963,SKU015,2,6.6,13.21
IT00009804,PED00003964,SKU007,3,12.36,37.08
IT00009805,PED00003964,SKU013,3,10.44,31.32
IT00009806,PED00003965,SKU005,2,8.92,17.85
IT00009807,PED00003965,SKU001,2,6.44,12.88
IT00009808,PED00003966,SKU010,1,14.94,14.94
IT00009809,PED00003966,SKU001,1,6.36,6.36
IT00009810,PED00003967,SKU010,1,15.37,15.37
IT00009811,PED00003967,SKU015,1,6.72,6.72
IT00009812,PED00003967,SKU007,2,12.7,25.4
IT00009813,PED00003968,SKU010,1,15.63,15.63
IT00009814,PED00003968,SKU012,2,11.87,23.73
IT00009815,PED00003969,SKU009,2,19.24,38.47
IT00009816,PED00003969,SKU011,2,16.14,32.28
IT00009817,PED00003970,SKU011,1,15.84,15.84
IT00009818,PED00003970,SKU010,1,15.43,15.43
IT00009819,PED00003970,SKU001,1,6.36,6.36
IT00009820,PED00003970,SKU013,2,11.23,22.46
IT00009821,PED00003970,SKU011,3,16.9,50.71
IT00009822,PED00003971,SKU008,2,19.31,38.61
IT00009823,PED00003971,SKU004,12,7.69,92.23
IT00009824,PED00003971,SKU012,3,11.96,35.89
IT00009825,PED00003972,SKU001,2,6.33,12.66
IT00009826,PED00003973,SKU013,1,11.19,11.19
IT00009827,PED00003974,SKU015,12,6.82,81.87
IT00009828,PED00003974,SKU009,1,20.46,20.46
IT00009829,PED00003974,SKU013,6,10.84,65.03
IT00009830,PED00003975,SKU005,2,8.32,16.64
IT00009831,PED00003975,SKU001,2,6.34,12.69
IT00009832,PED00003976,SKU009,2,20.1,40.2
IT00009833,PED00003976,SKU005,6,8.13,48.78
IT00009834,PED00003977,SKU013,1,11.38,11.38
IT00009835,PED00003977,SKU011,3,15.72,47.17
IT00009836,PED00003977,SKU007,2,13.39,26.78
IT00009837,PED00003978,SKU013,1,11.18,11.18
IT00009838,PED00003979,SKU007,2,12.85,25.7
IT00009839,PED00003979,SKU004,2,8.12,16.24
IT00009840,PED00003980,SKU006,6,9.88,59.3
IT00009841,PED00003980,SKU010,12,15.43,185.2
IT00009842,PED00003981,SKU012,1,12.19,12.19
IT00009843,PED00003981,SKU003,3,3.96,11.88
IT00009844,PED00003982,SKU003,1,3.87,3.87
IT00009845,PED00003982,SKU009,1,19.79,19.79
IT00009846,PED00003983,SKU009,3,20.33,61.0
IT00009847,PED00003983,SKU002,2,4.13,8.27
IT00009848,PED00003983,SKU007,6,13.05,78.28
IT00009849,PED00003983,SKU012,6,11.84,71.02
IT00009850,PED00003984,SKU012,1,12.46,12.46
IT00009851,PED00003984,SKU009,1,20.49,20.49
IT00009852,PED00003985,SKU010,1,14.5,14.5
IT00009853,PED00003985,SKU012,1,12.22,12.22
IT00009854,PED00003985,SKU012,3,11.35,34.05
IT00009855,PED00003986,SKU012,2,11.64,23.28
IT00009856,PED00003986,SKU011,1,16.74,16.74
IT00009857,PED00003986,SKU001,6,6.78,40.67
IT00009858,PED00003987,SKU005,6,8.23,49.36
IT00009859,PED00003987,SKU008,2,18.84,37.68
IT00009860,PED00003988,SKU011,1,16.65,16.65
IT00009861,PED00003988,SKU003,3,3.92,11.76
IT00009862,PED00003989,SKU014,1,7.2,7.2
IT00009863,PED00003989,SKU011,1,16.15,16.15
IT00009864,PED00003989,SKU010,12,15.3,183.59
IT00009865,PED00003990,SKU006,2,10.07,20.13
IT00009866,PED00003991,SKU006,1,10.28,10.28
IT00009867,PED00003992,SKU002,3,4.32,12.96
IT00009868,PED00003992,SKU014,1,7.43,7.43
IT00009869,PED00003992,SKU005,1,8.47,8.47
IT00009870,PED00003992,SKU013,1,11.02,11.02
IT00009871,PED00003993,SKU008,1,18.31,18.31
IT00009872,PED00003993,SKU001,2,6.22,12.44
IT00009873,PED00003994,SKU009,6,20.8,124.8
IT00009874,PED00003994,SKU003,12,3.9,46.86
IT00009875,PED00003995,SKU015,12,6.8,81.56
IT00009876,PED00003995,SKU015,3,6.83,20.5
IT00009877,PED00003995,SKU002,3,4.29,12.87
IT00009878,PED00003996,SKU013,1,11.04,11.04
IT00009879,PED00003996,SKU007,1,13.03,13.03
IT00009880,PED00003997,SKU014,6,7.7,46.18
IT00009881,PED00003997,SKU001,12,6.71,80.56
IT00009882,PED00003998,SKU007,2,13.29,26.58
IT00009883,PED00003998,SKU001,6,6.3,37.81
IT00009884,PED00003999,SKU003,3,3.78,11.35
IT00009885,PED00004000,SKU014,6,7.48,44.87
IT00009886,PED00004001,SKU012,6,11.49,68.95
IT00009887,PED00004001,SKU010,1,14.73,14.73
IT00009888,PED00004001,SKU003,6,3.76,22.54
IT00009889,PED00004001,SKU001,12,6.82,81.84
IT00009890,PED00004002,SKU010,2,15.64,31.29
IT00009891,PED00004003,SKU006,2,9.59,19.19
IT00009892,PED00004003,SKU006,6,9.59,57.54
IT00009893,PED00004004,SKU006,3,10.29,30.87
IT00009894,PED00004005,SKU009,2,20.18,40.37
IT00009895,PED00004005,SKU004,3,8.06,24.18
IT00009896,PED00004005,SKU014,2,7.35,14.71
IT00009897,PED00004006,SKU012,1,11.69,11.69
IT00009898,PED00004006,SKU004,1,8.28,8.28
IT00009899,PED00004006,SKU015,1,7.24,7.24
IT00009900,PED00004006,SKU010,1,14.87,14.87
IT00009901,PED00004007,SKU014,1,7.74,7.74
IT00009902,PED00004007,SKU008,2,18.75,37.5
IT00009903,PED00004007,SKU013,2,10.58,21.15
IT00009904,PED00004008,SKU006,1,9.62,9.62
IT00009905,PED00004008,SKU004,1,7.82,7.82
IT00009906,PED00004009,SKU002,1,4.06,4.06
IT00009907,PED00004009,SKU015,2,7.2,14.4
IT00009908,PED00004010,SKU006,3,9.91,29.73
IT00009909,PED00004011,SKU004,2,8.12,16.25
IT00009910,PED00004011,SKU010,2,15.55,31.11
IT00009911,PED00004011,SKU011,1,15.8,15.8
IT00009912,PED00004012,SKU008,2,18.19,36.39
IT00009913,PED00004012,SKU007,1,12.68,12.68
IT00009914,PED00004013,SKU005,12,8.35,100.24
IT00009915,PED00004013,SKU013,3,11.11,33.32
IT00009916,PED00004014,SKU003,2,3.61,7.23
IT00009917,PED00004014,SKU007,1,13.1,13.1
IT00009918,PED00004014,SKU001,1,6.68,6.68
IT00009919,PED00004015,SKU012,1,11.97,11.97
IT00009920,PED00004015,SKU009,2,19.85,39.69
IT00009921,PED00004016,SKU007,1,13.22,13.22
IT00009922,PED00004016,SKU012,3,11.93,35.8
IT00009923,PED00004016,SKU009,2,19.67,39.35
IT00009924,PED00004017,SKU014,2,7.44,14.87
IT00009925,PED00004018,SKU009,2,19.28,38.55
IT00009926,PED00004018,SKU013,3,10.41,31.23
IT00009927,PED00004018,SKU008,1,19.7,19.7
IT00009928,PED00004018,SKU014,2,7.54,15.07
IT00009929,PED00004018,SKU014,3,7.41,22.23
IT00009930,PED00004019,SKU003,1,3.72,3.72
IT00009931,PED00004019,SKU003,1,3.86,3.86
IT00009932,PED00004019,SKU008,1,19.79,19.79
IT00009933,PED00004019,SKU004,2,7.57,15.14
IT00009934,PED00004020,SKU004,3,7.91,23.73
IT00009935,PED00004020,SKU001,1,6.38,6.38
IT00009936,PED00004020,SKU010,6,15.25,91.52
IT00009937,PED00004021,SKU012,2,12.07,24.14
IT00009938,PED00004022,SKU007,1,12.79,12.79
IT00009939,PED00004022,SKU002,1,4.0,4.0
IT00009940,PED00004023,SKU015,1,7.18,7.18
IT00009941,PED00004023,SKU015,1,6.7,6.7
IT00009942,PED00004023,SKU009,6,20.76,124.57
IT00009943,PED00004024,SKU013,6,10.74,64.42
IT00009944,PED00004024,SKU003,6,3.65,21.88
IT00009945,PED00004024,SKU002,1,4.33,4.33
IT00009946,PED00004025,SKU002,3,4.29,12.88
IT00009947,PED00004025,SKU002,1,4.0,4.0
IT00009948,PED00004025,SKU013,2,10.49,20.98
IT00009949,PED00004026,SKU014,1,7.75,7.75
IT00009950,PED00004027,SKU004,2,7.97,15.94
IT00009951,PED00004027,SKU004,2,7.85,15.7
IT00009952,PED00004027,SKU010,1,15.06,15.06
IT00009953,PED00004027,SKU004,2,8.21,16.42
IT00009954,PED00004028,SKU002,3,4.12,12.37
IT00009955,PED00004028,SKU007,1,12.99,12.99
IT00009956,PED00004029,SKU007,3,12.64,37.93
IT00009957,PED00004029,SKU014,2,7.86,15.72
IT00009958,PED00004029,SKU012,1,11.52,11.52
IT00009959,PED00004029,SKU004,3,8.25,24.75
IT00009960,PED00004030,SKU012,2,12.4,24.8
IT00009961,PED00004031,SKU008,2,18.84,37.69
IT00009962,PED00004031,SKU001,2,6.47,12.94
IT00009963,PED00004032,SKU005,1,8.72,8.72
IT00009964,PED00004032,SKU004,1,7.67,7.67
IT00009965,PED00004032,SKU012,3,11.58,34.75
IT00009966,PED00004032,SKU007,2,13.36,26.73
IT00009967,PED00004033,SKU009,2,19.14,38.27
IT00009968,PED00004033,SKU015,2,6.56,13.11
IT00009969,PED00004033,SKU014,2,7.31,14.62
IT00009970,PED00004034,SKU005,6,8.28,49.66
IT00009971,PED00004035,SKU002,2,4.28,8.57
IT00009972,PED00004035,SKU002,3,4.09,12.26
IT00009973,PED00004035,SKU015,6,6.69,40.11
IT00009974,PED00004035,SKU015,3,6.98,20.94
IT00009975,PED00004036,SKU008,2,19.24,38.47
IT00009976,PED00004037,SKU014,12,7.81,93.7
IT00009977,PED00004038,SKU009,3,20.06,60.17
IT00009978,PED00004038,SKU010,6,14.24,85.45
IT00009979,PED00004038,SKU001,6,6.47,38.81
IT00009980,PED00004039,SKU011,1,16.64,16.64
IT00009981,PED00004039,SKU013,1,11.12,11.12
IT00009982,PED00004039,SKU011,2,16.23,32.45
IT00009983,PED00004039,SKU015,6,6.84,41.05
IT00009984,PED00004040,SKU004,2,7.95,15.89
IT00009985,PED00004040,SKU001,2,6.18,12.36
IT00009986,PED00004040,SKU015,1,6.57,6.57
IT00009987,PED00004041,SKU004,1,8.17,8.17
IT00009988,PED00004041,SKU006,6,10.21,61.24
IT00009989,PED00004042,SKU001,1,6.42,6.42
IT00009990,PED00004042,SKU013,1,10.54,10.54
IT00009991,PED00004043,SKU006,1,10.22,10.22
IT00009992,PED00004043,SKU002,1,4.3,4.3
IT00009993,PED00004043,SKU015,1,6.89,6.89
IT00009994,PED00004043,SKU009,2,20.68,41.36
IT00009995,PED00004044,SKU015,1,6.65,6.65
IT00009996,PED00004044,SKU015,6,6.59,39.53
IT00009997,PED00004044,SKU011,6,16.96,101.75
IT00009998,PED00004044,SKU011,2,16.28,32.55
IT00009999,PED00004045,SKU006,1,9.43,9.43
IT00010000,PED00004045,SKU014,2,7.31,14.62
IT00010001,PED00004046,SKU006,1,9.41,9.41
IT00010002,PED00004047,SKU010,1,15.18,15.18
IT00010003,PED00004048,SKU015,3,6.72,20.16
IT00010004,PED00004048,SKU008,6,19.8,118.82
IT00010005,PED00004048,SKU007,1,13.16,13.16
IT00010006,PED00004049,SKU013,3,11.4,34.19
IT00010007,PED00004049,SKU003,6,3.95,23.69
IT00010008,PED00004049,SKU005,12,8.74,104.9
IT00010009,PED00004050,SKU012,12,11.68,140.13
IT00010010,PED00004050,SKU010,12,14.24,170.87
IT00010011,PED00004051,SKU004,6,7.91,47.44
IT00010012,PED00004052,SKU015,1,6.86,6.86
IT00010013,PED00004052,SKU002,1,4.39,4.39
IT00010014,PED00004053,SKU010,3,14.48,43.44
IT00010015,PED00004053,SKU014,2,7.48,14.96
IT00010016,PED00004054,SKU003,1,3.68,3.68
IT00010017,PED00004054,SKU015,1,6.77,6.77
IT00010018,PED00004054,SKU008,1,19.74,19.74
IT00010019,PED00004054,SKU013,2,10.5,21.0
IT00010020,PED00004055,SKU014,2,7.53,15.06
IT00010021,PED00004055,SKU001,1,6.59,6.59
IT00010022,PED00004056,SKU007,2,12.35,24.7
IT00010023,PED00004056,SKU014,1,7.25,7.25
IT00010024,PED00004057,SKU012,6,11.47,68.8
IT00010025,PED00004057,SKU011,1,17.2,17.2
IT00010026,PED00004057,SKU002,3,4.25,12.75
IT00010027,PED00004057,SKU004,2,7.8,15.61
IT00010028,PED00004058,SKU003,3,3.8,11.39
IT00010029,PED00004058,SKU002,3,4.26,12.78
IT00010030,PED00004058,SKU004,6,7.53,45.16
IT00010031,PED00004059,SKU009,1,19.85,19.85
IT00010032,PED00004060,SKU006,1,10.16,10.16
IT00010033,PED00004060,SKU007,2,12.87,25.74
IT00010034,PED00004060,SKU008,3,18.04,54.11
IT00010035,PED00004060,SKU002,6,4.06,24.38
IT00010036,PED00004060,SKU009,1,19.9,19.9
IT00010037,PED00004061,SKU009,1,19.66,19.66
IT00010038,PED00004062,SKU006,6,10.12,60.73
IT00010039,PED00004062,SKU005,12,8.47,101.69
IT00010040,PED00004062,SKU002,1,4.01,4.01
IT00010041,PED00004062,SKU004,12,7.57,90.9
IT00010042,PED00004062,SKU009,1,18.99,18.99
IT00010043,PED00004063,SKU006,1,10.34,10.34
IT00010044,PED00004063,SKU010,2,14.49,28.97
IT00010045,PED00004063,SKU002,2,4.28,8.57
IT00010046,PED00004064,SKU009,1,19.74,19.74
IT00010047,PED00004064,SKU005,3,8.83,26.49
IT00010048,PED00004064,SKU002,1,4.21,4.21
IT00010049,PED00004065,SKU004,2,7.71,15.43
IT00010050,PED00004065,SKU004,2,7.53,15.06
IT00010051,PED00004066,SKU003,1,3.63,3.63
IT00010052,PED00004067,SKU006,12,10.22,122.61
IT00010053,PED00004068,SKU002,1,4.05,4.05
IT00010054,PED00004068,SKU008,6,18.0,108.0
IT00010055,PED00004069,SKU014,2,7.57,15.14
IT00010056,PED00004069,SKU015,1,6.72,6.72
IT00010057,PED00004070,SKU008,1,19.38,19.38
IT00010058,PED00004071,SKU011,6,16.2,97.21
IT00010059,PED00004071,SKU008,12,19.08,228.91
IT00010060,PED00004071,SKU005,6,8.32,49.91
IT00010061,PED00004071,SKU008,1,18.22,18.22
IT00010062,PED00004071,SKU015,2,7.2,14.4
IT00010063,PED00004072,SKU015,3,6.7,20.11
IT00010064,PED00004072,SKU003,1,3.78,3.78
IT00010065,PED00004072,SKU007,1,13.09,13.09
IT00010066,PED00004073,SKU010,6,14.91,89.46
IT00010067,PED00004073,SKU014,3,7.67,23.02
IT00010068,PED00004074,SKU003,2,3.98,7.97
IT00010069,PED00004074,SKU006,6,9.89,59.35
IT00010070,PED00004074,SKU003,1,3.87,3.87
IT00010071,PED00004074,SKU004,1,8.11,8.11
IT00010072,PED00004075,SKU008,2,18.65,37.3
IT00010073,PED00004075,SKU002,1,4.14,4.14
IT00010074,PED00004076,SKU008,6,18.88,113.28
IT00010075,PED00004076,SKU007,2,12.47,24.93
IT00010076,PED00004076,SKU004,1,8.14,8.14
IT00010077,PED00004076,SKU009,1,19.87,19.87
IT00010078,PED00004077,SKU015,1,7.15,7.15
IT00010079,PED00004078,SKU008,6,19.54,117.25
IT00010080,PED00004078,SKU001,2,6.24,12.49
IT00010081,PED00004078,SKU014,2,7.4,14.79
IT00010082,PED00004079,SKU013,2,10.37,20.75
IT00010083,PED00004079,SKU004,1,7.94,7.94
IT00010084,PED00004079,SKU002,3,4.01,12.04
IT00010085,PED00004080,SKU011,3,15.89,47.66
IT00010086,PED00004081,SKU007,2,13.07,26.13
IT00010087,PED00004081,SKU014,12,7.65,91.76
IT00010088,PED00004081,SKU011,2,16.06,32.11
IT00010089,PED00004081,SKU013,2,11.04,22.07
IT00010090,PED00004081,SKU007,6,12.96,77.74
IT00010091,PED00004082,SKU010,2,14.65,29.3
IT00010092,PED00004082,SKU013,12,10.45,125.39
IT00010093,PED00004082,SKU001,1,6.78,6.78
IT00010094,PED00004083,SKU003,6,3.75,22.5
IT00010095,PED00004083,SKU003,3,3.76,11.27
IT00010096,PED00004083,SKU005,6,8.71,52.25
IT00010097,PED00004084,SKU007,6,13.26,79.57
IT00010098,PED00004085,SKU002,3,4.15,12.45
IT00010099,PED00004086,SKU014,1,7.43,7.43
IT00010100,PED00004086,SKU006,3,9.55,28.65
IT00010101,PED00004086,SKU010,2,14.71,29.43
IT00010102,PED00004087,SKU004,1,7.83,7.83
IT00010103,PED00004087,SKU012,1,11.93,11.93
IT00010104,PED00004088,SKU004,1,8.2,8.2
IT00010105,PED00004088,SKU001,12,6.31,75.76
IT00010106,PED00004088,SKU009,2,20.22,40.44
IT00010107,PED00004089,SKU004,3,7.6,22.81
IT00010108,PED00004089,SKU001,3,6.19,18.57
IT00010109,PED00004089,SKU010,6,14.38,86.26
IT00010110,PED00004089,SKU014,2,7.6,15.2
IT00010111,PED00004090,SKU013,1,11.35,11.35
IT00010112,PED00004090,SKU001,6,6.56,39.39
IT00010113,PED00004090,SKU013,2,10.97,21.94
IT00010114,PED00004090,SKU011,1,17.22,17.22
IT00010115,PED00004090,SKU011,1,15.73,15.73
IT00010116,PED00004091,SKU010,12,14.65,175.83
IT00010117,PED00004092,SKU008,1,19.63,19.63
IT00010118,PED00004092,SKU008,3,18.29,54.88
IT00010119,PED00004093,SKU015,12,6.58,78.99
IT00010120,PED00004093,SKU011,1,16.18,16.18
IT00010121,PED00004093,SKU015,6,6.91,41.46
IT00010122,PED00004094,SKU008,6,19.44,116.61
IT00010123,PED00004094,SKU012,2,12.18,24.36
IT00010124,PED00004094,SKU015,2,6.88,13.75
IT00010125,PED00004095,SKU014,1,7.74,7.74
IT00010126,PED00004096,SKU003,12,3.69,44.27
IT00010127,PED00004096,SKU004,3,8.18,24.54
IT00010128,PED00004097,SKU015,3,6.65,19.96
IT00010129,PED00004097,SKU005,1,8.18,8.18
IT00010130,PED00004097,SKU011,1,17.0,17.0
IT00010131,PED00004097,SKU004,6,7.79,46.75
IT00010132,PED00004098,SKU006,12,9.89,118.63
IT00010133,PED00004098,SKU004,1,7.6,7.6
IT00010134,PED00004098,SKU009,1,20.88,20.88
IT00010135,PED00004099,SKU005,2,8.88,17.76
IT00010136,PED00004099,SKU001,3,6.27,18.82
IT00010137,PED00004099,SKU014,2,7.77,15.55
IT00010138,PED00004100,SKU012,3,11.44,34.32
IT00010139,PED00004100,SKU005,2,8.76,17.51
IT00010140,PED00004101,SKU010,1,14.8,14.8
IT00010141,PED00004101,SKU010,3,15.11,45.32
IT00010142,PED00004101,SKU001,1,6.8,6.8
IT00010143,PED00004102,SKU006,2,9.65,19.29
IT00010144,PED00004102,SKU005,6,8.64,51.86
IT00010145,PED00004103,SKU003,12,3.89,46.7
IT00010146,PED00004103,SKU009,1,19.87,19.87
IT00010147,PED00004103,SKU011,1,17.12,17.12
IT00010148,PED00004103,SKU001,6,6.45,38.69
IT00010149,PED00004104,SKU013,2,10.98,21.96
IT00010150,PED00004105,SKU001,6,6.49,38.94
IT00010151,PED00004106,SKU009,1,20.61,20.61
IT00010152,PED00004106,SKU010,1,14.66,14.66
IT00010153,PED00004107,SKU006,1,10.14,10.14
IT00010154,PED00004107,SKU001,2,6.47,12.93
IT00010155,PED00004107,SKU012,2,12.15,24.29
IT00010156,PED00004108,SKU007,1,13.38,13.38
IT00010157,PED00004109,SKU009,2,20.78,41.56
IT00010158,PED00004110,SKU011,2,17.0,34.01
IT00010159,PED00004111,SKU015,1,6.76,6.76
IT00010160,PED00004112,SKU001,1,6.7,6.7
IT00010161,PED00004112,SKU011,2,16.41,32.82
IT00010162,PED00004112,SKU008,1,18.7,18.7
IT00010163,PED00004112,SKU014,2,7.31,14.61
IT00010164,PED00004112,SKU007,6,13.08,78.5
IT00010165,PED00004113,SKU013,1,10.43,10.43
IT00010166,PED00004113,SKU010,1,15.62,15.62
IT00010167,PED00004114,SKU009,2,20.3,40.59
IT00010168,PED00004115,SKU013,1,11.35,11.35
IT00010169,PED00004115,SKU012,1,12.06,12.06
IT00010170,PED00004116,SKU011,1,16.92,16.92
IT00010171,PED00004117,SKU013,3,10.94,32.81
IT00010172,PED00004117,SKU005,3,8.24,24.71
IT00010173,PED00004118,SKU005,2,8.16,16.31
IT00010174,PED00004118,SKU006,6,10.03,60.2
IT00010175,PED00004118,SKU007,2,12.68,25.36
IT00010176,PED00004119,SKU005,2,8.45,16.9
IT00010177,PED00004119,SKU012,6,12.47,74.81
IT00010178,PED00004119,SKU001,2,6.61,13.22
IT00010179,PED00004119,SKU009,12,19.1,229.23
IT00010180,PED00004120,SKU009,2,20.3,40.6
IT00010181,PED00004120,SKU002,1,4.01,4.01
IT00010182,PED00004121,SKU011,2,16.42,32.84
IT00010183,PED00004121,SKU008,6,19.38,116.29
IT00010184,PED00004121,SKU007,1,13.09,13.09
IT00010185,PED00004121,SKU001,3,6.62,19.87
IT00010186,PED00004122,SKU010,1,14.36,14.36
IT00010187,PED00004122,SKU006,1,10.19,10.19
IT00010188,PED00004123,SKU015,1,6.92,6.92
IT00010189,PED00004123,SKU011,1,16.15,16.15
IT00010190,PED00004124,SKU001,3,6.35,19.04
IT00010191,PED00004124,SKU007,1,12.69,12.69
IT00010192,PED00004124,SKU009,12,20.53,246.41
IT00010193,PED00004125,SKU003,1,3.68,3.68
IT00010194,PED00004126,SKU003,2,3.93,7.87
IT00010195,PED00004126,SKU012,1,12.23,12.23
IT00010196,PED00004126,SKU012,1,11.61,11.61
IT00010197,PED00004127,SKU011,1,17.25,17.25
IT00010198,PED00004127,SKU003,1,3.96,3.96
IT00010199,PED00004127,SKU004,1,7.56,7.56
IT00010200,PED00004127,SKU015,1,6.71,6.71
IT00010201,PED00004127,SKU002,2,4.4,8.81
IT00010202,PED00004128,SKU009,6,20.88,125.28
IT00010203,PED00004128,SKU002,3,4.29,12.87
IT00010204,PED00004129,SKU012,1,11.92,11.92
IT00010205,PED00004129,SKU006,6,9.48,56.88
IT00010206,PED00004130,SKU001,2,6.55,13.09
IT00010207,PED00004130,SKU002,1,4.41,4.41
IT00010208,PED00004131,SKU009,6,19.03,114.16
IT00010209,PED00004132,SKU002,2,4.34,8.69
IT00010210,PED00004133,SKU010,2,14.7,29.4
IT00010211,PED00004134,SKU010,12,14.8,177.56
IT00010212,PED00004134,SKU015,6,7.0,41.99
IT00010213,PED00004134,SKU011,1,16.27,16.27
IT00010214,PED00004134,SKU006,1,10.37,10.37
IT00010215,PED00004135,SKU008,1,19.23,19.23
IT00010216,PED00004135,SKU014,2,7.37,14.75
IT00010217,PED00004135,SKU015,1,6.62,6.62
IT00010218,PED00004135,SKU011,3,16.38,49.14
IT00010219,PED00004136,SKU009,2,19.26,38.53
IT00010220,PED00004136,SKU015,1,7.2,7.2
IT00010221,PED00004136,SKU015,1,7.21,7.21
IT00010222,PED00004136,SKU010,1,15.5,15.5
IT00010223,PED00004137,SKU006,2,10.14,20.29
IT00010224,PED00004138,SKU006,2,10.3,20.59
IT00010225,PED00004138,SKU008,6,19.1,114.63
IT00010226,PED00004139,SKU009,2,19.53,39.06
IT00010227,PED00004139,SKU008,2,18.89,37.79
IT00010228,PED00004139,SKU011,6,16.76,100.58
IT00010229,PED00004140,SKU013,3,10.79,32.37
IT00010230,PED00004140,SKU004,1,8.05,8.05
IT00010231,PED00004140,SKU002,1,4.04,4.04
IT00010232,PED00004140,SKU006,1,10.32,10.32
IT00010233,PED00004141,SKU005,2,8.89,17.77
IT00010234,PED00004141,SKU002,1,4.03,4.03
IT00010235,PED00004141,SKU001,1,6.39,6.39
IT00010236,PED00004142,SKU006,6,9.98,59.88
IT00010237,PED00004142,SKU009,2,19.62,39.24
IT00010238,PED00004143,SKU014,2,7.82,15.64
IT00010239,PED00004143,SKU010,2,14.41,28.83
IT00010240,PED00004143,SKU004,6,8.08,48.45
IT00010241,PED00004144,SKU008,6,19.49,116.96
IT00010242,PED00004144,SKU009,1,19.03,19.03
IT00010243,PED00004144,SKU009,6,20.32,121.91
IT00010244,PED00004144,SKU012,3,11.89,35.68
IT00010245,PED00004145,SKU007,1,13.25,13.25
IT00010246,PED00004145,SKU006,12,9.85,118.18
IT00010247,PED00004145,SKU015,1,6.6,6.6
IT00010248,PED00004146,SKU008,1,19.72,19.72
IT00010249,PED00004146,SKU005,2,8.89,17.79
IT00010250,PED00004146,SKU003,12,3.74,44.91
IT00010251,PED00004146,SKU010,1,14.76,14.76
IT00010252,PED00004147,SKU006,2,9.81,19.63
IT00010253,PED00004147,SKU015,2,7.15,14.3
IT00010254,PED00004147,SKU005,6,8.77,52.61
IT00010255,PED00004148,SKU014,1,7.15,7.15
IT00010256,PED00004148,SKU014,1,7.15,7.15
IT00010257,PED00004148,SKU009,3,20.7,62.11
IT00010258,PED00004149,SKU002,1,4.34,4.34
IT00010259,PED00004149,SKU011,1,16.17,16.17
IT00010260,PED00004149,SKU005,3,8.65,25.94
IT00010261,PED00004149,SKU010,1,15.46,15.46
IT00010262,PED00004149,SKU005,1,8.45,8.45
IT00010263,PED00004150,SKU002,1,4.24,4.24
IT00010264,PED00004150,SKU007,6,13.34,80.01
IT00010265,PED00004151,SKU013,1,10.85,10.85
IT00010266,PED00004151,SKU009,3,19.83,59.48
IT00010267,PED00004151,SKU003,3,3.79,11.37
IT00010268,PED00004152,SKU012,6,12.31,73.85
IT00010269,PED00004152,SKU003,1,3.83,3.83
IT00010270,PED00004152,SKU011,6,16.47,98.84
IT00010271,PED00004152,SKU013,1,11.23,11.23
IT00010272,PED00004153,SKU015,2,7.02,14.04
IT00010273,PED00004153,SKU006,2,10.13,20.25
IT00010274,PED00004153,SKU004,1,7.57,7.57
IT00010275,PED00004154,SKU015,1,7.24,7.24
IT00010276,PED00004154,SKU002,1,4.37,4.37
IT00010277,PED00004154,SKU002,6,4.15,24.88
IT00010278,PED00004155,SKU005,12,8.08,96.94
IT00010279,PED00004156,SKU015,6,6.59,39.52
IT00010280,PED00004156,SKU012,1,11.87,11.87
IT00010281,PED00004156,SKU010,3,14.31,42.92
IT00010282,PED00004157,SKU008,2,18.16,36.31
IT00010283,PED00004157,SKU006,3,9.57,28.7
IT00010284,PED00004157,SKU006,3,9.87,29.6
IT00010285,PED00004157,SKU012,12,12.46,149.49
IT00010286,PED00004157,SKU007,1,13.54,13.54
IT00010287,PED00004158,SKU003,6,3.68,22.1
IT00010288,PED00004158,SKU003,3,3.98,11.95
IT00010289,PED00004159,SKU001,2,6.82,13.64
IT00010290,PED00004160,SKU010,2,14.26,28.51
IT00010291,PED00004160,SKU003,2,3.8,7.59
IT00010292,PED00004161,SKU008,1,18.26,18.26
IT00010293,PED00004162,SKU002,3,4.33,12.98
IT00010294,PED00004162,SKU015,3,6.57,19.7
IT00010295,PED00004162,SKU014,2,7.24,14.48
IT00010296,PED00004162,SKU004,1,7.84,7.84
IT00010297,PED00004163,SKU014,2,7.76,15.52
IT00010298,PED00004163,SKU001,1,6.53,6.53
IT00010299,PED00004163,SKU015,12,6.63,79.6
IT00010300,PED00004164,SKU011,6,17.05,102.33
IT00010301,PED00004164,SKU008,2,19.67,39.34
IT00010302,PED00004165,SKU006,2,9.64,19.27
IT00010303,PED00004166,SKU015,6,6.66,39.99
IT00010304,PED00004166,SKU006,1,10.31,10.31
IT00010305,PED00004167,SKU008,1,19.2,19.2
IT00010306,PED00004168,SKU013,1,11.18,11.18
IT00010307,PED00004168,SKU014,1,7.86,7.86
IT00010308,PED00004169,SKU011,1,16.79,16.79
IT00010309,PED00004169,SKU011,1,16.14,16.14
IT00010310,PED00004170,SKU014,3,7.52,22.55
IT00010311,PED00004170,SKU001,3,6.42,19.27
IT00010312,PED00004171,SKU012,6,11.48,68.85
IT00010313,PED00004172,SKU013,2,10.79,21.59
IT00010314,PED00004172,SKU002,1,4.17,4.17
IT00010315,PED00004172,SKU006,6,10.23,61.38
IT00010316,PED00004173,SKU008,1,18.59,18.59
IT00010317,PED00004173,SKU012,6,11.65,69.93
IT00010318,PED00004173,SKU003,12,3.88,46.6
IT00010319,PED00004173,SKU001,12,6.49,77.86
IT00010320,PED00004173,SKU005,6,8.88,53.27
IT00010321,PED00004174,SKU005,3,8.52,25.56
IT00010322,PED00004174,SKU014,3,7.72,23.17
IT00010323,PED00004174,SKU004,3,7.88,23.63
IT00010324,PED00004175,SKU006,2,9.9,19.79
IT00010325,PED00004175,SKU006,3,9.69,29.07
IT00010326,PED00004176,SKU006,12,9.42,113.06
IT00010327,PED00004176,SKU006,2,9.82,19.63
IT00010328,PED00004176,SKU005,2,8.61,17.21
IT00010329,PED00004176,SKU014,3,7.26,21.79
IT00010330,PED00004177,SKU007,2,13.22,26.43
IT00010331,PED00004177,SKU002,2,4.02,8.04
IT00010332,PED00004177,SKU014,2,7.16,14.33
IT00010333,PED00004178,SKU007,1,12.55,12.55
IT00010334,PED00004179,SKU011,3,16.56,49.68
IT00010335,PED00004179,SKU012,6,11.73,70.4
IT00010336,PED00004180,SKU014,2,7.74,15.48
IT00010337,PED00004180,SKU007,2,13.22,26.45
IT00010338,PED00004180,SKU008,1,18.13,18.13
IT00010339,PED00004181,SKU015,2,6.6,13.21
IT00010340,PED00004181,SKU007,2,13.11,26.21
IT00010341,PED00004182,SKU013,6,10.61,63.64
IT00010342,PED00004182,SKU012,3,12.06,36.18
IT00010343,PED00004182,SKU002,1,4.19,4.19
IT00010344,PED00004183,SKU006,1,9.74,9.74
IT00010345,PED00004183,SKU011,1,17.3,17.3
IT00010346,PED00004183,SKU002,1,4.17,4.17
IT00010347,PED00004184,SKU001,6,6.66,39.98
IT00010348,PED00004184,SKU001,3,6.51,19.53
IT00010349,PED00004184,SKU006,3,9.47,28.42
IT00010350,PED00004184,SKU014,1,7.21,7.21
IT00010351,PED00004185,SKU005,3,8.47,25.41
IT00010352,PED00004185,SKU015,3,7.02,21.05
IT00010353,PED00004185,SKU002,3,4.02,12.05
IT00010354,PED00004185,SKU001,1,6.41,6.41
IT00010355,PED00004186,SKU001,3,6.34,19.02
IT00010356,PED00004186,SKU010,3,14.39,43.16
IT00010357,PED00004186,SKU001,1,6.74,6.74
IT00010358,PED00004186,SKU012,3,12.45,37.34
IT00010359,PED00004187,SKU003,1,3.64,3.64
IT00010360,PED00004188,SKU015,2,7.08,14.15
IT00010361,PED00004188,SKU010,3,15.26,45.79
IT00010362,PED00004189,SKU001,1,6.27,6.27
IT00010363,PED00004190,SKU002,3,4.17,12.51
IT00010364,PED00004190,SKU012,6,12.46,74.74
IT00010365,PED00004190,SKU003,3,3.7,11.11
IT00010366,PED00004190,SKU012,1,12.24,12.24
IT00010367,PED00004191,SKU008,1,19.15,19.15
IT00010368,PED00004192,SKU013,2,10.41,20.82
IT00010369,PED00004192,SKU012,2,12.31,24.62
IT00010370,PED00004192,SKU006,2,9.5,18.99
IT00010371,PED00004192,SKU006,3,9.73,29.2
IT00010372,PED00004193,SKU014,12,7.59,91.05
IT00010373,PED00004193,SKU012,1,11.71,11.71
IT00010374,PED00004193,SKU009,3,20.14,60.41
IT00010375,PED00004193,SKU012,6,12.09,72.57
IT00010376,PED00004194,SKU006,2,10.25,20.5
IT00010377,PED00004194,SKU014,1,7.75,7.75
IT00010378,PED00004194,SKU014,2,7.74,15.49
IT00010379,PED00004194,SKU012,3,12.18,36.53
IT00010380,PED00004194,SKU001,1,6.41,6.41
IT00010381,PED00004195,SKU008,2,19.13,38.27
IT00010382,PED00004195,SKU007,2,12.97,25.94
IT00010383,PED00004196,SKU008,3,19.65,58.95
IT00010384,PED00004197,SKU001,6,6.34,38.06
IT00010385,PED00004197,SKU005,3,8.15,24.46
IT00010386,PED00004197,SKU013,6,11.08,66.47
IT00010387,PED00004198,SKU004,12,8.02,96.2
IT00010388,PED00004198,SKU005,6,8.91,53.43
IT00010389,PED00004199,SKU010,3,15.5,46.5
IT00010390,PED00004199,SKU003,2,3.88,7.77
IT00010391,PED00004200,SKU005,3,8.63,25.88
IT00010392,PED00004200,SKU006,6,9.83,58.99
IT00010393,PED00004201,SKU002,1,4.05,4.05
IT00010394,PED00004201,SKU014,6,7.26,43.54
IT00010395,PED00004202,SKU015,3,6.75,20.24
IT00010396,PED00004202,SKU013,1,10.87,10.87
IT00010397,PED00004202,SKU002,2,4.29,8.57
IT00010398,PED00004203,SKU013,3,11.29,33.87
IT00010399,PED00004204,SKU010,3,14.7,44.09
IT00010400,PED00004205,SKU002,1,3.99,3.99
IT00010401,PED00004205,SKU013,2,10.74,21.49
IT00010402,PED00004205,SKU013,2,10.7,21.39
IT00010403,PED00004206,SKU002,2,4.39,8.78
IT00010404,PED00004206,SKU002,1,4.32,4.32
IT00010405,PED00004206,SKU002,1,4.05,4.05
IT00010406,PED00004207,SKU007,1,12.46,12.46
IT00010407,PED00004207,SKU006,2,10.27,20.54
IT00010408,PED00004208,SKU007,1,13.32,13.32
IT00010409,PED00004208,SKU012,2,12.3,24.6
IT00010410,PED00004208,SKU003,3,3.95,11.84
IT00010411,PED00004209,SKU001,6,6.63,39.77
IT00010412,PED00004209,SKU015,3,7.08,21.25
IT00010413,PED00004210,SKU002,12,4.28,51.38
IT00010414,PED00004210,SKU009,6,20.19,121.15
IT00010415,PED00004211,SKU011,1,17.25,17.25
IT00010416,PED00004211,SKU003,1,3.88,3.88
IT00010417,PED00004211,SKU007,1,13.5,13.5
IT00010418,PED00004211,SKU004,1,7.64,7.64
IT00010419,PED00004211,SKU011,1,16.81,16.81
IT00010420,PED00004212,SKU010,2,14.43,28.86
IT00010421,PED00004212,SKU015,1,7.14,7.14
IT00010422,PED00004213,SKU005,2,8.28,16.56
IT00010423,PED00004214,SKU009,12,20.68,248.19
IT00010424,PED00004214,SKU006,2,9.74,19.48
IT00010425,PED00004215,SKU005,1,8.6,8.6
IT00010426,PED00004215,SKU006,3,10.36,31.09
IT00010427,PED00004215,SKU006,1,10.01,10.01
IT00010428,PED00004216,SKU015,1,6.68,6.68
IT00010429,PED00004216,SKU014,6,7.45,44.67
IT00010430,PED00004216,SKU015,6,7.08,42.48
IT00010431,PED00004217,SKU002,3,4.05,12.16
IT00010432,PED00004217,SKU011,3,16.53,49.59
IT00010433,PED00004217,SKU014,1,7.86,7.86
IT00010434,PED00004217,SKU003,2,3.96,7.93
IT00010435,PED00004218,SKU009,3,19.98,59.93
IT00010436,PED00004218,SKU002,6,4.14,24.84
IT00010437,PED00004218,SKU009,1,19.45,19.45
IT00010438,PED00004219,SKU006,6,10.02,60.13
IT00010439,PED00004219,SKU007,1,13.39,13.39
IT00010440,PED00004219,SKU004,3,8.24,24.73
IT00010441,PED00004220,SKU012,6,11.98,71.85
IT00010442,PED00004220,SKU014,1,7.4,7.4
IT00010443,PED00004220,SKU009,2,19.63,39.25
IT00010444,PED00004220,SKU008,6,18.24,109.43
IT00010445,PED00004221,SKU004,6,7.54,45.22
IT00010446,PED00004221,SKU010,3,14.78,44.33
IT00010447,PED00004222,SKU005,1,8.39,8.39
IT00010448,PED00004222,SKU015,2,6.67,13.33
IT00010449,PED00004222,SKU003,2,3.87,7.74
IT00010450,PED00004222,SKU009,1,20.13,20.13
IT00010451,PED00004223,SKU001,12,6.33,75.92
IT00010452,PED00004223,SKU007,6,13.53,81.19
IT00010453,PED00004224,SKU004,2,8.15,16.3
IT00010454,PED00004224,SKU015,2,6.65,13.31
IT00010455,PED00004224,SKU014,1,7.43,7.43
IT00010456,PED00004225,SKU006,2,9.55,19.1
IT00010457,PED00004226,SKU003,3,3.87,11.6
IT00010458,PED00004227,SKU010,3,14.57,43.7
IT00010459,PED00004227,SKU009,2,19.66,39.32
IT00010460,PED00004228,SKU012,1,12.21,12.21
IT00010461,PED00004228,SKU003,1,3.84,3.84
IT00010462,PED00004228,SKU005,1,8.52,8.52
IT00010463,PED00004228,SKU014,1,7.75,7.75
IT00010464,PED00004229,SKU006,1,10.31,10.31
IT00010465,PED00004229,SKU001,6,6.67,40.01
IT00010466,PED00004229,SKU004,1,7.96,7.96
IT00010467,PED00004230,SKU001,12,6.8,81.6
IT00010468,PED00004230,SKU004,1,8.13,8.13
IT00010469,PED00004231,SKU010,1,15.38,15.38
IT00010470,PED00004231,SKU009,3,19.76,59.28
IT00010471,PED00004231,SKU005,1,8.61,8.61
IT00010472,PED00004232,SKU002,6,4.17,25.05
IT00010473,PED00004232,SKU015,1,6.85,6.85
IT00010474,PED00004232,SKU014,1,7.57,7.57
IT00010475,PED00004233,SKU011,3,15.79,47.38
IT00010476,PED00004233,SKU004,1,7.6,7.6
IT00010477,PED00004233,SKU013,1,10.97,10.97
IT00010478,PED00004234,SKU009,12,19.5,233.94
IT00010479,PED00004234,SKU014,1,7.8,7.8
IT00010480,PED00004234,SKU012,2,12.13,24.25
IT00010481,PED00004235,SKU009,6,20.0,120.03
IT00010482,PED00004235,SKU003,1,3.84,3.84
IT00010483,PED00004236,SKU006,2,9.53,19.06
IT00010484,PED00004236,SKU004,6,7.93,47.55
IT00010485,PED00004236,SKU015,3,6.63,19.89
IT00010486,PED00004237,SKU012,3,12.09,36.28
IT00010487,PED00004237,SKU002,3,4.4,13.21
IT00010488,PED00004237,SKU002,1,4.2,4.2
IT00010489,PED00004237,SKU006,2,10.33,20.67
IT00010490,PED00004238,SKU014,2,7.56,15.12
IT00010491,PED00004238,SKU003,6,3.67,22.01
IT00010492,PED00004238,SKU004,3,7.51,22.52
IT00010493,PED00004238,SKU004,1,7.9,7.9
IT00010494,PED00004239,SKU002,1,4.37,4.37
IT00010495,PED00004239,SKU011,6,16.68,100.09
IT00010496,PED00004239,SKU009,3,19.15,57.45
IT00010497,PED00004240,SKU010,1,15.28,15.28
IT00010498,PED00004240,SKU006,2,10.29,20.58
IT00010499,PED00004240,SKU002,12,4.11,49.35
IT00010500,PED00004241,SKU008,6,18.09,108.55
IT00010501,PED00004242,SKU015,2,6.65,13.3
IT00010502,PED00004242,SKU003,3,3.69,11.06
IT00010503,PED00004243,SKU003,2,3.75,7.5
IT00010504,PED00004243,SKU007,1,13.33,13.33
IT00010505,PED00004244,SKU002,1,4.02,4.02
IT00010506,PED00004244,SKU001,2,6.25,12.51
IT00010507,PED00004244,SKU014,1,7.18,7.18
IT00010508,PED00004245,SKU002,3,4.32,12.96
IT00010509,PED00004245,SKU005,2,8.39,16.79
IT00010510,PED00004246,SKU008,3,18.93,56.8
IT00010511,PED00004246,SKU004,6,7.65,45.9
IT00010512,PED00004247,SKU006,1,9.7,9.7
IT00010513,PED00004247,SKU003,2,3.9,7.81
IT00010514,PED00004247,SKU008,1,18.32,18.32
IT00010515,PED00004248,SKU003,1,3.83,3.83
IT00010516,PED00004248,SKU004,6,8.2,49.18
IT00010517,PED00004248,SKU009,2,19.31,38.62
IT00010518,PED00004248,SKU013,1,10.45,10.45
IT00010519,PED00004249,SKU003,2,3.63,7.26
IT00010520,PED00004250,SKU008,1,18.75,18.75
IT00010521,PED00004250,SKU012,2,11.83,23.65
IT00010522,PED00004250,SKU001,1,6.55,6.55
IT00010523,PED00004250,SKU004,1,8.14,8.14
IT00010524,PED00004251,SKU006,2,10.38,20.76
IT00010525,PED00004252,SKU003,1,3.71,3.71
IT00010526,PED00004252,SKU007,2,12.56,25.11
IT00010527,PED00004253,SKU011,3,16.32,48.95
IT00010528,PED00004253,SKU005,1,8.58,8.58
IT00010529,PED00004253,SKU007,1,13.3,13.3
IT00010530,PED00004254,SKU011,2,16.69,33.38
IT00010531,PED00004255,SKU014,2,7.87,15.74
IT00010532,PED00004255,SKU010,3,14.75,44.25
IT00010533,PED00004255,SKU008,6,18.4,110.38
IT00010534,PED00004256,SKU009,2,20.63,41.25
IT00010535,PED00004256,SKU005,1,8.28,8.28
IT00010536,PED00004256,SKU014,1,7.19,7.19
IT00010537,PED00004257,SKU013,6,10.92,65.5
IT00010538,PED00004257,SKU012,2,11.85,23.71
IT00010539,PED00004258,SKU003,6,3.85,23.09
IT00010540,PED00004258,SKU001,3,6.76,20.29
IT00010541,PED00004258,SKU014,2,7.48,14.96
IT00010542,PED00004258,SKU015,3,7.12,21.35
IT00010543,PED00004259,SKU012,3,11.37,34.1
IT00010544,PED00004259,SKU010,2,14.48,28.97
IT00010545,PED00004259,SKU015,3,7.21,21.62
IT00010546,PED00004259,SKU014,2,7.15,14.3
IT00010547,PED00004260,SKU015,1,6.71,6.71
IT00010548,PED00004260,SKU001,12,6.24,74.94
IT00010549,PED00004260,SKU012,2,11.37,22.74
IT00010550,PED00004261,SKU005,12,8.31,99.74
IT00010551,PED00004261,SKU015,1,6.95,6.95
IT00010552,PED00004262,SKU015,2,6.86,13.71
IT00010553,PED00004263,SKU003,6,3.93,23.57
IT00010554,PED00004264,SKU001,2,6.64,13.29
IT00010555,PED00004264,SKU004,3,7.98,23.93
IT00010556,PED00004264,SKU009,2,20.67,41.34
IT00010557,PED00004265,SKU005,1,8.55,8.55
IT00010558,PED00004265,SKU005,2,8.91,17.83
IT00010559,PED00004265,SKU004,3,7.94,23.81
IT00010560,PED00004265,SKU001,1,6.48,6.48
IT00010561,PED00004266,SKU009,1,20.27,20.27
IT00010562,PED00004266,SKU014,6,7.38,44.3
IT00010563,PED00004266,SKU005,1,8.61,8.61
IT00010564,PED00004266,SKU013,2,11.11,22.21
IT00010565,PED00004267,SKU009,2,18.92,37.84
IT00010566,PED00004267,SKU014,3,7.85,23.54
IT00010567,PED00004267,SKU002,2,4.33,8.66
IT00010568,PED00004268,SKU007,12,12.5,149.99
IT00010569,PED00004269,SKU012,3,11.6,34.79
IT00010570,PED00004269,SKU014,2,7.59,15.17
IT00010571,PED00004269,SKU004,1,7.66,7.66
IT00010572,PED00004270,SKU010,3,15.36,46.08
IT00010573,PED00004270,SKU015,2,7.03,14.06
IT00010574,PED00004271,SKU008,1,18.52,18.52
IT00010575,PED00004271,SKU014,12,7.26,87.15
IT00010576,PED00004272,SKU014,1,7.81,7.81
IT00010577,PED00004273,SKU005,2,8.26,16.51
IT00010578,PED00004273,SKU011,3,16.48,49.44
IT00010579,PED00004273,SKU010,2,14.51,29.02
IT00010580,PED00004273,SKU001,6,6.68,40.09
IT00010581,PED00004274,SKU010,6,15.25,91.52
IT00010582,PED00004274,SKU010,2,14.19,28.37
IT00010583,PED00004274,SKU006,2,10.29,20.58
IT00010584,PED00004275,SKU004,12,7.64,91.63
IT00010585,PED00004275,SKU014,1,7.36,7.36
IT00010586,PED00004275,SKU008,2,18.09,36.18
IT00010587,PED00004276,SKU011,6,15.79,94.72
IT00010588,PED00004276,SKU007,2,12.29,24.59
IT00010589,PED00004277,SKU007,2,13.21,26.42
IT00010590,PED00004278,SKU006,1,10.27,10.27
IT00010591,PED00004279,SKU011,2,16.94,33.89
IT00010592,PED00004279,SKU008,3,19.06,57.17
IT00010593,PED00004280,SKU011,1,16.43,16.43
IT00010594,PED00004280,SKU005,6,8.79,52.73
IT00010595,PED00004280,SKU014,1,7.29,7.29
IT00010596,PED00004280,SKU007,1,13.19,13.19
IT00010597,PED00004281,SKU003,6,3.78,22.69
IT00010598,PED00004282,SKU002,6,4.19,25.12
IT00010599,PED00004282,SKU007,2,12.5,25.01
IT00010600,PED00004282,SKU009,6,19.58,117.48
IT00010601,PED00004282,SKU002,3,4.2,12.61
IT00010602,PED00004282,SKU001,3,6.27,18.82
IT00010603,PED00004283,SKU003,1,3.65,3.65
IT00010604,PED00004283,SKU012,6,12.35,74.12
IT00010605,PED00004284,SKU010,2,14.97,29.94
IT00010606,PED00004284,SKU004,1,7.77,7.77
IT00010607,PED00004285,SKU001,2,6.67,13.34
IT00010608,PED00004285,SKU004,1,8.02,8.02
IT00010609,PED00004286,SKU014,1,7.34,7.34
IT00010610,PED00004286,SKU003,6,3.79,22.72
IT00010611,PED00004287,SKU006,1,10.01,10.01
IT00010612,PED00004288,SKU003,1,3.83,3.83
IT00010613,PED00004288,SKU003,2,3.72,7.45
IT00010614,PED00004289,SKU008,2,18.6,37.2
IT00010615,PED00004290,SKU015,2,6.85,13.69
IT00010616,PED00004290,SKU001,2,6.56,13.12
IT00010617,PED00004290,SKU008,2,18.89,37.78
IT00010618,PED00004290,SKU004,1,7.67,7.67
IT00010619,PED00004291,SKU008,2,18.14,36.27
IT00010620,PED00004292,SKU014,3,7.22,21.65
IT00010621,PED00004292,SKU008,1,18.76,18.76
IT00010622,PED00004292,SKU012,1,12.48,12.48
IT00010623,PED00004292,SKU012,2,11.31,22.63
IT00010624,PED00004293,SKU011,1,16.34,16.34
IT00010625,PED00004293,SKU010,1,15.46,15.46
IT00010626,PED00004293,SKU005,6,8.55,51.3
IT00010627,PED00004294,SKU005,6,8.55,51.28
IT00010628,PED00004294,SKU001,2,6.37,12.74
IT00010629,PED00004295,SKU009,1,19.18,19.18
IT00010630,PED00004295,SKU002,2,4.15,8.31
IT00010631,PED00004296,SKU002,1,4.11,4.11
IT00010632,PED00004296,SKU005,6,8.67,52.04
IT00010633,PED00004297,SKU006,1,10.31,10.31
IT00010634,PED00004297,SKU012,6,11.39,68.34
IT00010635,PED00004298,SKU003,3,3.61,10.83
IT00010636,PED00004298,SKU015,3,6.65,19.95
IT00010637,PED00004299,SKU012,1,11.9,11.9
IT00010638,PED00004299,SKU009,3,19.85,59.54
IT00010639,PED00004299,SKU001,3,6.82,20.47
IT00010640,PED00004299,SKU012,2,11.37,22.75
IT00010641,PED00004300,SKU013,2,11.07,22.15
IT00010642,PED00004300,SKU008,2,19.17,38.34
IT00010643,PED00004300,SKU006,1,9.54,9.54
IT00010644,PED00004300,SKU009,2,20.23,40.46
IT00010645,PED00004301,SKU011,2,17.09,34.18
IT00010646,PED00004301,SKU009,3,20.78,62.33
IT00010647,PED00004301,SKU014,3,7.65,22.96
IT00010648,PED00004301,SKU004,2,7.58,15.15
IT00010649,PED00004302,SKU007,3,12.37,37.11
IT00010650,PED00004302,SKU002,2,4.23,8.46
IT00010651,PED00004302,SKU009,1,19.85,19.85
IT00010652,PED00004303,SKU005,6,8.85,53.13
IT00010653,PED00004303,SKU003,3,3.69,11.08
IT00010654,PED00004303,SKU007,3,12.98,38.94
IT00010655,PED00004303,SKU005,6,8.13,48.8
IT00010656,PED00004304,SKU012,3,12.46,37.37
IT00010657,PED00004304,SKU011,1,15.71,15.71
IT00010658,PED00004304,SKU004,2,7.76,15.53
IT00010659,PED00004305,SKU015,1,6.8,6.8
IT00010660,PED00004306,SKU015,2,7.03,14.07
IT00010661,PED00004306,SKU008,1,19.5,19.5
IT00010662,PED00004306,SKU008,1,19.62,19.62
IT00010663,PED00004306,SKU001,3,6.68,20.03
IT00010664,PED00004307,SKU006,3,9.8,29.41
IT00010665,PED00004308,SKU009,3,20.5,61.49
IT00010666,PED00004309,SKU007,1,12.6,12.6
IT00010667,PED00004309,SKU011,2,16.14,32.28
IT00010668,PED00004310,SKU013,1,10.6,10.6
IT00010669,PED00004310,SKU015,1,6.76,6.76
IT00010670,PED00004310,SKU004,1,7.59,7.59
IT00010671,PED00004311,SKU008,2,19.61,39.22
IT00010672,PED00004311,SKU009,2,19.9,39.8
IT00010673,PED00004312,SKU008,6,18.0,107.99
IT00010674,PED00004312,SKU002,2,4.0,8.0
IT00010675,PED00004312,SKU006,1,9.44,9.44
IT00010676,PED00004313,SKU001,6,6.43,38.59
IT00010677,PED00004314,SKU013,1,10.65,10.65
IT00010678,PED00004314,SKU014,2,7.68,15.36
IT00010679,PED00004315,SKU003,12,3.61,43.34
IT00010680,PED00004315,SKU005,12,8.91,106.95
IT00010681,PED00004316,SKU015,6,6.83,40.97
IT00010682,PED00004316,SKU015,3,6.67,20.01
IT00010683,PED00004316,SKU014,1,7.83,7.83
IT00010684,PED00004317,SKU011,2,16.71,33.43
IT00010685,PED00004318,SKU015,1,6.72,6.72
IT00010686,PED00004318,SKU006,3,9.46,28.37
IT00010687,PED00004318,SKU011,6,16.6,99.6
IT00010688,PED00004319,SKU012,12,11.53,138.42
IT00010689,PED00004319,SKU014,3,7.52,22.55
IT00010690,PED00004320,SKU010,1,14.89,14.89
IT00010691,PED00004321,SKU005,6,8.47,50.82
IT00010692,PED00004321,SKU002,1,4.13,4.13
IT00010693,PED00004321,SKU012,1,12.44,12.44
IT00010694,PED00004322,SKU003,1,3.71,3.71
IT00010695,PED00004322,SKU011,6,16.37,98.24
IT00010696,PED00004323,SKU009,1,19.36,19.36
IT00010697,PED00004323,SKU002,1,4.17,4.17
IT00010698,PED00004324,SKU004,1,7.83,7.83
IT00010699,PED00004324,SKU002,1,4.12,4.12
IT00010700,PED00004324,SKU003,2,3.9,7.8
IT00010701,PED00004325,SKU004,1,8.22,8.22
IT00010702,PED00004325,SKU002,1,4.39,4.39
IT00010703,PED00004325,SKU009,2,20.56,41.12
IT00010704,PED00004325,SKU006,1,10.14,10.14
IT00010705,PED00004326,SKU003,3,3.81,11.42
IT00010706,PED00004326,SKU009,2,19.29,38.57
IT00010707,PED00004326,SKU002,6,4.36,26.16
IT00010708,PED00004326,SKU007,1,12.8,12.8
IT00010709,PED00004326,SKU001,1,6.52,6.52
IT00010710,PED00004327,SKU015,1,6.92,6.92
IT00010711,PED00004327,SKU004,3,8.26,24.77
IT00010712,PED00004328,SKU008,1,19.13,19.13
IT00010713,PED00004328,SKU012,2,11.99,23.99
IT00010714,PED00004329,SKU006,1,10.01,10.01
IT00010715,PED00004329,SKU004,1,7.6,7.6
IT00010716,PED00004329,SKU005,1,8.37,8.37
IT00010717,PED00004329,SKU008,6,19.0,114.02
IT00010718,PED00004330,SKU009,2,20.61,41.23
IT00010719,PED00004330,SKU007,6,12.84,77.05
IT00010720,PED00004331,SKU012,3,12.09,36.27
IT00010721,PED00004331,SKU007,2,12.44,24.88
IT00010722,PED00004332,SKU015,6,6.57,39.43
IT00010723,PED00004332,SKU001,1,6.25,6.25
IT00010724,PED00004332,SKU002,2,4.33,8.65
IT00010725,PED00004332,SKU003,3,3.92,11.75
IT00010726,PED00004332,SKU015,1,7.07,7.07
IT00010727,PED00004333,SKU001,3,6.32,18.96
IT00010728,PED00004333,SKU003,2,3.68,7.35
IT00010729,PED00004333,SKU008,1,19.69,19.69
IT00010730,PED00004334,SKU001,6,6.23,37.36
IT00010731,PED00004334,SKU011,2,16.75,33.51
IT00010732,PED00004335,SKU007,3,13.27,39.81
IT00010733,PED00004335,SKU011,2,16.07,32.13
IT00010734,PED00004336,SKU001,1,6.54,6.54
IT00010735,PED00004336,SKU012,2,11.45,22.89
IT00010736,PED00004337,SKU008,1,19.23,19.23
IT00010737,PED00004337,SKU002,3,4.35,13.04
IT00010738,PED00004337,SKU009,2,20.22,40.44
IT00010739,PED00004337,SKU004,1,7.73,7.73
IT00010740,PED00004337,SKU014,1,7.66,7.66
IT00010741,PED00004338,SKU007,1,12.45,12.45
IT00010742,PED00004338,SKU012,2,12.34,24.69
IT00010743,PED00004338,SKU007,12,13.51,162.1
IT00010744,PED00004339,SKU011,3,15.96,47.89
IT00010745,PED00004339,SKU009,6,18.96,113.75
IT00010746,PED00004340,SKU015,3,6.69,20.07
IT00010747,PED00004340,SKU005,1,8.64,8.64
IT00010748,PED00004340,SKU012,6,11.77,70.61
IT00010749,PED00004340,SKU003,1,3.69,3.69
IT00010750,PED00004341,SKU014,1,7.71,7.71
IT00010751,PED00004341,SKU015,1,6.72,6.72
IT00010752,PED00004342,SKU002,1,4.05,4.05
IT00010753,PED00004342,SKU011,3,16.42,49.25
IT00010754,PED00004343,SKU015,1,6.56,6.56
IT00010755,PED00004343,SKU002,1,4.35,4.35
IT00010756,PED00004344,SKU007,2,13.32,26.63
IT00010757,PED00004344,SKU001,1,6.82,6.82
IT00010758,PED00004344,SKU002,2,4.26,8.53
IT00010759,PED00004344,SKU009,3,20.17,60.51
IT00010760,PED00004345,SKU013,2,10.43,20.86
IT00010761,PED00004345,SKU015,6,6.75,40.51
IT00010762,PED00004345,SKU009,3,19.66,58.99
IT00010763,PED00004345,SKU013,1,10.73,0.0
IT00010764,PED00004346,SKU014,1,7.45,7.45
IT00010765,PED00004346,SKU009,6,19.78,118.68
IT00010766,PED00004347,SKU008,1,19.33,19.33
IT00010767,PED00004347,SKU011,12,15.84,190.12
IT00010768,PED00004347,SKU015,12,7.06,84.68
IT00010769,PED00004348,SKU012,2,12.43,24.86
IT00010770,PED00004348,SKU010,3,14.52,43.56
IT00010771,PED00004348,SKU012,1,12.11,12.11
IT00010772,PED00004349,SKU008,1,18.69,18.69
IT00010773,PED00004350,SKU004,2,7.51,15.02
IT00010774,PED00004351,SKU010,3,14.66,43.99
IT00010775,PED00004352,SKU002,2,4.18,8.36
IT00010776,PED00004353,SKU014,2,7.24,14.49
IT00010777,PED00004354,SKU010,3,15.07,45.21
IT00010778,PED00004354,SKU015,2,6.77,13.54
IT00010779,PED00004354,SKU006,1,9.93,9.93
IT00010780,PED00004355,SKU009,2,20.7,41.4
IT00010781,PED00004355,SKU011,2,16.62,33.24
IT00010782,PED00004355,SKU009,6,20.12,120.73
IT00010783,PED00004356,SKU009,1,20.27,20.27
IT00010784,PED00004356,SKU003,6,3.65,21.88
IT00010785,PED00004356,SKU004,12,8.19,98.33
IT00010786,PED00004356,SKU001,3,6.27,18.82
IT00010787,PED00004357,SKU001,2,6.53,13.06
IT00010788,PED00004357,SKU015,1,6.74,6.74
IT00010789,PED00004357,SKU008,3,19.06,57.19
IT00010790,PED00004358,SKU011,1,15.87,15.87
IT00010791,PED00004358,SKU015,2,7.01,14.02
IT00010792,PED00004359,SKU008,1,19.63,19.63
IT00010793,PED00004359,SKU003,6,3.94,23.66
IT00010794,PED00004359,SKU014,1,7.86,7.86
IT00010795,PED00004360,SKU006,1,10.12,10.12
IT00010796,PED00004360,SKU015,3,7.12,21.36
IT00010797,PED00004360,SKU011,12,15.81,189.75
IT00010798,PED00004361,SKU007,12,12.59,151.05
IT00010799,PED00004361,SKU014,1,7.62,7.62
IT00010800,PED00004361,SKU015,6,6.93,41.57
IT00010801,PED00004361,SKU013,1,11.35,11.35
IT00010802,PED00004362,SKU010,1,14.69,14.69
IT00010803,PED00004362,SKU014,1,7.87,7.87
IT00010804,PED00004363,SKU005,12,8.83,105.94
IT00010805,PED00004363,SKU001,3,6.45,19.35
IT00010806,PED00004364,SKU003,12,3.91,46.88
IT00010807,PED00004364,SKU003,3,3.91,11.73
IT00010808,PED00004365,SKU008,1,18.46,18.46
IT00010809,PED00004365,SKU012,1,11.49,11.49
IT00010810,PED00004365,SKU013,3,10.89,32.68
IT00010811,PED00004365,SKU012,2,12.04,24.09
IT00010812,PED00004366,SKU009,1,20.84,20.84
IT00010813,PED00004366,SKU009,2,19.9,39.81
IT00010814,PED00004367,SKU003,3,3.85,11.55
IT00010815,PED00004367,SKU003,1,3.91,3.91
IT00010816,PED00004367,SKU007,2,12.86,25.73
IT00010817,PED00004368,SKU004,2,8.02,16.05
IT00010818,PED00004368,SKU003,1,3.87,3.87
IT00010819,PED00004369,SKU003,3,3.66,10.98
IT00010820,PED00004369,SKU006,1,9.89,9.89
IT00010821,PED00004369,SKU010,2,14.95,29.9
IT00010822,PED00004370,SKU013,6,10.58,63.5
IT00010823,PED00004370,SKU010,6,14.8,88.79
IT00010824,PED00004371,SKU008,3,18.1,54.29
IT00010825,PED00004371,SKU005,6,8.31,49.84
IT00010826,PED00004371,SKU010,2,15.19,30.39
IT00010827,PED00004372,SKU003,6,3.71,22.23
IT00010828,PED00004372,SKU001,1,6.76,6.76
IT00010829,PED00004372,SKU006,1,10.0,10.0
IT00010830,PED00004372,SKU014,1,7.87,7.87
IT00010831,PED00004373,SKU015,3,6.64,19.93
IT00010832,PED00004373,SKU007,1,12.77,12.77
IT00010833,PED00004374,SKU012,12,12.25,147.02
IT00010834,PED00004375,SKU014,3,7.52,22.57
IT00010835,PED00004375,SKU004,6,7.51,45.05
IT00010836,PED00004375,SKU003,6,3.77,22.61
IT00010837,PED00004375,SKU003,1,3.74,3.74
IT00010838,PED00004376,SKU009,6,19.79,118.72
IT00010839,PED00004377,SKU009,2,19.25,38.5
IT00010840,PED00004377,SKU005,1,8.49,8.49
IT00010841,PED00004378,SKU004,1,7.91,7.91
IT00010842,PED00004379,SKU014,1,7.49,7.49
IT00010843,PED00004379,SKU010,12,15.3,183.56
IT00010844,PED00004379,SKU004,2,8.04,16.09
IT00010845,PED00004379,SKU008,1,18.22,18.22
IT00010846,PED00004380,SKU010,3,14.47,43.42
IT00010847,PED00004380,SKU007,6,12.82,76.94
IT00010848,PED00004380,SKU006,3,10.03,30.1
IT00010849,PED00004381,SKU004,1,8.01,8.01
IT00010850,PED00004381,SKU006,2,9.94,19.89
IT00010851,PED00004381,SKU011,2,15.91,31.82
IT00010852,PED00004382,SKU002,2,4.01,8.03
IT00010853,PED00004382,SKU004,1,8.06,8.06
IT00010854,PED00004382,SKU008,2,19.16,38.32
IT00010855,PED00004382,SKU010,3,14.52,43.57
IT00010856,PED00004383,SKU001,3,6.44,19.32
IT00010857,PED00004383,SKU011,6,15.83,94.98
IT00010858,PED00004384,SKU013,3,11.09,33.26
IT00010859,PED00004384,SKU008,1,18.94,18.94
IT00010860,PED00004384,SKU014,12,7.79,93.49
IT00010861,PED00004385,SKU015,3,6.99,20.97
IT00010862,PED00004385,SKU015,2,6.87,13.74
IT00010863,PED00004385,SKU004,1,8.15,8.15
IT00010864,PED00004385,SKU003,2,3.8,7.6
IT00010865,PED00004385,SKU015,1,7.13,7.13
IT00010866,PED00004386,SKU004,2,7.7,15.4
IT00010867,PED00004386,SKU012,1,12.36,12.36
IT00010868,PED00004387,SKU003,3,3.81,11.44
IT00010869,PED00004388,SKU010,6,15.37,92.21
IT00010870,PED00004388,SKU003,3,3.96,11.88
IT00010871,PED00004388,SKU011,1,15.85,15.85
IT00010872,PED00004389,SKU013,3,10.47,31.4
IT00010873,PED00004389,SKU012,3,11.95,35.86
IT00010874,PED00004390,SKU005,3,8.35,25.05
IT00010875,PED00004390,SKU012,2,12.24,24.48
IT00010876,PED00004390,SKU001,3,6.51,19.54
IT00010877,PED00004390,SKU007,1,12.44,12.44
IT00010878,PED00004391,SKU011,1,16.25,16.25
IT00010879,PED00004392,SKU011,1,16.67,16.67
IT00010880,PED00004392,SKU013,2,10.53,21.05
IT00010881,PED00004393,SKU013,2,10.47,20.94
IT00010882,PED00004393,SKU005,1,8.14,8.14
IT00010883,PED00004394,SKU007,2,13.1,26.2
IT00010884,PED00004394,SKU011,1,15.7,15.7
IT00010885,PED00004394,SKU011,2,17.22,34.44
IT00010886,PED00004395,SKU010,2,14.82,29.63
IT00010887,PED00004396,SKU001,3,6.4,19.2
IT00010888,PED00004397,SKU014,1,7.6,7.6
IT00010889,PED00004397,SKU005,3,8.28,24.84
IT00010890,PED00004398,SKU015,6,7.06,42.34
IT00010891,PED00004398,SKU006,1,10.09,10.09
IT00010892,PED00004398,SKU010,2,15.31,30.63
IT00010893,PED00004399,SKU009,1,20.06,20.06
IT00010894,PED00004399,SKU004,1,8.0,8.0
IT00010895,PED00004400,SKU004,6,7.85,47.1
IT00010896,PED00004400,SKU009,6,19.09,114.56
IT00010897,PED00004400,SKU004,1,8.21,8.21
IT00010898,PED00004400,SKU015,3,6.86,20.57
IT00010899,PED00004401,SKU013,6,11.09,66.54
IT00010900,PED00004401,SKU012,1,11.86,11.86
IT00010901,PED00004401,SKU003,6,3.87,23.2
IT00010902,PED00004402,SKU008,1,19.36,19.36
IT00010903,PED00004402,SKU015,3,6.61,19.82
IT00010904,PED00004403,SKU003,1,3.62,3.62
IT00010905,PED00004403,SKU012,3,12.03,36.08
IT00010906,PED00004404,SKU007,2,12.57,25.14
IT00010907,PED00004404,SKU012,6,11.77,70.6
IT00010908,PED00004404,SKU006,1,9.83,9.83
IT00010909,PED00004404,SKU004,2,7.81,15.62
IT00010910,PED00004405,SKU004,3,7.85,23.56
IT00010911,PED00004405,SKU006,6,9.74,58.47
IT00010912,PED00004405,SKU004,1,8.24,8.24
IT00010913,PED00004405,SKU004,1,7.8,7.8
IT00010914,PED00004406,SKU011,2,16.59,33.19
IT00010915,PED00004406,SKU012,1,11.89,11.89
IT00010916,PED00004406,SKU004,1,8.16,8.16
IT00010917,PED00004407,SKU008,3,18.78,56.34
IT00010918,PED00004407,SKU015,3,6.95,20.84
IT00010919,PED00004408,SKU003,2,3.75,7.5
IT00010920,PED00004408,SKU005,6,8.46,50.75
IT00010921,PED00004409,SKU006,2,10.01,20.03
IT00010922,PED00004409,SKU007,1,12.87,12.87
IT00010923,PED00004410,SKU002,2,4.01,8.02
IT00010924,PED00004410,SKU013,12,10.86,130.38
IT00010925,PED00004411,SKU007,2,12.61,25.22
IT00010926,PED00004411,SKU004,6,8.07,48.39
IT00010927,PED00004411,SKU005,1,8.33,8.33
IT00010928,PED00004411,SKU011,3,16.74,50.22
IT00010929,PED00004411,SKU003,1,3.85,3.85
IT00010930,PED00004412,SKU002,1,4.4,4.4
IT00010931,PED00004412,SKU003,12,3.84,46.11
IT00010932,PED00004412,SKU004,12,7.99,95.85
IT00010933,PED00004413,SKU014,6,7.43,44.56
IT00010934,PED00004414,SKU014,2,7.17,14.33
IT00010935,PED00004415,SKU008,2,19.46,38.92
IT00010936,PED00004415,SKU011,1,17.26,17.26
IT00010937,PED00004415,SKU001,1,6.69,6.69
IT00010938,PED00004415,SKU012,3,11.56,34.68
IT00010939,PED00004415,SKU001,6,6.76,40.58
IT00010940,PED00004416,SKU002,1,4.28,4.28
IT00010941,PED00004416,SKU012,6,12.09,72.56
IT00010942,PED00004416,SKU008,1,19.61,19.61
IT00010943,PED00004417,SKU007,2,12.3,24.59
IT00010944,PED00004417,SKU014,2,7.2,14.4
IT00010945,PED00004418,SKU015,1,6.68,6.68
IT00010946,PED00004419,SKU008,6,19.05,114.29
IT00010947,PED00004419,SKU015,12,7.01,84.06
IT00010948,PED00004419,SKU015,1,6.97,6.97
IT00010949,PED00004420,SKU011,3,15.96,47.89
IT00010950,PED00004420,SKU013,1,10.54,10.54
IT00010951,PED00004420,SKU005,1,8.08,8.08
IT00010952,PED00004421,SKU003,12,3.95,47.4
IT00010953,PED00004421,SKU012,2,12.37,24.73
IT00010954,PED00004422,SKU009,1,20.57,20.57
IT00010955,PED00004422,SKU014,3,7.81,23.42
IT00010956,PED00004422,SKU012,2,12.27,24.53
IT00010957,PED00004423,SKU011,3,16.88,50.63
IT00010958,PED00004424,SKU011,1,16.0,16.0
IT00010959,PED00004424,SKU007,6,12.52,75.11
IT00010960,PED00004424,SKU004,2,8.29,16.58
IT00010961,PED00004425,SKU007,1,13.53,13.53
IT00010962,PED00004425,SKU011,3,16.59,49.78
IT00010963,PED00004425,SKU015,6,7.23,43.39
IT00010964,PED00004426,SKU004,1,7.72,7.72
IT00010965,PED00004426,SKU011,1,16.39,16.39
IT00010966,PED00004426,SKU014,1,7.46,7.46
IT00010967,PED00004426,SKU004,1,7.61,7.61
IT00010968,PED00004427,SKU012,1,12.0,12.0
IT00010969,PED00004427,SKU008,1,19.56,19.56
IT00010970,PED00004427,SKU002,1,4.07,4.07
IT00010971,PED00004428,SKU014,6,7.55,45.31
IT00010972,PED00004428,SKU006,3,9.68,29.03
IT00010973,PED00004429,SKU001,1,6.76,6.76
IT00010974,PED00004429,SKU003,3,3.72,11.16
IT00010975,PED00004429,SKU003,3,3.65,10.95
IT00010976,PED00004429,SKU009,1,19.31,19.31
IT00010977,PED00004430,SKU010,1,14.16,14.16
IT00010978,PED00004430,SKU001,3,6.56,19.69
IT00010979,PED00004430,SKU011,1,16.23,16.23
IT00010980,PED00004430,SKU009,2,19.27,38.54
IT00010981,PED00004431,SKU009,12,18.92,227.03
IT00010982,PED00004431,SKU012,1,12.28,12.28
IT00010983,PED00004432,SKU006,3,9.54,28.61
IT00010984,PED00004432,SKU008,2,17.98,35.96
IT00010985,PED00004433,SKU008,6,18.87,113.24
IT00010986,PED00004433,SKU013,1,10.95,10.95
IT00010987,PED00004434,SKU005,1,8.34,8.34
IT00010988,PED00004434,SKU002,6,4.0,24.01
IT00010989,PED00004434,SKU004,2,7.95,15.9
IT00010990,PED00004435,SKU015,2,7.17,14.34
IT00010991,PED00004436,SKU013,6,10.91,65.44
IT00010992,PED00004436,SKU007,3,12.9,38.71
IT00010993,PED00004437,SKU007,1,12.97,12.97
IT00010994,PED00004437,SKU014,3,7.66,22.97
IT00010995,PED00004437,SKU014,6,7.39,44.33
IT00010996,PED00004438,SKU008,1,19.11,19.11
IT00010997,PED00004439,SKU010,1,14.36,14.36
IT00010998,PED00004439,SKU013,1,10.98,10.98
IT00010999,PED00004439,SKU012,1,11.81,11.81
IT00011000,PED00004439,SKU002,1,4.25,4.25
IT00011001,PED00004440,SKU006,2,9.53,19.05
IT00011002,PED00004440,SKU011,2,16.42,32.84
IT00011003,PED00004440,SKU014,6,7.3,43.78
IT00011004,PED00004440,SKU011,1,15.81,15.81
IT00011005,PED00004440,SKU008,1,18.49,18.49
IT00011006,PED00004441,SKU005,2,8.46,16.91
IT00011007,PED00004441,SKU006,1,9.46,9.46
IT00011008,PED00004441,SKU012,2,12.43,24.86
IT00011009,PED00004441,SKU008,3,17.96,53.88
IT00011010,PED00004442,SKU011,1,16.87,16.87
IT00011011,PED00004442,SKU015,2,6.6,13.2
IT00011012,PED00004443,SKU010,6,15.5,93.0
IT00011013,PED00004443,SKU015,1,7.09,7.09
IT00011014,PED00004444,SKU005,1,8.13,0.0
IT00011015,PED00004444,SKU005,12,8.22,98.68
IT00011016,PED00004444,SKU003,2,3.99,7.97
IT00011017,PED00004444,SKU001,2,6.58,13.16
IT00011018,PED00004445,SKU012,1,11.8,11.8
IT00011019,PED00004445,SKU008,2,18.23,36.45
IT00011020,PED00004445,SKU013,6,10.99,65.93
IT00011021,PED00004445,SKU008,1,19.31,19.31
IT00011022,PED00004446,SKU006,1,10.12,10.12
IT00011023,PED00004446,SKU015,1,7.12,7.12
IT00011024,PED00004446,SKU002,3,4.25,12.75
IT00011025,PED00004447,SKU004,2,7.93,15.86
IT00011026,PED00004447,SKU008,1,18.8,18.8
IT00011027,PED00004448,SKU011,3,16.04,48.12
IT00011028,PED00004449,SKU014,3,7.49,22.46
IT00011029,PED00004449,SKU011,12,17.31,207.66
IT00011030,PED00004450,SKU013,1,10.73,10.73
IT00011031,PED00004450,SKU015,3,7.06,21.17
IT00011032,PED00004451,SKU014,1,7.71,7.71
IT00011033,PED00004451,SKU012,3,12.26,36.78
IT00011034,PED00004452,SKU010,6,15.03,90.19
IT00011035,PED00004452,SKU001,1,6.21,6.21
IT00011036,PED00004452,SKU005,3,8.14,24.42
IT00011037,PED00004452,SKU010,1,15.64,15.64
IT00011038,PED00004453,SKU014,12,7.86,94.29
IT00011039,PED00004453,SKU008,1,17.98,17.98
IT00011040,PED00004454,SKU002,2,4.34,8.68
IT00011041,PED00004454,SKU001,1,6.74,6.74
IT00011042,PED00004454,SKU005,1,8.27,8.27
IT00011043,PED00004454,SKU002,12,4.39,52.68
IT00011044,PED00004454,SKU008,2,19.3,38.61
IT00011045,PED00004455,SKU007,1,12.29,12.29
IT00011046,PED00004455,SKU003,3,3.93,11.8
IT00011047,PED00004455,SKU008,1,18.03,18.03
IT00011048,PED00004455,SKU011,2,17.17,34.34
IT00011049,PED00004456,SKU014,3,7.75,23.24
IT00011050,PED00004456,SKU002,2,4.21,8.42
IT00011051,PED00004456,SKU007,3,12.7,38.1
IT00011052,PED00004457,SKU011,2,16.77,33.54
IT00011053,PED00004457,SKU011,1,16.93,16.93
IT00011054,PED00004458,SKU011,3,16.48,49.44
IT00011055,PED00004458,SKU005,3,8.55,25.65
IT00011056,PED00004458,SKU013,1,11.44,11.44
IT00011057,PED00004458,SKU008,12,19.49,233.84
IT00011058,PED00004459,SKU002,1,4.05,4.05
IT00011059,PED00004459,SKU015,2,6.59,13.18
IT00011060,PED00004460,SKU011,2,15.71,31.41
IT00011061,PED00004460,SKU014,2,7.58,15.16
IT00011062,PED00004460,SKU002,1,4.01,4.01
IT00011063,PED00004461,SKU007,2,13.26,26.52
IT00011064,PED00004461,SKU005,1,8.08,8.08
IT00011065,PED00004461,SKU004,3,8.06,24.18
IT00011066,PED00004462,SKU006,1,9.96,9.96
IT00011067,PED00004463,SKU002,1,4.31,4.31
IT00011068,PED00004463,SKU015,2,6.64,13.29
IT00011069,PED00004464,SKU001,12,6.42,77.09
IT00011070,PED00004464,SKU002,2,4.25,8.5
IT00011071,PED00004465,SKU001,1,6.56,6.56
IT00011072,PED00004465,SKU012,6,11.72,70.34
IT00011073,PED00004466,SKU007,2,12.88,25.75
IT00011074,PED00004466,SKU013,1,11.29,11.29
IT00011075,PED00004466,SKU009,1,19.12,19.12
IT00011076,PED00004466,SKU010,1,14.22,14.22
IT00011077,PED00004467,SKU010,12,15.59,187.06
IT00011078,PED00004467,SKU009,6,19.46,116.77
IT00011079,PED00004467,SKU010,1,14.93,14.93
IT00011080,PED00004467,SKU011,1,16.31,16.31
IT00011081,PED00004468,SKU009,3,20.74,62.21
IT00011082,PED00004468,SKU013,1,11.28,11.28
IT00011083,PED00004468,SKU009,3,19.23,57.7
IT00011084,PED00004468,SKU004,2,7.87,15.73
IT00011085,PED00004469,SKU011,1,16.57,16.57
IT00011086,PED00004469,SKU015,3,6.92,20.77
IT00011087,PED00004470,SKU008,2,19.43,38.86
IT00011088,PED00004470,SKU008,1,19.57,19.57
IT00011089,PED00004470,SKU009,3,20.53,61.59
IT00011090,PED00004471,SKU003,3,3.77,11.32
IT00011091,PED00004471,SKU010,2,14.72,29.43
IT00011092,PED00004472,SKU010,3,15.27,45.8
IT00011093,PED00004472,SKU015,2,6.56,13.11
IT00011094,PED00004472,SKU009,1,20.34,20.34
IT00011095,PED00004473,SKU001,1,6.41,6.41
IT00011096,PED00004473,SKU009,1,20.24,20.24
IT00011097,PED00004473,SKU005,3,8.35,25.04
IT00011098,PED00004473,SKU015,2,7.1,14.19
IT00011099,PED00004473,SKU006,1,9.47,9.47
IT00011100,PED00004474,SKU007,1,13.25,13.25
IT00011101,PED00004474,SKU012,12,11.53,138.33
IT00011102,PED00004474,SKU006,2,9.97,19.94
IT00011103,PED00004475,SKU011,3,16.93,50.79
IT00011104,PED00004476,SKU012,6,12.11,72.65
IT00011105,PED00004477,SKU009,1,20.39,20.39
IT00011106,PED00004477,SKU012,1,12.16,12.16
IT00011107,PED00004477,SKU005,6,8.34,50.02
IT00011108,PED00004478,SKU003,2,3.9,7.8
IT00011109,PED00004479,SKU001,2,6.53,13.05
IT00011110,PED00004480,SKU003,3,3.85,11.56
IT00011111,PED00004481,SKU004,3,7.52,22.56
IT00011112,PED00004481,SKU015,1,6.78,6.78
IT00011113,PED00004482,SKU003,3,3.76,11.28
IT00011114,PED00004482,SKU009,2,18.99,37.99
IT00011115,PED00004483,SKU014,1,7.7,7.7
IT00011116,PED00004483,SKU004,3,8.15,24.45
IT00011117,PED00004483,SKU010,6,14.76,88.57
IT00011118,PED00004483,SKU014,1,7.86,7.86
IT00011119,PED00004483,SKU001,2,6.34,12.67
IT00011120,PED00004484,SKU002,1,4.26,4.26
IT00011121,PED00004484,SKU008,6,19.8,118.81
IT00011122,PED00004484,SKU008,1,18.98,18.98
IT00011123,PED00004484,SKU015,1,6.92,6.92
IT00011124,PED00004485,SKU010,1,15.42,15.42
IT00011125,PED00004485,SKU003,1,3.73,3.73
IT00011126,PED00004486,SKU004,2,8.16,16.32
IT00011127,PED00004486,SKU015,3,6.76,20.29
IT00011128,PED00004486,SKU014,3,7.61,22.82
IT00011129,PED00004486,SKU004,3,7.7,23.11
IT00011130,PED00004487,SKU001,3,6.64,19.93
IT00011131,PED00004487,SKU004,2,8.0,15.99
IT00011132,PED00004488,SKU014,3,7.43,22.28
IT00011133,PED00004488,SKU005,2,8.16,16.33
IT00011134,PED00004488,SKU013,3,10.58,31.74
IT00011135,PED00004489,SKU002,2,4.02,8.05
IT00011136,PED00004489,SKU008,3,18.92,56.76
IT00011137,PED00004489,SKU008,2,17.99,35.99
IT00011138,PED00004489,SKU005,2,8.67,17.34
IT00011139,PED00004490,SKU002,2,4.11,8.22
IT00011140,PED00004490,SKU009,3,18.98,56.94
IT00011141,PED00004491,SKU012,3,11.33,33.98
IT00011142,PED00004492,SKU014,6,7.31,43.86
IT00011143,PED00004492,SKU002,3,4.06,12.17
IT00011144,PED00004492,SKU014,1,7.5,7.5
IT00011145,PED00004493,SKU005,1,8.41,8.41
IT00011146,PED00004493,SKU007,1,12.89,12.89
IT00011147,PED00004493,SKU004,1,8.16,8.16
IT00011148,PED00004494,SKU011,2,16.16,32.31
IT00011149,PED00004495,SKU010,1,14.96,14.96
IT00011150,PED00004495,SKU007,1,13.0,13.0
IT00011151,PED00004496,SKU006,1,10.26,10.26
IT00011152,PED00004496,SKU010,1,15.1,15.1
IT00011153,PED00004497,SKU001,1,6.69,6.69
IT00011154,PED00004497,SKU009,1,20.48,20.48
IT00011155,PED00004497,SKU009,1,19.4,19.4
IT00011156,PED00004498,SKU007,2,13.51,27.03
IT00011157,PED00004498,SKU004,2,7.59,15.19
IT00011158,PED00004499,SKU004,1,7.95,7.95
IT00011159,PED00004499,SKU011,2,16.32,32.64
IT00011160,PED00004500,SKU004,1,7.8,7.8
IT00011161,PED00004500,SKU002,2,4.13,8.26
IT00011162,PED00004501,SKU014,2,7.78,15.56
IT00011163,PED00004501,SKU002,3,4.3,12.89
IT00011164,PED00004502,SKU003,3,3.72,11.17
IT00011165,PED00004502,SKU011,3,16.54,49.61
IT00011166,PED00004502,SKU013,2,10.44,20.87
IT00011167,PED00004503,SKU009,3,18.93,56.79
IT00011168,PED00004503,SKU007,1,12.31,12.31
IT00011169,PED00004503,SKU014,1,7.27,7.27
IT00011170,PED00004504,SKU013,6,11.04,66.22
IT00011171,PED00004504,SKU012,1,12.46,12.46
IT00011172,PED00004505,SKU013,2,10.62,21.24
IT00011173,PED00004505,SKU009,2,19.88,39.76
IT00011174,PED00004505,SKU006,6,10.08,60.47
IT00011175,PED00004506,SKU013,1,11.44,11.44
IT00011176,PED00004507,SKU003,3,3.65,10.95
IT00011177,PED00004508,SKU010,1,14.92,14.92
IT00011178,PED00004508,SKU004,1,7.89,7.89
IT00011179,PED00004509,SKU001,3,6.32,18.95
IT00011180,PED00004509,SKU004,12,7.7,92.4
IT00011181,PED00004510,SKU002,1,4.34,4.34
IT00011182,PED00004510,SKU013,3,10.89,32.67
IT00011183,PED00004511,SKU013,1,10.77,10.77
IT00011184,PED00004511,SKU002,2,4.07,8.14
IT00011185,PED00004511,SKU013,3,10.93,32.78
IT00011186,PED00004511,SKU013,2,11.18,22.37
IT00011187,PED00004512,SKU006,6,10.06,60.36
IT00011188,PED00004512,SKU010,2,15.64,31.28
IT00011189,PED00004513,SKU002,6,4.23,25.36
IT00011190,PED00004514,SKU013,1,11.0,11.0
IT00011191,PED00004514,SKU007,2,12.68,25.36
IT00011192,PED00004514,SKU011,2,17.02,34.05
IT00011193,PED00004515,SKU002,1,4.15,4.15
IT00011194,PED00004515,SKU008,1,19.75,19.75
IT00011195,PED00004516,SKU003,6,3.91,23.46
IT00011196,PED00004517,SKU011,1,16.41,16.41
IT00011197,PED00004517,SKU004,1,7.81,7.81
IT00011198,PED00004518,SKU015,3,6.65,19.96
IT00011199,PED00004518,SKU005,1,8.69,8.69
IT00011200,PED00004519,SKU007,1,12.45,12.45
IT00011201,PED00004519,SKU010,1,14.43,14.43
IT00011202,PED00004519,SKU010,1,15.3,15.3
IT00011203,PED00004519,SKU004,2,8.22,16.44
IT00011204,PED00004520,SKU002,3,4.07,12.2
IT00011205,PED00004520,SKU003,1,3.88,3.88
IT00011206,PED00004520,SKU007,1,12.97,12.97
IT00011207,PED00004520,SKU013,1,11.12,11.12
IT00011208,PED00004521,SKU004,12,8.25,99.02
IT00011209,PED00004521,SKU013,1,11.03,11.03
IT00011210,PED00004522,SKU005,6,8.39,50.33
IT00011211,PED00004522,SKU004,6,7.62,45.72
IT00011212,PED00004523,SKU006,1,9.88,9.88
IT00011213,PED00004523,SKU005,1,8.86,8.86
IT00011214,PED00004523,SKU005,3,8.71,26.14
IT00011215,PED00004523,SKU009,1,20.08,20.08
IT00011216,PED00004524,SKU012,3,11.5,34.49
IT00011217,PED00004525,SKU002,2,4.12,8.23
IT00011218,PED00004525,SKU005,3,8.5,25.49
IT00011219,PED00004525,SKU011,3,17.0,50.99
IT00011220,PED00004525,SKU004,2,7.91,15.82
IT00011221,PED00004526,SKU008,3,18.06,54.18
IT00011222,PED00004526,SKU002,2,4.09,8.17
IT00011223,PED00004526,SKU002,2,4.23,8.47
IT00011224,PED00004527,SKU011,6,16.39,98.35
IT00011225,PED00004527,SKU014,3,7.32,21.95
IT00011226,PED00004527,SKU011,2,17.31,34.62
IT00011227,PED00004528,SKU013,1,11.08,11.08
IT00011228,PED00004528,SKU005,1,8.84,8.84
IT00011229,PED00004528,SKU012,3,11.91,35.73
IT00011230,PED00004529,SKU003,2,3.77,7.54
IT00011231,PED00004529,SKU008,6,18.4,110.42
IT00011232,PED00004530,SKU002,1,4.15,4.15
IT00011233,PED00004530,SKU009,12,20.01,240.06
IT00011234,PED00004530,SKU009,2,20.59,41.18
IT00011235,PED00004530,SKU007,1,12.68,12.68
IT00011236,PED00004531,SKU009,12,20.4,244.75
IT00011237,PED00004531,SKU009,1,20.73,20.73
IT00011238,PED00004531,SKU004,1,8.15,8.15
IT00011239,PED00004531,SKU003,1,3.84,3.84
IT00011240,PED00004531,SKU009,6,20.18,121.06
IT00011241,PED00004532,SKU006,2,10.27,20.54
IT00011242,PED00004532,SKU002,2,4.03,8.06
IT00011243,PED00004532,SKU011,1,16.85,16.85
IT00011244,PED00004532,SKU005,12,8.69,104.32
IT00011245,PED00004533,SKU003,1,3.89,3.89
IT00011246,PED00004534,SKU011,3,16.98,50.93
IT00011247,PED00004535,SKU013,2,10.54,21.08
IT00011248,PED00004535,SKU012,1,12.06,12.06
IT00011249,PED00004535,SKU006,1,9.72,9.72
IT00011250,PED00004535,SKU009,3,20.26,60.78
IT00011251,PED00004535,SKU010,2,15.35,30.7
IT00011252,PED00004536,SKU010,2,14.34,28.68
IT00011253,PED00004536,SKU006,1,9.51,9.51
IT00011254,PED00004537,SKU014,3,7.34,22.03
IT00011255,PED00004537,SKU005,3,8.35,25.04
IT00011256,PED00004537,SKU009,1,19.65,19.65
IT00011257,PED00004538,SKU012,2,11.91,23.82
IT00011258,PED00004538,SKU015,6,6.96,41.77
IT00011259,PED00004539,SKU008,3,18.81,56.43
IT00011260,PED00004539,SKU009,1,20.64,20.64
IT00011261,PED00004539,SKU008,12,19.36,232.36
IT00011262,PED00004539,SKU002,1,4.41,4.41
IT00011263,PED00004539,SKU014,3,7.72,23.16
IT00011264,PED00004540,SKU006,2,9.75,19.49
IT00011265,PED00004540,SKU005,6,8.21,49.27
IT00011266,PED00004540,SKU002,2,4.37,8.74
IT00011267,PED00004540,SKU011,1,17.28,17.28
IT00011268,PED00004540,SKU002,1,4.21,4.21
IT00011269,PED00004541,SKU015,1,6.65,6.65
IT00011270,PED00004541,SKU013,3,10.98,32.95
IT00011271,PED00004541,SKU005,3,8.28,24.85
IT00011272,PED00004542,SKU015,2,6.59,13.17
IT00011273,PED00004542,SKU008,2,19.63,39.26
IT00011274,PED00004542,SKU010,3,15.18,45.55
IT00011275,PED00004542,SKU006,6,10.3,61.82
IT00011276,PED00004542,SKU008,1,18.19,18.19
IT00011277,PED00004543,SKU011,6,17.21,103.27
IT00011278,PED00004543,SKU007,1,12.49,12.49
IT00011279,PED00004543,SKU007,3,12.99,38.98
IT00011280,PED00004543,SKU006,1,9.74,9.74
IT00011281,PED00004544,SKU009,3,20.68,62.04
IT00011282,PED00004544,SKU001,1,6.5,6.5
IT00011283,PED00004544,SKU013,1,11.41,11.41
IT00011284,PED00004544,SKU004,6,7.53,45.16
IT00011285,PED00004544,SKU004,1,7.73,7.73
IT00011286,PED00004545,SKU007,2,13.23,26.47
IT00011287,PED00004545,SKU005,1,8.72,8.72
IT00011288,PED00004545,SKU012,1,12.25,12.25
IT00011289,PED00004546,SKU007,2,12.26,24.52
IT00011290,PED00004546,SKU003,12,3.86,46.35
IT00011291,PED00004547,SKU010,1,14.78,14.78
IT00011292,PED00004547,SKU011,3,16.46,49.37
IT00011293,PED00004547,SKU003,6,3.7,22.19
IT00011294,PED00004548,SKU008,1,18.83,18.83
IT00011295,PED00004548,SKU003,2,3.84,7.69
IT00011296,PED00004548,SKU007,2,12.87,25.74
IT00011297,PED00004549,SKU009,3,19.36,58.09
IT00011298,PED00004549,SKU003,2,3.76,7.52
IT00011299,PED00004550,SKU003,1,3.68,3.68
IT00011300,PED00004550,SKU006,2,9.92,19.84
IT00011301,PED00004550,SKU014,1,7.28,7.28
IT00011302,PED00004551,SKU006,2,9.58,19.15
IT00011303,PED00004552,SKU010,3,15.01,45.04
IT00011304,PED00004552,SKU013,1,11.19,11.19
IT00011305,PED00004553,SKU004,1,8.12,8.12
IT00011306,PED00004554,SKU002,2,4.28,8.55
IT00011307,PED00004554,SKU009,1,20.12,20.12
IT00011308,PED00004555,SKU012,1,12.04,12.04
IT00011309,PED00004555,SKU001,12,6.33,76.0
IT00011310,PED00004556,SKU015,6,7.04,42.22
IT00011311,PED00004556,SKU004,1,7.8,7.8
IT00011312,PED00004556,SKU013,6,10.44,62.65
IT00011313,PED00004556,SKU004,1,7.78,7.78
IT00011314,PED00004557,SKU007,2,12.79,25.59
IT00011315,PED00004557,SKU003,2,3.83,7.66
IT00011316,PED00004557,SKU012,6,11.96,71.76
IT00011317,PED00004557,SKU011,2,16.22,32.45
IT00011318,PED00004558,SKU011,1,16.34,16.34
IT00011319,PED00004558,SKU003,1,3.85,3.85
IT00011320,PED00004558,SKU003,1,3.92,3.92
IT00011321,PED00004558,SKU014,6,7.71,46.28
IT00011322,PED00004559,SKU012,1,11.86,11.86
IT00011323,PED00004559,SKU004,3,8.07,24.2
IT00011324,PED00004560,SKU015,1,6.87,6.87
IT00011325,PED00004560,SKU007,12,12.86,154.36
IT00011326,PED00004561,SKU010,3,15.36,46.09
IT00011327,PED00004561,SKU003,1,3.63,3.63
IT00011328,PED00004561,SKU015,1,6.64,6.64
IT00011329,PED00004561,SKU005,2,8.85,17.7
IT00011330,PED00004562,SKU010,3,14.49,43.48
IT00011331,PED00004562,SKU002,1,4.17,4.17
IT00011332,PED00004562,SKU011,12,17.3,207.65
IT00011333,PED00004563,SKU015,1,6.88,6.88
IT00011334,PED00004564,SKU002,2,4.34,8.68
IT00011335,PED00004564,SKU012,1,11.58,11.58
IT00011336,PED00004564,SKU010,3,15.28,45.83
IT00011337,PED00004564,SKU011,2,15.87,31.73
IT00011338,PED00004565,SKU010,1,14.61,14.61
IT00011339,PED00004565,SKU009,1,20.12,20.12
IT00011340,PED00004565,SKU010,6,14.41,86.45
IT00011341,PED00004565,SKU007,1,13.49,13.49
IT00011342,PED00004566,SKU002,1,4.4,4.4
IT00011343,PED00004566,SKU010,3,15.56,46.68
IT00011344,PED00004566,SKU012,6,11.7,70.19
IT00011345,PED00004566,SKU009,6,19.05,114.31
IT00011346,PED00004566,SKU004,1,7.57,7.57
IT00011347,PED00004567,SKU003,3,3.69,11.07
IT00011348,PED00004567,SKU012,3,11.78,35.35
IT00011349,PED00004568,SKU010,3,14.5,43.51
IT00011350,PED00004569,SKU008,3,19.23,57.69
IT00011351,PED00004570,SKU003,3,3.74,11.23
IT00011352,PED00004570,SKU011,1,16.39,16.39
IT00011353,PED00004570,SKU005,6,8.71,52.24
IT00011354,PED00004570,SKU011,12,16.3,195.66
IT00011355,PED00004571,SKU004,1,7.59,7.59
IT00011356,PED00004571,SKU003,1,3.76,3.76
IT00011357,PED00004572,SKU012,6,12.04,72.23
IT00011358,PED00004573,SKU013,1,10.78,10.78
IT00011359,PED00004573,SKU005,2,8.44,16.87
IT00011360,PED00004574,SKU005,1,8.41,8.41
IT00011361,PED00004574,SKU007,6,12.64,75.86
IT00011362,PED00004574,SKU007,6,12.34,74.05
IT00011363,PED00004575,SKU013,1,11.43,11.43
IT00011364,PED00004575,SKU003,6,3.71,22.27
IT00011365,PED00004576,SKU009,1,19.99,19.99
IT00011366,PED00004576,SKU004,3,8.27,24.81
IT00011367,PED00004576,SKU011,1,15.72,15.72
IT00011368,PED00004577,SKU012,2,11.61,23.22
IT00011369,PED00004578,SKU014,3,7.58,22.74
IT00011370,PED00004578,SKU003,3,3.77,11.32
IT00011371,PED00004578,SKU008,2,18.81,37.63
IT00011372,PED00004579,SKU003,1,3.95,3.95
IT00011373,PED00004579,SKU004,3,7.75,23.26
IT00011374,PED00004580,SKU009,1,18.95,18.95
IT00011375,PED00004580,SKU002,3,4.12,12.36
IT00011376,PED00004581,SKU014,1,7.17,7.17
IT00011377,PED00004581,SKU013,1,11.1,11.1
IT00011378,PED00004582,SKU009,3,20.42,61.25
IT00011379,PED00004583,SKU014,2,7.3,14.59
IT00011380,PED00004583,SKU003,6,3.68,22.08
IT00011381,PED00004584,SKU009,2,20.81,41.61
IT00011382,PED00004584,SKU003,1,3.95,3.95
IT00011383,PED00004584,SKU010,6,14.27,85.65
IT00011384,PED00004585,SKU012,2,12.22,24.44
IT00011385,PED00004585,SKU007,3,12.88,38.64
IT00011386,PED00004586,SKU009,1,20.29,20.29
IT00011387,PED00004586,SKU002,1,4.19,4.19
IT00011388,PED00004586,SKU004,3,8.08,24.24
IT00011389,PED00004586,SKU001,3,6.25,18.76
IT00011390,PED00004587,SKU002,2,4.11,8.22
IT00011391,PED00004587,SKU014,3,7.72,23.17
IT00011392,PED00004587,SKU004,1,7.93,7.93
IT00011393,PED00004587,SKU002,12,4.31,51.67
IT00011394,PED00004588,SKU002,2,4.02,8.03
IT00011395,PED00004588,SKU002,2,4.39,8.77
IT00011396,PED00004588,SKU015,1,6.94,6.94
IT00011397,PED00004588,SKU002,2,4.04,8.08
IT00011398,PED00004589,SKU005,6,8.61,51.67
IT00011399,PED00004589,SKU004,6,7.66,45.95
IT00011400,PED00004590,SKU013,6,11.12,66.75
IT00011401,PED00004591,SKU014,2,7.49,14.99
IT00011402,PED00004591,SKU004,3,7.83,23.5
IT00011403,PED00004591,SKU013,1,11.23,11.23
IT00011404,PED00004591,SKU014,6,7.16,42.94
IT00011405,PED00004592,SKU011,1,16.26,16.26
IT00011406,PED00004593,SKU013,1,10.87,10.87
IT00011407,PED00004593,SKU005,6,8.8,52.81
IT00011408,PED00004594,SKU004,6,8.01,48.05
IT00011409,PED00004595,SKU015,2,7.04,14.07
IT00011410,PED00004596,SKU011,6,17.22,103.32
IT00011411,PED00004596,SKU009,6,19.73,118.35
IT00011412,PED00004597,SKU006,3,9.6,28.81
IT00011413,PED00004598,SKU011,3,15.69,47.07
IT00011414,PED00004598,SKU002,1,4.4,4.4
IT00011415,PED00004598,SKU012,3,11.94,35.82
IT00011416,PED00004599,SKU013,2,10.59,21.17
IT00011417,PED00004599,SKU014,3,7.33,21.98
IT00011418,PED00004599,SKU012,3,11.78,35.34
IT00011419,PED00004600,SKU002,1,4.17,4.17
IT00011420,PED00004600,SKU010,3,14.44,43.33
IT00011421,PED00004601,SKU009,1,19.98,19.98
IT00011422,PED00004602,SKU002,2,4.22,8.43
IT00011423,PED00004602,SKU014,2,7.58,15.16
IT00011424,PED00004602,SKU014,1,7.3,7.3
IT00011425,PED00004602,SKU010,3,14.98,44.95
IT00011426,PED00004602,SKU007,1,13.53,13.53
IT00011427,PED00004603,SKU011,1,16.79,16.79
IT00011428,PED00004604,SKU008,2,19.13,38.27
IT00011429,PED00004604,SKU009,2,18.95,37.9
IT00011430,PED00004604,SKU008,6,18.47,110.81
IT00011431,PED00004604,SKU015,1,7.01,7.01
IT00011432,PED00004605,SKU005,1,8.67,8.67
IT00011433,PED00004605,SKU002,3,4.04,12.13
IT00011434,PED00004605,SKU010,1,14.64,14.64
IT00011435,PED00004606,SKU013,1,10.95,10.95
IT00011436,PED00004606,SKU003,6,3.63,21.81
IT00011437,PED00004606,SKU007,6,13.19,79.13
IT00011438,PED00004607,SKU005,3,8.83,26.49
IT00011439,PED00004607,SKU008,1,18.33,18.33
IT00011440,PED00004608,SKU005,6,8.1,48.58
IT00011441,PED00004608,SKU010,1,14.45,14.45
IT00011442,PED00004609,SKU015,2,6.78,13.56
IT00011443,PED00004610,SKU010,2,14.79,29.57
IT00011444,PED00004611,SKU010,1,15.14,15.14
IT00011445,PED00004611,SKU007,1,12.66,12.66
IT00011446,PED00004612,SKU006,1,9.75,9.75
IT00011447,PED00004612,SKU011,3,16.73,50.18
IT00011448,PED00004613,SKU004,6,7.76,46.58
IT00011449,PED00004613,SKU001,2,6.66,13.33
IT00011450,PED00004613,SKU013,1,10.69,10.69
IT00011451,PED00004614,SKU009,1,20.47,20.47
IT00011452,PED00004615,SKU003,2,3.97,7.94
IT00011453,PED00004615,SKU006,3,9.51,28.54
IT00011454,PED00004616,SKU004,3,8.19,24.58
IT00011455,PED00004617,SKU011,1,16.13,16.13
IT00011456,PED00004617,SKU015,1,7.22,7.22
IT00011457,PED00004618,SKU013,2,10.65,21.29
IT00011458,PED00004618,SKU001,1,6.18,6.18
IT00011459,PED00004618,SKU002,3,4.23,12.7
IT00011460,PED00004618,SKU006,1,9.7,9.7
IT00011461,PED00004619,SKU012,2,11.35,22.69
IT00011462,PED00004620,SKU012,1,11.68,11.68
IT00011463,PED00004621,SKU014,1,7.57,7.57
IT00011464,PED00004621,SKU003,1,3.75,3.75
IT00011465,PED00004621,SKU002,3,4.15,12.45
IT00011466,PED00004621,SKU001,12,6.45,77.44
IT00011467,PED00004622,SKU010,6,14.75,88.52
IT00011468,PED00004623,SKU011,2,17.08,34.16
IT00011469,PED00004624,SKU010,6,15.6,93.62
IT00011470,PED00004625,SKU011,6,16.24,97.42
IT00011471,PED00004625,SKU013,1,11.04,11.04
IT00011472,PED00004625,SKU011,1,16.26,16.26
IT00011473,PED00004626,SKU004,6,7.96,47.74
IT00011474,PED00004627,SKU006,1,9.62,9.62
IT00011475,PED00004627,SKU002,1,4.39,4.39
IT00011476,PED00004628,SKU003,3,3.61,10.84
IT00011477,PED00004628,SKU013,6,10.86,65.14
IT00011478,PED00004629,SKU001,1,6.49,6.49
IT00011479,PED00004629,SKU001,1,6.49,6.49
IT00011480,PED00004629,SKU014,2,7.17,14.34
IT00011481,PED00004630,SKU009,2,19.41,38.82
IT00011482,PED00004630,SKU010,2,14.47,28.94
IT00011483,PED00004630,SKU013,3,10.99,32.96
IT00011484,PED00004630,SKU010,1,14.62,14.62
IT00011485,PED00004631,SKU005,2,8.6,17.2
IT00011486,PED00004631,SKU002,3,4.38,13.14
IT00011487,PED00004632,SKU009,1,19.59,19.59
IT00011488,PED00004632,SKU013,1,10.41,10.41
IT00011489,PED00004633,SKU011,1,17.25,17.25
IT00011490,PED00004633,SKU004,1,8.02,8.02
IT00011491,PED00004633,SKU012,2,11.53,23.06
IT00011492,PED00004633,SKU002,2,4.19,8.38
IT00011493,PED00004634,SKU013,6,10.41,62.49
IT00011494,PED00004634,SKU013,2,10.41,20.83
IT00011495,PED00004635,SKU015,1,7.19,7.19
IT00011496,PED00004636,SKU005,1,8.1,8.1
IT00011497,PED00004636,SKU003,6,3.72,22.33
IT00011498,PED00004636,SKU009,2,19.16,38.33
IT00011499,PED00004637,SKU003,1,3.68,3.68
IT00011500,PED00004637,SKU009,1,19.95,19.95
IT00011501,PED00004638,SKU010,1,14.6,14.6
IT00011502,PED00004638,SKU008,1,19.08,19.08
IT00011503,PED00004638,SKU013,3,10.67,32.01
IT00011504,PED00004639,SKU014,3,7.38,22.15
IT00011505,PED00004639,SKU005,2,8.38,16.76
IT00011506,PED00004639,SKU008,2,18.97,37.94
IT00011507,PED00004639,SKU009,3,20.37,61.11
IT00011508,PED00004639,SKU013,3,11.32,33.96
IT00011509,PED00004640,SKU013,2,10.78,21.56
IT00011510,PED00004640,SKU008,1,17.99,17.99
IT00011511,PED00004640,SKU011,1,16.84,16.84
IT00011512,PED00004640,SKU008,2,18.18,36.37
IT00011513,PED00004641,SKU006,1,9.75,9.75
IT00011514,PED00004642,SKU001,6,6.21,37.27
IT00011515,PED00004642,SKU007,1,13.49,13.49
IT00011516,PED00004642,SKU011,1,16.78,16.78
IT00011517,PED00004643,SKU001,6,6.57,39.39
IT00011518,PED00004643,SKU007,3,12.84,38.52
IT00011519,PED00004644,SKU006,2,10.24,20.48
IT00011520,PED00004645,SKU011,6,16.02,96.1
IT00011521,PED00004645,SKU011,3,16.93,50.78
IT00011522,PED00004645,SKU005,1,8.35,8.35
IT00011523,PED00004646,SKU015,6,6.72,40.32
IT00011524,PED00004646,SKU002,1,4.36,4.36
IT00011525,PED00004647,SKU003,1,3.77,3.77
IT00011526,PED00004647,SKU002,2,4.11,8.22
IT00011527,PED00004648,SKU006,6,9.61,57.67
IT00011528,PED00004648,SKU002,6,4.38,26.3
IT00011529,PED00004649,SKU007,1,12.62,12.62
IT00011530,PED00004649,SKU002,6,4.17,25.03
IT00011531,PED00004650,SKU006,1,9.8,9.8
IT00011532,PED00004650,SKU015,1,6.66,6.66
IT00011533,PED00004650,SKU006,2,9.7,19.41
IT00011534,PED00004651,SKU005,1,8.71,8.71
IT00011535,PED00004652,SKU012,2,11.48,22.97
IT00011536,PED00004652,SKU003,3,3.63,10.9
IT00011537,PED00004652,SKU015,2,6.58,13.17
IT00011538,PED00004653,SKU003,2,3.87,7.73
IT00011539,PED00004653,SKU003,1,3.94,0.0
IT00011540,PED00004653,SKU007,12,13.54,162.52
IT00011541,PED00004654,SKU007,1,12.61,12.61
IT00011542,PED00004654,SKU013,1,10.79,10.79
IT00011543,PED00004654,SKU006,3,9.46,28.37
IT00011544,PED00004654,SKU009,2,19.58,39.15
IT00011545,PED00004655,SKU002,3,4.35,13.05
IT00011546,PED00004655,SKU001,3,6.46,19.37
IT00011547,PED00004655,SKU001,1,6.8,6.8
IT00011548,PED00004655,SKU008,1,18.91,18.91
IT00011549,PED00004655,SKU007,12,12.88,154.54
IT00011550,PED00004656,SKU007,1,12.98,12.98
IT00011551,PED00004656,SKU014,2,7.31,14.61
IT00011552,PED00004657,SKU008,1,18.08,18.08
IT00011553,PED00004657,SKU010,1,14.88,14.88
IT00011554,PED00004658,SKU008,1,19.15,19.15
IT00011555,PED00004658,SKU008,1,19.27,19.27
IT00011556,PED00004659,SKU007,1,12.61,12.61
IT00011557,PED00004659,SKU010,2,15.5,31.01
IT00011558,PED00004659,SKU006,2,10.27,20.53
IT00011559,PED00004660,SKU004,3,7.65,22.96
IT00011560,PED00004660,SKU011,2,16.87,33.73
IT00011561,PED00004660,SKU003,1,3.75,3.75
IT00011562,PED00004661,SKU011,12,16.75,201.04
IT00011563,PED00004661,SKU006,1,10.24,10.24
IT00011564,PED00004661,SKU008,3,19.81,59.44
IT00011565,PED00004662,SKU011,6,15.98,95.89
IT00011566,PED00004662,SKU008,1,18.08,18.08
IT00011567,PED00004662,SKU011,1,16.52,16.52
IT00011568,PED00004662,SKU003,1,3.81,3.81
IT00011569,PED00004663,SKU012,1,11.93,11.93
IT00011570,PED00004663,SKU013,1,10.46,10.46
IT00011571,PED00004663,SKU006,1,10.22,10.22
IT00011572,PED00004663,SKU001,3,6.38,19.15
IT00011573,PED00004664,SKU004,1,8.05,8.05
IT00011574,PED00004664,SKU005,3,8.7,26.11
IT00011575,PED00004664,SKU003,1,3.99,3.99
IT00011576,PED00004664,SKU009,12,20.18,242.16
IT00011577,PED00004665,SKU012,3,12.19,36.57
IT00011578,PED00004665,SKU012,3,11.79,35.36
IT00011579,PED00004665,SKU008,1,19.72,19.72
IT00011580,PED00004666,SKU013,12,10.67,128.04
IT00011581,PED00004667,SKU007,1,12.61,12.61
IT00011582,PED00004667,SKU006,2,10.19,20.38
IT00011583,PED00004667,SKU009,3,19.14,57.43
IT00011584,PED00004668,SKU013,12,10.55,126.55
IT00011585,PED00004668,SKU011,6,17.24,103.43
IT00011586,PED00004668,SKU003,2,3.67,7.33
IT00011587,PED00004669,SKU007,6,13.45,80.7
IT00011588,PED00004669,SKU004,2,8.07,16.14
IT00011589,PED00004670,SKU013,1,10.62,10.62
IT00011590,PED00004671,SKU002,3,4.29,12.86
IT00011591,PED00004672,SKU002,6,4.35,26.12
IT00011592,PED00004673,SKU010,2,14.67,29.33
IT00011593,PED00004674,SKU009,3,19.5,58.51
IT00011594,PED00004675,SKU012,1,11.89,11.89
IT00011595,PED00004676,SKU011,2,16.41,32.81
IT00011596,PED00004676,SKU015,1,6.64,6.64
IT00011597,PED00004676,SKU001,1,6.43,6.43
IT00011598,PED00004677,SKU013,6,10.62,63.73
IT00011599,PED00004677,SKU014,1,7.21,7.21
IT00011600,PED00004678,SKU005,1,8.47,8.47
IT00011601,PED00004679,SKU003,3,3.9,11.69
IT00011602,PED00004679,SKU004,12,7.76,93.08
IT00011603,PED00004680,SKU011,3,16.31,48.92
IT00011604,PED00004680,SKU007,3,13.06,39.18
IT00011605,PED00004681,SKU003,6,3.85,23.13
IT00011606,PED00004681,SKU010,2,14.56,29.12
IT00011607,PED00004681,SKU006,12,9.61,115.31
IT00011608,PED00004682,SKU008,12,18.74,224.83
IT00011609,PED00004682,SKU009,1,19.91,19.91
IT00011610,PED00004682,SKU014,6,7.21,43.27
IT00011611,PED00004683,SKU011,3,15.74,47.23
IT00011612,PED00004683,SKU011,6,17.29,103.71
IT00011613,PED00004684,SKU001,2,6.59,13.18
IT00011614,PED00004685,SKU004,2,7.91,15.81
IT00011615,PED00004685,SKU002,1,4.28,4.28
IT00011616,PED00004686,SKU013,2,10.86,21.72
IT00011617,PED00004686,SKU015,2,6.94,13.88
IT00011618,PED00004687,SKU008,1,19.43,19.43
IT00011619,PED00004687,SKU014,1,7.38,7.38
IT00011620,PED00004688,SKU012,3,12.49,37.48
IT00011621,PED00004689,SKU010,1,15.35,15.35
IT00011622,PED00004689,SKU009,2,19.78,39.56
IT00011623,PED00004690,SKU007,2,12.85,25.7
IT00011624,PED00004690,SKU003,6,3.99,23.92
IT00011625,PED00004691,SKU009,1,19.44,19.44
IT00011626,PED00004691,SKU001,2,6.56,13.12
IT00011627,PED00004691,SKU006,1,9.51,9.51
IT00011628,PED00004692,SKU012,6,12.22,73.3
IT00011629,PED00004692,SKU006,1,9.61,9.61
IT00011630,PED00004692,SKU004,3,7.95,23.85
IT00011631,PED00004693,SKU008,3,19.21,57.64
IT00011632,PED00004693,SKU007,3,13.39,40.18
IT00011633,PED00004694,SKU002,12,4.09,49.12
IT00011634,PED00004694,SKU013,6,10.97,65.82
IT00011635,PED00004695,SKU006,3,9.41,28.24
IT00011636,PED00004695,SKU013,2,10.57,21.13
IT00011637,PED00004696,SKU002,1,4.17,4.17
IT00011638,PED00004696,SKU009,2,19.85,39.69
IT00011639,PED00004697,SKU009,3,19.05,57.14
IT00011640,PED00004697,SKU008,1,18.94,18.94
IT00011641,PED00004697,SKU001,1,6.6,6.6
IT00011642,PED00004698,SKU007,2,13.45,26.91
IT00011643,PED00004699,SKU008,3,19.66,58.97
IT00011644,PED00004699,SKU001,1,6.6,6.6
IT00011645,PED00004700,SKU002,1,4.24,4.24
IT00011646,PED00004701,SKU004,1,7.83,7.83
IT00011647,PED00004701,SKU011,6,16.04,96.26
IT00011648,PED00004702,SKU005,6,8.62,51.74
IT00011649,PED00004702,SKU014,2,7.22,14.44
IT00011650,PED00004702,SKU003,1,3.7,3.7
IT00011651,PED00004703,SKU003,2,3.96,7.93
IT00011652,PED00004703,SKU015,3,7.09,21.28
IT00011653,PED00004703,SKU014,1,7.74,7.74
IT00011654,PED00004704,SKU002,1,4.13,4.13
IT00011655,PED00004704,SKU010,2,15.17,30.33
IT00011656,PED00004705,SKU010,3,14.78,44.35
IT00011657,PED00004705,SKU012,1,12.11,12.11
IT00011658,PED00004705,SKU007,2,12.48,24.95
IT00011659,PED00004706,SKU002,3,4.13,12.39
IT00011660,PED00004707,SKU002,1,4.06,4.06
IT00011661,PED00004707,SKU011,2,15.8,31.61
IT00011662,PED00004708,SKU011,3,16.9,50.71
IT00011663,PED00004708,SKU012,2,11.99,23.97
IT00011664,PED00004709,SKU003,1,3.88,3.88
IT00011665,PED00004709,SKU006,3,9.98,29.95
IT00011666,PED00004709,SKU015,1,7.01,7.01
IT00011667,PED00004710,SKU009,1,19.13,19.13
IT00011668,PED00004710,SKU006,3,10.25,30.76
IT00011669,PED00004710,SKU010,3,15.11,45.34
IT00011670,PED00004711,SKU014,1,7.87,7.87
IT00011671,PED00004712,SKU007,1,12.96,12.96
IT00011672,PED00004713,SKU006,1,9.59,9.59
IT00011673,PED00004713,SKU009,6,19.22,115.29
IT00011674,PED00004714,SKU008,12,18.53,222.38
IT00011675,PED00004714,SKU004,12,7.62,91.43
IT00011676,PED00004714,SKU008,2,19.01,38.02
IT00011677,PED00004714,SKU008,2,19.83,39.66
IT00011678,PED00004715,SKU012,1,11.67,11.67
IT00011679,PED00004715,SKU010,6,15.02,90.13
IT00011680,PED00004716,SKU004,2,7.7,15.4
IT00011681,PED00004716,SKU007,1,12.68,12.68
IT00011682,PED00004717,SKU009,3,19.35,58.05
IT00011683,PED00004717,SKU009,6,20.77,124.64
IT00011684,PED00004718,SKU002,12,4.3,51.61
IT00011685,PED00004718,SKU012,1,12.4,12.4
IT00011686,PED00004719,SKU006,12,9.86,118.37
IT00011687,PED00004719,SKU003,2,3.69,7.39
IT00011688,PED00004719,SKU005,3,8.75,26.26
IT00011689,PED00004720,SKU005,3,8.67,26.01
IT00011690,PED00004720,SKU011,2,16.57,33.15
IT00011691,PED00004720,SKU013,2,10.68,21.35
IT00011692,PED00004721,SKU009,2,20.89,41.79
IT00011693,PED00004721,SKU002,2,4.05,8.09
IT00011694,PED00004722,SKU008,2,19.11,38.22
IT00011695,PED00004722,SKU002,2,4.07,8.15
IT00011696,PED00004723,SKU005,1,8.79,8.79
IT00011697,PED00004723,SKU011,2,16.62,33.23
IT00011698,PED00004723,SKU014,3,7.22,21.66
IT00011699,PED00004723,SKU008,3,19.79,59.38
IT00011700,PED00004724,SKU010,6,14.68,88.09
IT00011701,PED00004725,SKU001,3,6.75,20.25
IT00011702,PED00004725,SKU011,2,16.96,33.92
IT00011703,PED00004726,SKU009,6,20.2,121.2
IT00011704,PED00004726,SKU015,3,7.2,21.6
IT00011705,PED00004727,SKU010,3,14.47,43.4
IT00011706,PED00004727,SKU015,1,7.02,7.02
IT00011707,PED00004727,SKU012,2,12.16,24.31
IT00011708,PED00004728,SKU014,6,7.73,46.41
IT00011709,PED00004728,SKU007,2,13.47,26.95
IT00011710,PED00004728,SKU015,3,6.76,20.27
IT00011711,PED00004729,SKU010,3,15.23,45.68
IT00011712,PED00004729,SKU015,1,6.68,6.68
IT00011713,PED00004730,SKU014,1,7.33,7.33
IT00011714,PED00004730,SKU004,12,8.2,98.38
IT00011715,PED00004730,SKU011,1,17.18,17.18
IT00011716,PED00004731,SKU012,1,11.33,11.33
IT00011717,PED00004731,SKU008,1,18.07,18.07
IT00011718,PED00004732,SKU012,3,11.38,34.14
IT00011719,PED00004732,SKU006,1,9.97,9.97
IT00011720,PED00004733,SKU006,1,10.24,10.24
IT00011721,PED00004733,SKU006,1,9.56,9.56
IT00011722,PED00004733,SKU003,3,3.82,11.47
IT00011723,PED00004733,SKU011,1,15.93,15.93
IT00011724,PED00004733,SKU001,1,6.49,6.49
IT00011725,PED00004734,SKU014,6,7.54,45.25
IT00011726,PED00004734,SKU011,6,17.21,103.24
IT00011727,PED00004735,SKU015,2,7.13,14.26
IT00011728,PED00004736,SKU011,1,16.28,16.28
IT00011729,PED00004736,SKU012,3,11.4,34.19
IT00011730,PED00004736,SKU014,6,7.75,46.47
IT00011731,PED00004736,SKU006,6,10.3,61.82
IT00011732,PED00004737,SKU009,3,19.62,58.85
IT00011733,PED00004737,SKU002,3,4.03,12.1
IT00011734,PED00004737,SKU013,3,10.99,32.98
IT00011735,PED00004738,SKU009,1,20.36,20.36
IT00011736,PED00004738,SKU013,12,11.28,135.36
IT00011737,PED00004738,SKU012,1,11.32,11.32
IT00011738,PED00004739,SKU001,3,6.77,20.31
IT00011739,PED00004739,SKU005,2,8.36,16.73
IT00011740,PED00004739,SKU012,3,12.35,37.06
IT00011741,PED00004740,SKU005,2,8.4,16.81
IT00011742,PED00004741,SKU015,2,6.86,13.72
IT00011743,PED00004741,SKU013,1,11.08,11.08
IT00011744,PED00004742,SKU015,2,6.61,13.21
IT00011745,PED00004742,SKU001,3,6.64,19.92
IT00011746,PED00004743,SKU003,6,3.77,22.64
IT00011747,PED00004743,SKU005,1,8.75,8.75
IT00011748,PED00004744,SKU009,6,20.25,121.5
IT00011749,PED00004744,SKU009,6,20.41,122.46
IT00011750,PED00004745,SKU009,1,19.89,19.89
IT00011751,PED00004745,SKU006,1,9.71,9.71
IT00011752,PED00004745,SKU015,1,7.02,7.02
IT00011753,PED00004745,SKU015,12,6.9,82.78
IT00011754,PED00004746,SKU013,1,11.42,11.42
IT00011755,PED00004746,SKU014,2,7.27,14.53
IT00011756,PED00004746,SKU015,2,6.79,13.59
IT00011757,PED00004747,SKU001,2,6.52,13.04
IT00011758,PED00004747,SKU010,3,14.48,43.43
IT00011759,PED00004747,SKU009,6,19.28,115.67
IT00011760,PED00004747,SKU008,3,19.38,58.15
IT00011761,PED00004748,SKU006,1,10.18,10.18
IT00011762,PED00004748,SKU003,3,3.66,10.97
IT00011763,PED00004749,SKU006,2,9.51,19.01
IT00011764,PED00004749,SKU013,3,10.7,32.11
IT00011765,PED00004749,SKU006,6,9.94,59.65
IT00011766,PED00004749,SKU013,2,10.59,21.18
IT00011767,PED00004750,SKU009,6,20.76,124.57
IT00011768,PED00004750,SKU005,2,8.81,17.62
IT00011769,PED00004751,SKU009,12,20.02,240.22
IT00011770,PED00004751,SKU014,1,7.82,7.82
IT00011771,PED00004752,SKU014,1,7.14,7.14
IT00011772,PED00004752,SKU003,3,3.76,11.29
IT00011773,PED00004752,SKU008,1,18.98,18.98
IT00011774,PED00004752,SKU006,2,10.24,20.48
IT00011775,PED00004753,SKU009,3,20.21,60.63
IT00011776,PED00004753,SKU001,1,6.25,6.25
IT00011777,PED00004753,SKU014,2,7.34,14.67
IT00011778,PED00004754,SKU002,2,4.18,8.35
IT00011779,PED00004754,SKU008,2,19.81,39.63
IT00011780,PED00004755,SKU010,6,14.88,89.27
IT00011781,PED00004755,SKU005,2,8.63,17.27
IT00011782,PED00004756,SKU009,6,20.21,121.25
IT00011783,PED00004757,SKU003,6,3.61,21.67
IT00011784,PED00004757,SKU004,3,8.23,24.69
IT00011785,PED00004757,SKU014,3,7.65,22.96
IT00011786,PED00004758,SKU001,6,6.51,39.08
IT00011787,PED00004758,SKU002,2,4.02,8.03
IT00011788,PED00004758,SKU004,2,7.64,15.28
IT00011789,PED00004758,SKU009,3,20.37,61.11
IT00011790,PED00004759,SKU006,1,9.83,9.83
IT00011791,PED00004759,SKU004,6,7.51,45.07
IT00011792,PED00004759,SKU011,6,17.16,102.96
IT00011793,PED00004760,SKU012,3,11.98,35.93
IT00011794,PED00004760,SKU007,2,12.48,24.97
IT00011795,PED00004761,SKU002,3,4.13,12.4
IT00011796,PED00004761,SKU013,2,10.59,21.18
IT00011797,PED00004761,SKU006,1,9.93,9.93
IT00011798,PED00004761,SKU003,3,3.61,10.84
IT00011799,PED00004762,SKU008,1,18.92,18.92
IT00011800,PED00004763,SKU008,3,19.24,57.73
IT00011801,PED00004764,SKU003,6,3.68,22.05
IT00011802,PED00004765,SKU014,1,7.53,7.53
IT00011803,PED00004766,SKU004,3,7.98,23.93
IT00011804,PED00004766,SKU002,3,4.06,12.18
IT00011805,PED00004766,SKU006,2,10.16,20.33
IT00011806,PED00004766,SKU003,12,3.98,47.74
IT00011807,PED00004766,SKU001,6,6.82,40.91
IT00011808,PED00004767,SKU008,2,19.83,39.66
IT00011809,PED00004767,SKU013,1,11.09,11.09
IT00011810,PED00004768,SKU007,6,13.29,79.71
IT00011811,PED00004768,SKU001,1,6.41,6.41
IT00011812,PED00004769,SKU006,1,10.2,10.2
IT00011813,PED00004769,SKU001,1,6.47,6.47
IT00011814,PED00004769,SKU014,2,7.65,15.29
IT00011815,PED00004769,SKU006,2,10.06,20.13
IT00011816,PED00004769,SKU004,6,8.1,48.59
IT00011817,PED00004770,SKU011,1,16.48,16.48
IT00011818,PED00004770,SKU007,1,13.5,13.5
IT00011819,PED00004770,SKU004,6,7.98,47.87
IT00011820,PED00004770,SKU013,2,10.54,21.09
IT00011821,PED00004770,SKU007,1,12.3,12.3
IT00011822,PED00004771,SKU010,2,14.86,29.73
IT00011823,PED00004771,SKU009,3,20.77,62.31
IT00011824,PED00004772,SKU002,1,4.35,4.35
IT00011825,PED00004772,SKU006,2,10.16,20.32
IT00011826,PED00004773,SKU009,6,19.26,115.56
IT00011827,PED00004773,SKU008,1,18.82,18.82
IT00011828,PED00004773,SKU011,1,16.4,16.4
IT00011829,PED00004773,SKU006,6,9.8,58.8
IT00011830,PED00004774,SKU014,2,7.86,15.72
IT00011831,PED00004774,SKU006,6,10.0,59.98
IT00011832,PED00004774,SKU001,6,6.51,39.05
IT00011833,PED00004774,SKU008,3,19.78,59.35
IT00011834,PED00004775,SKU013,1,10.63,10.63
IT00011835,PED00004776,SKU003,1,3.62,3.62
IT00011836,PED00004776,SKU015,2,6.65,13.3
IT00011837,PED00004777,SKU015,2,6.72,13.44
IT00011838,PED00004777,SKU010,1,15.6,15.6
IT00011839,PED00004777,SKU011,6,17.16,102.98
IT00011840,PED00004777,SKU001,1,6.31,6.31
IT00011841,PED00004778,SKU008,12,19.36,232.3
IT00011842,PED00004778,SKU007,1,12.77,12.77
IT00011843,PED00004779,SKU014,12,7.57,90.83
IT00011844,PED00004780,SKU014,3,7.25,21.76
IT00011845,PED00004781,SKU012,6,11.56,69.36
IT00011846,PED00004782,SKU009,1,20.12,20.12
IT00011847,PED00004783,SKU010,12,14.49,173.91
IT00011848,PED00004783,SKU003,12,3.81,45.68
IT00011849,PED00004784,SKU013,6,10.69,64.12
IT00011850,PED00004784,SKU008,1,19.22,19.22
IT00011851,PED00004785,SKU006,1,9.44,9.44
IT00011852,PED00004786,SKU006,1,9.42,9.42
IT00011853,PED00004786,SKU006,3,9.68,29.05
IT00011854,PED00004786,SKU011,12,16.26,195.11
IT00011855,PED00004787,SKU002,3,4.22,12.66
IT00011856,PED00004788,SKU003,1,3.67,3.67
IT00011857,PED00004789,SKU014,1,7.36,7.36
IT00011858,PED00004789,SKU001,3,6.49,19.47
IT00011859,PED00004789,SKU011,1,16.8,16.8
IT00011860,PED00004790,SKU002,1,4.01,4.01
IT00011861,PED00004790,SKU010,12,15.37,184.5
IT00011862,PED00004790,SKU015,1,7.09,7.09
IT00011863,PED00004790,SKU015,1,7.14,7.14
IT00011864,PED00004791,SKU007,2,13.51,27.03
IT00011865,PED00004791,SKU013,1,11.24,11.24
IT00011866,PED00004791,SKU007,1,12.62,12.62
IT00011867,PED00004791,SKU003,2,3.96,7.92
IT00011868,PED00004792,SKU003,12,3.68,44.12
IT00011869,PED00004792,SKU012,3,11.37,34.1
IT00011870,PED00004792,SKU009,3,20.79,62.36
IT00011871,PED00004793,SKU004,1,8.17,8.17
IT00011872,PED00004793,SKU005,6,8.41,50.45
IT00011873,PED00004793,SKU001,1,6.29,6.29
IT00011874,PED00004794,SKU002,12,4.39,52.73
IT00011875,PED00004794,SKU007,3,13.03,39.1
IT00011876,PED00004795,SKU015,6,6.7,40.22
IT00011877,PED00004795,SKU006,1,10.1,10.1
IT00011878,PED00004795,SKU001,2,6.72,13.44
IT00011879,PED00004795,SKU004,1,7.78,7.78
IT00011880,PED00004796,SKU011,2,16.52,33.05
IT00011881,PED00004796,SKU006,1,9.68,9.68
IT00011882,PED00004796,SKU012,6,11.98,71.88
IT00011883,PED00004796,SKU015,2,6.78,13.56
IT00011884,PED00004796,SKU008,2,19.19,38.38
IT00011885,PED00004797,SKU009,1,20.57,20.57
IT00011886,PED00004797,SKU009,3,19.75,59.25
IT00011887,PED00004798,SKU010,1,15.64,15.64
IT00011888,PED00004798,SKU011,3,16.83,50.5
IT00011889,PED00004798,SKU010,1,14.5,14.5
IT00011890,PED00004799,SKU003,1,3.68,3.68
IT00011891,PED00004799,SKU001,1,6.67,6.67
IT00011892,PED00004800,SKU013,3,10.68,32.04
IT00011893,PED00004800,SKU008,2,18.03,36.05
IT00011894,PED00004800,SKU008,12,19.09,229.1
IT00011895,PED00004801,SKU010,3,14.98,44.93
IT00011896,PED00004801,SKU010,6,14.93,89.58
IT00011897,PED00004801,SKU006,6,10.17,61.03
IT00011898,PED00004801,SKU006,3,9.96,29.87
IT00011899,PED00004802,SKU004,3,8.12,24.37
IT00011900,PED00004803,SKU005,3,8.36,25.08
IT00011901,PED00004804,SKU003,1,3.83,3.83
IT00011902,PED00004804,SKU008,3,19.64,58.92
IT00011903,PED00004804,SKU002,1,4.18,4.18
IT00011904,PED00004805,SKU001,6,6.55,39.27
IT00011905,PED00004805,SKU015,12,7.06,84.71
IT00011906,PED00004805,SKU007,6,12.39,74.33
IT00011907,PED00004806,SKU014,2,7.82,15.65
IT00011908,PED00004806,SKU002,3,4.35,13.04
IT00011909,PED00004807,SKU009,6,20.62,123.73
IT00011910,PED00004807,SKU004,1,8.05,8.05
IT00011911,PED00004807,SKU006,1,9.5,9.5
IT00011912,PED00004808,SKU013,2,11.05,22.1
IT00011913,PED00004809,SKU001,2,6.27,12.55
IT00011914,PED00004809,SKU012,3,12.04,36.13
IT00011915,PED00004809,SKU009,1,19.6,19.6
IT00011916,PED00004809,SKU005,3,8.65,25.94
IT00011917,PED00004810,SKU003,3,3.71,11.13
IT00011918,PED00004811,SKU011,6,16.32,97.92
IT00011919,PED00004811,SKU005,3,8.72,26.17
IT00011920,PED00004811,SKU007,1,12.27,12.27
IT00011921,PED00004811,SKU001,6,6.18,37.07
IT00011922,PED00004812,SKU014,3,7.51,22.53
IT00011923,PED00004813,SKU009,2,19.72,39.43
IT00011924,PED00004814,SKU014,1,7.21,7.21
IT00011925,PED00004814,SKU009,12,19.52,234.21
IT00011926,PED00004815,SKU001,1,6.74,6.74
IT00011927,PED00004815,SKU006,1,9.75,9.75
IT00011928,PED00004815,SKU005,3,8.51,25.52
IT00011929,PED00004816,SKU002,1,4.1,4.1
IT00011930,PED00004817,SKU015,1,6.67,6.67
IT00011931,PED00004817,SKU002,2,4.06,8.12
IT00011932,PED00004818,SKU007,3,13.08,39.24
IT00011933,PED00004818,SKU009,12,20.04,240.54
IT00011934,PED00004819,SKU001,3,6.65,19.94
IT00011935,PED00004819,SKU010,1,14.91,14.91
IT00011936,PED00004819,SKU008,1,18.58,18.58
IT00011937,PED00004820,SKU014,12,7.3,87.62
IT00011938,PED00004820,SKU001,3,6.48,19.45
IT00011939,PED00004820,SKU005,1,8.19,8.19
IT00011940,PED00004820,SKU013,1,10.44,10.44
IT00011941,PED00004820,SKU014,1,7.86,7.86
IT00011942,PED00004821,SKU005,1,8.86,8.86
IT00011943,PED00004822,SKU007,1,12.37,12.37
IT00011944,PED00004822,SKU004,2,7.62,15.24
IT00011945,PED00004822,SKU007,12,13.03,156.37
IT00011946,PED00004823,SKU005,2,8.3,16.6
IT00011947,PED00004823,SKU001,6,6.36,38.15
IT00011948,PED00004823,SKU010,6,14.9,89.42
IT00011949,PED00004823,SKU011,3,15.75,47.26
IT00011950,PED00004824,SKU014,12,7.79,93.54
IT00011951,PED00004824,SKU002,3,4.05,12.16
IT00011952,PED00004824,SKU015,3,6.8,20.4
IT00011953,PED00004825,SKU015,1,6.69,6.69
IT00011954,PED00004825,SKU007,3,13.39,40.17
IT00011955,PED00004826,SKU011,6,16.6,99.6
IT00011956,PED00004826,SKU001,1,6.82,6.82
IT00011957,PED00004827,SKU005,1,8.3,8.3
IT00011958,PED00004828,SKU013,2,10.55,21.1
IT00011959,PED00004828,SKU010,2,14.69,29.37
IT00011960,PED00004829,SKU015,3,7.2,21.61
IT00011961,PED00004829,SKU012,2,12.05,24.1
IT00011962,PED00004829,SKU006,1,9.66,9.66
IT00011963,PED00004829,SKU013,1,11.27,11.27
IT00011964,PED00004830,SKU001,2,6.18,12.35
IT00011965,PED00004830,SKU001,3,6.78,20.34
IT00011966,PED00004830,SKU001,2,6.33,12.67
IT00011967,PED00004831,SKU011,1,15.82,15.82
IT00011968,PED00004831,SKU007,3,13.34,40.03
IT00011969,PED00004831,SKU011,2,16.81,33.61
IT00011970,PED00004832,SKU012,2,12.0,24.0
IT00011971,PED00004832,SKU011,2,15.76,31.51
IT00011972,PED00004832,SKU010,1,15.2,15.2
IT00011973,PED00004832,SKU015,2,6.99,13.98
IT00011974,PED00004832,SKU013,1,11.0,11.0
IT00011975,PED00004833,SKU001,2,6.75,13.5
IT00011976,PED00004833,SKU008,3,18.88,56.63
IT00011977,PED00004834,SKU013,2,11.37,22.75
IT00011978,PED00004835,SKU008,3,18.83,56.48
IT00011979,PED00004835,SKU002,2,4.35,8.7
IT00011980,PED00004836,SKU007,2,12.39,24.79
IT00011981,PED00004836,SKU014,1,7.63,7.63
IT00011982,PED00004837,SKU004,3,8.08,24.25
IT00011983,PED00004837,SKU003,2,3.74,7.49
IT00011984,PED00004838,SKU002,1,4.38,4.38
IT00011985,PED00004839,SKU013,6,11.03,66.21
IT00011986,PED00004839,SKU001,1,6.61,6.61
IT00011987,PED00004839,SKU014,12,7.32,87.85
IT00011988,PED00004839,SKU003,2,3.92,7.85
IT00011989,PED00004840,SKU014,2,7.51,15.01
IT00011990,PED00004840,SKU005,2,8.56,17.11
IT00011991,PED00004841,SKU015,3,6.92,20.77
IT00011992,PED00004842,SKU005,1,8.36,8.36
IT00011993,PED00004842,SKU009,3,20.59,61.76
IT00011994,PED00004842,SKU011,6,16.99,101.95
IT00011995,PED00004842,SKU003,2,3.95,7.89
IT00011996,PED00004842,SKU010,3,15.0,45.01
IT00011997,PED00004843,SKU003,2,3.68,7.36
IT00011998,PED00004843,SKU015,3,7.16,21.49
IT00011999,PED00004843,SKU013,2,11.18,22.36
IT00012000,PED00004844,SKU001,3,6.74,20.22
IT00012001,PED00004844,SKU003,2,3.9,7.79
IT00012002,PED00004844,SKU015,6,6.57,39.43
IT00012003,PED00004845,SKU012,2,11.77,23.55
IT00012004,PED00004845,SKU010,3,15.48,46.43
IT00012005,PED00004845,SKU012,2,12.03,24.06
IT00012006,PED00004846,SKU008,1,18.61,18.61
IT00012007,PED00004846,SKU005,3,8.44,25.32
IT00012008,PED00004847,SKU003,2,3.99,7.97
IT00012009,PED00004848,SKU002,1,4.24,4.24
IT00012010,PED00004848,SKU003,1,3.76,3.76
IT00012011,PED00004849,SKU011,1,17.31,17.31
IT00012012,PED00004849,SKU008,1,18.4,18.4
IT00012013,PED00004849,SKU004,6,7.92,47.53
IT00012014,PED00004849,SKU012,6,11.32,67.9
IT00012015,PED00004849,SKU010,3,15.54,46.61
IT00012016,PED00004850,SKU011,12,16.4,196.86
IT00012017,PED00004850,SKU004,6,8.27,49.63
IT00012018,PED00004850,SKU003,2,3.81,7.63
IT00012019,PED00004851,SKU013,2,10.87,21.74
IT00012020,PED00004851,SKU008,6,18.46,110.78
IT00012021,PED00004852,SKU004,1,7.99,7.99
IT00012022,PED00004852,SKU010,2,15.33,30.65
IT00012023,PED00004853,SKU001,3,6.23,18.7
IT00012024,PED00004853,SKU007,6,13.38,80.31
IT00012025,PED00004853,SKU012,3,11.98,35.95
IT00012026,PED00004854,SKU005,1,8.65,8.65
IT00012027,PED00004854,SKU001,1,6.81,6.81
IT00012028,PED00004855,SKU014,2,7.37,14.74
IT00012029,PED00004856,SKU009,6,19.02,114.14
IT00012030,PED00004856,SKU008,2,18.29,36.58
IT00012031,PED00004857,SKU006,3,9.8,29.41
IT00012032,PED00004857,SKU014,2,7.25,14.5
IT00012033,PED00004858,SKU010,3,14.98,44.95
IT00012034,PED00004859,SKU003,6,3.94,23.64
IT00012035,PED00004860,SKU011,6,16.7,100.2
IT00012036,PED00004860,SKU008,1,18.1,18.1
IT00012037,PED00004861,SKU010,1,14.68,14.68
IT00012038,PED00004861,SKU010,2,15.14,30.28
IT00012039,PED00004861,SKU004,1,7.64,7.64
IT00012040,PED00004862,SKU006,1,10.17,10.17
IT00012041,PED00004863,SKU005,3,8.84,26.53
IT00012042,PED00004863,SKU002,3,4.4,13.19
IT00012043,PED00004864,SKU009,6,18.92,113.52
IT00012044,PED00004865,SKU002,3,4.41,13.23
IT00012045,PED00004865,SKU006,3,9.55,28.64
IT00012046,PED00004866,SKU008,6,19.47,116.8
IT00012047,PED00004866,SKU001,2,6.2,12.4
IT00012048,PED00004867,SKU003,1,3.74,3.74
IT00012049,PED00004867,SKU002,1,4.38,4.38
IT00012050,PED00004867,SKU012,6,12.49,74.93
IT00012051,PED00004868,SKU013,3,11.37,34.1
IT00012052,PED00004868,SKU001,3,6.51,19.54
IT00012053,PED00004869,SKU003,1,3.65,3.65
IT00012054,PED00004869,SKU003,2,3.98,7.97
IT00012055,PED00004869,SKU013,1,11.22,11.22
IT00012056,PED00004869,SKU013,1,10.93,10.93
IT00012057,PED00004870,SKU015,2,7.04,14.08
IT00012058,PED00004870,SKU003,1,3.63,3.63
IT00012059,PED00004871,SKU003,6,3.65,21.9
IT00012060,PED00004871,SKU013,1,11.17,11.17
IT00012061,PED00004871,SKU001,2,6.42,12.84
IT00012062,PED00004872,SKU002,1,4.27,4.27
IT00012063,PED00004873,SKU013,1,10.68,10.68
IT00012064,PED00004873,SKU006,1,9.63,9.63
IT00012065,PED00004874,SKU008,6,19.49,116.91
IT00012066,PED00004874,SKU012,3,11.5,34.51
IT00012067,PED00004874,SKU006,2,9.91,19.82
IT00012068,PED00004875,SKU009,2,20.63,41.26
IT00012069,PED00004876,SKU010,2,14.7,29.4
IT00012070,PED00004876,SKU005,2,8.38,16.75
IT00012071,PED00004877,SKU015,6,7.01,42.06
IT00012072,PED00004877,SKU001,1,6.62,6.62
IT00012073,PED00004878,SKU007,2,12.99,25.99
IT00012074,PED00004879,SKU014,1,7.34,7.34
IT00012075,PED00004879,SKU001,6,6.71,40.27
IT00012076,PED00004880,SKU004,1,7.93,7.93
IT00012077,PED00004880,SKU007,2,13.02,26.04
IT00012078,PED00004881,SKU015,2,7.11,14.22
IT00012079,PED00004881,SKU002,1,4.37,4.37
IT00012080,PED00004881,SKU002,2,4.1,8.19
IT00012081,PED00004882,SKU013,6,10.69,64.11
IT00012082,PED00004882,SKU012,1,12.17,12.17
IT00012083,PED00004883,SKU001,3,6.59,19.77
IT00012084,PED00004883,SKU006,1,10.26,10.26
IT00012085,PED00004884,SKU001,3,6.37,19.12
IT00012086,PED00004885,SKU001,12,6.79,81.51
IT00012087,PED00004885,SKU012,1,12.05,12.05
IT00012088,PED00004886,SKU005,1,8.28,8.28
IT00012089,PED00004886,SKU009,3,19.22,57.67
IT00012090,PED00004887,SKU002,1,4.25,4.25
IT00012091,PED00004887,SKU001,3,6.18,18.55
IT00012092,PED00004887,SKU006,6,10.11,60.63
IT00012093,PED00004887,SKU012,2,12.15,24.29
IT00012094,PED00004887,SKU005,3,8.86,26.59
IT00012095,PED00004888,SKU015,1,6.72,6.72
IT00012096,PED00004888,SKU010,1,14.69,14.69
IT00012097,PED00004888,SKU011,3,16.89,50.66
IT00012098,PED00004889,SKU005,2,8.82,17.64
IT00012099,PED00004889,SKU002,2,4.08,8.15
IT00012100,PED00004889,SKU002,1,4.35,4.35
IT00012101,PED00004890,SKU007,12,12.33,147.94
IT00012102,PED00004890,SKU008,1,19.81,19.81
IT00012103,PED00004891,SKU013,1,10.88,10.88
IT00012104,PED00004892,SKU006,3,9.9,29.71
IT00012105,PED00004893,SKU006,2,10.06,20.12
IT00012106,PED00004893,SKU007,2,13.16,26.33
IT00012107,PED00004893,SKU009,2,20.22,40.44
IT00012108,PED00004893,SKU001,1,6.66,6.66
IT00012109,PED00004893,SKU015,6,7.18,43.1
IT00012110,PED00004894,SKU006,1,9.71,9.71
IT00012111,PED00004894,SKU007,12,13.52,162.22
IT00012112,PED00004894,SKU013,3,11.08,33.23
IT00012113,PED00004894,SKU010,3,15.0,45.01
IT00012114,PED00004894,SKU015,2,6.91,13.82
IT00012115,PED00004895,SKU001,1,6.67,6.67
IT00012116,PED00004895,SKU008,2,19.3,38.59
IT00012117,PED00004896,SKU004,1,7.51,7.51
IT00012118,PED00004896,SKU002,6,4.02,24.12
